Операционный период;Код схемы;Наименование схемы;Код ЛС;Лицевой счет;Код лица;Код регистрации лица;Код обслуживающей организации;Краткое наименование поставщика;Полное наименование поставщика;Дата прибытия;Дата убытия;Причина прибытия/выбытия;Тип регистрации (код);Тип регистрации;Статус регистрации;Снят с регистрационного учёта;Наличие договора найма;Дата регистрации по паспорту;Дата снятия с учёта по паспорту;Фамилия;Имя;Отчество;Пол (код);Пол;Дата рождения;Национальность;Код гражданства;Гражданство;Семейное положение (код);Семейное положение;Является юридическим лицом;Дата смерти;Примечание;Код социального примечания;Социальное примечание;Код типа основного документа;Основной документ (краткое);Основной документ (полное);Серия и номер;Дата выдачи;Кем выдан;Цифровой код органа;Основание выдачи паспорта;Идентификационный номер паспорта;Адрес местожительства;Код документа 1;Наименование документа 1;Доля по документу 1;Код документа 2;Наименование документа 2;Доля по документу 2;Код документа 3;Наименование документа 3;Доля по документу 3;Код места работы;Наименование предприятия;Должность;Табельный номер;Зачислять оплату из зарплаты;Контактный телефон;E-mail;Код регистрации плательщика;ФИО плательщика;Код типа плательщика;Наименование типа плательщика;Доля плательщика;ФИО участника совместной собственности;Доля плательщика в ЛС для ЖКУ;Является плательщиком;Является нанимателем без оплаты ЖКУ;Код степени родства;Наименование степени родства;Является членом семьи плательщика;ФИО родителя;Код родителя;Код социальной категории граждан;Социальная категория граждан;Является льготником;Кол-во льготников;Незанятые в экономике;Незанятые, выехавшие за пределы РБ;Способ перехода прав (код);Способ перехода прав;Дата начала открытия наследства;Дата окончания открытия наследства;Дата принятия наследства;Код банка;Наименование банка (CD_BANKS);Наименование банка (PO_BANKS);Учетный номер плательщика;Расчетный счет;Кол-во проживающих по договору найма;Кол-во несовершеннолетних;Кол-во зарег. по месту пребывания;Кол-во проживающих без регистрации;Кол-во временно отсутствующих;Кол-во зарег. неблизких родственников;Кол-во зарег. близких родственников;Кол-во человек (всех);Кол-во плательщиков;Кол-во домашних питомцев;Адрес ЛС запросом (Адрес)
30.09.2026;MN7000;Минск РИЦ;524245;7259131531;2658376;2186741;70002699;"ГП ""ЖЭУ № 4 Октябрьского района г. Минска"" (реорганизация ГП ЖЭУ № 3)";"ГП ""ЖЭУ № 4 Октябрьского района г. Минска"" (реорганизация ГП ЖЭУ № 3)";01.03.2014;12.04.2026;Отмена записи прибытия-выбытия;;;0;1;0;12.08.1982;12.04.2026;Ж*******Й;В*****Й;Г********Ч;1;Мужской;19.07.1946;;1;Республика Беларусь;;;0;12.04.2026;;;;1;паспорт РБ;паспорт гражданина Республики Беларусь;М*******0;20.12.1999;ОКТЯБРЬСКИЙ РУВД Г. МИНСКА;;;3************8;;2359487;Свидетельство о государственной регистрации №500/268-333 от 26.04.2005;01.фев;2359488;Свидетельство о государственной регистрации №500/268-333;01.фев;;;;;;;"; собственник";;;;2186741;Ж*******Й В*****Й Г********Ч;1;Собственник;1;;1,5;1;;;;1;;;;;0;0;;;1;Принятие наследства;12.04.2026;12.11.2026;12.11.2026;;;;;;;0;0;0;0;0;3;3;1;0;
30.09.2026;MN7000;Минск РИЦ;574320;7414370021;2928343;2456739;9100411;ЧС_ГП ЖЭУ № 4 Партиз. р-на;"ЧС_ГП ""ЖЭУ № 4 Партизанского района г. Минска""";01.09.2010;;Прибытие-выбытие;1;Регистрация по месту жительства;1;0;0;16.11.2010;;Р****В;А****Й;В**********Ч;1;Мужской;28.06.1978;;1;Республика Беларусь;;;0;;;;;1;паспорт РБ;паспорт гражданина Республики Беларусь;М*******5;25.02.2020;ПАРТИЗАНСКИМ РУВД Г.МИНСКА;;непригодность для использования (обмен);3************4;;2504461;Свидетельство о государственной регистрации №500/965-956 от 13.08.2010;01.фев;2504462;Свидетельство о государственной регистрации;01.фев;;;;;;;"; собственник";;;;2456739;Р****В А****Й В**********Ч;1;Собственник;1;;1,5;1;;;;1;;;;;0;0;;;;;;;;;;;;;;1;0;0;0;0;5;5;1;0;
30.09.2026;MN7000;Минск РИЦ;955409;8027590001;5610986;4956539;9100557;"ГП ""ЖЭУ № 3 Советского района г. Минска""";"ГП ""ЖЭУ № 3 Советского района г. Минска"" (пл.бытуслуги)";27.06.1986;;Прибытие-выбытие;1;Регистрация по месту жительства;1;0;0;27.06.1986;;Л****Ц;С****Й;Э********Ч;1;Мужской;22.09.1964;;1;Республика Беларусь;;;0;;;;;1;паспорт РБ;паспорт гражданина Республики Беларусь;M*******2;28.12.2010;Советским РУВД г.Минска;;непригодность для использования (обмен);3************5;;4240120;Свидетельство о государственной регистрации от 07.04.2015;04.сен;4425089;Свидетельство о государственной регистрации №500/1820-1676 от 22.04.2020;янв.18;;;;;;;"; собственник";;;;4956539;Л****Ц С****Й Э********Ч;1;Собственник;1;;1,055555556;1;;;;1;;;;;0;0;;;;;;;;;;;;;;0;0;0;0;0;1;1;1;0;
30.09.2026;MN7000;Минск РИЦ;445219;6464030980;5851348;5232847;70001397;ТС/ЖСК/ЖСПК Заводского р-на;ТС/ЖСК/ЖСПК Заводского р-на;24.05.2021;10.05.2024;Отмена записи прибытия-выбытия;;;0;1;1;;;Д***Ш;Е*******А;В********А;0;Женский;06.07.1996;;1;Республика Беларусь;;;0;;;;;1;паспорт РБ;паспорт гражданина Республики Беларусь;A*******6;16.03.2012;;;;4************7;;4836603;Договор найма жилого помещения государственного жилищного фонда в общежитии №36-18/28;01.янв;;;;;;;;;;;;;r*****t-minsk.by;5232847;Д***Ш Е*******А В********А;2;Наниматель;1;;1;1;;;;1;;;;;0;0;;;;;;;;;;;;;;0;0;0;0;0;0;0;1;0;
30.09.2026;MN7000;Минск РИЦ;1019460;6464031619;6301591;5782815;70001397;ТС/ЖСК/ЖСПК Заводского р-на;ТС/ЖСК/ЖСПК Заводского р-на;17.06.2024;02.04.2025;Отмена записи прибытия-выбытия;;;0;1;1;;;М********О;О***А;А***********А;0;Женский;14.02.1990;;1;Республика Беларусь;;;0;;;;;1;паспорт РБ;паспорт гражданина Республики Беларусь;K*******5;27.08.2015;Октябрьским РУВД г.Гродно;414;;4************9;;4857104;Договор найма жилого помещения государственного жилищного фонда в общежитии №13;01.янв;;;;;;;;;;;;;r*****t-minsk.by;5782815;М********О О***А А***********А;2;Наниматель;1;;1;1;;;;1;;;;;0;0;;;;;;;;;;;;;;0;0;0;0;0;0;0;1;0;
30.09.2026;MN7000;Минск РИЦ;988012;6875570351;5927921;5320143;70003412;КУП «Минские городские общежития» (Ленинский район РСЦ4);КУП «Минские городские общежития» (Ленинский район РСЦ4);11.11.2021;;Прибытие-выбытие;1;Регистрация по месту жительства;1;0;1;25.11.2021;;В*******А;Е***А;А***********А;0;Женский;19.06.1972;;1;Республика Беларусь;;;0;;;;;1;паспорт РБ;паспорт гражданина Республики Беларусь;М*******0;04.06.2019;Советским РУВД г.Минска;;;4************9;;5194787;Договор найма жилого помещения государственного жилищного фонда в общежитии №379;01.янв;;;;;;;;;;;;;*****;5320143;В*******А Е***А А***********А;2;Наниматель;1;;1;1;;;;1;;;;;0;0;;;;;;;;;;;;;;0;0;0;0;0;1;1;1;0;
30.09.2026;MN7000;Минск РИЦ;1005031;6464030743;6126330;5560001;70001397;ТС/ЖСК/ЖСПК Заводского р-на;ТС/ЖСК/ЖСПК Заводского р-на;07.04.2023;14.04.2025;Отмена записи прибытия-выбытия;;;0;1;1;;;Ш*****К;В******Р;В********Ч;1;Мужской;07.10.1977;;1;Республика Беларусь;;;0;;;;;1;паспорт РБ;паспорт гражданина Республики Беларусь;H*******4;11.05.2020;Новобелицким РОВД г.Гомеля;317;;3************7;;4949610;Договор найма жилого помещения государственного жилищного фонда в общежитии №86;01.янв;;;;;;;;;;;;;r*****t-minsk.by;5560001;Ш*****К В******Р В********Ч;2;Наниматель;1;;1;1;;;;1;;;;;0;0;;;;;;;;;;;;;;0;0;0;0;0;0;0;1;0;
30.09.2026;MN7000;Минск РИЦ;945811;6875590081;5533819;4864674;70003412;КУП «Минские городские общежития» (Ленинский район РСЦ4);КУП «Минские городские общежития» (Ленинский район РСЦ4);16.11.2021;;Прибытие-выбытие;3;Без регистрации;1;0;1;;;З****В;И***Ь;Н********Ч;1;Мужской;13.10.1969;;1;Республика Беларусь;;;0;;;;;1;паспорт РБ;паспорт гражданина Республики Беларусь;B*******1;28.10.2014;ТОЛОЧИНСКОЕ РУВД ВИТЕБСКОЙ ОБЛ.;;непригодность для использования (обмен);3************7;;4907495;Договор найма жилого помещения государственного жилищного фонда в общежитии №1479;01.янв;;;;;;;;;;"; супруг нанимателя";;;;4864674;З****В И***Ь Н********Ч;2;Наниматель;1;;1;1;;;;1;;;;;0;0;;;;;;;;;;;;;;0;0;3;0;0;1;4;1;0;
30.09.2026;MN7000;Минск РИЦ;1044522;6875591132;6497680;6066566;70003412;КУП «Минские городские общежития» (Ленинский район РСЦ4);КУП «Минские городские общежития» (Ленинский район РСЦ4);02.09.2025;;Прибытие-выбытие;3;Без регистрации;1;0;1;;;Я*****Ч;М****А;И******А;0;Женский;06.07.1985;;;;;;0;;;;;1;паспорт РБ;паспорт гражданина Республики Беларусь;;;;;;1;;5070872;Договор найма жилого помещения государственного жилищного фонда в общежитии;01.янв;;;;;;;;;;;;;;6066566;Я*****Ч М****А И******А;2;Наниматель;1;;1;1;;;;1;;;;;0;0;;;;;;;;;;;;;;0;0;2;0;0;0;2;1;0;
30.09.2026;MN7000;Минск РИЦ;960905;6875570041;6109963;5539449;70003412;КУП «Минские городские общежития» (Ленинский район РСЦ4);КУП «Минские городские общежития» (Ленинский район РСЦ4);12.02.2023;;Прибытие-выбытие;3;Без регистрации;1;0;1;;;Р*****Ч;В*****Й;В********Ч;1;Мужской;06.11.1950;;;;;;0;;;;;1;паспорт РБ;паспорт гражданина Республики Беларусь;;;;;;1;;5042563;Договор найма жилого помещения государственного жилищного фонда в общежитии №1029;01.янв;;;;;;;;;;;;;;5539449;Р*****Ч В*****Й В********Ч;2;Наниматель;1;;1;1;;;;1;;;;;0;0;;;;;;;;;;;;;;0;0;1;0;0;0;1;1;0;
30.09.2026;MN7000;Минск РИЦ;1008768;6464030237;6308591;5792196;70001397;ТС/ЖСК/ЖСПК Заводского р-на;ТС/ЖСК/ЖСПК Заводского р-на;12.07.2024;;Прибытие-выбытие;1;Регистрация по месту жительства;1;0;1;12.07.2024;;А****В;Д*********И;;1;Мужской;14.12.1996;;228;Туркменистан;2;никогда не состоял в браке;0;;;;;31;биометрический вид на жительство в РБ иностранного гражданина;биометрический вид на жительство в Республике Беларусь иностранного гражданина;I*******9;20.06.2024;Минским РУВД Минской области;513;;7************3;;4856678;Договор найма жилого помещения государственного жилищного фонда в общежитии №11-1;01.янв;;;;;;;;;;;;;o*****@gmail.com;5792196;А****В Д*********И;2;Наниматель;1;;1;1;;;;1;;;;;0;0;;;;;;;;;;;;;;0;0;0;0;0;1;1;1;0;
30.09.2026;MN7000;Минск РИЦ;917389;6464030113;5173686;4462834;70001397;ТС/ЖСК/ЖСПК Заводского р-на;ТС/ЖСК/ЖСПК Заводского р-на;09.08.2017;14.11.2024;Отмена записи прибытия-выбытия;;;0;1;1;10.10.2017;;Н******К;А***Я;А***********А;0;Женский;26.10.1997;;1;Республика Беларусь;;;0;;;;;1;паспорт РБ;паспорт гражданина Республики Беларусь;М*******1;17.07.2023;Заводским РУВД г.Минска;702;истечение срока действия (обмен);7************2;;983421;Договор найма жилого помещения государственного жилищного фонда в общежитии №36-20/53 от 09.08.2017;01.янв;;;;;;;;;;"; наниматель";;;r*****t-minsk.by;4462834;Н******К А***Я А***********А;2;Наниматель;1;;1;1;;;;1;;;;;0;0;;;;;;;;;;;;;;0;0;0;0;0;0;0;1;0;
30.09.2026;MN7000;Минск РИЦ;195882;7034430158;520644;520544;7003;"ГП ""ЖЭУ № 3 Московского района г. Минска""";"ГП ""ЖЭУ № 3 Московского района г. Минска""";16.11.1982;;Прибытие-выбытие;1;Регистрация по месту жительства;1;0;0;16.11.1982;;Х*****В;В******Р;И******Ч;1;Мужской;07.08.1952;;1;Республика Беларусь;;;0;;;;;1;паспорт РБ;паспорт гражданина Республики Беларусь;М*******0;25.04.2000;МОСКОВСКОЕ РУВД Г.МИНСКА;;;3************8;;1351832;Договор найма жилого помещения коммерческого использования государственного жилищного фонда №К-625 от 20.03.2015;01.янв;;;;;;;;;;"; собственник (наниматель)";;;;520544;Х*****В В******Р И******Ч;2;Наниматель;1;;1;1;;;;1;;;;;0;0;;;;;;;;;;;;;;0;0;0;0;0;3;3;1;0;
30.09.2026;MN7000;Минск РИЦ;547410;7215180522;6094696;5520188;70002699;"ГП ""ЖЭУ № 4 Октябрьского района г. Минска"" (реорганизация ГП ЖЭУ № 3)";"ГП ""ЖЭУ № 4 Октябрьского района г. Минска"" (реорганизация ГП ЖЭУ № 3)";;;;;;0;0;0;;;НЕ;У****Н;Н********Ь;;-;;;;;;;0;;;;;1;паспорт РБ;паспорт гражданина Республики Беларусь;;;;;;;;4662488;Договор найма арендного жилья;01.янв;;;;;;;;;;;;;;;;2;Наниматель;1;;1;1;;;;;;;;;0;0;;;;;;;;;;;;;;0;0;0;0;0;1;1;1;0;
30.09.2026;MN7000;Минск РИЦ;111810;7076721541;255583;255490;7004;"ГП ""ЖЭУ № 4 Московского района г. Минска""";"ГП ""ЖЭУ № 4 Московского района г.Минска""";19.10.2010;;Прибытие-выбытие;1;Регистрация по месту жительства;1;0;1;19.10.2010;;П*****К;В******Р;В**********Ч;1;Мужской;29.08.1986;;1;Республика Беларусь;2;никогда не состоял в браке;0;;;62;дети-сироты;1;паспорт РБ;паспорт гражданина Республики Беларусь;М*******5;15.05.2019;МОСКОВСКИМ РУВД Г. МИНСКА;;утрата (хищение);3************4;;4590270;Договор найма жилого помещения социального пользования государственного жилищного фонда №559-соц от 19.07.2022;01.янв;;;;;;;18142;"ОАО ""ПАРФЮМТРЕЙД""";электрогазосварщик;"; наниматель";;;;255490;П*****К В******Р В**********Ч;2;Наниматель;1;;1;1;;;;1;;;;;0;0;;;;;;;;;;;;;;0;0;0;0;0;1;1;1;0;
30.09.2026;MN7000;Минск РИЦ;139085;7040461371;80607;80590;7004;"ГП ""ЖЭУ № 4 Московского района г. Минска""";"ГП ""ЖЭУ № 4 Московского района г.Минска""";27.08.2015;;Прибытие-выбытие;1;Регистрация по месту жительства;1;0;1;08.07.2016;;Е**Н;А*******Р;В**********Ч;1;Мужской;26.07.1978;;1;Республика Беларусь;1;состоит в браке;0;;;;;1;паспорт РБ;паспорт гражданина Республики Беларусь;М*******4;21.03.2022;Московским РУВД г.Минска;;непригодность для использования (обмен);3************6;;4586515;Договор найма жилого помещения социального пользования государственного жилищного фонда №519-с от 22.06.2022;01.янв;;;;;;;29230;"""АТМОСФЕРА""";АВТОСЛЕСАРЬ;"; наниматель";;;;80590;Е**Н А*******Р В**********Ч;2;Наниматель;1;;1;1;;;;1;;;;;0;0;;;;;;;;;;;;;;2;0;1;0;0;4;5;1;0;
30.09.2026;MN7000;Минск РИЦ;122266;7076721301;247502;247409;7004;"ГП ""ЖЭУ № 4 Московского района г. Минска""";"ГП ""ЖЭУ № 4 Московского района г.Минска""";13.08.2010;17.02.2025;Отмена записи прибытия-выбытия;;;0;1;1;13.08.2010;17.02.2025;Р****Я;П***Л;А******Ч (*******);1;Мужской;24.08.1982;;1;Республика Беларусь;2;никогда не состоял в браке;0;17.02.2025;;;;1;паспорт РБ;паспорт гражданина Республики Беларусь;М*******0;22.08.2007;ОКТЯБРЬСКИЙ РУВД  Г. МИНСКА;;;3************2;;4586522;Договор найма жилого помещения социального пользования государственного жилищного фонда №338-с от 23.03.2022;01.янв;;;;;;;2520;заявл. о расторж. от 10.11.2014 д.н № 641;;"; наниматель";;;r*****t-minsk.by;247409;Р****Я П***Л А******Ч (*******);2;Наниматель;1;;1;1;;;;1;;;;;0;0;;;;;;;;;;;;;;0;0;0;0;0;0;0;1;0;
30.09.2026;MN7000;Минск РИЦ;575809;7427430011;6525077;6118738;9100411;ЧС_ГП ЖЭУ № 4 Партиз. р-на;"ЧС_ГП ""ЖЭУ № 4 Партизанского района г. Минска""";04.12.2025;03.12.2026;Прибытие-выбытие;3;Без регистрации;1;0;1;;;Д*******А;Н*****А;Н********А;0;Женский;18.09.1988;;2;Российская Федерация;;;0;;;;;4;паспорт гражданина иностранного государства;паспорт гражданина иностранного государства;;;;;;;;5113190;Договор найма жилого помещения частного жилищного фонда граждан №3038;01.янв;;;;;;;;;;;;;;6118738;Д*******А Н*****А Н********А;2;Наниматель;1;;;1;;;;1;;;;;0;0;;;;;;;;;;;;;;0;0;5;0;0;1;6;2;0;
30.09.2026;MN7000;Минск РИЦ;782156;8031400163;6485251;6046744;9100557;"ГП ""ЖЭУ № 3 Советского района г. Минска""";"ГП ""ЖЭУ № 3 Советского района г. Минска"" (пл.бытуслуги)";05.09.2026;30.07.2027;Прибытие-выбытие;3;Без регистрации;1;0;1;;;Х************В;М**********Н;;1;Мужской;02.03.1968;;228;Туркменистан;;;0;;;;;4;паспорт гражданина иностранного государства;паспорт гражданина иностранного государства;А******8;27.11.2024;ГМС ТУРКМЕНИСТАНА;;;M********2;;5055218;Договор найма жилого помещения частного жилищного фонда граждан №21ф-14/4263;01.янв;;;;;;;;;;;;;;6046744;Х************В М**********Н;2;Наниматель;1;;;1;;;;1;;;;;0;0;;;;;;;;;;;;;;0;0;5;0;0;1;6;2;0;
30.09.2026;MN7000;Минск РИЦ;1019839;7077941100;6557787;6180677;7003;"ГП ""ЖЭУ № 3 Московского района г. Минска""";"ГП ""ЖЭУ № 3 Московского района г. Минска""";28.02.2026;30.09.2027;Прибытие-выбытие;3;Без регистрации;1;0;1;;;Р*****Ч;В******А;Г*********А;0;Женский;02.10.1990;;1;Республика Беларусь;;;0;;;;;1;паспорт РБ;паспорт гражданина Республики Беларусь;M*******0;13.03.2017;Московским РУВД г.Минска;704;;4************7;;5163737;Договор найма жилого помещения частного жилищного фонда граждан №3/1428;01.янв;;;;;;;;;;;;;;6180677;Р*****Ч В******А Г*********А;2;Наниматель;1;;;1;;;;1;;;;;0;0;;;;;;;;;;;;;;0;0;2;0;0;1;3;2;0;
30.09.2026;MN7000;Минск РИЦ;580913;7444430671;6597569;6282278;70002181;ТС/ЖСК/ЖСПК Партизанского р-на;ТС/ЖСК/ЖСПК Партизанского р-на;25.06.2026;14.06.2029;Прибытие-выбытие;3;Без регистрации;1;0;1;;;Б****А;С******А;;0;Женский;03.12.1965;;59;Чешская Республика;;;0;;;;;4;паспорт гражданина иностранного государства;паспорт гражданина иностранного государства;;;;;;;;5244991;Договор найма жилого помещения частного жилищного фонда граждан №1500;01.янв;;;;;;;;;;;;;;6282278;Б****А С******А;2;Наниматель;1;;;1;;;;1;;;;;0;0;;;;;;;;;;;;;;0;0;1;0;0;1;2;2;0;
30.09.2026;MN7000;Минск РИЦ;811665;8031631191;6361026;6261964;9100557;"ГП ""ЖЭУ № 3 Советского района г. Минска""";"ГП ""ЖЭУ № 3 Советского района г. Минска"" (пл.бытуслуги)";06.06.2026;05.06.2027;Прибытие-выбытие;3;Без регистрации;1;0;1;;;Б******Й;Д****А;Н********Ч;1;Мужской;01.03.2002;;1;Республика Беларусь;;;0;;;;;1;паспорт РБ;паспорт гражданина Республики Беларусь;M*******5;04.04.2017;Солигорским РОВД Минской области;522;;7************0;;5228395;Договор найма жилого помещения частного жилищного фонда граждан №20Ф-14/2609;01.янв;;;;;;;;;;;;;;6261964;Б******Й Д****А Н********Ч;2;Наниматель;1;;;1;;;;1;;;;;0;0;;;;;;;;;;;;;;0;0;1;0;0;0;1;2;0;
30.09.2026;MN7000;Минск РИЦ;576702;7470610011;6341807;5836446;9100411;ЧС_ГП ЖЭУ № 4 Партиз. р-на;"ЧС_ГП ""ЖЭУ № 4 Партизанского района г. Минска""";01.10.2024;08.09.2027;Прибытие-выбытие;3;Без регистрации;1;0;1;;;Р****В;И******Н;М*******Ч;1;Мужской;26.04.1968;;219;Республика Таджикистан;;;0;;;;;4;паспорт гражданина иностранного государства;паспорт гражданина иностранного государства;;;;;;;;4895680;Договор найма жилого помещения частного жилищного фонда граждан №2315;01.янв;;;;;;;;;;;;;;5836446;Р****В И******Н М*******Ч;2;Наниматель;1;;;1;;;;1;;;;;0;0;;;;;;;;;;;;;;0;0;1;0;0;2;3;2;0;
30.09.2026;MN7000;Минск РИЦ;804080;8026850517;6118037;5549543;9100556;"ГП ""ЖЭУ № 2 Советского района г. Минска""";"ГП ""ЖЭУ № 2 Советского района г. Минска""";01.04.2023;31.03.2027;Прибытие-выбытие;3;Без регистрации;1;0;1;;;Ш********Я;О***А;А*******А;0;Женский;02.09.1993;;;;;;0;;;;;5;свидетельство о рождении РБ;cвидетельство о рождении – для граждан Республики Беларусь, не достигших четырнадцатилетнего возраста и не имеющих паспортов граждан Республики Беларусь;;;;;;;;4683824;Договор найма жилого помещения частного жилищного фонда граждан №01-24/597;01.янв;;;;;;;;;;;;;;5549543;Ш********Я О***А А*******А;2;Наниматель;0;;;1;;80;без родственных отношений;0;;;;;0;0;;;;;;;;;;;;;;0;0;1;0;0;1;2;2;0;
30.09.2026;MN7000;Минск РИЦ;189861;7076720581;195256;195217;7004;"ГП ""ЖЭУ № 4 Московского района г. Минска""";"ГП ""ЖЭУ № 4 Московского района г.Минска""";15.10.2010;;Прибытие-выбытие;1;Регистрация по месту жительства;1;0;0;15.10.2010;;А**********А;Д***А;М*********А;0;Женский;11.02.1987;;1;Республика Беларусь;;;0;;;62;дети-сироты;1;паспорт РБ;паспорт гражданина Республики Беларусь;М*******4;21.02.2012;МОСКОВСКИМ РУВД Г. МИНСКА;;;4************7;;1126814;Договор найма жилого помещения социального пользования государственного жилищного фонда №03-457 от 20.05.2010;01.янв;;;;;;;15146;"ООО ""Про-принт""";;"; наниматель";;;d*****@gmail.com;195217;А**********А Д***А М*********А;2;Наниматель;1;;1;1;;;;1;;;;;0;0;;;;;;;;;;;;;;1;0;0;0;0;2;2;1;0;
30.09.2026;MN7000;Минск РИЦ;192685;7033480736;6097673;5523871;7003;"ГП ""ЖЭУ № 3 Московского района г. Минска""";"ГП ""ЖЭУ № 3 Московского района г. Минска""";20.01.2023;19.01.2027;Прибытие-выбытие;3;Без регистрации;1;0;1;;;М*****О;М****М;В********Ч;1;Мужской;15.07.1998;;1;Республика Беларусь;;;0;;;;;1;паспорт РБ;паспорт гражданина Республики Беларусь;M*******3;15.05.2024;Минским РУВД Минской области;513;;3************8;;4665356;Договор найма жилого помещения частного жилищного фонда граждан №207;01.янв;;;;;;;;;;;;;;5523871;М*****О М****М В********Ч;2;Наниматель;0;;;1;;;;0;;;;;0;0;;;;;;;;;;;;;;0;0;1;0;0;1;2;2;0;
30.09.2026;MN7000;Минск РИЦ;459499;6800080040;2451157;1979499;9100302;ГП ЖЭУ № 2 Ленин. р-на;"ГП ""ЖЭУ № 2 Ленинского района г. Минска""";01.03.2005;;Прибытие-выбытие;1;Регистрация по месту жительства;1;0;0;25.02.2005;;В**********Й;И***Ь;М********Ч;1;Мужской;27.08.1975;;1;Республика Беларусь;;;0;;;;;1;паспорт РБ;паспорт гражданина Республики Беларусь;М*******9;26.08.2020;ЛЕНИНСКИМ  РУВД  МИНСКА;;истечение срока действия (обмен);3************4;;2249495;Свидетельство о государственной регистрации №887-121 от 03.11.2004;01.янв;;;;;;;;;;"; собственник";;;r*****t-minsk.by;1979499;В**********Й И***Ь М********Ч;1;Собственник;1;;1;1;;;;1;;;;;0;0;;;;;;;;;;;;;;1;0;0;0;0;4;4;1;0;
30.09.2026;MN7000;Минск РИЦ;1029793;9093291163;6403763;5923682;70000980;ТС/ЖСК/ЖСПК Центрального р-на;ТС/ЖСК/ЖСПК Центрального р-на;27.01.2026;;Прибытие-выбытие;1;Регистрация по месту жительства;1;0;0;27.01.2026;;Д*******А;М****А;Н*****А;0;Женский;26.01.1961;;1;Республика Беларусь;;;0;;;;;1;паспорт РБ;паспорт гражданина Республики Беларусь;B*******2;09.04.2024;Первомайским РУВД г.Минска;707;;4************2;г. Минск, пр-т Независимости, д.151, к.1, кв.198;4962215;Свидетельство о государственной регистрации №500/1971-8275;01.янв;;;;;;;;;;;;;d*****05@mail.ru;5923682;Д*******А М****А Н*****А;1;Собственник;1;;1;1;;;;1;;;;;0;0;;;;;;;;;;;;;;0;0;0;0;0;1;1;1;0;
30.09.2026;MN7000;Минск РИЦ;582026;7423370011;2908421;2436910;9100411;ЧС_ГП ЖЭУ № 4 Партиз. р-на;"ЧС_ГП ""ЖЭУ № 4 Партизанского района г. Минска""";01.09.2003;;Прибытие-выбытие;1;Регистрация по месту жительства;1;0;0;10.08.2007;;Д***О;А*******Я;Н********А;0;Женский;16.06.1976;;1;Республика Беларусь;1;состоит в браке;0;;;;;1;паспорт РБ;паспорт гражданина Республики Беларусь;М*******5;29.04.2021;ПАРТИЗАНСКИМ РУВД Г.МИНСКА;;;4************5;;3729043;Свидетельство о государственной регистрации от 13.02.2004;01.янв;;;;;;;21972;"ИП""ВЕЛКОМ""";ЗАМ.НАЧАЛЬНИКА;"; собственник";;;;2436910;Д***О А*******Я Н********А;1;Собственник;1;;1;1;;;;1;;;;;0;0;;;;;;;;;;;;;;3;0;0;0;0;5;5;1;0;
30.09.2026;MN7000;Минск РИЦ;105252;7061050010;98573;98550;7007;ЧС_ГП ЖЭУ № 1 Моск.р-на;ЧС_ГП ЖЭУ №1 Московского р-на г.Минска;09.02.2017;;Прибытие-выбытие;1;Регистрация по месту жительства;1;0;0;09.02.2017;;А****А;С******А;А*******А;0;Женский;01.07.1953;;1;Республика Беларусь;;;0;;;;;1;паспорт РБ;паспорт гражданина Республики Беларусь;М*******1;15.10.2002;Московским РУВД г.Минска;;достижение 14-летнего возраста;4************5;;1052915;Свидетельство о государственной регистрации №500/747-8094 от 30.01.2017;01.янв;;;;;;;;;;"; собственник";;;;98550;А****А С******А А*******А;1;Собственник;1;;1;1;;;;1;;;;;0;0;;;;;;;;;;;;;;0;0;0;0;0;1;1;1;0;
30.09.2026;MN7000;Минск РИЦ;785382;8032320344;4083303;3611572;9100557;"ГП ""ЖЭУ № 3 Советского района г. Минска""";"ГП ""ЖЭУ № 3 Советского района г. Минска"" (пл.бытуслуги)";12.11.1990;;Прибытие-выбытие;1;Регистрация по месту жительства;1;0;0;12.11.1990;;З****В;А*******Р;А*********Ч;1;Мужской;11.05.1970;;1;Республика Беларусь;;;0;;;;;1;паспорт РБ;паспорт гражданина Республики Беларусь;М*******0;20.05.2015;СОВ ЕТСКИМ РУВД Г. МИНСКА;;;3************5;;2906423;Свидетельство о государственной регистрации №500/1422-8004 от 28.03.2017;01.фев;;;;;;;;;;"; собственник";;;;3611572;З****В А*******Р А*********Ч;1;Собственник;0,5;;0,5;1;;;;1;;;;;0;0;0;;;;;;;;;;;;;0;0;0;0;0;4;4;2;0;
30.09.2026;MN7000;Минск РИЦ;814107;8028660152;6085163;5508717;9100556;"ГП ""ЖЭУ № 2 Советского района г. Минска""";"ГП ""ЖЭУ № 2 Советского района г. Минска""";28.12.2022;;Прибытие-выбытие;1;Регистрация по месту жительства;1;0;0;28.12.2022;;М*****О;С****Й;М********Ч;1;Мужской;07.05.1986;;1;Республика Беларусь;;;0;;;;;1;паспорт РБ;паспорт гражданина Республики Беларусь;M*******1;30.06.2011;Московским РУВД г.Минска;704;непригодность для использования (обмен);3************2;;4653936;Свидетельство о государственной регистрации №500/191-13600;01.янв;;;;;;;;;;;;;P*****um@mail.ru;5508717;М*****О С****Й М********Ч;1;Собственник;1;;1;1;;;;1;;;;;0;0;;;;;;;;;;;;;;1;0;0;0;0;3;3;1;0;
30.09.2026;MN7000;Минск РИЦ;730750;7671660585;3693534;3221982;9100496;ГП ЖЭУ № 1 Первом. р-на;"ГП ""ЖЭУ № 1 Первомайского района г. Минска""";28.07.2000;31.01.2014;Отмена записи прибытия-выбытия;;;0;1;0;28.07.2000;30.01.2014;Н*****В;И***Ь;А*********Ч;1;Мужской;16.01.1967;РБ;1;Республика Беларусь;;;0;;;;;1;паспорт РБ;паспорт гражданина Республики Беларусь;М*******4;26.10.2011;ПЕРВОМАЙСКИМ РУВД Г. МИНСКА;;;3************4;;3878470;Свидетельство о государственной регистрации;01.янв;;;;;;;;;;"; собственник";;;;3221982;Н*****В И***Ь А*********Ч;1;Собственник;1;;1;1;;;;1;;;;;0;0;;;;;;;;;;;;;;2;0;0;0;0;5;5;1;0;
30.09.2026;MN7000;Минск РИЦ;800695;8031470797;3930442;3458794;9100557;"ГП ""ЖЭУ № 3 Советского района г. Минска""";"ГП ""ЖЭУ № 3 Советского района г. Минска"" (пл.бытуслуги)";12.11.2009;;Прибытие-выбытие;1;Регистрация по месту жительства;1;0;0;19.04.2010;;П******Ц;А**А;С*******А;0;Женский;19.10.2009;;1;Республика Беларусь;;;0;;;;;1;паспорт РБ;паспорт гражданина Республики Беларусь;М*******8;08.02.2023;СОВ ЕТСКИМ РУВД Г. МИНСКА;;;6************9;;4396750;Свидетельство о государственной регистрации №500/1894-217 от 06.11.2020;03.авг;;;;;;;;;;"; дочь";;;a*****ik@mail.ru;3458794;П******Ц А**А С*******А;1;Собственник;0,375;;0,375;1;;;;1;П******Ц С****Й Л********Ч;3975239;;;0;0;;;;;;;;;;;;;;1;0;0;0;0;2;2;2;0;
30.09.2026;MN7000;Минск РИЦ;800695;8031470797;3975620;3503971;9100557;"ГП ""ЖЭУ № 3 Советского района г. Минска""";"ГП ""ЖЭУ № 3 Советского района г. Минска"" (пл.бытуслуги)";20.04.2007;;Прибытие-выбытие;1;Регистрация по месту жительства;1;0;0;27.04.2007;;Г****К;А**А;Н*********А;0;Женский;05.07.1980;;1;Республика Беларусь;1;состоит в браке;0;;;;;1;паспорт РБ;паспорт гражданина Республики Беларусь;М*******0;24.02.2023;СОВ ЕТСКИМ РУВД Г. МИНСКА;;истечение срока действия (обмен);4************4;;4396748;Свидетельство о государственной регистрации №500/1894-216 от 06.11.2020;05.авг;;;;;;;39343;СШ 147;УЧИТЕЛЬ;"; супруга";;;;3503971;Г****К А**А Н*********А;1;Собственник;0,625;;0,625;1;;;;1;;;;;0;0;;;;;;;;;;;;;;1;0;0;0;0;2;2;2;0;
30.09.2026;MN7000;Минск РИЦ;490081;6849312923;5946941;5342045;9100302;ГП ЖЭУ № 2 Ленин. р-на;"ГП ""ЖЭУ № 2 Ленинского района г. Минска""";;;;;;0;0;0;;;А****Ь;П***Л;А*******Ч;;-;;;;;;;0;;;;;1;паспорт РБ;паспорт гражданина Республики Беларусь;;;;;;;;4527108;Свидетельство о государственной регистрации №500/1927-1653 от 14.12.2021;01.янв;;;;;;;;;;;;;o*****man@tut.by;;;1;Собственник;1;;1;1;;;;;;;;;0;0;;;;;;;;;;;;;;0;0;0;0;1;0;1;1;0;
30.09.2026;MN7000;Минск РИЦ;496122;6847240639;2528267;2056511;9100302;ГП ЖЭУ № 2 Ленин. р-на;"ГП ""ЖЭУ № 2 Ленинского района г. Минска""";;;;;;0;0;0;;;З******Ч;В******Р;В**********Ч;1;Мужской;23.02.1964;;;;;;0;;;;;;;;;;;;;;;3629231;Свидетельство о государственной регистрации;01.янв;;;;;;;;;;;;;;;;1;Собственник;1;;1;1;;;;;;;;;0;0;;;;;;;;;;;;;;1;0;0;0;0;2;2;1;0;
30.09.2026;MN7000;Минск РИЦ;1035981;6413090538;6436843;5974261;9100236;"ГП ""ЖЭУ № 5 Заводского района г. Минска""";"ГП ""ЖЭУ № 5 Заводского района г. Минска""";01.05.2025;;Прибытие-выбытие;1;Регистрация по месту жительства;1;0;0;29.07.2000;;Г******А;Л***А;И*******А;0;Женский;23.11.1993;;1;Республика Беларусь;;;0;;ДАТА ПРИБЫТИЯ 31.12.1993 ,ДАТА РЕГИСТРАЦИИ 29.07.2000;;;1;паспорт РБ;паспорт гражданина Республики Беларусь;M*******7;27.11.2018;Заводским РУВД г.Минска;702;;4************2;;5002320;Свидетельство о государственной регистрации №500/856-3668;01.апр;;;;;;;;;;;;;;5974261;Г******А Л***А И*******А;1;Собственник;1;;1;1;;;;1;;;;;0;0;;;;;;;;;;;;;;0;0;0;0;0;1;1;1;0;
30.09.2026;MN7000;Минск РИЦ;784573;8031630640;3933828;3462180;9100557;"ГП ""ЖЭУ № 3 Советского района г. Минска""";"ГП ""ЖЭУ № 3 Советского района г. Минска"" (пл.бытуслуги)";19.11.2008;;Прибытие-выбытие;1;Регистрация по месту жительства;1;0;0;19.11.2008;;С********Ч;А*******Р;П******Ч;1;Мужской;30.05.1970;;1;Республика Беларусь;;;0;;;;;1;паспорт РБ;паспорт гражданина Республики Беларусь;М********6;12.05.2022;СОВ ЕТСКИМ РУВД Г. МИНСКА;;;3************1;;3945495;Свидетельство о государственной регистрации;01.янв;;;;;;;;;;"; собственник";;;;3462180;С********Ч А*******Р П******Ч;1;Собственник;1;;1;1;;;;1;;;;;0;0;;;;;;;;;;;;;;0;0;0;0;0;1;1;1;0;
30.09.2026;MN7000;Минск РИЦ;192685;7033480736;233137;233044;7003;"ГП ""ЖЭУ № 3 Московского района г. Минска""";"ГП ""ЖЭУ № 3 Московского района г. Минска""";20.11.1987;05.04.2011;Отмена записи прибытия-выбытия;;;0;1;0;20.11.1987;05.04.2011;Г**К;Д*****Й;В********Ч;1;Мужской;17.10.1971;;1;Республика Беларусь;;;0;;;;;1;паспорт РБ;паспорт гражданина Республики Беларусь;М*******2;21.03.2025;МОСКОВСКОЕ РУВД Г.МИНСКА;;;3************9;;3203786;Свидетельство о государственной регистрации;01.янв;;;;;;;;;;"; собственник";;;f*****01@mail.ru;233044;Г**К Д*****Й В********Ч;1;Собственник;1;;1;1;;;;1;;;;;0;0;;;;;;;;;;;;;;0;0;1;0;0;1;2;2;0;
30.09.2026;MN7000;Минск РИЦ;576702;7470610011;2876328;2404840;9100411;ЧС_ГП ЖЭУ № 4 Партиз. р-на;"ЧС_ГП ""ЖЭУ № 4 Партизанского района г. Минска""";;;;;;0;0;0;;;Д*******Ч;М****М;Н********Ч;1;Мужской;24.08.1973;;;;;;0;;;;;1;паспорт РБ;паспорт гражданина Республики Беларусь;0;;;;;3************2;г. Минск, пр-т Независимости, д.133, кв.109;2474963;Свидетельство о государственной регистрации №500/982-4920 от 10.09.2015;01.янв;;;;;;;;;;;;;;;;1;Собственник;1;;1;1;;;;;;;;;0;0;;;;;;;;;;;;;;0;0;1;0;0;2;3;2;0;
30.09.2026;MN7000;Минск РИЦ;490253;6849312403;2573285;2101481;9100302;ГП ЖЭУ № 2 Ленин. р-на;"ГП ""ЖЭУ № 2 Ленинского района г. Минска""";18.01.1994;;Прибытие-выбытие;1;Регистрация по месту жительства;1;0;0;18.01.1994;;Г*****Ч;И***Ь;П******Ч;1;Мужской;03.11.1972;;1;Республика Беларусь;;;0;;;;;1;паспорт РБ;паспорт гражданина Республики Беларусь;М*******5;10.07.2018;ЛЕНИНСКИМ РУВД   Г.МИНСКА;;утрата (хищение);3************6;;2310762;Свидетельство о государственной регистрации №500/744-862 от 01.02.2008;01.апр;;;;;;;;;;"; собственник";;;;2101481;Г*****Ч И***Ь П******Ч;1;Собственник;0,25;;0,25;1;;;;1;;;;;0;0;;;;;;;;;;;;;;0;0;0;0;0;5;5;3;0;
30.09.2026;MN7000;Минск РИЦ;576698;7426940020;2905075;2433564;9100411;ЧС_ГП ЖЭУ № 4 Партиз. р-на;"ЧС_ГП ""ЖЭУ № 4 Партизанского района г. Минска""";01.09.2012;;Прибытие-выбытие;1;Регистрация по месту жительства;1;0;0;10.03.2007;;Ф****В;Э****Д;Г********Ч;1;Мужской;14.03.1966;РБ;1;Республика Беларусь;1;состоит в браке;0;;;;;30;идентификационная карта РБ;идентификационная карта гражданина Республики Беларусь;B*******1;23.04.2026;Партизанским РУВД г.Минска;706;израсходование листов, предназначенных для отметок (обмен);3************8;;3727899;Свидетельство о государственной регистрации;01.янв;;;;;;;45666;"ООО""ЕВРОАВТОТРАНС""";ЗАМ.ДИРЕКТОРА;"; собственник";;;;2433564;Ф****В Э****Д Г********Ч;1;Собственник;1;;1;1;;;;1;;;;;0;0;;;;;;;;;;;;;;0;0;0;0;0;2;2;1;0;
30.09.2026;MN7000;Минск РИЦ;782156;8031400163;3996778;3525098;9100557;"ГП ""ЖЭУ № 3 Советского района г. Минска""";"ГП ""ЖЭУ № 3 Советского района г. Минска"" (пл.бытуслуги)";;;;;;0;0;0;;;Д*******К;С******А;А*********А;0;Женский;27.01.1970;;;;;;0;;;;;4;паспорт гражданина иностранного государства;паспорт гражданина иностранного государства;6********2;;;;;;;3981389;Свидетельство о государственной регистрации №101000/00451-1031 от 07.10.2003;01.янв;;;;;;;;;;;;;i*****@gmail.com;;;1;Собственник;1;;1;1;;;;;;;;;0;0;;;;;;;;;;;;;;0;0;5;0;0;1;6;2;0;
30.09.2026;MN7000;Минск РИЦ;467895;6849311272;2334247;1862606;9100302;ГП ЖЭУ № 2 Ленин. р-на;"ГП ""ЖЭУ № 2 Ленинского района г. Минска""";18.04.1986;;Прибытие-выбытие;1;Регистрация по месту жительства;1;0;0;18.04.1986;;Ш***Ц;Н*****Я;К************А;0;Женский;25.02.1969;;1;Республика Беларусь;;;0;;;;;1;паспорт РБ;паспорт гражданина Республики Беларусь;М*******1;06.06.2025;ЛЕНИНСКИМ РУВД Г.МИНСКА;;непригодность для использования (обмен);4************6;;2167621;Свидетельство о государственной регистрации №500/315-1001 от 05.01.2006;01.янв;;;;;;;;;;"; собственник";;;;1862606;Ш***Ц Н*****Я К************А;1;Собственник;1;;1;1;;;;1;;;;;0;0;0;;;;;;;;;;;;;0;0;0;0;0;2;2;1;0;
30.09.2026;MN7000;Минск РИЦ;141846;7060990011;5517752;4843353;7007;ЧС_ГП ЖЭУ № 1 Моск.р-на;ЧС_ГП ЖЭУ №1 Московского р-на г.Минска;22.02.2019;;Прибытие-выбытие;1;Регистрация по месту жительства;1;0;0;22.02.2019;;Д*******Ч;Н*****Й;Н********Ч;1;Мужской;21.12.1975;;1;Республика Беларусь;;;0;;;;;1;паспорт РБ;паспорт гражданина Республики Беларусь;М*******2;05.02.2021;Московским РУВД г.Минска;;истечение срока действия (обмен);3************4;;1268047;Свидетельство о государственной регистрации №500/149-8270 от 15.01.2018;01.мар;;;;;;;;;;"; собственник";;;;4843353;Д*******Ч Н*****Й Н********Ч;1;Собственник;0,34;;0,34;1;;;;1;;;;;0;0;;;;;;;;;;;;;;0;0;0;0;0;2;2;1;0;
30.09.2026;MN7000;Минск РИЦ;815517;8028830298;5705061;5065310;9100556;"ГП ""ЖЭУ № 2 Советского района г. Минска""";"ГП ""ЖЭУ № 2 Советского района г. Минска""";23.04.2020;;Прибытие-выбытие;1;Регистрация по месту жительства;1;0;0;23.04.2020;;З*******О;Н*****Я;А***********А;0;Женский;14.04.1987;;1;Республика Беларусь;;;0;;;;;1;паспорт РБ;паспорт гражданина Республики Беларусь;М*******6;08.04.2024;Советским РУВД г.Минска;;непригодность для использования (обмен);4************3;;2784546;Свидетельство о государственной регистрации №500/795-4824;01.янв;;;;;;;;;;"; собственник";;;;5065310;З*******О Н*****Я А***********А;1;Собственник;1;;1;1;;;;1;;;;;0;0;;;;;;;;;;;;;;2;0;0;0;0;3;3;2;0;
30.09.2026;MN7000;Минск РИЦ;952529;6847240091;5585972;4927272;9100302;ГП ЖЭУ № 2 Ленин. р-на;"ГП ""ЖЭУ № 2 Ленинского района г. Минска""";01.07.2019;;Прибытие-выбытие;1;Регистрация по месту жительства;1;0;0;04.07.1986;;Б****О;В******А;Л********А;0;Женский;22.05.1970;;1;Республика Беларусь;;;0;;;;;1;паспорт РБ;паспорт гражданина Республики Беларусь;М*******0;21.08.2026;Ленинским РУВД г.Минска;;истечение срока действия (обмен);4************4;;4219492;Свидетельство о государственной регистрации №500/120-587 от 17.03.2007;01.мар;;;;;;;;;;"; собственник";;;;4927272;Б****О В******А Л********А;1;Собственник;1;;1;1;;;;1;;;;;0;0;1;;;;;;;;;;;;;0;0;0;0;0;2;2;1;0;
30.09.2026;MN7000;Минск РИЦ;811665;8031631191;6262062;5732117;9100557;"ГП ""ЖЭУ № 3 Советского района г. Минска""";"ГП ""ЖЭУ № 3 Советского района г. Минска"" (пл.бытуслуги)";;;;;;0;0;0;;;П********К;Н*****Й;И******Ч;1;Мужской;14.07.1980;;1;Республика Беларусь;;;0;;;;;1;паспорт РБ;паспорт гражданина Республики Беларусь;B*******9;02.12.2021;Ленинским РУВД г.Минска;703;;3************2;;4820478;Свидетельство о государственной регистрации №500/2093-570;01.янв;;;;;;;;;;;;;7*****@gmail.com;;;1;Собственник;1;;1;1;;;;;;;;;0;0;;;;;;;;;;;;;;0;0;1;0;0;0;1;2;0;
30.09.2026;MN7000;Минск РИЦ;1021340;8460090447;6327134;5816370;70002654;"ГП ""ЖЭУ № 1 Фрунзенского района г. Минска"" (реорганизация ГП ЖЭУ №2)";"ГП ""ЖЭУ № 1 Фрунзенского района г. Минска"" (реорганизация ГП ЖЭУ №2)";17.06.2005;;Прибытие-выбытие;1;Регистрация по месту жительства;1;0;0;17.06.2005;;Б***В;Г******Й;Н********Ч;1;Мужской;22.10.1978;;;;;;0;;открытие лицевого счета 02.08.2024;;;1;паспорт РБ;паспорт гражданина Республики Беларусь;М*******3;08.05.2024;Фрунзенским РУВД г.Минска;709;;3************7;;4881299;Свидетельство о государственной регистрации №500/2050-2304;01.фев;;;;;;;;;;СОБСТВЕННИК;;;;5816370;Б***В Г******Й Н********Ч;1;Собственник;1;;1;1;;;;1;;;;;0;0;;;;;;;;;;;;;;0;0;0;0;0;1;1;1;0;
30.09.2026;MN7000;Минск РИЦ;231798;8460150734;1188949;665527;70002654;"ГП ""ЖЭУ № 1 Фрунзенского района г. Минска"" (реорганизация ГП ЖЭУ №2)";"ГП ""ЖЭУ № 1 Фрунзенского района г. Минска"" (реорганизация ГП ЖЭУ №2)";06.10.2006;;Прибытие-выбытие;1;Регистрация по месту жительства;1;0;0;02.06.2009;;Г*******А;О***А;В********А;0;Женский;26.04.1995;;1;Республика Беларусь;;;0;;;;;1;паспорт РБ;паспорт гражданина Республики Беларусь;М*******3;08.07.2024;Фрунзенским РУВД г.Минска;;изменение (перемена) фамилии, собственного имени, отчества (обмен);4************9;;3293010;Свидетельство о государственной регистрации;01.фев;;;;;;;;;;"; собственник";;;;665527;Г*******А О***А В********А;1;Собственник;0,5;;0,5;1;;;;1;;;;;0;0;;;;;;;;;;;;;;0;0;0;0;0;4;4;2;0;
30.09.2026;MN7000;Минск РИЦ;231798;8460150734;1188948;665520;70002654;"ГП ""ЖЭУ № 1 Фрунзенского района г. Минска"" (реорганизация ГП ЖЭУ №2)";"ГП ""ЖЭУ № 1 Фрунзенского района г. Минска"" (реорганизация ГП ЖЭУ №2)";06.10.2006;;Прибытие-выбытие;1;Регистрация по месту жительства;1;0;0;06.10.2006;;Г*******А;С******А;С*******А;0;Женский;15.07.1975;;1;Республика Беларусь;;;0;;;;;1;паспорт РБ;паспорт гражданина Республики Беларусь;М*******5;14.07.2020;Фрунзенским РУВД г.Минска;;непригодность для использования (обмен);4************3;;3293008;Свидетельство о государственной регистрации;01.фев;;;;;;;34246;"ФАБРИКА "" СЛОДЫЧ""- БІСКВІТЧІЦА";;"; собственник";;;;665520;Г*******А С******А С*******А;1;Собственник;0,5;;0,5;1;;;;1;;;;;0;0;;;;;;;;;;;;;;0;0;0;0;0;4;4;2;0;
30.09.2026;MN7000;Минск РИЦ;785382;8032320344;3986430;3514781;9100557;"ГП ""ЖЭУ № 3 Советского района г. Минска""";"ГП ""ЖЭУ № 3 Советского района г. Минска"" (пл.бытуслуги)";12.06.1992;;Прибытие-выбытие;1;Регистрация по месту жительства;1;0;0;12.06.1992;;З*****А;Н*****Я;А*********А;0;Женский;19.03.1975;;1;Республика Беларусь;;;0;;;;;1;паспорт РБ;паспорт гражданина Республики Беларусь;М*******4;26.04.2016;СОВ ЕТСКИМ РУВД Г. МИНСКА;;;4************2;;4705622;Свидетельство о государственной регистрации №500/713-6209;01.фев;;;;;;;;;;"; сестра";;;;3514781;З*****А Н*****Я А*********А;1;Собственник;0,5;;0,5;1;;;;1;;;;;0;0;;;;;;;;;;;;;;0;0;0;0;0;4;4;2;0;
30.09.2026;MN7000;Минск РИЦ;178947;7038350240;6541351;6150518;7004;"ГП ""ЖЭУ № 4 Московского района г. Минска""";"ГП ""ЖЭУ № 4 Московского района г.Минска""";23.01.2026;;Прибытие-выбытие;1;Регистрация по месту жительства;1;0;0;23.01.2026;;А*****В;А*******Р;А***********Ч;1;Мужской;01.09.1981;;1;Республика Беларусь;1;состоит в браке;0;;;;;1;паспорт РБ;паспорт гражданина Республики Беларусь;M*******2;30.01.2026;Московским РУВД г.Минска;704;истечение срока действия (обмен);3************7;;5138914;Свидетельство о государственной регистрации №500/986-18888;01.янв;;;;;;;;;;;;;3*****31@mail.ru;6150518;А*****В А*******Р А***********Ч;1;Собственник;1;;1;1;;;;1;;;;;0;0;;;;;;;;;;;;;;0;0;0;0;0;1;1;1;0;
30.09.2026;MN7000;Минск РИЦ;490253;6849312403;2385121;1913463;9100302;ГП ЖЭУ № 2 Ленин. р-на;"ГП ""ЖЭУ № 2 Ленинского района г. Минска""";;;;;;0;0;0;;;Г*****Ч;О****А;П******А;0;Женский;;;;;;;0;;;;;;;;;;;;;;;2200280;Свидетельство о государственной регистрации №500/744-862 от 01.02.2008;01.апр;;;;;;;;;;;;;;;;1;Собственник;0,25;;0,25;1;;;;;;;;;0;0;;;;;;;;;;;;;;0;0;0;0;0;5;5;3;0;
30.09.2026;MN7000;Минск РИЦ;490418;6849311728;2534089;2062333;9100302;ГП ЖЭУ № 2 Ленин. р-на;"ГП ""ЖЭУ № 2 Ленинского района г. Минска""";27.06.1995;;Прибытие-выбытие;1;Регистрация по месту жительства;1;0;0;04.07.1995;;Б*******А;Л***Я;В********А;0;Женский;09.08.1968;;1;Республика Беларусь;;;0;;;;;1;паспорт РБ;паспорт гражданина Республики Беларусь;М*******0;15.12.2022;ЛЕНИНСКИМ РУВД Г МИНСКА;;непригодность для использования (обмен);4************3;;3630507;Свидетельство о государственной регистрации;01.янв;;;;;;;;;;"; собственник";;;;2062333;Б*******А Л***Я В********А;1;Собственник;1;;1;1;;;;1;;;;;0;0;;;;;;;;;;;;;;0;0;0;0;0;2;2;1;0;
30.09.2026;MN7000;Минск РИЦ;574329;7414980011;2908270;2436759;9100411;ЧС_ГП ЖЭУ № 4 Партиз. р-на;"ЧС_ГП ""ЖЭУ № 4 Партизанского района г. Минска""";01.06.2010;;Прибытие-выбытие;1;Регистрация по месту жительства;1;0;0;05.03.2008;;Ш**О;А***А;В********А;0;Женский;18.04.1990;;1;Республика Беларусь;1;состоит в браке;0;;;;;1;паспорт РБ;паспорт гражданина Республики Беларусь;М*******6;04.06.2025;Партизанским РУВД г.Минска;706;истечение срока действия (обмен);4************7;;2496065;Свидетельство о государственной регистрации №500/1580-1232 от 02.11.2018;01.янв;;;;;;;714;не работает;;"; собственник";;;a*****90@mail.ru;2436759;Ш**О А***А В********А;1;Собственник;1;;1;1;;;;1;;;;;0;0;;;;;;;;;;;;;;1;0;0;0;0;2;2;1;0;
30.09.2026;MN7000;Минск РИЦ;363561;6400110951;2163436;1691970;70001397;ТС/ЖСК/ЖСПК Заводского р-на;ТС/ЖСК/ЖСПК Заводского р-на;02.08.2016;;Прибытие-выбытие;1;Регистрация по месту жительства;1;0;0;02.08.2016;;Г********Ч;Н*****Я;В**********А;0;Женский;27.01.1977;;1;Республика Беларусь;1;состоит в браке;0;;;;;1;паспорт РБ;паспорт гражданина Республики Беларусь;М*******3;15.02.2023;Заводским РУВД г.Минска;702;истечение срока действия (обмен);4************1;;2051943;Свидетельство о государственной регистрации №500/311-15191 от 25.07.2016;01.янв;;;;;;;15754;ОАО МАЗ;ИНЖЕНЕР;"; собственник";;;n*****@gmail.com;1691970;Г********Ч Н*****Я В**********А;1;Собственник;1;;1;1;;;;1;;;;;0;0;;;;;;;;;;;;;;0;0;0;0;0;2;2;1;0;
30.09.2026;MN7000;Минск РИЦ;161306;7032680019;340824;340731;7003;"ГП ""ЖЭУ № 3 Московского района г. Минска""";"ГП ""ЖЭУ № 3 Московского района г. Минска""";01.02.2003;;Прибытие-выбытие;1;Регистрация по месту жительства;1;0;0;12.01.1999;;Щ*****Ь;В****Р;А***********Ч;1;Мужской;09.05.1972;;1;Республика Беларусь;;;0;;;;;1;паспорт РБ;паспорт гражданина Республики Беларусь;М*******3;21.12.2017;Московским РУВД г.Минска;;истечение срока действия (обмен);3************8;;1252061;Свидетельство о государственной регистрации;01.фев;;;;;;;;;;"; собственник";;;;340731;Щ*****Ь В****Р А***********Ч;1;Собственник;0,5;;0,5;1;;;;1;;;;;0;0;;;;;;;;;;;;;;0;0;0;0;0;1;1;2;0;
30.09.2026;MN7000;Минск РИЦ;207130;8422100392;1058796;750603;70002656;"ГП ""ЖЭУ № 7 Фрунзенского района г. Минска"" (реорганизация ГП ЖЭУ №5)";"ГП ""ЖЭУ № 7 Фрунзенского района г. Минска"" (реорганизация ГП ЖЭУ №5)";27.10.2004;;Прибытие-выбытие;1;Регистрация по месту жительства;1;0;0;27.10.2004;;К*******К;С****Й;С*******Ч;1;Мужской;30.08.1984;;1;Республика Беларусь;;;0;;;;;1;паспорт РБ;паспорт гражданина Республики Беларусь;М*******2;23.12.2016;ФРУНЗЕНСКИЙ  РУВД  Г.МИНСКА;;;3************3;;1505037;Свидетельство о государственной регистрации №500/146-2025 от 27.09.2005;01.янв;;;;;;;66629;"ЗАВОД""ПРОГРЕСС""";СЛЕСАРЬ;"; собственник";;;;750603;К*******К С****Й С*******Ч;1;Собственник;1;;1;1;;;;1;;;;;0;0;;;;;;;;;;;;;;0;0;0;0;0;2;2;1;0;
30.09.2026;MN7000;Минск РИЦ;547226;7215190851;2763545;2291866;70002699;"ГП ""ЖЭУ № 4 Октябрьского района г. Минска"" (реорганизация ГП ЖЭУ № 3)";"ГП ""ЖЭУ № 4 Октябрьского района г. Минска"" (реорганизация ГП ЖЭУ № 3)";11.07.1998;;Прибытие-выбытие;1;Регистрация по месту жительства;1;0;0;11.07.1998;;К****К;Е***А;Б*******А;0;Женский;29.01.1967;;1;Республика Беларусь;;;0;;;;;1;паспорт РБ;паспорт гражданина Республики Беларусь;М*******8;10.02.2012;ОКТЯБРЬСКИЙ РУВД Г. МИНСКА;;;4************3;;3685411;Свидетельство о государственной регистрации;01.янв;;;;;;;;;;"; собственник";;;;2291866;К****К Е***А Б*******А;1;Собственник;1;;1;1;;;;1;;;;;0;0;0;;;;;;;;;;;;;0;0;0;0;0;1;1;1;0;
30.09.2026;MN7000;Минск РИЦ;441130;6458990101;2008899;6191946;9100235;"ГП ""ЖЭУ № 4 Заводского района г. Минска""";"ГП ""ЖЭУ № 4 Заводского района г. Минска""";;;;;;0;0;0;;;К******А;А***А;С*******А;0;Женский;28.09.1991;;1;Республика Беларусь;;;0;;;;;1;паспорт РБ;паспорт гражданина Республики Беларусь;М*******1;20.08.2026;Заводским РУВД г.Минска;702;истечение срока действия (обмен);4************2;80297776519;5172877;Свидетельство о государственной регистрации №500/2189-151;01.янв;;;;;;;;;;"; дочь";;;a*****ch@mail.ru;;;1;Собственник;1;;1;1;;;;;;;;;0;0;;;;;;;;;;;;;;0;0;0;0;0;1;1;1;0;
30.09.2026;MN7000;Минск РИЦ;580562;7421490011;2913139;2441624;9100411;ЧС_ГП ЖЭУ № 4 Партиз. р-на;"ЧС_ГП ""ЖЭУ № 4 Партизанского района г. Минска""";01.09.2003;;Прибытие-выбытие;1;Регистрация по месту жительства;1;0;0;14.06.1988;;Я******Ч;О**Г;П******Ч;1;Мужской;13.08.1966;;1;Республика Беларусь;1;состоит в браке;0;;;;;1;паспорт РБ;паспорт гражданина Республики Беларусь;М*******4;26.12.2011;ПАРТИЗАНСКИМ РУВД Г.МИНСКА;;;3************9;;2498410;Свидетельство о государственной регистрации №500/1519-760 от 25.11.2013;01.фев;;;;;;;24959;ГМЗ №1;СЛЕСАРЬ-САНТЕХНИК;"; собственник";;;;2441624;Я******Ч О**Г П******Ч;1;Собственник;0,5;;0,5;1;;;;1;;;;;0;0;;;;;;;;;;;;;;0;0;0;0;0;2;2;2;0;
30.09.2026;MN7000;Минск РИЦ;161306;7032680019;396982;396884;7003;"ГП ""ЖЭУ № 3 Московского района г. Минска""";"ГП ""ЖЭУ № 3 Московского района г. Минска""";20.01.1999;04.02.2022;Отмена записи прибытия-выбытия;;;0;1;0;20.01.1999;12.04.2022;Щ*****Ь;Г****А;А***********А;0;Женский;17.04.1949;;1;Республика Беларусь;;;0;04.02.2022;;;;1;паспорт РБ;паспорт гражданина Республики Беларусь;М*******5;20.01.2000;МОСКОВСКОЕ РУВД Г.МИНСКА;;;4************8;;1276209;Свидетельство о государственной регистрации;01.фев;;;;;;;;;;"; собственник";;;;396884;Щ*****Ь Г****А А***********А;1;Собственник;0,5;;0,5;1;;;;1;;;;;0;0;;;;;;;;;;;;;;0;0;0;0;0;1;1;2;0;
30.09.2026;MN7000;Минск РИЦ;717059;7671860657;3518344;3046861;9100496;ГП ЖЭУ № 1 Первом. р-на;"ГП ""ЖЭУ № 1 Первомайского района г. Минска""";;;;;;0;0;0;;;Е********А;Л*****А;В**********А;0;Женский;29.04.1960;;;;;;0;;;;;;;;;;;;;;;3822837;Свидетельство о государственной регистрации;01.янв;;;;;;;;;;;;;d*****@yandex.ru;;;1;Собственник;1;;1;1;;;;;;;;;0;0;;;;;;;;;;;;;;0;0;0;0;0;1;1;1;0;
30.09.2026;MN7000;Минск РИЦ;823237;8027920059;6447617;5990108;9100557;"ГП ""ЖЭУ № 3 Советского района г. Минска""";"ГП ""ЖЭУ № 3 Советского района г. Минска"" (пл.бытуслуги)";26.06.2025;;Прибытие-выбытие;1;Регистрация по месту жительства;1;0;0;26.06.2025;;Г*******А;А******А;В**********А;0;Женский;19.12.1980;;1;Республика Беларусь;;;0;;;;;1;паспорт РБ;паспорт гражданина Республики Беларусь;M*******7;13.04.2018;Ленинским РУВД г.Минска;703;;4************0;;5014016;Свидетельство о государственной регистрации №500/1927-10631;01.янв;;;;;;;;;;;;;p*****@gmail.com;5990108;Г*******А А******А В**********А;1;Собственник;1;;1;1;;;;1;;;;;0;0;;;;;;;;;;;;;;1;0;0;0;0;2;2;1;0;
30.09.2026;MN7000;Минск РИЦ;745760;7671720399;3642067;3170556;9100496;ГП ЖЭУ № 1 Первом. р-на;"ГП ""ЖЭУ № 1 Первомайского района г. Минска""";27.12.1996;;Прибытие-выбытие;1;Регистрация по месту жительства;1;0;0;27.12.1996;;Б****А;А**А;А*******А;0;Женский;05.04.1980;РБ;1;Республика Беларусь;;;0;;;;;1;паспорт РБ;паспорт гражданина Республики Беларусь;М*******7;14.08.2025;ПЕРВОМАЙСКИЙ РОВД Г.МИНСКА;;истечение срока действия (обмен);4************3;;3864115;Свидетельство о государственной регистрации;39/100;;;;;;;77526;"ЗАО ""Международный Деловой Альянс""";;"; собственник";;;;3170556;Б****А А**А А*******А;1;Собственник;1;;1;1;;;;1;;;;;0;0;0;;;;;;;;;;;;;1;0;0;0;0;2;2;1;0;
30.09.2026;MN7000;Минск РИЦ;1007147;9093292054;6251068;5717806;70000980;ТС/ЖСК/ЖСПК Центрального р-на;ТС/ЖСК/ЖСПК Центрального р-на;;;;;;0;0;0;;;К****О;М******А;А*******А;;-;;;;;;;0;;;;;1;паспорт РБ;паспорт гражданина Республики Беларусь;;;;;;4************1;;4809782;Свидетельство о государственной регистрации №500/743-12385;01.янв;;;;;;;;;;;;;L*****@gmail.com;;;1;Собственник;1;;1;1;;;;;;;;;0;0;;;;;;;;;;;;;;0;0;0;0;0;1;1;1;0;
30.09.2026;MN7000;Минск РИЦ;715445;7672640881;3664384;3192871;9100496;ГП ЖЭУ № 1 Первом. р-на;"ГП ""ЖЭУ № 1 Первомайского района г. Минска""";30.09.2008;;Прибытие-выбытие;1;Регистрация по месту жительства;1;0;0;30.09.2008;;Ш****Я;А*******Р;А***********Ч;1;Мужской;20.04.1976;;1;Республика Беларусь;1;состоит в браке;0;;;;;1;паспорт РБ;паспорт гражданина Республики Беларусь;М*******7;27.02.2017;ПЕРВОМАЙСКИМ РУВД Г. МИНСКА;;;3************9;;2677926;Свидетельство о государственной регистрации №500/810-1604 от 10.07.2008;01.янв;;;;;;;;;;"; собственник";;;;3192871;Ш****Я А*******Р А***********Ч;1;Собственник;1;;1;1;;;;1;;;;;0;0;;;;;;;;;;;;;;3;0;0;0;0;4;4;1;0;
30.09.2026;MN7000;Минск РИЦ;1022086;6849310317;6337280;5830119;9100302;ГП ЖЭУ № 2 Ленин. р-на;"ГП ""ЖЭУ № 2 Ленинского района г. Минска""";;;;;;0;0;0;;;Ч*********Я;Ж***А;М********А;;-;;;;;;;0;;;;;1;паспорт РБ;паспорт гражданина Республики Беларусь;;;;;;1;;4891089;Свидетельство о государственной регистрации;01.апр;;;;;;;;;;;;;;;;1;Собственник;1;;1;1;;;;;;;;;0;0;;;;;;;;;;;;;;0;0;0;0;0;1;1;1;0;
30.09.2026;MN7000;Минск РИЦ;573306;7421490031;2879997;2408505;9100411;ЧС_ГП ЖЭУ № 4 Партиз. р-на;"ЧС_ГП ""ЖЭУ № 4 Партизанского района г. Минска""";;;;;;0;0;0;;;Я******Ч;О**Г;П******Ч;1;Мужской;13.08.1966;;;;;;0;;;;;;;;;;;;;;;3723858;Свидетельство о государственной регистрации;01.фев;;;;;;;;;;;;;;;;1;Собственник;0,5;;0,5;1;;;;;;;;;0;0;;;;;;;;;;;;;;0;0;0;0;0;0;0;2;0;
30.09.2026;MN7000;Минск РИЦ;573306;7421490031;2879998;2408506;9100411;ЧС_ГП ЖЭУ № 4 Партиз. р-на;"ЧС_ГП ""ЖЭУ № 4 Партизанского района г. Минска""";;;;;;0;0;0;;;Я******Ч;И***Ь;П******Ч;1;Мужской;21.06.1974;;;;;;0;;;;;;;;;;;;;;;3723862;Свидетельство о государственной регистрации;01.фев;;;;;;;;;;;;;;;;1;Собственник;0,5;;0,5;1;;;;;;;;;0;0;;;;;;;;;;;;;;0;0;0;0;0;0;0;2;0;
30.09.2026;MN7000;Минск РИЦ;580579;7420930011;2964538;2492934;9100411;ЧС_ГП ЖЭУ № 4 Партиз. р-на;"ЧС_ГП ""ЖЭУ № 4 Партизанского района г. Минска""";01.02.2004;;Прибытие-выбытие;1;Регистрация по месту жительства;1;0;0;03.11.2000;;Ю*****Ч;В*****Й;И******Ч;1;Мужской;03.03.1952;;1;Республика Беларусь;1;состоит в браке;0;;;;;1;паспорт РБ;паспорт гражданина Республики Беларусь;М*******2;22.06.2010;ПАРТИЗАНСКИМ РУВД Г.МИНСКА;;;3************9;;2519951;Свидетельство о государственной регистрации №500/311-10218 от 14.04.2014;01.янв;;;;;;;14608;"ООО ""ФАРМТЕХНОЛОГИЯ""";;"; собственник";;;;2492934;Ю*****Ч В*****Й И******Ч;1;Собственник;1;;1;1;;;;1;;;;;0;0;;;;;;;;;;;;;;0;1;0;0;0;1;2;1;0;
30.09.2026;MN7000;Минск РИЦ;363885;6458840601;2151143;1679677;9100235;"ГП ""ЖЭУ № 4 Заводского района г. Минска""";"ГП ""ЖЭУ № 4 Заводского района г. Минска""";31.10.2013;;Прибытие-выбытие;1;Регистрация по месту жительства;1;0;0;31.10.2013;;Н********Ч;А*******Р;С********Ч;1;Мужской;21.11.1982;;1;Республика Беларусь;1;состоит в браке;0;;;;;1;паспорт РБ;паспорт гражданина Республики Беларусь;М*******8;27.01.2017;ЗАВОДСКИМ РУВД Г.МИНСКА;;непригодность для использования (обмен);3************3;8029 559 62 56,Д.2443319;4966448;Свидетельство о государственной регистрации №500/2077-3962;01.янв;;;;;;;166484;ОООФАСАДСЕРФИТИСТРОЙ (ИЗОЛИРОВЩИК);ИЗОЛИРОВЩИК;"; собственник";;;;1679677;Н********Ч А*******Р С********Ч;1;Собственник;1;;1;1;;;;1;;;;;0;0;;;;;;;;;;;;;;0;0;0;0;0;2;2;1;0;
30.09.2026;MN7000;Минск РИЦ;579551;7413410021;3000088;2528407;9100411;ЧС_ГП ЖЭУ № 4 Партиз. р-на;"ЧС_ГП ""ЖЭУ № 4 Партизанского района г. Минска""";05.06.2001;;Прибытие-выбытие;1;Регистрация по месту жительства;1;0;0;05.06.2001;;Ш******О;Н*****Я;Н********А;0;Женский;22.04.1972;;1;Республика Беларусь;;;0;;;;;1;паспорт РБ;паспорт гражданина Республики Беларусь;М*******7;15.08.2023;Партизанским РУВД г.Минска;706;истечение срока действия (обмен);4************4;;5127416;Свидетельство о государственной регистрации №500/2036-3912;01.янв;;;;;;;;;;"; собственник";;;;2528407;Ш******О Н*****Я Н********А;1;Собственник;1;;1;1;;;;1;;;;;0;0;;;;;;;;;;;;;;1;0;0;0;0;4;4;1;1;
30.09.2026;MN7000;Минск РИЦ;978101;7076720027;5818365;5195250;7004;"ГП ""ЖЭУ № 4 Московского района г. Минска""";"ГП ""ЖЭУ № 4 Московского района г.Минска""";30.04.2013;;Прибытие-выбытие;1;Регистрация по месту жительства;1;0;0;30.04.2013;;П******О;М****М;В********Ч;1;Мужской;06.06.1982;;1;Республика Беларусь;;;0;;;;;1;паспорт РБ;паспорт гражданина Республики Беларусь;М*******0;07.09.2016;Московским РУВД г.Минска;;утрата (хищение);3************5;;4423579;Свидетельство о государственной регистрации №500/1805-2225 от 18.06.2020;01.апр;;;;;;;;;;;;;g*****@gmail.com;5195250;П******О М****М В********Ч;1;Собственник;1;;1;1;;;;1;;;;;0;0;;;;;;;;;;;;;;1;0;0;0;0;2;2;1;0;
30.09.2026;MN7000;Минск РИЦ;804080;8026850517;4092326;3620594;9100556;"ГП ""ЖЭУ № 2 Советского района г. Минска""";"ГП ""ЖЭУ № 2 Советского района г. Минска""";26.05.1981;;Прибытие-выбытие;1;Регистрация по месту жительства;1;0;0;26.05.1981;;Я***К;Ю***Н;Ю*******Ч;1;Мужской;05.06.1948;;1;Республика Беларусь;;;0;;;;;1;паспорт РБ;паспорт гражданина Республики Беларусь;М*******3;08.09.2022;СОВ ЕТСКИМ РУВД Г. МИНСКА;;непригодность для использования (обмен);3************6;;4018562;Свидетельство о государственной регистрации;01.янв;;;;;;;;;;"; собственник";;;j*****ak@mail.ru;3620594;Я***К Ю***Н Ю*******Ч;1;Собственник;1;;1;1;;;;1;;;;;0;0;;;;;;;;;;;;;;0;0;1;0;0;1;2;2;0;
30.09.2026;MN7000;Минск РИЦ;1019451;7077941154;6301441;5782622;7003;"ГП ""ЖЭУ № 3 Московского района г. Минска""";"ГП ""ЖЭУ № 3 Московского района г. Минска""";27.06.2024;;Прибытие-выбытие;1;Регистрация по месту жительства;1;0;0;27.06.2024;;Д********Ч;Е***А;А***********А;0;Женский;10.03.1980;;1;Республика Беларусь;;;0;;;;;1;паспорт РБ;паспорт гражданина Республики Беларусь;М*******8;27.03.2018;Московским РУВД г.Минска;704;;4************7;;4856949;Свидетельство о государственной регистрации №500/2027-3514;01.янв;;;;;;;;;;;;;l*****@gmail.com;5782622;Д********Ч Е***А А***********А;1;Собственник;1;;1;1;;;;1;;;;;0;0;;;;;;;;;;;;;;0;0;0;0;0;1;1;1;0;
30.09.2026;MN7000;Минск РИЦ;580562;7421490011;2920470;2448866;9100411;ЧС_ГП ЖЭУ № 4 Партиз. р-на;"ЧС_ГП ""ЖЭУ № 4 Партизанского района г. Минска""";01.09.2003;;Прибытие-выбытие;1;Регистрация по месту жительства;1;0;0;24.04.1992;;Я******Ч;И***Ь;П******Ч;1;Мужской;21.06.1974;;1;Республика Беларусь;2;никогда не состоял в браке;0;;;;;1;паспорт РБ;паспорт гражданина Республики Беларусь;М*******4;21.09.2020;ПАРТИЗАНСКИМ РУВД Г.МИНСКА;;;3************7;;2500303;Свидетельство о государственной регистрации №500/1519-760 от 25.11.2013;01.фев;;;;;;;;;;"; собственник";;;;2448866;Я******Ч И***Ь П******Ч;1;Собственник;0,5;;0,5;1;;;;1;;;;;0;0;;;;;;;;;;;;;;0;0;0;0;0;2;2;2;0;
30.09.2026;MN7000;Минск РИЦ;580893;7444430291;2882448;2410954;70002181;ТС/ЖСК/ЖСПК Партизанского р-на;ТС/ЖСК/ЖСПК Партизанского р-на;17.07.2014;;Прибытие-выбытие;1;Регистрация по месту жительства;1;0;0;17.07.2014;;К******А;В**А;Л********А;0;Женский;06.03.1985;;1;Республика Беларусь;1;состоит в браке;0;;;;;1;паспорт РБ;паспорт гражданина Республики Беларусь;М*******1;02.10.2023;Партизанским РУВД г.Минска;706;;4************6;;3724153;Свидетельство о государственной регистрации №500/766-528 от 19.03.2007;01.янв;;;;;;;26420;ВР. НЕ РАБ.;;"; собственник";;;;2410954;К******А В**А Л********А;1;Собственник;1;;1;1;;;;1;;;;;0;0;;;;;;;;;;;;;;1;0;0;0;0;2;2;1;0;
30.09.2026;MN7000;Минск РИЦ;764300;7671630986;3790831;3319217;9100496;ГП ЖЭУ № 1 Первом. р-на;"ГП ""ЖЭУ № 1 Первомайского района г. Минска""";31.05.2013;26.01.2018;Отмена записи прибытия-выбытия;;;0;1;0;31.05.2013;26.01.2018;Б****В;Г******Й;П******Ч;1;Мужской;25.11.1937;;1;Республика Беларусь;;;0;20.01.2018;;;;1;паспорт РБ;паспорт гражданина Республики Беларусь;М*******2;31.03.1998;ПЕРВОМАЙСКИМ РУВД Г. МИНСКА;;;3************4;;2750955;Свидетельство о государственной регистрации №500/457-2589 от 30.06.1999;01.янв;;;;;;;;;;"; собственник";;;;3319217;Б****В Г******Й П******Ч;1;Собственник;1;;1;1;;;;1;;;;;0;0;;;;;;;;;;;;;;0;0;0;0;0;3;3;1;0;
30.09.2026;MN7000;Минск РИЦ;110634;7074260351;128959;128927;7004;"ГП ""ЖЭУ № 4 Московского района г. Минска""";"ГП ""ЖЭУ № 4 Московского района г.Минска""";01.06.2009;;Прибытие-выбытие;1;Регистрация по месту жительства;1;0;0;12.10.2005;;К*******О;Г****А;А**********А;0;Женский;27.09.1964;;1;Республика Беларусь;;;0;;;;;1;паспорт РБ;паспорт гражданина Республики Беларусь;М*******6;22.09.2009;МОСКОВСКИМ РОВД Г. МИНСКА;;;4************1;;1079069;Свидетельство о государственной регистрации №500/458-1356 от 15.10.2007;01.янв;;;;;;;6975;УКГБ РБ;КАССИР;"; собственник";;;;128927;К*******О Г****А А**********А;1;Собственник;1;;1;1;;;;1;;;;;0;0;;;;;;;;;;;;;;0;0;0;0;0;1;1;1;0;
30.09.2026;MN7000;Минск РИЦ;767954;8031471093;5948286;5343576;9100557;"ГП ""ЖЭУ № 3 Советского района г. Минска""";"ГП ""ЖЭУ № 3 Советского района г. Минска"" (пл.бытуслуги)";;;;;;0;0;0;;;З*****Ч;Л*****А;В********А;;-;;;;;;;0;;;;;1;паспорт РБ;паспорт гражданина Республики Беларусь;;;;;;;;4528200;Свидетельство о государственной регистрации №500/1961-862 от 12.01.2022;01.янв;;;;;;;;;;;;;;;;1;Собственник;1;;1;1;;;;;;;;;0;0;;;;;;;;;;;;;;2;0;0;0;0;3;3;1;0;
30.09.2026;MN7000;Минск РИЦ;1018761;7259131304;2658353;5768032;70002699;"ГП ""ЖЭУ № 4 Октябрьского района г. Минска"" (реорганизация ГП ЖЭУ № 3)";"ГП ""ЖЭУ № 4 Октябрьского района г. Минска"" (реорганизация ГП ЖЭУ № 3)";01.05.2024;;Прибытие-выбытие;1;Регистрация по месту жительства;1;0;0;11.07.2006;;К****Ь;Е*******А;А*******А;0;Женский;03.01.1997;РБ;1;Республика Беларусь;;;0;;80291181258;;;1;паспорт РБ;паспорт гражданина Республики Беларусь;М*******5;09.02.2022;ОКТЯБРЬСКИЙ РУВД Г. МИНСКА;;изменение (перемена) фамилии, собственного имени, отчества (обмен);4************6;;4847016;Свидетельство о государственной регистрации №500/813-220 от 31.05.2007;01.мар;;;;;;;;;;"; собственник";;;;5768032;К****Ь Е*******А А*******А;1;Собственник;1;;1;1;;;;1;К****Ь С******А В********А;2658351;;;0;0;;;;;;;;;;;;;;0;0;0;0;0;1;1;1;0;
30.09.2026;MN7000;Минск РИЦ;798773;8026850090;3941337;3469688;9100556;"ГП ""ЖЭУ № 2 Советского района г. Минска""";"ГП ""ЖЭУ № 2 Советского района г. Минска""";30.04.2008;;Прибытие-выбытие;1;Регистрация по месту жительства;1;0;0;30.04.2008;;Ш****Й;А*******Я;А***********А;0;Женский;24.03.1987;;1;Республика Беларусь;;;0;;;;;1;паспорт РБ;паспорт гражданина Республики Беларусь;М*******2;07.02.2012;СОВ ЕТСКИМ РУВД Г. МИНСКА;;;4************5;;2844254;Свидетельство о государственной регистрации №500/591-1744;01.янв;;;;;;;;;;"; собственник";;;n*****ei@mail.ru;3469688;Ш****Й А*******Я А***********А;1;Собственник;1;;1;1;;;;1;;;;;0;0;1;;;;;;;;;;;;;1;0;0;0;0;2;2;2;0;
30.09.2026;MN7000;Минск РИЦ;730856;7671820439;3648062;3176550;9100496;ГП ЖЭУ № 1 Первом. р-на;"ГП ""ЖЭУ № 1 Первомайского района г. Минска""";02.11.1977;;Прибытие-выбытие;1;Регистрация по месту жительства;1;0;0;02.11.1977;;Т****А;Л*****А;Н*********А;0;Женский;20.08.1944;РБ;1;Республика Беларусь;;;0;;;;;1;паспорт РБ;паспорт гражданина Республики Беларусь;М*******6;28.11.2001;ПЕРВОМАЙСКИЙ РОВД Г.МИНСКА;;;4************2;;4694080;Свидетельство о государственной регистрации №500/1829-7971;01.янв;;;;;;;220570;"ГУ ""ВОЯР""";;"; собственник";;;;3176550;Т****А Л*****А Н*********А;1;Собственник;1;;1;1;;;;1;;;;;0;0;;;;;;;;;;;;;;0;0;0;0;0;2;2;1;0;
30.09.2026;MN7000;Минск РИЦ;459361;6800080007;2336014;1864371;9100302;ГП ЖЭУ № 2 Ленин. р-на;"ГП ""ЖЭУ № 2 Ленинского района г. Минска""";22.07.2005;;Прибытие-выбытие;1;Регистрация по месту жительства;1;0;0;22.07.2005;;А*******О;Т*****А;Л********А;0;Женский;09.05.1974;;1;Республика Беларусь;;;0;;;;;1;паспорт РБ;паспорт гражданина Республики Беларусь;М*******6;29.10.2020;Ленинским РУВД г.Минска;;истечение срока действия (обмен);4************2;;2168504;Свидетельство о государственной регистрации №500/238-1026 от 05.07.2005;01.янв;;;;;;;;;;"; собственник";;;r*****t-minsk.by;1864371;А*******О Т*****А Л********А;1;Собственник;1;;1;1;;;;1;;;;;0;0;;;;;;;;;;;;;;1;0;0;0;0;4;4;1;0;
30.09.2026;MN7000;Минск РИЦ;575809;7427430011;3021378;2549667;9100411;ЧС_ГП ЖЭУ № 4 Партиз. р-на;"ЧС_ГП ""ЖЭУ № 4 Партизанского района г. Минска""";15.08.2000;01.01.2100;Прибытие-выбытие;1;Регистрация по месту жительства;1;0;0;15.08.2000;;Д********Ч;Н*****Я;Г*********А;0;Женский;09.02.1963;;1;Республика Беларусь;;;0;;;;;1;паспорт РБ;паспорт гражданина Республики Беларусь;М*******4;13.02.2008;ПАРТИЗАНСКОЕ РУВД Г.МИНСКА;;;4************7;;4634668;Свидетельство о государственной регистрации;01.янв;;;;;;;;;;"; дочь";;;;2549667;Д********Ч Н*****Я Г*********А;1;Собственник;1;;1;1;;;;1;;;;;0;0;;;;;;;;;;;;;;0;0;5;0;0;1;6;2;0;
30.09.2026;MN7000;Минск РИЦ;382652;6413330130;6041467;5456059;9100236;"ГП ""ЖЭУ № 5 Заводского района г. Минска""";"ГП ""ЖЭУ № 5 Заводского района г. Минска""";20.09.2022;;Прибытие-выбытие;1;Регистрация по месту жительства;1;0;0;20.09.2022;;Д***Х;Д*****Й;М********Ч;1;Мужской;27.02.1972;;1;Республика Беларусь;1;состоит в браке;0;;;;;1;паспорт РБ;паспорт гражданина Республики Беларусь;M*******5;04.01.2022;Заводским РУВД г.Минска;702;истечение срока действия (обмен);3************6;;4613222;Свидетельство о государственной регистрации №500/1916-3453;01.фев;;;;;;;;;;;;;;5456059;Д***Х Д*****Й М********Ч;1;Собственник;1;;1;1;;;;1;;;;;0;0;0;;;;;;;;;;;;;0;0;0;0;0;1;1;1;0;
30.09.2026;MN7000;Минск РИЦ;1019839;7077941100;6501168;6072283;7003;"ГП ""ЖЭУ № 3 Московского района г. Минска""";"ГП ""ЖЭУ № 3 Московского района г. Минска""";10.10.2025;;Прибытие-выбытие;1;Регистрация по месту жительства;1;0;0;10.10.2025;;Ш*****Ц;И***А;Э********А;0;Женский;02.09.1981;;1;Республика Беларусь;;;0;;;;;1;паспорт РБ;паспорт гражданина Республики Беларусь;M*******6;10.02.2025;Борисовским РУВД Минской области;503;;4************4;;5075295;Свидетельство о государственной регистрации №500/1718-121;01.янв;;;;;;;;;;;;;;6072283;Ш*****Ц И***А Э********А;1;Собственник;1;;1;1;;;;1;;;;;0;0;;;;;;;;;;;;;;0;0;2;0;0;1;3;2;0;
30.09.2026;MN7000;Минск РИЦ;798773;8026850090;6553270;6171390;9100556;"ГП ""ЖЭУ № 2 Советского района г. Минска""";"ГП ""ЖЭУ № 2 Советского района г. Минска""";;;;;;0;0;0;;;"О*О ""***Ы В*****""";;;;-;;;;;;;1;;;;;;;;;;;;;;;5156016;Договор аренды жилого помещения частного жилищного фонда граждан №21Ф-14/240;01.янв;;;;;;;;;;;;;;;;6;Арендатор;0;;;1;;;;;;;;;0;0;;;;;;;;;;;;;;1;0;0;0;0;2;2;2;0;
30.09.2026;MN7000;Минск РИЦ;1056919;7077959363;6550477;6166009;7003;"ГП ""ЖЭУ № 3 Московского района г. Минска""";"ГП ""ЖЭУ № 3 Московского района г. Минска""";;;;;;0;0;0;;;Д******В;А*******Р;А***********Ч;0;Женский;27.07.1985;;1;Республика Беларусь;;;0;;;;;1;паспорт РБ;паспорт гражданина Республики Беларусь;M*******2;11.06.2021;Первомайским РУВД г.Минска;707;;3************0;;5151703;Свидетельство о государственной регистрации №500/711-13429;01.янв;;;;;;;;;;;;;s*****@gmail.com;;;1;Собственник;1;Д*******А Т*****А С*******А;0,5;1;;;;;;;;;0;1;;;;;;;;;;;;;;3;0;0;0;0;4;4;2;0;
30.09.2026;MN7000;Минск РИЦ;1056919;7077959363;6550479;6166011;7003;"ГП ""ЖЭУ № 3 Московского района г. Минска""";"ГП ""ЖЭУ № 3 Московского района г. Минска""";28.01.2026;;Прибытие-выбытие;1;Регистрация по месту жительства;1;0;0;28.01.2026;;Д*******А;Т*****А;С*******А;0;Женский;20.01.1986;;1;Республика Беларусь;;;0;;;;;1;паспорт РБ;паспорт гражданина Республики Беларусь;M*******3;11.06.2021;Московским РУВД г.Минска;704;;4************7;;5151703;Свидетельство о государственной регистрации №500/711-13429;01.янв;;;;;;;;;;;;;;6166011;Д*******А Т*****А С*******А;1;Собственник;1;Д******В А*******Р А***********Ч;0,5;1;;;;1;;;;;1;1;;;;;;;;;;;;;;3;0;0;0;0;4;4;2;0;
30.09.2026;MN7000;Минск РИЦ;496968;6847241768;2566819;2095015;9100302;ГП ЖЭУ № 2 Ленин. р-на;"ГП ""ЖЭУ № 2 Ленинского района г. Минска""";26.06.1979;;Прибытие-выбытие;1;Регистрация по месту жительства;1;0;0;26.06.1979;;К*****Ь;Н*****Й;И******Ч;1;Мужской;15.08.1950;;1;Республика Беларусь;;;0;;;;;1;паспорт РБ;паспорт гражданина Республики Беларусь;М*******2;07.04.2010;ЛЕНИНСКИМ  РУВД  МИНСКА;;;3************5;;2306954;Свидетельство о государственной регистрации №5008747-5774 от 23.06.2011;01.янв;;;;;;;;;;"; собственник";;;;2095015;К*****Ь Н*****Й И******Ч;1;Собственник;1;;1;1;;;;1;;;;;0;0;;;;;;;;;;;;;;0;0;0;0;0;4;4;1;0;
30.09.2026;MN7000;Минск РИЦ;815517;8028830298;6601337;6297220;9100556;"ГП ""ЖЭУ № 2 Советского района г. Минска""";"ГП ""ЖЭУ № 2 Советского района г. Минска""";;;;;;0;0;0;;;ИП С*******А Н**А Г*********А;;;;-;;;;;;;1;;;;;;;;;;;;;;;5256745;Договор аренды жилого помещения частного жилищного фонда граждан №13а;01.янв;;;;;;;;;;;;;;;;6;Арендатор;1;;;1;;;;;;;;;0;0;;;;;;;;;;;194013921;;;2;0;0;0;0;3;3;2;0;
30.09.2026;MN7000;Минск РИЦ;811865;8031472060;6416641;5943738;9100557;"ГП ""ЖЭУ № 3 Советского района г. Минска""";"ГП ""ЖЭУ № 3 Советского района г. Минска"" (пл.бытуслуги)";;;;;;0;0;0;;;Б***Н;Е*******А;И******А;0;Женский;14.03.2008;;;;;;0;;;;;1;паспорт РБ;паспорт гражданина Республики Беларусь;;;;;;7************1;;4991005;Свидетельство о государственной регистрации №500/1961-7705;июл.50;;;;;;;;;;;;;;;;1;Собственник;0,14;;0,14;1;;;;;;;;;0;0;;;;;;;;;;;;;;0;0;0;0;0;0;0;2;0;
30.09.2026;MN7000;Минск РИЦ;811865;8031472060;6416647;5943752;9100557;"ГП ""ЖЭУ № 3 Советского района г. Минска""";"ГП ""ЖЭУ № 3 Советского района г. Минска"" (пл.бытуслуги)";;;;;;0;0;0;;;Б***Н;С****Н;И******Ч;1;Мужской;24.10.2014;;;;;;0;;;;;1;паспорт РБ;паспорт гражданина Республики Беларусь;;;;;;7************9;;4991006;Свидетельство о государственной регистрации №500/1961-7705;июл.50;;;;;;;;;;;;;;;;1;Собственник;0,14;;0,14;1;;;;;;;;;0;0;;;;;;;;;;;;;;0;0;0;0;0;0;0;2;0;
30.09.2026;MN7000;Минск РИЦ;785464;8031480100;4012768;3541044;9100557;"ГП ""ЖЭУ № 3 Советского района г. Минска""";"ГП ""ЖЭУ № 3 Советского района г. Минска"" (пл.бытуслуги)";27.03.2002;01.01.2100;Прибытие-выбытие;1;Регистрация по месту жительства;1;0;0;27.03.2002;;Ю*****О;Н*****Й;Н********Ч;1;Мужской;29.08.1983;;1;Республика Беларусь;;;0;;;;;1;паспорт РБ;паспорт гражданина Республики Беларусь;М*******3;24.09.2008;СОВЕТСКИМ РУВД Г МИНСКА;;;3************3;;3988706;Свидетельство о государственной регистрации;01.янв;;;;;;;;;;"; собственник";;;;3541044;Ю*****О Н*****Й Н********Ч;1;Собственник;1;;1;1;;;;1;;;;;0;0;1;;;;;;;;;;;;;0;0;0;0;0;1;1;1;0;
30.09.2026;MN7000;Минск РИЦ;731412;7671610015;3470084;2998601;9100496;ГП ЖЭУ № 1 Первом. р-на;"ГП ""ЖЭУ № 1 Первомайского района г. Минска""";01.10.1991;;Прибытие-выбытие;1;Регистрация по месту жительства;1;0;0;01.10.1991;;К********Ч;А*******Р;К************Ч;1;Мужской;08.11.1958;РБ;1;Республика Беларусь;;;0;;;;;1;паспорт РБ;паспорт гражданина Республики Беларусь;М*******3;06.05.2004;ПЕРВОМАЙСКИЙ РОВД Г.МИНСКА;;;3************4;;3804812;Свидетельство о государственной регистрации;01.янв;;;;;;;;;;"; собственник";;;;2998601;К********Ч А*******Р К************Ч;1;Собственник;1;;1;1;;;;1;;;;;1;1;;;;;;;;;;;;;;2;0;0;0;0;7;7;1;0;
30.09.2026;MN7000;Минск РИЦ;580913;7444430671;2952970;2481366;70002181;ТС/ЖСК/ЖСПК Партизанского р-на;ТС/ЖСК/ЖСПК Партизанского р-на;18.03.2009;;Прибытие-выбытие;1;Регистрация по месту жительства;1;0;0;18.03.2009;;П*******Й;Л****Д;И******Ч;1;Мужской;13.03.1945;;1;Республика Беларусь;4;разведён(а);0;;;;;1;паспорт РБ;паспорт гражданина Республики Беларусь;М*******1;13.02.2001;ПЕРВОМАЙСКИМ РОВД Г.МИНСКА;;;3************6;;5244979;Свидетельство о государственной регистрации №500/539-234;01.янв;;;;;;;189802;гор. псих.-невр. диспансер;врач;"; собственник";;;;2481366;П*******Й Л****Д И******Ч;1;Собственник;1;;1;1;;;;1;;;;;0;0;;;;;;;;;;;;;;0;0;1;0;0;1;2;2;0;
30.09.2026;MN7000;Минск РИЦ;1069422;7418030041;6186604;6284631;9100411;ЧС_ГП ЖЭУ № 4 Партиз. р-на;"ЧС_ГП ""ЖЭУ № 4 Партизанского района г. Минска""";;;;;;0;0;0;;;Н*******Ч;П****А;Е********А;0;Женский;23.08.2001;;1;Республика Беларусь;;;0;;;;;1;паспорт РБ;паспорт гражданина Республики Беларусь;М*******4;21.12.2022;Партизанским РУВД г.Минска;706;;6************7;г. Минск, ул. Парниковая, д.34, кв.1;5246935;Свидетельство о государственной регистрации;01.апр;;;;;;;;;;;;;;;;1;Собственник;1;;1;1;;;;;;;;;0;0;;;;;;;;;;;;;;0;0;0;0;0;0;0;1;0;
30.09.2026;MN7000;Минск РИЦ;103501;7039700989;314371;314278;7004;"ГП ""ЖЭУ № 4 Московского района г. Минска""";"ГП ""ЖЭУ № 4 Московского района г.Минска""";28.06.1995;;Прибытие-выбытие;1;Регистрация по месту жительства;1;0;0;28.06.1995;;Р******Й;А*******Р;В**********Ч;1;Мужской;01.05.1977;;1;Республика Беларусь;;;0;;;;;1;паспорт РБ;паспорт гражданина Республики Беларусь;М*******4;22.06.2021;Московским РУВД г.Минска;;непригодность для использования (обмен);3************8;;3218791;Свидетельство о государственной регистрации;01.фев;;;;;;;;;;"; собственник";;;;314278;Р******Й А*******Р В**********Ч;1;Собственник;0,5;;0,5;1;;;;1;;;;;0;0;1;;;;;;;;;;;;;1;0;0;0;0;3;3;2;0;
30.09.2026;MN7000;Минск РИЦ;1017261;7423191013;6273062;5746526;9100411;ЧС_ГП ЖЭУ № 4 Партиз. р-на;"ЧС_ГП ""ЖЭУ № 4 Партизанского района г. Минска""";;;;;;0;0;0;;;Б****О;И***Ь;Н********Ч;;-;30.09.1958;;;;;;0;15.08.2010;;;;1;паспорт РБ;паспорт гражданина Республики Беларусь;;;;;;3************5;;4831274;Свидетельство о государственной регистрации;фев.49;;;;;;;;;;;;;;;;1;Собственник;1;;1;1;;;;;;;;;0;0;;;;;;;;;;;;;;0;0;0;0;0;0;0;1;0;
30.09.2026;MN7000;Минск РИЦ;1029291;7076560010;6401174;5919191;7004;"ГП ""ЖЭУ № 4 Московского района г. Минска""";"ГП ""ЖЭУ № 4 Московского района г.Минска""";;;;;;0;0;0;;;Г***О;Н*****Я;Ю*****А;0;Женский;;;;;;;0;;;;;5;свидетельство о рождении РБ;cвидетельство о рождении – для граждан Республики Беларусь, не достигших четырнадцатилетнего возраста и не имеющих паспортов граждан Республики Беларусь;;;;;;;;4958840;Свидетельство о государственной регистрации №500/20146-18;21/100;;;;;;;;;;;;;n*****@gmail.com;;;1;Собственник;1;;1;1;;;;;;;;;0;0;;;;;;;;;;;;;;0;0;0;0;0;0;0;1;0;
30.09.2026;MN7000;Минск РИЦ;1021202;7471490001;4421196;5812790;9100411;ЧС_ГП ЖЭУ № 4 Партиз. р-на;"ЧС_ГП ""ЖЭУ № 4 Партизанского района г. Минска""";21.12.2007;;Прибытие-выбытие;1;Регистрация по месту жительства;1;0;0;21.12.2007;;С*******Ч;Ю**Я;В**********А;0;Женский;01.11.1975;;1;Республика Беларусь;;;0;;80296499889;;;1;паспорт РБ;паспорт гражданина Республики Беларусь;М*******4;16.10.2020;Партизанским РУВД г.Минска;706;;4************3;п. Гатово, ул. Металлургическая, д.4, кв.86;4878711;Свидетельство о государственной регистрации №500/764-27;01.янв;;;;;;;;;;;;;;5812790;С*******Ч Ю**Я В**********А;1;Собственник;1;;1;1;;;;1;;;;;0;0;1;;;;;;;;;;;;;0;0;0;0;0;2;2;1;0;
30.09.2026;MN7000;Минск РИЦ;582047;7420300011;2907270;2435759;9100411;ЧС_ГП ЖЭУ № 4 Партиз. р-на;"ЧС_ГП ""ЖЭУ № 4 Партизанского района г. Минска""";01.03.2011;01.06.2021;Отмена записи прибытия-выбытия;;;0;1;0;25.11.2008;01.06.2021;В******А;А******А;Н********А;0;Женский;23.04.1976;;1;Республика Беларусь;1;состоит в браке;0;;;;;1;паспорт РБ;паспорт гражданина Республики Беларусь;М*******7;31.08.2015;ПАРТИЗАНСКОЕ РУВД Г.МИНСКА;;;4************4;;2495431;Свидетельство о государственной регистрации №500/946-3595 от 05.06.2013;01.янв;;;;;;;;;;"; собственник";;;;2435759;В******А А******А Н********А;1;Собственник;1;;1;1;;;;1;;;;;0;0;0;;;;;;;;;;;;;0;0;0;0;0;0;0;1;0;
30.09.2026;MN7000;Минск РИЦ;512933;6848080557;2407780;1936122;9100302;ГП ЖЭУ № 2 Ленин. р-на;"ГП ""ЖЭУ № 2 Ленинского района г. Минска""";21.03.2003;;Прибытие-выбытие;1;Регистрация по месту жительства;1;0;0;21.03.2003;;К****Ь;О****А;Н********А;0;Женский;30.09.1968;;1;Республика Беларусь;;;0;;;;;1;паспорт РБ;паспорт гражданина Республики Беларусь;М*******2;01.07.2024;ЛЕНИНСКИЙ РУВД Г.МИНСКА;;непригодность для использования (обмен);4************7;;4226155;Свидетельство о государственной регистрации №500/458-2541 от 12.10.2008;01.янв;;;;;;;;;;"; собственник";;;;1936122;К****Ь О****А Н********А;1;Собственник;1;;1;1;;;;1;;;;;0;0;;;;;;;;;;;;;;1;0;0;0;1;2;3;1;0;
30.09.2026;MN7000;Минск РИЦ;490253;6849312403;2392039;1920381;9100302;ГП ЖЭУ № 2 Ленин. р-на;"ГП ""ЖЭУ № 2 Ленинского района г. Минска""";26.03.1973;;Прибытие-выбытие;1;Регистрация по месту жительства;1;0;0;26.03.1973;;Г*****Ч;Е***А;М********А;0;Женский;03.06.1949;;1;Республика Беларусь;;;0;;;;;1;паспорт РБ;паспорт гражданина Республики Беларусь;М*******5;08.01.2002;--------------------------/-----------------------;;;4************2;;2207527;Свидетельство о государственной регистрации №500/744-862 от 01.02.2008;01.фев;;;;;;;;;;"; собственник";;;;1920381;Г*****Ч Е***А М********А;1;Собственник;0,5;;0,5;1;;;;1;;;;;0;0;;;;;;;;;;;;;;0;0;0;0;0;5;5;3;0;
30.09.2026;MN7000;Минск РИЦ;1021731;7077950262;6333810;5825617;7003;"ГП ""ЖЭУ № 3 Московского района г. Минска""";"ГП ""ЖЭУ № 3 Московского района г. Минска""";26.09.2024;;Прибытие-выбытие;1;Регистрация по месту жительства;1;0;0;26.09.2024;;Ш****К;Е***А;В********А;0;Женский;13.02.1994;;1;Республика Беларусь;;;0;;;;;1;паспорт РБ;паспорт гражданина Республики Беларусь;M*******4;22.11.2018;Московским РУВД г.Минска;704;;4************3;;4894646;Свидетельство о государственной регистрации №500/2115-1408;01.янв;;;;;;;;;;";собственник";;;;5825617;Ш****К Е***А В********А;1;Собственник;1;;1;1;;;;1;;;;;0;0;;;;;;;;;;;;;;0;0;0;0;0;1;1;1;0;
30.09.2026;MN7000;Минск РИЦ;183962;7034090598;501062;500962;7003;"ГП ""ЖЭУ № 3 Московского района г. Минска""";"ГП ""ЖЭУ № 3 Московского района г. Минска""";12.06.1992;;Прибытие-выбытие;1;Регистрация по месту жительства;1;0;0;12.06.1992;;Л***О;Э*****А;В**********А;0;Женский;01.01.1968;;1;Республика Беларусь;;;0;;;;;1;паспорт РБ;паспорт гражданина Республики Беларусь;М*******0;24.05.2024;МОСКОВСКИМ РУВД Г. МИНСКА;;истечение срока действия (обмен);4************5;;3267779;Свидетельство о государственной регистрации;01.янв;;;;;;;;;;"; собственник";;;;500962;Л***О Э*****А В**********А;1;Собственник;1;;1;1;;;;1;;;;;0;0;;;;;;;;;;;;;;1;0;0;0;0;3;3;1;0;
30.09.2026;MN7000;Минск РИЦ;122560;7077190041;183164;183127;7003;"ГП ""ЖЭУ № 3 Московского района г. Минска""";"ГП ""ЖЭУ № 3 Московского района г. Минска""";01.07.2012;;Прибытие-выбытие;1;Регистрация по месту жительства;1;0;0;29.02.2012;;З*******В;Н****А;А***********Ч;1;Мужской;22.08.1982;;1;Республика Беларусь;;;0;;;;;1;паспорт РБ;паспорт гражданина Республики Беларусь;М*******5;13.06.2019;МОСКОВСКИМ РУВД Г. МИНСКА;;;3************0;;1120656;Свидетельство о государственной регистрации №500/217-4838 от 18.02.2012;01.янв;;;;;;;;;;"; собственник";;;;183127;З*******В Н****А А***********Ч;1;Собственник;1;;1;1;;;;1;;;;;0;0;;;;;;;;;;;;;;1;0;0;0;0;2;2;1;0;
30.09.2026;MN7000;Минск РИЦ;952527;6847240090;5584814;4925750;9100302;ГП ЖЭУ № 2 Ленин. р-на;"ГП ""ЖЭУ № 2 Ленинского района г. Минска""";01.07.2019;18.07.2023;Отмена записи прибытия-выбытия;;;0;1;0;01.07.2019;28.07.2023;К****К;Н**А;В**********А;0;Женский;18.08.1949;;1;Республика Беларусь;;;0;18.07.2023;26.04.1975 дата рег;;;1;паспорт РБ;паспорт гражданина Республики Беларусь;М*******0;10.12.2001;Ленинским РУВД г.Минска;;истечение срока действия (обмен);4************0;;4217850;Свидетельство о государственной регистрации №500/120-587 от 17.03.2007;01.мар;;;;;;;;;;"; собственник";;;;4925750;К****К Н**А В**********А;1;Собственник;1;;1;1;;;;1;;;;;0;0;;;1;Принятие наследства;18.07.2023;18.02.2024;18.02.2024;;;;;;;0;0;0;0;0;0;0;1;0;
30.09.2026;MN7000;Минск РИЦ;1046374;6458870462;5965141;6085432;9100235;"ГП ""ЖЭУ № 4 Заводского района г. Минска""";"ГП ""ЖЭУ № 4 Заводского района г. Минска""";;;;;;0;0;0;;;К*********Й;М****М;И******Ч;1;Мужской;18.11.1997;;1;Республика Беларусь;1;состоит в браке;0;;80255477340;;;1;паспорт РБ;паспорт гражданина Республики Беларусь;М*******1;07.05.2025;Заводским РУВД г.Минска;702;истечение срока действия (обмен);3************2;;5086249;Свидетельство о государственной регистрации №500/1077-111;01.янв;;;;;;;;;;;;;d*****a@inbox.ru;;;1;Собственник;1;К*********Я Д***Я А*******А;1;1;;;;;;;;;0;0;;;;;;;;;;;;;;0;0;0;0;0;1;1;2;0;
30.09.2026;MN7000;Минск РИЦ;1046374;6458870462;1947734;6085473;9100235;"ГП ""ЖЭУ № 4 Заводского района г. Минска""";"ГП ""ЖЭУ № 4 Заводского района г. Минска""";31.10.2025;;Прибытие-выбытие;1;Регистрация по месту жительства;1;0;0;31.10.2025;;К*********Я;Д***Я;А*******А;0;Женский;17.08.1999;;1;Республика Беларусь;1;состоит в браке;0;;;;;1;паспорт РБ;паспорт гражданина Республики Беларусь;М*******3;20.09.2019;Заводским РУВД г.Минска;702;изменение (перемена) фамилии, собственного имени, отчества (обмен);4************3;80255104031;5086249;Свидетельство о государственной регистрации №500/1077-111;01.янв;;;;;;;210759;сведений не предоставлено;;"; дочь";;;;6085473;К*********Я Д***Я А*******А;1;Собственник;1;К*********Й М****М И******Ч;1;1;;;;1;;;;;0;0;;;;;;;;;;;;;;0;0;0;0;0;1;1;2;0;
30.09.2026;MN7000;Минск РИЦ;529172;7259131151;2620942;2149452;70002699;"ГП ""ЖЭУ № 4 Октябрьского района г. Минска"" (реорганизация ГП ЖЭУ № 3)";"ГП ""ЖЭУ № 4 Октябрьского района г. Минска"" (реорганизация ГП ЖЭУ № 3)";23.08.2025;;Прибытие-выбытие;1;Регистрация по месту жительства;1;0;0;23.08.2025;;П******О;Ю**Я;Ю*****А;0;Женский;26.04.1997;;1;Республика Беларусь;2;никогда не состоял в браке;0;;80333456334;;;30;идентификационная карта РБ;идентификационная карта гражданина Республики Беларусь;B*******8;06.03.2024;Оршанским РУВД Витебской области;216;;4************0;;2334612;Свидетельство о государственной регистрации №500/645-3875 от 03.08.2016;01.янв;;;;;;;;;;"; собственник";;;;2149452;П******О Ю**Я Ю*****А;1;Собственник;1;;1;1;;;;1;;;;;0;0;;;;;;;;;;;;;;0;0;0;0;0;1;1;1;0;
30.09.2026;MN7000;Минск РИЦ;232534;8460201526;5594949;4937931;70002654;"ГП ""ЖЭУ № 1 Фрунзенского района г. Минска"" (реорганизация ГП ЖЭУ №2)";"ГП ""ЖЭУ № 1 Фрунзенского района г. Минска"" (реорганизация ГП ЖЭУ №2)";05.12.2019;08.06.2020;Отмена записи прибытия-выбытия;;;0;1;0;05.12.2019;28.07.2020;К********Й;Ю**Й;А***********Ч (****);1;Мужской;10.06.1964;;1;Республика Беларусь;;;0;08.06.2020;;;;1;паспорт РБ;паспорт гражданина Республики Беларусь;M*******4;11.09.2009;Октябрьским РУВД г.Минска;;непригодность для использования (обмен);3************8;;4227123;Свидетельство о государственной регистрации №500/1822-57 от 17.07.2019;01.янв;;;;;;;;;;"; собственник";;;;4937931;К********Й Ю**Й А***********Ч (****);1;Собственник;1;;1;1;;;;1;;;;;0;0;;;;;;;;;;;;;;0;0;0;0;0;0;0;1;0;
30.09.2026;MN7000;Минск РИЦ;523282;6847720243;2554183;2082425;9100301;ГП ЖЭУ № 1 Ленин. р-на;"ГП ""ЖЭУ № 1 Ленинского района г. Минска""";28.01.2000;;Прибытие-выбытие;1;Регистрация по месту жительства;1;0;0;14.11.2000;;П*******К;Е*****Й;В**********Ч;1;Мужской;19.04.1984;;1;Республика Беларусь;;;0;;;;;1;паспорт РБ;паспорт гражданина Республики Беларусь;М*******3;27.02.2009;ЛЕНИНСКИМ  РУВД  МИНСКА;;;3************8;;4238465;Свидетельство о государственной регистрации №500/1510-3775 от 09.09.2019;01.янв;;;;;;;;;;"; собственник";;;p*****@gmail.com;2082425;П*******К Е*****Й В**********Ч;1;Собственник;1;;1;1;;;;1;;;;;0;0;;;;;;;;;;;;;;2;0;0;0;0;4;4;1;0;
30.09.2026;MN7000;Минск РИЦ;768377;8031380051;3843866;3372342;9100557;"ГП ""ЖЭУ № 3 Советского района г. Минска""";"ГП ""ЖЭУ № 3 Советского района г. Минска"" (пл.бытуслуги)";18.09.2014;;Прибытие-выбытие;1;Регистрация по месту жительства;1;0;0;18.09.2014;;М********Й;Е*****Й;Н********Ч;1;Мужской;24.09.1981;;1;Республика Беларусь;;;0;;;;;1;паспорт РБ;паспорт гражданина Республики Беларусь;M*******7;18.10.2023;Советским РУВД г.Минска;708;непригодность для использования (обмен);3************6;;2788544;Свидетельство о государственной регистрации №500/875-8079 от 29.08.2014;01.янв;;;;;;;;;;"; собственник";;;;3372342;М********Й Е*****Й Н********Ч;1;Собственник;1;;1;1;;;;1;;;;;0;0;;;;;;;;;;;;;;1;0;0;0;0;3;3;1;0;
30.09.2026;MN7000;Минск РИЦ;103501;7039700989;415058;414958;7004;"ГП ""ЖЭУ № 4 Московского района г. Минска""";"ГП ""ЖЭУ № 4 Московского района г.Минска""";01.01.2001;;Прибытие-выбытие;1;Регистрация по месту жительства;1;0;0;16.10.2002;;З***Н;С****Й;В********Ч;1;Мужской;10.03.1985;;1;Республика Беларусь;;;0;;;;;1;паспорт РБ;паспорт гражданина Республики Беларусь;M*******5;05.08.2020;МОСКОВСКИМ РУВД Г. МИНСКА;;непригодность для использования (обмен);3************4;;3250123;Свидетельство о государственной регистрации;01.фев;;;;;;;;;;"; собственник";;;;414958;З***Н С****Й В********Ч;1;Собственник;0,5;;0,5;1;;;;1;;;;;0;0;1;;;;;;;;;;;;;1;0;0;0;0;3;3;2;0;
30.09.2026;MN7000;Минск РИЦ;365553;6458840111;2158056;1686590;9100235;"ГП ""ЖЭУ № 4 Заводского района г. Минска""";"ГП ""ЖЭУ № 4 Заводского района г. Минска""";11.10.2013;;Прибытие-выбытие;1;Регистрация по месту жительства;1;0;0;11.10.2013;;Б*******Я;М****А;А***********А;0;Женский;18.04.1985;РБ;1;Республика Беларусь;1;состоит в браке;0;;80293533798;;;1;паспорт РБ;паспорт гражданина Республики Беларусь;М*******3;17.02.2023;Заводским РУВД г.Минска;702;истечение срока действия (обмен);4************0;;2048244;Свидетельство о государственной регистрации №500/191-3258 от 23.09.2013;01.янв;;;;;;;99554;СООО ЗИКО;продавец-консультант;"; собственник";;;;1686590;Б*******Я М****А А***********А;1;Собственник;1;;1;1;;;;1;;;;;0;0;;;;;;;;;;;;;;2;0;0;0;0;4;4;1;1;
30.09.2026;MN7000;Минск РИЦ;1011281;7077950068;6209581;5664816;7003;"ГП ""ЖЭУ № 3 Московского района г. Минска""";"ГП ""ЖЭУ № 3 Московского района г. Минска""";02.11.2023;;Прибытие-выбытие;1;Регистрация по месту жительства;1;0;0;02.11.2023;;С****Ь;А******А;В********А;0;Женский;24.10.1983;;1;Республика Беларусь;;;0;;;;;1;паспорт РБ;паспорт гражданина Республики Беларусь;K*******6;08.02.2018;Сморгонским РОВД Гродненской области;419;;4************0;;4767989;Свидетельство о государственной регистрации №500/1859-6499;01.янв;;;;;;;;;;;;;9*****55@mail.ru;5664816;С****Ь А******А В********А;1;Собственник;1;;1;1;;;;1;;;;;0;0;;;;;;;;;;;;;;0;0;0;0;0;1;1;1;0;
30.09.2026;MN7000;Минск РИЦ;986395;8099290032;5909290;5298696;70002796;КУП «Минские городские общежития» (Советский район РСЦ1);КУП «Минские городские общежития» (Советский район РСЦ1);01.09.2021;;Прибытие-выбытие;1;Регистрация по месту жительства;1;0;1;11.08.2021;;И****О;М***Я;Л********А;0;Женский;25.08.1961;;1;Республика Беларусь;;;0;;;;;1;паспорт РБ;паспорт гражданина Республики Беларусь;M*******0;09.11.2006;Фрунзенским РУВД г.Минска;;;4************8;;4496131;Договор найма жилого помещения частного жилищного фонда в общежитии №101;01.янв;;;;;;;;;;;;;;5298696;И****О М***Я Л********А;2;Наниматель;1;;;1;;;;1;;;;;0;0;;;;;;;;;;;;;;0;0;0;0;0;1;1;1;0;
30.09.2026;MN7000;Минск РИЦ;382652;6413330130;1846236;1374771;9100236;"ГП ""ЖЭУ № 5 Заводского района г. Минска""";"ГП ""ЖЭУ № 5 Заводского района г. Минска""";18.04.1991;01.05.2026;Отмена записи прибытия-выбытия;;;0;1;0;06.06.2002;01.05.2026;П*****К;А*******Я;В********А;0;Женский;18.04.1991;;1;Республика Беларусь;;;0;;Дата прибытия 18.04.1991, дата регистрации 06.06.2002;;;1;паспорт РБ;паспорт гражданина Республики Беларусь;М*******0;;ЗАВОДСКИМ РУВД Г.МИНСКА;;изменение (перемена) фамилии, собственного имени, отчества (обмен);4************4;;;;;;;;;;;;;;"; внучка";;;;5456059;Д***Х Д*****Й М********Ч;;;;;;;;52;племянница;1;;;;;0;;;;;;;;;;;;;;;;;;;;;;1;0;
30.09.2026;MN7000;Минск РИЦ;382652;6413330130;5968864;5368972;9100236;"ГП ""ЖЭУ № 5 Заводского района г. Минска""";"ГП ""ЖЭУ № 5 Заводского района г. Минска""";22.03.2022;01.05.2026;Отмена записи прибытия-выбытия;;;0;1;0;22.03.2022;01.05.2026;П*****К;Т*****Й;А*******Ч;1;Мужской;28.08.2019;;1;Республика Беларусь;;;0;;;;;1;паспорт РБ;паспорт гражданина Республики Беларусь;M*******9;08.09.2020;Московским РУВД г.Минска;;истечение срока действия (обмен);7************4;;;;;;;;;;;;;;;;;;5456059;Д***Х Д*****Й М********Ч;;;;;;;;29;внук двоюродный;1;;;;;0;;;;;;;;;;;;;;;;;;;;;;1;0;
30.09.2026;MN7000;Минск РИЦ;382652;6413330130;2004963;1533497;9100236;"ГП ""ЖЭУ № 5 Заводского района г. Минска""";"ГП ""ЖЭУ № 5 Заводского района г. Минска""";30.07.1970;11.03.2022;Отмена записи прибытия-выбытия;;;0;1;0;30.07.1970;18.03.2022;Д***Х;Г****А;С*******А;0;Женский;26.10.1941;;1;Республика Беларусь;;;0;11.03.2022;;;;1;паспорт РБ;паспорт гражданина Республики Беларусь;М*******1;22.10.2002;ЗАВОД.РУВД МИНСКА;;;4************4;;;;;;;;;;;;;;"; собственник";;;;1533497;Д***Х Г****А С*******А;;;;;;0;;;;1;;;;;0;0;;;;;;;;;;;;;;0;0;0;0;0;1;1;1;0;
30.09.2026;MN7000;Минск РИЦ;382652;6413330130;1903724;1432258;9100236;"ГП ""ЖЭУ № 5 Заводского района г. Минска""";"ГП ""ЖЭУ № 5 Заводского района г. Минска""";30.11.1999;26.12.2006;Отмена записи прибытия-выбытия;;;0;1;0;17.07.2002;26.12.2006;Д***Х;А***М;Д********Ч;1;Мужской;03.09.1999;;;;;;0;;;;;;;;;;;;;;;;;;;;;;;;;;;"; внук";;;;;;;;;;;;;11;внук;0;;;;;0;;;;;;;;;;;;;;;;;;;;;;1;0;
30.09.2026;MN7000;Минск РИЦ;382652;6413330130;1949129;1477663;9100236;"ГП ""ЖЭУ № 5 Заводского района г. Минска""";"ГП ""ЖЭУ № 5 Заводского района г. Минска""";27.10.1987;25.11.2025;Отмена записи прибытия-выбытия;;;0;1;0;27.10.1987;16.12.2025;Д***Х;В****Р;М********Ч;1;Мужской;30.03.1967;;1;Республика Беларусь;;;0;25.11.2025;;;;1;паспорт РБ;паспорт гражданина Республики Беларусь;М*******5;17.07.2012;ЗАВОДСКИМ РУВД Г.МИНСКА;;;3************4;;;;;;;;;;;;;;"; сын";;;;5456059;Д***Х Д*****Й М********Ч;;;;;;0;;13;брат;1;;;;;0;0;;;;;;;;;;;;;;0;0;0;0;0;1;1;1;0;
30.09.2026;MN7000;Минск РИЦ;382652;6413330130;1960621;1489155;9100236;"ГП ""ЖЭУ № 5 Заводского района г. Минска""";"ГП ""ЖЭУ № 5 Заводского района г. Минска""";21.05.1993;17.08.2011;Отмена записи прибытия-выбытия;;;0;1;0;21.05.1993;17.08.2011;Д***Х;Д*****Й;М********Ч;1;Мужской;27.02.1972;;1;Республика Беларусь;2;никогда не состоял в браке;0;;;;;1;паспорт РБ;паспорт гражданина Республики Беларусь;М*******1;28.10.2002;ЗАВОД.РУВД МИНСКА;;;3************6;;;;;;;;;;;545;ип;;"; сын";;;;;;;;;;;;;5;сын;0;;;;;0;;;;;;;;;;;;;;;;;;;;;;1;0;
30.09.2026;MN7000;Минск РИЦ;382652;6413330130;2004960;1533494;9100236;"ГП ""ЖЭУ № 5 Заводского района г. Минска""";"ГП ""ЖЭУ № 5 Заводского района г. Минска""";11.09.1990;31.10.2010;Отмена записи прибытия-выбытия;;;0;1;0;11.09.1990;28.10.2010;Д***Х;Е*******А;Г*********А;0;Женский;04.11.1970;;1;Республика Беларусь;1;состоит в браке;0;;;;;1;паспорт РБ;паспорт гражданина Республики Беларусь;М*******9;12.10.1999;ЗАВОД.РУВД МИНСКА;;;4************6;;;;;;;;;;;545;ип;;"; бывшая супруга сына";;;;;;;;;;;;;86;бывшая невестка (бывшая сноха) (супруга сына);0;;;;;0;;;;;;;;;;;;;;;;;;;;;;1;0;
30.09.2026;MN7000;Минск РИЦ;382652;6413330130;1787014;1315549;9100236;"ГП ""ЖЭУ № 5 Заводского района г. Минска""";"ГП ""ЖЭУ № 5 Заводского района г. Минска""";30.11.1999;26.12.2006;Отмена записи прибытия-выбытия;;;0;1;0;30.11.1999;26.12.2006;Д***Х;М****А;Н********А;0;Женский;17.01.1974;;;;;;0;;;;;;;;;;;;;;;;;;;;;;;;;;;"; супруга сына";;;;;;;;;;;;;65;невестка (супруга сына);0;;;;;0;;;;;;;;;;;;;;;;;;;;;;1;0;
30.09.2026;MN7000;Минск РИЦ;1022086;6849310317;6337283;5830123;9100302;ГП ЖЭУ № 2 Ленин. р-на;"ГП ""ЖЭУ № 2 Ленинского района г. Минска""";24.11.1992;;Прибытие-выбытие;1;Регистрация по месту жительства;1;0;0;17.12.2008;;Ч*********Й;П***Л;Б*******Ч;1;Мужской;24.11.1992;;;;;;0;;;;;1;паспорт РБ;паспорт гражданина Республики Беларусь;М*******3;;;;;3************3;;;;;;;;;;;;;;;;;;5830119;Ч*********Я Ж***А М********А;;;;;;0;;5;сын;1;;;;;0;0;1;;;;;;;;;;;;;0;0;0;0;0;1;1;1;0;
30.09.2026;MN7000;Минск РИЦ;207130;8422100392;1058795;783865;70002656;"ГП ""ЖЭУ № 7 Фрунзенского района г. Минска"" (реорганизация ГП ЖЭУ №5)";"ГП ""ЖЭУ № 7 Фрунзенского района г. Минска"" (реорганизация ГП ЖЭУ №5)";10.01.1978;31.03.2009;Отмена записи прибытия-выбытия;;;0;1;0;10.01.1978;29.04.2009;К*******К;Е***А;М********А;0;Женский;02.01.1929;;1;Республика Беларусь;;;0;28.03.2009;;;;1;паспорт РБ;паспорт гражданина Республики Беларусь;М*******9;29.10.2001;ФРУНЗЕНСКОЕ РУВД Г.МИНСКА;;;4************4;;;;;;;;;;;;;;"; бабка";;;;;;;;;;;0;;10;бабка;0;;;;;0;0;;;;;;;;;;;;;;0;0;0;0;0;2;2;1;0;
30.09.2026;MN7000;Минск РИЦ;207130;8422100392;1058798;593624;70002656;"ГП ""ЖЭУ № 7 Фрунзенского района г. Минска"" (реорганизация ГП ЖЭУ №5)";"ГП ""ЖЭУ № 7 Фрунзенского района г. Минска"" (реорганизация ГП ЖЭУ №5)";08.10.2014;;Прибытие-выбытие;1;Регистрация по месту жительства;1;0;0;08.10.2014;;К*******К;Е*******А;А*********А;0;Женский;13.07.1988;;1;Республика Беларусь;;;0;;;;;1;паспорт РБ;паспорт гражданина Республики Беларусь;М*******8;11.11.2016;ФРУНЗЕНСКОЕ РУВД Г. МИНСКА;;изменение (перемена) фамилии, собственного имени, отчества (обмен);4************1;;;;;;;;;;;;;;"; супруга";;;;593624;К*******К Е*******А А*********А;;;;;;0;;2;супруга;1;;;;;0;0;;;;;;;;;;;;;;0;0;0;0;0;2;2;1;0;
30.09.2026;MN7000;Минск РИЦ;207130;8422100392;1058799;585284;70002656;"ГП ""ЖЭУ № 7 Фрунзенского района г. Минска"" (реорганизация ГП ЖЭУ №5)";"ГП ""ЖЭУ № 7 Фрунзенского района г. Минска"" (реорганизация ГП ЖЭУ №5)";10.06.2015;26.06.2020;Отмена записи прибытия-выбытия;;;0;1;0;;26.06.2020;К*******К;Э*****А;С*******А;0;Женский;27.05.2015;;;;;;0;26.06.2020;;;;;;;;;;;;;;;;;;;;;;;;;;"; дочь";;;;750603;К*******К С****Й С*******Ч;;;;;;0;;6;дочь;1;К*******К С****Й С*******Ч;1058796;;;0;0;;;;;;;;;;;;;;0;0;0;0;0;2;2;1;0;
30.09.2026;MN7000;Минск РИЦ;207130;8422100392;1058797;710949;70002656;"ГП ""ЖЭУ № 7 Фрунзенского района г. Минска"" (реорганизация ГП ЖЭУ №5)";"ГП ""ЖЭУ № 7 Фрунзенского района г. Минска"" (реорганизация ГП ЖЭУ №5)";04.11.2009;12.04.2011;Отмена записи прибытия-выбытия;;;0;1;0;04.11.2009;12.04.2011;К*******К;М***Я;А***********А;0;Женский;08.05.1987;;1;Республика Беларусь;;;0;;;;;1;паспорт РБ;паспорт гражданина Республики Беларусь;М******2;24.09.2007;ФРУНЗЕНСКИЙ  РУВД  Г.МИНСКА;;;4************8;;;;;;;;;;;;;;"; супруга";;;;;;;;;;;;;2;супруга;0;;;;;0;;;;;;;;;;;;;;;;;;;;;;1;0;
30.09.2026;MN7000;Минск РИЦ;811665;8031631191;4044379;3572654;9100557;"ГП ""ЖЭУ № 3 Советского района г. Минска""";"ГП ""ЖЭУ № 3 Советского района г. Минска"" (пл.бытуслуги)";08.07.1983;22.03.2000;Отмена записи прибытия-выбытия;;;0;1;0;08.07.1983;22.03.2000;М******В;А*******Р;Н********Ч;;-;01.01.1954;;;;;;0;;;;;;;;;;;;;;;;;;;;;;;;;;;"; сын";;;;3572653;М*******А А**А Ф*******А;;;;;;;;5;сын;1;;;;;0;;;;;;;;;;;;;;;;;;;;;;2;0;
30.09.2026;MN7000;Минск РИЦ;811665;8031631191;6362300;5864344;9100557;"ГП ""ЖЭУ № 3 Советского района г. Минска""";"ГП ""ЖЭУ № 3 Советского района г. Минска"" (пл.бытуслуги)";18.11.2024;25.07.2025;;;;0;1;0;;;М****В;Д*****Й;М********Ч;1;Мужской;02.07.2001;;;;;;0;;;;;1;паспорт РБ;паспорт гражданина Республики Беларусь;;;;;;1;;;;;;;;;;;;;;;;;;5864344;М****В Д*****Й М********Ч;;;;;;;;;;1;;;;;0;;;;;;;;;;;;;;;;;;;;;;2;0;
30.09.2026;MN7000;Минск РИЦ;811665;8031631191;6548168;6162612;9100557;"ГП ""ЖЭУ № 3 Советского района г. Минска""";"ГП ""ЖЭУ № 3 Советского района г. Минска"" (пл.бытуслуги)";03.02.2026;01.06.2026;Отмена записи прибытия-выбытия;;;0;1;0;;;Х***А;Х****М;;1;Мужской;27.01.1961;;;;;;0;;;;;31;биометрический вид на жительство в РБ иностранного гражданина;биометрический вид на жительство в Республике Беларусь иностранного гражданина;I*******7;05.06.2023;Минским РУВД Минской области;513;;3************2;;;;;;;;;;;;;;;;;;6162612;Х***А Х****М;;;;;;;;;;1;;;;;0;;;;;;;;;;;;;;;;;;;;;;2;0;
30.09.2026;MN7000;Минск РИЦ;811665;8031631191;6468421;6019954;9100557;"ГП ""ЖЭУ № 3 Советского района г. Минска""";"ГП ""ЖЭУ № 3 Советского района г. Минска"" (пл.бытуслуги)";01.08.2025;17.11.2025;;;;0;1;0;;;М******А;М***Я;С*******А;0;Женский;03.08.2001;;;;;;0;;;;;1;паспорт РБ;паспорт гражданина Республики Беларусь;;;;;;1;;;;;;;;;;;;;;;;;;6019950;Б*****В П***Л С*******Ч;;;;;;;;2;супруга;1;;;;;0;;;;;;;;;;;;;;;;;;;;;;2;0;
30.09.2026;MN7000;Минск РИЦ;811665;8031631191;4044378;3572653;9100557;"ГП ""ЖЭУ № 3 Советского района г. Минска""";"ГП ""ЖЭУ № 3 Советского района г. Минска"" (пл.бытуслуги)";07.01.1982;18.07.2023;Отмена записи прибытия-выбытия;;;0;1;0;07.01.1982;10.08.2023;М*******А;А**А;Ф*******А;0;Женский;24.01.1931;;1;Республика Беларусь;;;0;18.07.2023;;;;1;паспорт РБ;паспорт гражданина Республики Беларусь;М*******8;16.07.2003;СОВЕТСКОЕ РУВД Г.МИНСКА;;;4************9;;;;;;;;;;;;;;"; собственник";;;;3572653;М*******А А**А Ф*******А;;;;;;0;;;;1;;;;;0;0;;;1;Принятие наследства;18.07.2023;18.02.2024;18.02.2024;;;;;;;0;0;1;0;0;0;1;2;0;
30.09.2026;MN7000;Минск РИЦ;811665;8031631191;6468418;6019950;9100557;"ГП ""ЖЭУ № 3 Советского района г. Минска""";"ГП ""ЖЭУ № 3 Советского района г. Минска"" (пл.бытуслуги)";01.08.2025;17.11.2025;;;;0;1;0;;;Б*****В;П***Л;С*******Ч;1;Мужской;10.07.1996;;;;;;0;;;;;1;паспорт РБ;паспорт гражданина Республики Беларусь;;;;;;1;;;;;;;;;;;;;;;;;;6019950;Б*****В П***Л С*******Ч;;;;;;;;;;1;;;;;0;;;;;;;;;;;;;;;;;;;;;;2;0;
30.09.2026;MN7000;Минск РИЦ;811665;8031631191;6514705;6098510;9100557;"ГП ""ЖЭУ № 3 Советского района г. Минска""";"ГП ""ЖЭУ № 3 Советского района г. Минска"" (пл.бытуслуги)";19.11.2025;27.01.2026;Отмена записи прибытия-выбытия;;;0;1;0;;;З******А;М***Я;О******А;0;Женский;;;;;;;0;;;;;1;паспорт РБ;паспорт гражданина Республики Беларусь;;;;;;7************9;;;;;;;;;;;;;;;;;;6098510;З******А М***Я О******А;;;;;;;;;;1;;;;;0;;;;;;;;;;;;;;;;;;;;;;2;0;
30.09.2026;MN7000;Минск РИЦ;490081;6849312923;2285760;1814189;9100302;ГП ЖЭУ № 2 Ленин. р-на;"ГП ""ЖЭУ № 2 Ленинского района г. Минска""";20.11.1992;;Прибытие-выбытие;1;Регистрация по месту жительства;1;0;0;20.11.1992;;К**К;А*******Р;Л********Ч;1;Мужской;31.03.1972;;1;Республика Беларусь;;;0;;;;;1;паспорт РБ;паспорт гражданина Республики Беларусь;М*******4;27.02.2020;Ленинским РУВД г.Минска;;утрата (хищение);3************0;;;;;;;;;;;18014;"ОАО ""МАЗ"" - управляющая компания холдинга ""БЕЛАВТОМАЗ""";;"; сын";;;;;;;;;;;0;;;;0;;;;;0;0;;;;;;;;;;;;;;0;0;0;0;1;0;1;1;0;
30.09.2026;MN7000;Минск РИЦ;490081;6849312923;5806011;5181014;9100302;ГП ЖЭУ № 2 Ленин. р-на;"ГП ""ЖЭУ № 2 Ленинского района г. Минска""";;;;;;0;0;0;;;А****Ь;Ю**Я;С*******А;;-;;;1;Республика Беларусь;;;0;;;;;1;паспорт РБ;паспорт гражданина Республики Беларусь;;;;;;;;;;;;;;;;;;;;;;;;;;;;;;;;;;;;;;;;0;;;;;;;;;;;;;;;;;;;;;;1;0;
30.09.2026;MN7000;Минск РИЦ;490081;6849312923;2605540;2133693;9100302;ГП ЖЭУ № 2 Ленин. р-на;"ГП ""ЖЭУ № 2 Ленинского района г. Минска""";05.01.1973;30.11.2004;Отмена записи прибытия-выбытия;;;0;1;0;05.01.1973;14.12.2004;К**К;Л***Я;А*********А;0;Женский;23.03.1941;;;;;;0;30.11.2004;;;;;;;;;;;;;;;;;;;;;;;;;;"; член ЖСК";;;;2133693;К**К Л***Я А*********А;;;;;;0;;;;1;;;;;0;0;;;;;;;;;;;;;;0;0;0;0;1;0;1;1;0;
30.09.2026;MN7000;Минск РИЦ;490081;6849312923;2497190;2025480;9100302;ГП ЖЭУ № 2 Ленин. р-на;"ГП ""ЖЭУ № 2 Ленинского района г. Минска""";05.01.1973;12.12.2002;Отмена записи прибытия-выбытия;;;0;1;0;05.01.1973;27.12.2002;К**К;Л****Д;Г*********Ч;1;Мужской;05.01.1940;;;;;;0;12.12.2002;;;;;;;;;;;;;;;;;;;;;;;;;;"; бывший наниматель";;;;2133693;К**К Л***Я А*********А;;;;;;0;;;;1;;;;;0;0;;;;;;;;;;;;;;0;0;0;0;1;0;1;1;0;
30.09.2026;MN7000;Минск РИЦ;189861;7076720581;112652;112628;7004;"ГП ""ЖЭУ № 4 Московского района г. Минска""";"ГП ""ЖЭУ № 4 Московского района г.Минска""";12.05.2015;;Прибытие-выбытие;1;Регистрация по месту жительства;1;0;0;;;А**********А;Е*А;В********А;0;Женский;29.04.2015;;;;;;0;;Здесь НЕ ПРОЖИВ.Прожив. с отцом: ул. Широкая, 24-7 (письмо СПЦ Моск.от 05.04.2023 №647).;;;5;свидетельство о рождении РБ;cвидетельство о рождении – для граждан Республики Беларусь, не достигших четырнадцатилетнего возраста и не имеющих паспортов граждан Республики Беларусь;;;;;;;;;;;;;;;;;;;;"; дочь";;;;195217;А**********А Д***А М*********А;;;;;;0;;6;дочь;1;А**********А Д***А М*********А;195256;;;0;0;;;;;;;;;;;;;;1;0;0;0;0;2;2;1;0;
30.09.2026;MN7000;Минск РИЦ;804080;8026850517;4092327;3620595;9100556;"ГП ""ЖЭУ № 2 Советского района г. Минска""";"ГП ""ЖЭУ № 2 Советского района г. Минска""";25.06.1981;09.02.2007;Отмена записи прибытия-выбытия;;;0;1;0;25.06.1981;09.02.2007;Я***К;Л****А;Н********А;0;Женский;06.01.1954;;;;;;0;;;;;;;;;;;;;;;;;;;;;;;;;;;"; супруга";;;;3620594;Я***К Ю***Н Ю*******Ч;;;;;;;;2;супруга;1;;;;;0;;;;;;;;;;;;;;;;;;;;;;2;0;
30.09.2026;MN7000;Минск РИЦ;804080;8026850517;5995074;5400660;9100556;"ГП ""ЖЭУ № 2 Советского района г. Минска""";"ГП ""ЖЭУ № 2 Советского района г. Минска""";01.06.2022;31.03.2023;;;;0;1;0;;;В****К;Д***С;И******Ч;1;Мужской;01.11.1994;;;;;;0;;;;;1;паспорт РБ;паспорт гражданина Республики Беларусь;;;;;;;;;;;;;;;;;;;;;;;;5400660;В****К Д***С И******Ч;;;;;;;;80;без родственных отношений;1;;;;;0;;;;;;;;;;;;;;;;;;;;;;2;0;
30.09.2026;MN7000;Минск РИЦ;804080;8026850517;5846740;5227703;9100556;"ГП ""ЖЭУ № 2 Советского района г. Минска""";"ГП ""ЖЭУ № 2 Советского района г. Минска""";13.05.2021;12.05.2022;Отмена записи прибытия-выбытия;;;0;1;0;;;К*****О;Ю**Я;В**********А;0;Женский;;;;;;;0;;;;;1;паспорт РБ;паспорт гражданина Республики Беларусь;;;;;;;;;;;;;;;;;;;;;;;;5227703;К*****О Ю**Я В**********А;;;;;;;;80;без родственных отношений;0;;;;;0;;;;;;;;;;;;;;;;;;;;;;2;0;
30.09.2026;MN7000;Минск РИЦ;731412;7671610015;3566318;3094830;9100496;ГП ЖЭУ № 1 Первом. р-на;"ГП ""ЖЭУ № 1 Первомайского района г. Минска""";16.03.1996;22.03.1996;Отмена записи прибытия-выбытия;;;0;1;0;16.03.1996;22.03.1996;Я***А;Н*****А;Т********А;1;Мужской;01.01.1972;;;;;;0;;;;;;;;;;;;;;;;;;;;;;;;;;;"; наниматель";;;;;;;;;;;;;;;0;;;;;0;;;;;;;;;;;;;;;;;;;;;;1;0;
30.09.2026;MN7000;Минск РИЦ;731412;7671610015;6136637;5573035;9100496;ГП ЖЭУ № 1 Первом. р-на;"ГП ""ЖЭУ № 1 Первомайского района г. Минска""";16.05.2023;;Прибытие-выбытие;1;Регистрация по месту жительства;1;0;0;16.05.2023;;К********К;М****М;Д********Ч;1;Мужской;29.04.2023;;1;Республика Беларусь;;;0;;;;;5;свидетельство о рождении РБ;cвидетельство о рождении – для граждан Республики Беларусь, не достигших четырнадцатилетнего возраста и не имеющих паспортов граждан Республики Беларусь;;;;;;;;;;;;;;;;;;;;;;;;2998601;К********Ч А*******Р К************Ч;;;;;;0;;11;внук;1;К**************Н Н*****Я А***********А;4910764;;;0;1;;;;;;;;;;;;;;2;0;0;0;0;7;7;1;0;
30.09.2026;MN7000;Минск РИЦ;731412;7671610015;5497699;4815962;9100496;ГП ЖЭУ № 1 Первом. р-на;"ГП ""ЖЭУ № 1 Первомайского района г. Минска""";11.04.2024;;Прибытие-выбытие;1;Регистрация по месту жительства;1;0;0;11.04.2024;;К********К;Д*****Й;М********Ч;1;Мужской;01.04.1990;;1;Республика Беларусь;;;0;;;;;1;паспорт РБ;паспорт гражданина Республики Беларусь;М*******1;30.07.2025;Первомайским РУВД г.Минска;707;истечение срока действия (обмен);3************2;;;;;;;;;;;;;;"; супруг дочери";;;;2998601;К********Ч А*******Р К************Ч;;;;;;0;;62;зять (супруг дочери);1;;;;;0;1;;;;;;;;;;;;;;2;0;0;0;0;7;7;1;0;
30.09.2026;MN7000;Минск РИЦ;731412;7671610015;3600240;3128750;9100496;ГП ЖЭУ № 1 Первом. р-на;"ГП ""ЖЭУ № 1 Первомайского района г. Минска""";09.03.2005;;Прибытие-выбытие;1;Регистрация по месту жительства;1;0;0;09.03.2005;;К********Ч;О**Г;А***********Ч;1;Мужской;23.11.1980;РБ;1;Республика Беларусь;;;0;;;;;1;паспорт РБ;паспорт гражданина Республики Беларусь;М*******9;26.02.2013;ПЕРВОМАЙСКИМ РУВД Г. МИНСКА;;;3************1;;;;;;;;;;;;;;"; сын";;;;2998601;К********Ч А*******Р К************Ч;;;;;;0;;5;сын;1;;;;;0;1;;;;;;;;;;;;;;2;0;0;0;0;7;7;1;0;
30.09.2026;MN7000;Минск РИЦ;731412;7671610015;3605358;3133868;9100496;ГП ЖЭУ № 1 Первом. р-на;"ГП ""ЖЭУ № 1 Первомайского района г. Минска""";29.09.1999;03.10.2003;Отмена записи прибытия-выбытия;;;0;1;0;29.09.1999;03.10.2003;З***В;С*******В;В**********Ч;1;Мужской;04.08.1970;;;;;;0;;;;;;;;;;;;;;;;;;;;;;;;;;;"; наниматель";;;;;;;;;;;;;;;0;;;;;0;;;;;;;;;;;;;;;;;;;;;;1;0;
30.09.2026;MN7000;Минск РИЦ;731412;7671610015;3785716;3314105;9100496;ГП ЖЭУ № 1 Первом. р-на;"ГП ""ЖЭУ № 1 Первомайского района г. Минска""";11.04.2006;;Прибытие-выбытие;1;Регистрация по месту жительства;1;0;0;18.04.2013;;К********Ч;А*******Р;О******Ч;1;Мужской;03.11.2002;;1;Республика Беларусь;;;0;;;;;1;паспорт РБ;паспорт гражданина Республики Беларусь;М*******5;23.05.2017;ПЕРВОМАЙСКИМ РУВД Г. МИНСКА;;истечение срока действия (обмен);7************5;;;;;;;;;;;;;;"; внук";;;;2998601;К********Ч А*******Р К************Ч;;;;;;0;;11;внук;1;О**А О***А Н********А;3737692;;;0;1;;;;;;;;;;;;;;2;0;0;0;0;7;7;1;0;
30.09.2026;MN7000;Минск РИЦ;731412;7671610015;4910764;4213147;9100496;ГП ЖЭУ № 1 Первом. р-на;"ГП ""ЖЭУ № 1 Первомайского района г. Минска""";18.01.2019;;Прибытие-выбытие;1;Регистрация по месту жительства;1;0;0;18.01.2019;;К**************Н;Н*****Я;А***********А;0;Женский;08.07.1988;;1;Республика Беларусь;;;0;;;;;1;паспорт РБ;паспорт гражданина Республики Беларусь;М*******0;08.11.2022;Первомайским РУВД г.Минска;;изменение (перемена) фамилии, собственного имени, отчества (обмен);4************3;;;;;;;;;;;;;;"; дочь";;;;2998601;К********Ч А*******Р К************Ч;;;;;;0;;6;дочь;1;;;;;0;1;;;;;;;;;;;;;;2;0;0;0;0;7;7;1;0;
30.09.2026;MN7000;Минск РИЦ;731412;7671610015;3737692;3266116;9100496;ГП ЖЭУ № 1 Первом. р-на;"ГП ""ЖЭУ № 1 Первомайского района г. Минска""";11.04.2006;18.04.2018;Отмена записи прибытия-выбытия;;;0;1;0;11.04.2006;18.04.2018;О**А;О***А;Н********А;0;Женский;18.05.1983;РБ;1;Республика Беларусь;;;0;;;;;1;паспорт РБ;паспорт гражданина Республики Беларусь;М*******4;15.03.2018;ПЕРВОМАЙСКИМ РУВД Г. МИНСКА;;изменение (перемена) фамилии, собственного имени, отчества (обмен);4************5;;;;;;;;;;;;;;"; супруга сына";;;;2998601;К********Ч А*******Р К************Ч;;;;;;;;65;невестка (супруга сына);1;;;;;0;;;;;;;;;;;;;;;;;;;;;;1;0;
30.09.2026;MN7000;Минск РИЦ;731412;7671610015;4910769;4213154;9100496;ГП ЖЭУ № 1 Первом. р-на;"ГП ""ЖЭУ № 1 Первомайского района г. Минска""";18.01.2019;;Прибытие-выбытие;1;Регистрация по месту жительства;1;0;0;18.01.2019;;З***Н;А***М;В********Ч;1;Мужской;09.11.2012;;1;Республика Беларусь;;;0;;;;;1;паспорт РБ;паспорт гражданина Республики Беларусь;М*******2;22.06.2021;Первомайским РУВД г.Минска;;истечение срока действия (обмен);7************6;;;;;;;;;;;;;;"; внук";;;;2998601;К********Ч А*******Р К************Ч;;;;;;0;;11;внук;1;;;;;0;1;;;;;;;;;;;;;;2;0;0;0;0;7;7;1;0;
30.09.2026;MN7000;Минск РИЦ;798773;8026850090;4014391;3542666;9100556;"ГП ""ЖЭУ № 2 Советского района г. Минска""";"ГП ""ЖЭУ № 2 Советского района г. Минска""";11.07.1986;01.12.2005;Отмена записи прибытия-выбытия;;;0;1;0;11.07.1986;29.11.2005;А*******А;Л****А;Ж*****А;0;Женский;24.10.1926;;;;;;0;;;40;одиноко проживающие пенсионеры;;;;;;;;;;;;;;;;;;;;;;;"; бывший собственник";;;;;;;;;;;;;;;0;;;;;0;;;;;;;;;;;;;;;;;;;;;;2;0;
30.09.2026;MN7000;Минск РИЦ;798773;8026850090;4092568;3620836;9100556;"ГП ""ЖЭУ № 2 Советского района г. Минска""";"ГП ""ЖЭУ № 2 Советского района г. Минска""";11.07.1986;04.01.2002;Отмена записи прибытия-выбытия;;;0;1;0;11.07.1986;04.01.2002;А******В;А*******Р;В**********Ч;1;Мужской;01.01.1953;;;;;;0;;;;;;;;;;;;;;;;;;;;;;;;;;;"; сын";;;;;;;;;;;;;5;сын;0;;;;;0;;;;;;;;;;;;;;;;;;;;;;2;0;
30.09.2026;MN7000;Минск РИЦ;798773;8026850090;4092570;3620838;9100556;"ГП ""ЖЭУ № 2 Советского района г. Минска""";"ГП ""ЖЭУ № 2 Советского района г. Минска""";17.05.2001;04.01.2002;Отмена записи прибытия-выбытия;;;0;1;0;17.05.2001;04.01.2002;А*******А;Д***Я;А***********А;0;Женский;01.01.1996;;;;;;0;;;;;;;;;;;;;;;;;;;;;;;;;;;"; внучка";;;;;;;;;;;;;12;внучка;0;;;;;0;;;;;;;;;;;;;;;;;;;;;;2;0;
30.09.2026;MN7000;Минск РИЦ;798773;8026850090;3856547;3385022;9100556;"ГП ""ЖЭУ № 2 Советского района г. Минска""";"ГП ""ЖЭУ № 2 Советского района г. Минска""";03.10.2013;;Прибытие-выбытие;1;Регистрация по месту жительства;1;0;0;17.10.2013;;Б****И;А***А;;0;Женский;22.04.2013;;1;Республика Беларусь;;;0;;;;;1;паспорт РБ;паспорт гражданина Республики Беларусь;М*******4;20.08.2026;Советским РУВД г.Минска;708;непригодность для использования (обмен);7************9;;;;;;;;;;;;;;"; дочь";;;;3469688;Ш****Й А*******Я А***********А;;;;;;0;;6;дочь;1;;;;;0;0;;;;;;;;;;;;;;1;0;0;0;0;2;2;2;0;
30.09.2026;MN7000;Минск РИЦ;798773;8026850090;6218669;5676629;9100556;"ГП ""ЖЭУ № 2 Советского района г. Минска""";"ГП ""ЖЭУ № 2 Советского района г. Минска""";01.12.2023;22.03.2024;;;;0;1;0;;;П******Я;А***А;В**********А;0;Женский;25.10.1994;;;;;;0;;;;;1;паспорт РБ;паспорт гражданина Республики Беларусь;;;;;;;;;;;;;;;;;;;;;;;;5676629;П******Я А***А В**********А;;;;;;;;80;без родственных отношений;1;;;;;0;;;;;;;;;;;;;;;;;;;;;;2;0;
30.09.2026;MN7000;Минск РИЦ;798773;8026850090;3910599;3438963;9100556;"ГП ""ЖЭУ № 2 Советского района г. Минска""";"ГП ""ЖЭУ № 2 Советского района г. Минска""";28.02.1996;04.01.2002;Отмена записи прибытия-выбытия;;;0;1;0;28.02.1996;04.01.2002;А*******А;Н*****Я;Н********А;0;Женский;01.01.1966;;;;;;0;;;;;;;;;;;;;;;;;;;;;;;;;;;"; супруга сына";;;;;;;;;;;;;65;невестка (супруга сына);0;;;;;0;;;;;;;;;;;;;;;;;;;;;;2;0;
30.09.2026;MN7000;Минск РИЦ;798773;8026850090;6265385;5736345;9100556;"ГП ""ЖЭУ № 2 Советского района г. Минска""";"ГП ""ЖЭУ № 2 Советского района г. Минска""";26.10.2024;25.04.2025;;;;0;1;0;26.10.2024;25.04.2025;Ш*********Й;К********Н;Г*********Ч;1;Мужской;17.11.2001;;;;;;0;;;;;1;паспорт РБ;паспорт гражданина Республики Беларусь;;;;;;7************1;;;;;;;;;;;;;;;;;;5736345;Ш*********Й К********Н Г*********Ч;;;;;;;;80;без родственных отношений;0;;;;;0;;;;;;;;;;;;;;;;;;;;;;2;0;
30.09.2026;MN7000;Минск РИЦ;798773;8026850090;4092569;3620837;9100556;"ГП ""ЖЭУ № 2 Советского района г. Минска""";"ГП ""ЖЭУ № 2 Советского района г. Минска""";17.05.2001;04.01.2002;Отмена записи прибытия-выбытия;;;0;1;0;17.05.2001;04.01.2002;А******В;А***Н;А***********Ч;1;Мужской;01.01.1995;;;;;;0;;;;;;;;;;;;;;;;;;;;;;;;;;;"; внук";;;;;;;;;;;;;11;внук;0;;;;;0;;;;;;;;;;;;;;;;;;;;;;2;0;
30.09.2026;MN7000;Минск РИЦ;798773;8026850090;6448701;5991793;9100556;"ГП ""ЖЭУ № 2 Советского района г. Минска""";"ГП ""ЖЭУ № 2 Советского района г. Минска""";01.06.2025;06.02.2026;;;;0;1;0;;;Ш*********Й;К********Н;Г*********Ч;1;Мужской;17.11.2001;;1;Республика Беларусь;;;0;;;;;1;паспорт РБ;паспорт гражданина Республики Беларусь;K*******3;24.05.2022;Ленинским РОВД г.Могилева;615;;7************1;;;;;;;;;;;;;;;;;;5991793;Ш*********Й К********Н Г*********Ч;;;;;;;;80;без родственных отношений;0;;;;;0;;;;;;;;;;;;;;;;;;;;;;2;0;
30.09.2026;MN7000;Минск РИЦ;798773;8026850090;3955845;3484196;9100556;"ГП ""ЖЭУ № 2 Советского района г. Минска""";"ГП ""ЖЭУ № 2 Советского района г. Минска""";14.12.2005;16.02.2008;Отмена записи прибытия-выбытия;;;0;1;0;14.12.2005;16.02.2008;Г*****А;А***А;В**********А;0;Женский;07.12.1947;;1;Республика Беларусь;;;0;;;;;1;паспорт РБ;паспорт гражданина Республики Беларусь;М*******7;02.08.1999;ПЕРВОМАЙСКИЙ РОВД Г.МИНСКА;;;4************0;;;;;;;;;;;13473;ПЕНСИОНЕРКА;;"; дочь";;;;;;;;;;;;;6;дочь;0;;;;;0;;;;;;;;;;;;;;;;;;;;;;2;0;
30.09.2026;MN7000;Минск РИЦ;811865;8031472060;4752839;4080859;9100557;"ГП ""ЖЭУ № 3 Советского района г. Минска""";"ГП ""ЖЭУ № 3 Советского района г. Минска"" (пл.бытуслуги)";;;Отмена записи прибытия-выбытия;;;0;0;0;01.12.2016;01.12.2016;Л***О;Я***А;Р********А;0;Женский;15.10.1942;;1;Республика Беларусь;;;0;;;;;1;паспорт РБ;паспорт гражданина Республики Беларусь;М*******5;29.10.2010;ПЕРВОМАЙСКОЕ РУВД Г. МИНСКА;;достижение 14-летнего возраста;4************3;;;;;;;;;;;;;;"; собственник";;;;;;;;;;;;;;;0;;;;;0;;;;;;;;;;;;;;;;;;;;;;2;0;
30.09.2026;MN7000;Минск РИЦ;811865;8031472060;3921715;3450068;9100557;"ГП ""ЖЭУ № 3 Советского района г. Минска""";"ГП ""ЖЭУ № 3 Советского района г. Минска"" (пл.бытуслуги)";;;;;;0;0;0;;;К*******О;Н*****Я;Н********А;0;Женский;10.03.1968;;;;;;0;;(Доля: 7/25 от 01.04.2010г.);;;;;;;;;;;;;;;;;;;;;;;;;;;;;;;;;;;;;;;;;;;;;0;;;;;;;;;;;;;;;;;;;;;;2;0;
30.09.2026;MN7000;Минск РИЦ;811865;8031472060;3823414;3351899;9100557;"ГП ""ЖЭУ № 3 Советского района г. Минска""";"ГП ""ЖЭУ № 3 Советского района г. Минска"" (пл.бытуслуги)";01.12.2010;21.08.2021;Отмена записи прибытия-выбытия;;;0;1;0;16.11.2010;08.09.2021;К****Н;Н**А;С********А;0;Женский;09.02.1956;;1;Республика Беларусь;;;0;21.08.2021;;;;1;паспорт РБ;паспорт гражданина Республики Беларусь;М*******4;26.03.2004;ЦЕНТРАЛЬНЫМ РУВД Г. ГОМЕЛЯ;;;4************2;;;;;;;;;;;;;;"; наниматель";;;;3351899;К****Н Н**А С********А;;;;;;0;;;;1;;;;;0;0;;;;;;;;;;;;;;0;0;0;0;0;0;0;2;0;
30.09.2026;MN7000;Минск РИЦ;811865;8031472060;6328100;5817594;9100557;"ГП ""ЖЭУ № 3 Советского района г. Минска""";"ГП ""ЖЭУ № 3 Советского района г. Минска"" (пл.бытуслуги)";29.08.2024;11.09.2024;Отмена записи прибытия-выбытия;;;0;1;0;29.08.2024;11.09.2024;Б***Н;И***Ь;И******Ч;1;Мужской;10.07.1974;;1;Республика Беларусь;;;0;11.09.2024;;;;30;идентификационная карта РБ;идентификационная карта гражданина Республики Беларусь;B*******0;19.07.2024;Советским РУВД г.Минска;708;;3************2;;;;;;;;;;;;;;;;;;5817594;Б***Н И***Ь И******Ч;;;;;;0;;;;1;;;;;0;0;;;1;Принятие наследства;11.09.2024;11.04.2025;11.04.2025;;;;;;;0;0;0;0;0;0;0;2;0;
30.09.2026;MN7000;Минск РИЦ;580913;7444430671;6193991;5645406;70002181;ТС/ЖСК/ЖСПК Партизанского р-на;ТС/ЖСК/ЖСПК Партизанского р-на;25.09.2023;24.09.2024;;;;0;1;0;;;А******А;Б********Ч;;0;Женский;02.07.1977;;;;;;0;;;;;1;паспорт РБ;паспорт гражданина Республики Беларусь;;;;;;;;;;;;;;;;;;;;;;;;5645402;М***Д Б********Ч;;;;;;;;2;супруга;1;;;;;0;;;;;;;;;;;;;;;;;;;;;;2;0;
30.09.2026;MN7000;Минск РИЦ;580913;7444430671;6193992;5645407;70002181;ТС/ЖСК/ЖСПК Партизанского р-на;ТС/ЖСК/ЖСПК Партизанского р-на;25.09.2023;24.09.2024;;;;0;1;0;;;А*******Р;Б********Ч;;1;Мужской;03.11.2004;;;;;;0;;;;;1;паспорт РБ;паспорт гражданина Республики Беларусь;;;;;;;;;;;;;;;;;;;;;;;;5645402;М***Д Б********Ч;;;;;;;;5;сын;1;;;;;0;;;;;;;;;;;;;;;;;;;;;;2;0;
30.09.2026;MN7000;Минск РИЦ;580913;7444430671;2868898;2397415;70002181;ТС/ЖСК/ЖСПК Партизанского р-на;ТС/ЖСК/ЖСПК Партизанского р-на;29.06.2016;22.05.2017;Отмена записи прибытия-выбытия;;;0;1;0;;;М******А;Н*****А;С*******А;0;Женский;25.11.1961;;;;;;0;;;;;;;;;;;;;;;;;;;;;;;;;;;"; наниматель";;;;;;;;;;;;;;;0;;;;;0;;;;;;;;;;;;;;;;;;;;;;2;0;
30.09.2026;MN7000;Минск РИЦ;580913;7444430671;6193988;5645402;70002181;ТС/ЖСК/ЖСПК Партизанского р-на;ТС/ЖСК/ЖСПК Партизанского р-на;25.09.2023;24.09.2024;;;;0;1;0;;;М***Д;Б********Ч;;1;Мужской;25.06.1974;;;;;;0;;;;;1;паспорт РБ;паспорт гражданина Республики Беларусь;;;;;;;;;;;;;;;;;;;;;;;;5645402;М***Д Б********Ч;;;;;;;;;;1;;;;;0;;;;;;;;;;;;;;;;;;;;;;2;0;
30.09.2026;MN7000;Минск РИЦ;580913;7444430671;2868899;2397416;70002181;ТС/ЖСК/ЖСПК Партизанского р-на;ТС/ЖСК/ЖСПК Партизанского р-на;29.06.2016;22.05.2017;Отмена записи прибытия-выбытия;;;0;1;0;;;П**************А;М************А;;0;Женский;29.07.2001;;;;;;0;;;;;;;;;;;;;;;;;;;;;;;;;;;"; дочь нанимателя";;;;;;;;;;;;;6;дочь;0;;;;;0;;;;;;;;;;;;;;;;;;;;;;2;0;
30.09.2026;MN7000;Минск РИЦ;715445;7672640881;3683679;3212151;9100496;ГП ЖЭУ № 1 Первом. р-на;"ГП ""ЖЭУ № 1 Первомайского района г. Минска""";05.11.2011;;Прибытие-выбытие;1;Регистрация по месту жительства;1;0;0;16.05.2015;;Ш****Я;А*******Я;А***********А;0;Женский;22.09.2011;;1;Республика Беларусь;;;0;;;;;1;паспорт РБ;паспорт гражданина Республики Беларусь;М*******1;27.02.2024;ПЕРВОМАЙСКИМ РУВД Г. МИНСКА;;истечение срока действия (обмен);7************3;;;;;;;;;;;;;;"; дочь";;;;3192871;Ш****Я А*******Р А***********Ч;;;;;;0;;6;дочь;1;Ш****Я А*******Р А***********Ч;3664384;;;0;0;;;;;;;;;;;;;;3;0;0;0;0;4;4;1;0;
30.09.2026;MN7000;Минск РИЦ;715445;7672640881;3705866;3234296;9100496;ГП ЖЭУ № 1 Первом. р-на;"ГП ""ЖЭУ № 1 Первомайского района г. Минска""";24.12.2008;23.12.2009;Отмена записи прибытия-выбытия;;;0;1;0;;;П****К;О***Я;Н********А;0;Женский;08.09.1984;;;;;;0;;;;;;;;;;;;;;;;;;;;;;;;;;;"; наниматель";;;;;;;;;;;;;;;0;;;;;0;;;;;;;;;;;;;;;;;;;;;;1;0;
30.09.2026;MN7000;Минск РИЦ;715445;7672640881;5667794;5022253;9100496;ГП ЖЭУ № 1 Первом. р-на;"ГП ""ЖЭУ № 1 Первомайского района г. Минска""";29.01.2020;;Прибытие-выбытие;1;Регистрация по месту жительства;1;0;0;;;Ш****Я;М****М;А***********Ч;1;Мужской;25.11.2019;;;;;;0;;;;;5;свидетельство о рождении РБ;cвидетельство о рождении – для граждан Республики Беларусь, не достигших четырнадцатилетнего возраста и не имеющих паспортов граждан Республики Беларусь;;;;;;;;;;;;;;;;;;;;"; сын";;;;3192871;Ш****Я А*******Р А***********Ч;;;;;;0;;5;сын;1;Ш****Я А*******Р А***********Ч;3664384;;;0;0;;;;;;;;;;;;;;3;0;0;0;0;4;4;1;0;
30.09.2026;MN7000;Минск РИЦ;715445;7672640881;5667797;5022255;9100496;ГП ЖЭУ № 1 Первом. р-на;"ГП ""ЖЭУ № 1 Первомайского района г. Минска""";29.01.2020;;Прибытие-выбытие;1;Регистрация по месту жительства;1;0;0;;;Ш****Я;М****Л;А***********Ч;1;Мужской;25.11.2019;;;;;;0;;;;;5;свидетельство о рождении РБ;cвидетельство о рождении – для граждан Республики Беларусь, не достигших четырнадцатилетнего возраста и не имеющих паспортов граждан Республики Беларусь;;;;;;;;;;;;;;;;;;;;"; сын";;;;3192871;Ш****Я А*******Р А***********Ч;;;;;;0;;5;сын;1;Ш****Я А*******Р А***********Ч;3664384;;;0;0;;;;;;;;;;;;;;3;0;0;0;0;4;4;1;0;
30.09.2026;MN7000;Минск РИЦ;1044522;6875591132;6497681;6066568;70003412;КУП «Минские городские общежития» (Ленинский район РСЦ4);КУП «Минские городские общежития» (Ленинский район РСЦ4);02.09.2025;;Прибытие-выбытие;3;Без регистрации;1;0;1;;;Я*****Ч;М*******А;Г*********А;0;Женский;;;;;;;0;;;;;1;паспорт РБ;паспорт гражданина Республики Беларусь;;;;;;1;;;;;;;;;;;;;;;;;;6066566;Я*****Ч М****А И******А;;;;;;0;;6;дочь;1;;;;;0;0;;;;;;;;;;;;;;0;0;2;0;0;0;2;1;0;
30.09.2026;MN7000;Минск РИЦ;782156;8031400163;4482674;4011659;9100557;"ГП ""ЖЭУ № 3 Советского района г. Минска""";"ГП ""ЖЭУ № 3 Советского района г. Минска"" (пл.бытуслуги)";01.01.1920;01.01.1921;Отмена записи прибытия-выбытия;;;0;1;0;;01.01.1921;Х***Н;Б***С;М*******Ч;1;Мужской;01.01.1933;;;;;;0;;;;;1;паспорт РБ;паспорт гражданина Республики Беларусь;;;;;;;;;;;;;;;;;;;;"; бывший собственник";;;;;;;;;;;;;;;0;;;;;0;;;;;;;;;;;;;;;;;;;;;;2;0;
30.09.2026;MN7000;Минск РИЦ;782156;8031400163;5929948;5322466;9100557;"ГП ""ЖЭУ № 3 Советского района г. Минска""";"ГП ""ЖЭУ № 3 Советского района г. Минска"" (пл.бытуслуги)";27.11.2023;26.12.2023;;;;0;1;0;;;А*******О;И**Я;Ю*****Ч;;-;18.05.1999;;;;;;0;;;;;1;паспорт РБ;паспорт гражданина Республики Беларусь;;;;;;;;;;;;;;;;;;;;;;;;5322466;А*******О И**Я Ю*****Ч;;;;;;;;80;без родственных отношений;1;;;;;0;;;;;;;;;;;;;;;;;;;;;;2;0;
30.09.2026;MN7000;Минск РИЦ;782156;8031400163;4087573;3615842;9100557;"ГП ""ЖЭУ № 3 Советского района г. Минска""";"ГП ""ЖЭУ № 3 Советского района г. Минска"" (пл.бытуслуги)";21.03.1992;17.09.2003;Отмена записи прибытия-выбытия;;;0;1;0;21.03.1992;17.09.2003;П********А;С******А;Б*******А;0;Женский;01.01.1968;;;;;;0;;;;;;;;;;;;;;;;;;;;;;;;;;;"; дочь";;;;;;;;;;;;;6;дочь;0;;;;;0;;;;;;;;;;;;;;;;;;;;;;2;0;
30.09.2026;MN7000;Минск РИЦ;782156;8031400163;6485262;6046764;9100557;"ГП ""ЖЭУ № 3 Советского района г. Минска""";"ГП ""ЖЭУ № 3 Советского района г. Минска"" (пл.бытуслуги)";05.09.2026;30.07.2027;Прибытие-выбытие;3;Без регистрации;1;0;1;;;С***********А;А****Е;;0;Женский;;;228;Туркменистан;;;0;;;;;4;паспорт гражданина иностранного государства;паспорт гражданина иностранного государства;;;;;;1*1;;;;;;;;;;;;;;;;;;6046744;Х************В М**********Н;;;;;;0;;12;внучка;1;;;;;0;0;;;;;;;;;;;;;;0;0;5;0;0;1;6;2;0;
30.09.2026;MN7000;Минск РИЦ;782156;8031400163;5461306;4769334;9100557;"ГП ""ЖЭУ № 3 Советского района г. Минска""";"ГП ""ЖЭУ № 3 Советского района г. Минска"" (пл.бытуслуги)";15.10.2018;21.01.2019;Отмена записи прибытия-выбытия;;;0;1;0;;;А********К;А*****Й;С*******Ч;1;Мужской;18.06.1987;;;;;;0;;;;;1;паспорт РБ;паспорт гражданина Республики Беларусь;;;;;;;;;;;;;;;;;;;;"; по договоpу";;;;;;;;;;;;;;;1;;;;;0;;;;;;;;;;;;;;;;;;;;;;2;0;
30.09.2026;MN7000;Минск РИЦ;782156;8031400163;6391110;5904265;9100557;"ГП ""ЖЭУ № 3 Советского района г. Минска""";"ГП ""ЖЭУ № 3 Советского района г. Минска"" (пл.бытуслуги)";31.01.2025;05.09.2025;;;;0;1;0;;;Б********В;Ш****Т;;1;Мужской;25.04.2002;;228;Туркменистан;;;0;;;;;4;паспорт гражданина иностранного государства;паспорт гражданина иностранного государства;;;;;;;;;;;;;;;;;;;;;;;;5780172;Б********В Я*****И;;;;;;;;;;1;;;;;0;;;;;;;;;;;;;;;;;;;;;;2;0;
30.09.2026;MN7000;Минск РИЦ;782156;8031400163;4087574;3615843;9100557;"ГП ""ЖЭУ № 3 Советского района г. Минска""";"ГП ""ЖЭУ № 3 Советского района г. Минска"" (пл.бытуслуги)";12.10.1999;02.03.2001;Отмена записи прибытия-выбытия;;;0;1;0;12.10.1999;02.03.2001;П********А;А**А;В**********А;0;Женский;01.01.1995;;;;;;0;;;;;;;;;;;;;;;;;;;;;;;;;;;"; внучка";;;;;;;;;;;;;12;внучка;0;;;;;0;;;;;;;;;;;;;;;;;;;;;;2;0;
30.09.2026;MN7000;Минск РИЦ;782156;8031400163;5461316;4769369;9100557;"ГП ""ЖЭУ № 3 Советского района г. Минска""";"ГП ""ЖЭУ № 3 Советского района г. Минска"" (пл.бытуслуги)";15.10.2018;21.01.2019;Отмена записи прибытия-выбытия;;;0;1;0;;;А********К;Н****А;А********Ч;1;Мужской;09.04.2015;;;;;;0;;;;;1;паспорт РБ;паспорт гражданина Республики Беларусь;;;;;;;;;;;;;;;;;;;;"; по договоpу";;;;;;;;;;;;;;;0;;;;;0;;;;;;;;;;;;;;;;;;;;;;2;0;
30.09.2026;MN7000;Минск РИЦ;782156;8031400163;6299528;5780172;9100557;"ГП ""ЖЭУ № 3 Советского района г. Минска""";"ГП ""ЖЭУ № 3 Советского района г. Минска"" (пл.бытуслуги)";21.12.2024;05.09.2025;;;;0;1;0;;;Б********В;Я*****И;;1;Мужской;08.03.2000;;228;Туркменистан;;;0;;;;;4;паспорт гражданина иностранного государства;паспорт гражданина иностранного государства;;;;;;;;;;;;;;;;;;;;;;;;5780172;Б********В Я*****И;;;;;;;;80;без родственных отношений;1;;;;;0;;;;;;;;;;;;;;;;;;;;;;2;0;
30.09.2026;MN7000;Минск РИЦ;782156;8031400163;6375898;5883382;9100557;"ГП ""ЖЭУ № 3 Советского района г. Минска""";"ГП ""ЖЭУ № 3 Советского района г. Минска"" (пл.бытуслуги)";21.12.2024;05.09.2025;;;;0;1;0;;;Б*********А;А*****Т;;0;Женский;13.09.2000;;228;Туркменистан;;;0;;;;;4;паспорт гражданина иностранного государства;паспорт гражданина иностранного государства;;;;;;;;;;;;;;;;;;;;;;;;5780172;Б********В Я*****И;;;;;;;;2;супруга;1;;;;;0;;;;;;;;;;;;;;;;;;;;;;2;0;
30.09.2026;MN7000;Минск РИЦ;782156;8031400163;6485268;6046771;9100557;"ГП ""ЖЭУ № 3 Советского района г. Минска""";"ГП ""ЖЭУ № 3 Советского района г. Минска"" (пл.бытуслуги)";05.09.2026;30.07.2027;Прибытие-выбытие;3;Без регистрации;1;0;1;;;С**********В;У**Т;;1;Мужской;19.01.2016;;228;Туркменистан;;;0;;;;;4;паспорт гражданина иностранного государства;паспорт гражданина иностранного государства;;;;;;1*1;;;;;;;;;;;;;;;;;;6046744;Х************В М**********Н;;;;;;0;;11;внук;1;;;;;0;0;;;;;;;;;;;;;;0;0;5;0;0;1;6;2;0;
30.09.2026;MN7000;Минск РИЦ;782156;8031400163;5160418;4446814;9100557;"ГП ""ЖЭУ № 3 Советского района г. Минска""";"ГП ""ЖЭУ № 3 Советского района г. Минска"" (пл.бытуслуги)";22.08.2017;;Прибытие-выбытие;1;Регистрация по месту жительства;1;0;0;22.08.2017;;Д*******К;И***Ь;А*********Ч;1;Мужской;27.07.1965;;1;Республика Беларусь;;;0;;;;;1;паспорт РБ;паспорт гражданина Республики Беларусь;M*******1;01.09.2010;Советским РУВД г.Минска;;истечение срока действия (обмен);3************9;;;;;;;;;;;;;;"; наниматель";;;;4446814;Д*******К И***Ь А*********Ч;;;;;;0;;;;1;;;;;0;0;;;;;;;;;;;;;;0;0;5;0;0;1;6;2;0;
30.09.2026;MN7000;Минск РИЦ;782156;8031400163;5461309;4769365;9100557;"ГП ""ЖЭУ № 3 Советского района г. Минска""";"ГП ""ЖЭУ № 3 Советского района г. Минска"" (пл.бытуслуги)";15.10.2018;21.01.2019;Отмена записи прибытия-выбытия;;;0;1;0;;;А********К;Т*****А;С*******А;0;Женский;27.12.1990;;;;;;0;;;;;1;паспорт РБ;паспорт гражданина Республики Беларусь;;;;;;;;;;;;;;;;;;;;"; по договоpу";;;;;;;;;;;;;;;0;;;;;0;;;;;;;;;;;;;;;;;;;;;;2;0;
30.09.2026;MN7000;Минск РИЦ;782156;8031400163;6485255;6046751;9100557;"ГП ""ЖЭУ № 3 Советского района г. Минска""";"ГП ""ЖЭУ № 3 Советского района г. Минска"" (пл.бытуслуги)";05.09.2026;30.07.2027;Прибытие-выбытие;3;Без регистрации;1;0;1;;;Х************В;Г*********Л;;0;Женский;05.04.1967;;;;;;0;;;;;1;паспорт РБ;паспорт гражданина Республики Беларусь;;;;;;1*1;;;;;;;;;;;;;;;;;;6046744;Х************В М**********Н;;;;;;0;;2;супруга;1;;;;;0;0;;;;;;;;;;;;;;0;0;5;0;0;1;6;2;0;
30.09.2026;MN7000;Минск РИЦ;782156;8031400163;6485259;6046756;9100557;"ГП ""ЖЭУ № 3 Советского района г. Минска""";"ГП ""ЖЭУ № 3 Советского района г. Минска"" (пл.бытуслуги)";05.09.2026;30.07.2027;Прибытие-выбытие;3;Без регистрации;1;0;1;;;А********А;Д*******Л;;0;Женский;22.06.1991;;228;Туркменистан;;;0;;;;;4;паспорт гражданина иностранного государства;паспорт гражданина иностранного государства;;;;;;1*1;;;;;;;;;;;;;;;;;;6046744;Х************В М**********Н;;;;;;0;;6;дочь;1;;;;;0;0;;;;;;;;;;;;;;0;0;5;0;0;1;6;2;0;
30.09.2026;MN7000;Минск РИЦ;575809;7427430011;6361651;5863474;9100411;ЧС_ГП ЖЭУ № 4 Партиз. р-на;"ЧС_ГП ""ЖЭУ № 4 Партизанского района г. Минска""";01.12.2024;30.11.2025;;;;0;1;0;;;Д*******А;Н*****А;Н********А;0;Женский;18.09.1988;;;;;;0;;;;;1;паспорт РБ;паспорт гражданина Республики Беларусь;;;;;;0;;;;;;;;;;;;;;;;;;5863474;Д*******А Н*****А Н********А;;;;;;;;;;1;;;;;0;;;;;;;;;;;;;;;;;;;;;;2;0;
30.09.2026;MN7000;Минск РИЦ;575809;7427430011;6361748;5863608;9100411;ЧС_ГП ЖЭУ № 4 Партиз. р-на;"ЧС_ГП ""ЖЭУ № 4 Партизанского района г. Минска""";01.12.2024;30.11.2025;;;;0;1;0;;;К***Н;Г****Н;А*******Ч;1;Мужской;03.05.2017;;;;;;0;;;;;1;паспорт РБ;паспорт гражданина Республики Беларусь;;;;;;0;;;;;;;;;;;;;;;;;;5863474;Д*******А Н*****А Н********А;;;;;;;;5;сын;1;;;;;0;;;;;;;;;;;;;;;;;;;;;;2;0;
30.09.2026;MN7000;Минск РИЦ;575809;7427430011;6525079;6118746;9100411;ЧС_ГП ЖЭУ № 4 Партиз. р-на;"ЧС_ГП ""ЖЭУ № 4 Партизанского района г. Минска""";04.12.2025;03.12.2026;Прибытие-выбытие;3;Без регистрации;1;0;1;;;К***Н;Г******Й;А*******Ч;1;Мужской;06.06.2013;;;;;;0;;;;;4;паспорт гражданина иностранного государства;паспорт гражданина иностранного государства;;;;;;;;;;;;;;;;;;;;;;;;6118738;Д*******А Н*****А Н********А;;;;;;0;;5;сын;1;;;;;0;0;;;;;;;;;;;;;;0;0;5;0;0;1;6;2;0;
30.09.2026;MN7000;Минск РИЦ;575809;7427430011;6525090;6118757;9100411;ЧС_ГП ЖЭУ № 4 Партиз. р-на;"ЧС_ГП ""ЖЭУ № 4 Партизанского района г. Минска""";04.12.2025;03.12.2026;Прибытие-выбытие;3;Без регистрации;1;0;1;;;К***Н;Л**Н;А*******Ч;1;Мужской;12.09.2021;;2;Российская Федерация;;;0;;;;;4;паспорт гражданина иностранного государства;паспорт гражданина иностранного государства;;;;;;;;;;;;;;;;;;;;;;;;6118738;Д*******А Н*****А Н********А;;;;;;0;;5;сын;1;;;;;0;0;;;;;;;;;;;;;;0;0;5;0;0;1;6;2;0;
30.09.2026;MN7000;Минск РИЦ;575809;7427430011;3020141;2548430;9100411;ЧС_ГП ЖЭУ № 4 Партиз. р-на;"ЧС_ГП ""ЖЭУ № 4 Партизанского района г. Минска""";01.04.2005;31.05.2016;Отмена записи прибытия-выбытия;;;0;1;0;15.08.2000;27.05.2016;Д********Ч;Н*****А;В********А;0;Женский;26.12.1985;;1;Республика Беларусь;;;0;;;;;1;паспорт РБ;паспорт гражданина Республики Беларусь;М*******1;22.10.2010;ПАРТИЗАНСКОЕ РУВД Г.МИНСКА;;;4************5;;;;;;;;;;;;;;"; внучка";;;;;;;;;;;;;12;внучка;0;;;;;0;;;;;;;;;;;;;;;;;;;;;;2;0;
30.09.2026;MN7000;Минск РИЦ;575809;7427430011;5473729;4784925;9100411;ЧС_ГП ЖЭУ № 4 Партиз. р-на;"ЧС_ГП ""ЖЭУ № 4 Партизанского района г. Минска""";;;;;;0;0;0;;;Т**********Я;Т*****А;Р*********А;0;Женский;10.05.1942;;;;;;0;;;;;1;паспорт РБ;паспорт гражданина Республики Беларусь;;;;;;;;;;;;;;;;;;;;;;;;;;;;;;;;;;;;;;;;0;;;;;;;;;;;;;;;;;;;;;;2;0;
30.09.2026;MN7000;Минск РИЦ;575809;7427430011;6064018;5483258;9100411;ЧС_ГП ЖЭУ № 4 Партиз. р-на;"ЧС_ГП ""ЖЭУ № 4 Партизанского района г. Минска""";09.09.2022;16.12.2022;;;;0;1;0;;;Т*******В;С*******В;П******Ч;1;Мужской;17.04.1979;;2;Российская Федерация;;;0;;расторгнут №467 от 08.12.2022.;;;2;вид на жительство в РБ;вид на жительство в Республике Беларусь;;;;;;;;;;;;;;;;;;;;;;;;5483258;Т*******В С*******В П******Ч;;;;;;;;;;1;;;;;0;;;;;;;;;;;;;;;;;;;;;;2;0;
30.09.2026;MN7000;Минск РИЦ;575809;7427430011;6064022;5483268;9100411;ЧС_ГП ЖЭУ № 4 Партиз. р-на;"ЧС_ГП ""ЖЭУ № 4 Партизанского района г. Минска""";09.09.2022;16.12.2022;;;;0;1;0;;;Т********А;А**А;А********А;0;Женский;22.06.1998;;;;;;0;;;;;2;вид на жительство в РБ;вид на жительство в Республике Беларусь;;;;;;;;;;;;;;;;;;;;;;;;5483258;Т*******В С*******В П******Ч;;;;;;;;2;супруга;1;;;;;0;;;;;;;;;;;;;;;;;;;;;;2;0;
30.09.2026;MN7000;Минск РИЦ;575809;7427430011;6064025;5483270;9100411;ЧС_ГП ЖЭУ № 4 Партиз. р-на;"ЧС_ГП ""ЖЭУ № 4 Партизанского района г. Минска""";09.09.2022;16.12.2022;;;;0;1;0;;;Т*******В;М****М;С***********Ч;1;Мужской;19.04.2021;;;;;;0;;;;;5;свидетельство о рождении РБ;cвидетельство о рождении – для граждан Республики Беларусь, не достигших четырнадцатилетнего возраста и не имеющих паспортов граждан Республики Беларусь;;;;;;;;;;;;;;;;;;;;;;;;5483258;Т*******В С*******В П******Ч;;;;;;;;5;сын;1;;;;;0;;;;;;;;;;;;;;;;;;;;;;2;0;
30.09.2026;MN7000;Минск РИЦ;575809;7427430011;6361749;5863609;9100411;ЧС_ГП ЖЭУ № 4 Партиз. р-на;"ЧС_ГП ""ЖЭУ № 4 Партизанского района г. Минска""";01.12.2024;30.11.2025;;;;0;1;0;;;К***Н;Л**Н;А********Ч;1;Мужской;12.09.2021;;;;;;0;;;;;1;паспорт РБ;паспорт гражданина Республики Беларусь;;;;;;0;;;;;;;;;;;;;;;;;;5863474;Д*******А Н*****А Н********А;;;;;;;;5;сын;1;;;;;0;;;;;;;;;;;;;;;;;;;;;;2;0;
30.09.2026;MN7000;Минск РИЦ;575809;7427430011;6525083;6118747;9100411;ЧС_ГП ЖЭУ № 4 Партиз. р-на;"ЧС_ГП ""ЖЭУ № 4 Партизанского района г. Минска""";04.12.2025;03.12.2026;Прибытие-выбытие;3;Без регистрации;1;0;1;;;К***Н;М**К;А*******Ч;1;Мужской;27.07.2015;;2;Российская Федерация;;;0;;;;;4;паспорт гражданина иностранного государства;паспорт гражданина иностранного государства;;;;;;;;;;;;;;;;;;;;;;;;6118738;Д*******А Н*****А Н********А;;;;;;0;;5;сын;1;;;;;0;0;;;;;;;;;;;;;;0;0;5;0;0;1;6;2;0;
30.09.2026;MN7000;Минск РИЦ;575809;7427430011;6157844;5599985;9100411;ЧС_ГП ЖЭУ № 4 Партиз. р-на;"ЧС_ГП ""ЖЭУ № 4 Партизанского района г. Минска""";01.04.2023;31.03.2024;;;;0;1;0;;;Л******А;В**А;С*******А;0;Женский;11.06.1985;;;;;;0;;;;;1;паспорт РБ;паспорт гражданина Республики Беларусь;;;;;;;;;;;;;;;;;;;;;;;;5599985;Л******А В**А С*******А;;;;;;;;;;1;;;;;0;;;;;;;;;;;;;;;;;;;;;;2;0;
30.09.2026;MN7000;Минск РИЦ;575809;7427430011;6361652;5863480;9100411;ЧС_ГП ЖЭУ № 4 Партиз. р-на;"ЧС_ГП ""ЖЭУ № 4 Партизанского района г. Минска""";01.12.2024;30.11.2025;;;;0;1;0;;;К***Н;Г******Й;А*******Ч;1;Мужской;06.06.2013;;;;;;0;;;;;1;паспорт РБ;паспорт гражданина Республики Беларусь;;;;;;0;;;;;;;;;;;;;;;;;;5863474;Д*******А Н*****А Н********А;;;;;;;;5;сын;1;;;;;0;;;;;;;;;;;;;;;;;;;;;;2;0;
30.09.2026;MN7000;Минск РИЦ;575809;7427430011;6361665;5863484;9100411;ЧС_ГП ЖЭУ № 4 Партиз. р-на;"ЧС_ГП ""ЖЭУ № 4 Партизанского района г. Минска""";01.12.2024;30.11.2025;;;;0;1;0;;;К***Н;М**К;А*******Ч;1;Мужской;17.08.2015;;;;;;0;;;;;1;паспорт РБ;паспорт гражданина Республики Беларусь;;;;;;0;;;;;;;;;;;;;;;;;;5863474;Д*******А Н*****А Н********А;;;;;;;;5;сын;1;;;;;0;;;;;;;;;;;;;;;;;;;;;;2;0;
30.09.2026;MN7000;Минск РИЦ;575809;7427430011;6525085;6118752;9100411;ЧС_ГП ЖЭУ № 4 Партиз. р-на;"ЧС_ГП ""ЖЭУ № 4 Партизанского района г. Минска""";04.12.2025;03.12.2026;Прибытие-выбытие;3;Без регистрации;1;0;1;;;К***Н;Г****Н;А*******Ч;1;Мужской;03.05.2017;;2;Российская Федерация;;;0;;;;;4;паспорт гражданина иностранного государства;паспорт гражданина иностранного государства;;;;;;;;;;;;;;;;;;;;;;;;6118738;Д*******А Н*****А Н********А;;;;;;0;;5;сын;1;;;;;0;0;;;;;;;;;;;;;;0;0;5;0;0;1;6;2;0;
30.09.2026;MN7000;Минск РИЦ;784573;8031630640;3966221;3494572;9100557;"ГП ""ЖЭУ № 3 Советского района г. Минска""";"ГП ""ЖЭУ № 3 Советского района г. Минска"" (пл.бытуслуги)";19.03.1996;31.10.2008;Отмена записи прибытия-выбытия;;;0;1;0;19.03.1996;25.10.2008;Б***Н;Э****Д;П******Ч;1;Мужской;26.07.1972;;1;Республика Беларусь;;;0;;;;;1;паспорт РБ;паспорт гражданина Республики Беларусь;М*******8;10.07.2007;СОВЕТСКОЕ РУВД Г.МИНСКА;;;3************8;;;;;;;;;;;;;;"; бывший собственник";;;;;;;;;;;;;;;0;;;;;0;;1;;;;;;;;;;;;;;;;;;;;1;0;
30.09.2026;MN7000;Минск РИЦ;784573;8031630640;3864410;3392885;9100557;"ГП ""ЖЭУ № 3 Советского района г. Минска""";"ГП ""ЖЭУ № 3 Советского района г. Минска"" (пл.бытуслуги)";06.03.2013;06.09.2013;Отмена записи прибытия-выбытия;;;0;1;0;;;Х***А;М****А;Н********А;0;Женский;25.08.1981;;;;;;0;;(Доля: по дог. найму от 06.03.2013 №58);;;;;;;;;;;;;;;;;;;;;;;;;"; по договоpу";;;;;;;;;;;;;;;0;;;;;0;;;;;;;;;;;;;;;;;;;;;;1;0;
30.09.2026;MN7000;Минск РИЦ;785464;8031480100;4050743;3579018;9100557;"ГП ""ЖЭУ № 3 Советского района г. Минска""";"ГП ""ЖЭУ № 3 Советского района г. Минска"" (пл.бытуслуги)";14.12.1978;30.11.2003;Отмена записи прибытия-выбытия;;;0;1;0;14.12.1978;03.12.2003;Ю*****О;А*******Р;И*******Ч;1;Мужской;01.01.1920;;;;;;0;;;;;;;;;;;;;;;;;;;;;;;;;;;"; дед";;;;;;;;;;;;;9;дед;0;;;;;0;;;;;;;;;;;;;;;;;;;;;;1;0;
30.09.2026;MN7000;Минск РИЦ;785464;8031480100;4050744;3579019;9100557;"ГП ""ЖЭУ № 3 Советского района г. Минска""";"ГП ""ЖЭУ № 3 Советского района г. Минска"" (пл.бытуслуги)";14.12.1978;31.01.2002;Отмена записи прибытия-выбытия;;;0;1;0;14.12.1978;25.01.2002;Ю*****О;А******А;А********А;0;Женский;01.01.1920;;;;;;0;22.01.2002;;;;;;;;;;;;;;;;;;;;;;;;;;"; супруга";;;;;;;;;;;0;;2;супруга;0;;;;;0;0;;;;;;;;;;;;;;0;0;0;0;0;1;1;1;0;
30.09.2026;MN7000;Минск РИЦ;363561;6400110951;2164107;1692641;70001397;ТС/ЖСК/ЖСПК Заводского р-на;ТС/ЖСК/ЖСПК Заводского р-на;02.08.2016;09.12.2019;Отмена записи прибытия-выбытия;;;0;1;0;02.08.2016;09.12.2019;Г********Ч;А*******Я;С*******А;0;Женский;22.02.2004;;1;Республика Беларусь;2;никогда не состоял в браке;0;;;;;1;паспорт РБ;паспорт гражданина Республики Беларусь;М*******0;04.04.2018;Заводским РУВД г.Минска;;истечение срока действия (обмен);6************7;;;;;;;;;;;39019;СШ № 85;;"; дочь";;;;1691970;Г********Ч Н*****Я В**********А;;;;;;;;6;дочь;1;;;;;0;;1;;;;;;;;;;;;;;;;;;;;1;0;
30.09.2026;MN7000;Минск РИЦ;363561;6400110951;4746280;4076593;70001397;ТС/ЖСК/ЖСПК Заводского р-на;ТС/ЖСК/ЖСПК Заводского р-на;22.11.2016;;Прибытие-выбытие;1;Регистрация по месту жительства;1;0;0;22.11.2016;;Г********Ч;С****Й;Г*********Ч;1;Мужской;14.10.1973;;1;Республика Беларусь;;;0;;;;;1;паспорт РБ;паспорт гражданина Республики Беларусь;M*******0;23.02.2024;Заводским РУВД г.Минска;702;истечение срока действия (обмен);3************0;;;;;;;;;;;;;;"; супруг";;;;1691970;Г********Ч Н*****Я В**********А;;;;;;0;;1;супруг;1;;;;;0;0;;;;;;;;;;;;;;0;0;0;0;0;2;2;1;0;
30.09.2026;MN7000;Минск РИЦ;141846;7060990011;345591;345498;7007;ЧС_ГП ЖЭУ № 1 Моск.р-на;ЧС_ГП ЖЭУ №1 Московского р-на г.Минска;01.09.2003;11.05.2007;Отмена записи прибытия-выбытия;;;0;1;0;07.05.2004;11.05.2007;А*********Й;А***М;А********Ч;1;Мужской;31.08.1994;;;;;;0;;;;;;;;;;;;;;;;;;;;;;;;;;;"; внук";;;;;;;;;;;;;11;внук;1;А*********Я Т*****А Н********А;389423;;;0;;;;;;;;;;;;;;;;;;;;;;1;0;
30.09.2026;MN7000;Минск РИЦ;141846;7060990011;389423;389326;7007;ЧС_ГП ЖЭУ № 1 Моск.р-на;ЧС_ГП ЖЭУ №1 Московского р-на г.Минска;01.09.2003;11.05.2007;Отмена записи прибытия-выбытия;;;0;1;0;07.12.1990;11.05.2007;А*********Я;Т*****А;Н********А;0;Женский;08.09.1972;;;;;;0;;;;;;;;;;;;;;;;;;;;;;;;;;;"; собственник";;;;389326;А*********Я Т*****А Н********А;;;;;;;;;;1;;;;;0;;;;;;;;;;;;;;;;;;;;;;1;0;
30.09.2026;MN7000;Минск РИЦ;141846;7060990011;5354797;4633532;7007;ЧС_ГП ЖЭУ № 1 Моск.р-на;ЧС_ГП ЖЭУ №1 Московского р-на г.Минска;25.01.2018;01.03.2024;Отмена записи прибытия-выбытия;;;0;1;0;25.01.2018;;Д*******Ч;В******Р;Н********Ч;1;Мужской;07.01.1982;;1;Республика Беларусь;;;0;;;;;1;паспорт РБ;паспорт гражданина Республики Беларусь;М*******8;01.02.2007;Московским РУВД г.Минска;;истечение срока действия (обмен);3************1;;;;;;;;;;;;;;"; собственник";;;;4633532;Д*******Ч В******Р Н********Ч;;;;;;;;;;1;;;;;0;;;;;;;;;;;;;;;;;;;;;;1;0;
30.09.2026;MN7000;Минск РИЦ;141846;7060990011;5930290;5322849;7007;ЧС_ГП ЖЭУ № 1 Моск.р-на;ЧС_ГП ЖЭУ №1 Московского р-на г.Минска;03.11.2021;05.11.2021;;;;0;1;0;;;В*******О;В***М;В**********Ч;1;Мужской;15.07.1989;;;;;;0;;;;;1;паспорт РБ;паспорт гражданина Республики Беларусь;;;;;;;;;;;;;;;;;;;;;;;;5322849;В*******О В***М В**********Ч;;;;;;;;;;0;;;;;0;;;;;;;;;;;;;;;;;;;;;;1;0;
30.09.2026;MN7000;Минск РИЦ;141846;7060990011;325169;325076;7007;ЧС_ГП ЖЭУ № 1 Моск.р-на;ЧС_ГП ЖЭУ №1 Московского р-на г.Минска;30.01.2008;22.02.2019;Отмена записи прибытия-выбытия;;;0;1;0;20.09.2014;22.02.2019;Д*******Ч;Я*А;Н********А;0;Женский;22.01.2008;;1;Республика Беларусь;;;0;;;;;1;паспорт РБ;паспорт гражданина Республики Беларусь;М*******7;17.09.2014;МОСКОВСКИМ РУВД Г. МИНСКА;;;7************2;;;;;;;;;;;;;;"; дочь";;;;;;;;;;;;;6;дочь;1;Д*******Ч Н*****Й Н********Ч;377239;;;0;;;;;;;;;;;;;;;;;;;;;;1;0;
30.09.2026;MN7000;Минск РИЦ;141846;7060990011;377241;377148;7007;ЧС_ГП ЖЭУ № 1 Моск.р-на;ЧС_ГП ЖЭУ №1 Московского р-на г.Минска;01.01.2004;31.08.2012;Отмена записи прибытия-выбытия;;;0;1;0;;;Д*******Ч;Д***Я;А*******А;0;Женский;17.08.1996;;;;;;0;;;;;;;;;;;;;;;;;;;;;;;;;;;"; внучка";;;;;;;;;;;;;12;внучка;1;;;;;0;;;;;;;;;;;;;;;;;;;;;;1;0;
30.09.2026;MN7000;Минск РИЦ;141846;7060990011;377242;377149;7007;ЧС_ГП ЖЭУ № 1 Моск.р-на;ЧС_ГП ЖЭУ №1 Московского р-на г.Минска;01.01.2004;31.08.2012;Отмена записи прибытия-выбытия;;;0;1;0;;;Д*******Ч;Н*****Я;А*******А;0;Женский;17.08.1999;;;;;;0;;;;;;;;;;;;;;;;;;;;;;;;;;;"; внучка";;;;;;;;;;;;;12;внучка;1;;;;;0;;;;;;;;;;;;;;;;;;;;;;1;0;
30.09.2026;MN7000;Минск РИЦ;141846;7060990011;377243;377150;7007;ЧС_ГП ЖЭУ № 1 Моск.р-на;ЧС_ГП ЖЭУ №1 Московского р-на г.Минска;01.01.2004;18.11.2006;Отмена записи прибытия-выбытия;;;0;1;0;;;Д*******Ч;В*******В;Н********Ч;1;Мужской;21.08.2000;;;;;;0;;;;;;;;;;;;;;;;;;;;;;;;;;;"; внук";;;;;;;;;;;;;11;внук;1;;;;;0;;;;;;;;;;;;;;;;;;;;;;1;0;
30.09.2026;MN7000;Минск РИЦ;141846;7060990011;389422;389325;7007;ЧС_ГП ЖЭУ № 1 Моск.р-на;ЧС_ГП ЖЭУ №1 Московского р-на г.Минска;01.09.2003;30.04.2007;Отмена записи прибытия-выбытия;;;0;1;0;16.02.1999;30.03.2007;Д*******Ч;В******Р;Н********Ч;1;Мужской;01.07.1982;;;;;;0;;;;;;;;;;;;;;;;;;;;;;;;;;;"; собственник";;;;389325;Д*******Ч В******Р Н********Ч;;;;;;;;;;1;;;;;0;;;;;;;;;;;;;;;;;;;;;;1;0;
30.09.2026;MN7000;Минск РИЦ;141846;7060990011;5457928;4765176;7007;ЧС_ГП ЖЭУ № 1 Моск.р-на;ЧС_ГП ЖЭУ №1 Московского р-на г.Минска;05.10.2018;28.08.2019;Отмена записи прибытия-выбытия;;;0;1;0;;;Д*******Ч;И**Н;В**********Ч;1;Мужской;15.09.2018;;;;;;0;;;;;5;свидетельство о рождении РБ;cвидетельство о рождении – для граждан Республики Беларусь, не достигших четырнадцатилетнего возраста и не имеющих паспортов граждан Республики Беларусь;;;;;;;;;;;;;;;;;;;;"; сын";;;;;;;;;;;;;5;сын;1;Д*******Ч В******Р Н********Ч;389422;;;0;;;;;;;;;;;;;;;;;;;;;;1;0;
30.09.2026;MN7000;Минск РИЦ;141846;7060990011;345590;345497;7007;ЧС_ГП ЖЭУ № 1 Моск.р-на;ЧС_ГП ЖЭУ №1 Московского р-на г.Минска;01.07.2005;11.05.2007;Отмена записи прибытия-выбытия;;;0;1;0;;;А*********Я;А**А;А********А;0;Женский;23.06.2005;;;;;;0;;;;;;;;;;;;;;;;;;;;;;;;;;;"; внучка";;;;;;;;;;;;;12;внучка;1;А*********Я Т*****А Н********А;389423;;;0;;;;;;;;;;;;;;;;;;;;;;1;0;
30.09.2026;MN7000;Минск РИЦ;141846;7060990011;355095;355002;7007;ЧС_ГП ЖЭУ № 1 Моск.р-на;ЧС_ГП ЖЭУ №1 Московского р-на г.Минска;22.05.2006;30.04.2007;Отмена записи прибытия-выбытия;;;0;1;0;05.07.2006;30.03.2007;Д*******Ч;Е*******А;В**********А;0;Женский;27.04.2006;;;;;;0;;;;;;;;;;;;;;;;;;;;;;;;;;;"; внучка";;;;;;;;;;;;;12;внучка;1;Д*******Ч В******Р Н********Ч;389422;;;0;;;;;;;;;;;;;;;;;;;;;;1;0;
30.09.2026;MN7000;Минск РИЦ;141846;7060990011;5517750;4843347;7007;ЧС_ГП ЖЭУ № 1 Моск.р-на;ЧС_ГП ЖЭУ №1 Московского р-на г.Минска;30.08.2018;19.05.2019;Отмена записи прибытия-выбытия;;;0;1;0;30.08.2018;28.06.2019;Д*******Ч;А****Й;Н********Ч;1;Мужской;29.11.1969;;1;Республика Беларусь;;;0;19.05.2019;;;;1;паспорт РБ;паспорт гражданина Республики Беларусь;М*******4;30.10.2014;Московским РУВД г.Минска;;непригодность для использования (обмен);3************1;;;;;;;;;;;;;;"; бывший собственник";;;;4843347;Д*******Ч А****Й Н********Ч;;;;;;0;;;;1;;;;;0;0;;;;;;;;;;;;;;0;0;0;0;0;2;2;1;0;
30.09.2026;MN7000;Минск РИЦ;141846;7060990011;173829;173792;7007;ЧС_ГП ЖЭУ № 1 Моск.р-на;ЧС_ГП ЖЭУ №1 Московского р-на г.Минска;01.09.2003;31.08.2012;Отмена записи прибытия-выбытия;;;0;1;0;07.02.1990;20.09.2012;Д*******Ч;Н*****Й;А*******Ч;1;Мужской;14.05.1941;;;;;;0;13.04.2012;;;;;;;;;;;;;;;;;;;;;;;;;;"; собственник";;;;;;;;;;;0;;;;0;;;;;0;0;;;;;;;;;;;;;;0;0;0;0;0;2;2;1;0;
30.09.2026;MN7000;Минск РИЦ;141846;7060990011;359363;359270;7007;ЧС_ГП ЖЭУ № 1 Моск.р-на;ЧС_ГП ЖЭУ №1 Московского р-на г.Минска;06.10.2006;30.04.2007;Отмена записи прибытия-выбытия;;;0;1;0;06.10.2006;30.03.2007;Д*******Ч;Т*****А;А***********А;0;Женский;26.01.1983;;;;;;0;;;;;;;;;;;;;;;;;;;;;;;;;;;"; супруга сына";;;;;;;;;;;;;65;невестка (супруга сына);1;;;;;0;;;;;;;;;;;;;;;;;;;;;;1;0;
30.09.2026;MN7000;Минск РИЦ;141846;7060990011;377239;377146;7007;ЧС_ГП ЖЭУ № 1 Моск.р-на;ЧС_ГП ЖЭУ №1 Московского р-на г.Минска;01.09.2003;22.02.2019;Отмена записи прибытия-выбытия;;;0;1;0;20.11.1993;22.02.2019;Д*******Ч;Н*****Й;Н********Ч;1;Мужской;21.12.1975;;1;Республика Беларусь;;;0;;;;;1;паспорт РБ;паспорт гражданина Республики Беларусь;М*******8;08.04.2005;Московским РУВД г.Минска;;истечение срока действия (обмен);3************4;;;;;;;;;;;;;;"; собственник";;;;377146;Д*******Ч Н*****Й Н********Ч;;;;;;;;;;1;;;;;0;;;;;;;;;;;;;;;;;;;;;;1;0;
30.09.2026;MN7000;Минск РИЦ;141846;7060990011;389420;389323;7007;ЧС_ГП ЖЭУ № 1 Моск.р-на;ЧС_ГП ЖЭУ №1 Московского р-на г.Минска;01.09.2003;09.06.2013;Отмена записи прибытия-выбытия;;;0;1;0;07.12.1990;12.07.2013;Д*******Ч;В*******А;М********А;0;Женский;07.06.1943;;;;;;0;09.06.2013;;;;;;;;;;;;;;;;;;;;;;;;;;"; супруга";;;;;;;;;;;0;;2;супруга;1;;;;;0;0;;;;;;;;;;;;;;0;0;0;0;0;2;2;1;0;
30.09.2026;MN7000;Минск РИЦ;141846;7060990011;389421;389324;7007;ЧС_ГП ЖЭУ № 1 Моск.р-на;ЧС_ГП ЖЭУ №1 Московского р-на г.Минска;;;Отмена записи прибытия-выбытия;;;0;0;0;30.08.2018;30.08.2018;Д*******ч;А****й;Н********ч;1;Мужской;29.11.1969;;1;Республика Беларусь;;;0;;;;;1;паспорт РБ;паспорт гражданина Республики Беларусь;М*******4;30.10.2014;МОСКОВСКИМ РУВД Г. МИНСКА;;;3************1;МИНСК КУРГАННАЯ 65 КВ 1;;;;;;;;;;;;;"; собственник";;;;389324;Д*******ч А****й Н********ч;;;;;;;;;;1;;;;;0;;;;;;;;;;;;;;;;;;;;;;1;0;
30.09.2026;MN7000;Минск РИЦ;141846;7060990011;5445791;4749883;7007;ЧС_ГП ЖЭУ № 1 Моск.р-на;ЧС_ГП ЖЭУ №1 Московского р-на г.Минска;06.09.2018;01.03.2024;Отмена записи прибытия-выбытия;;;0;1;0;06.09.2018;;Д*******Ч;Д***Я;А*******А;0;Женский;17.08.1996;;1;Республика Беларусь;;;0;;;;;1;паспорт РБ;паспорт гражданина Республики Беларусь;М*******9;14.09.2018;Московским РУВД г.Минска;;непригодность для использования (обмен);7************3;;;;;;;;;;;;;;"; собственник";;;;4749883;Д*******Ч Д***Я А*******А;;;;;;;;;;1;;;;;0;;;;;;;;;;;;;;;;;;;;;;1;0;
30.09.2026;MN7000;Минск РИЦ;141846;7060990011;377240;377147;7007;ЧС_ГП ЖЭУ № 1 Моск.р-на;ЧС_ГП ЖЭУ №1 Московского р-на г.Минска;01.09.2003;11.05.2007;Отмена записи прибытия-выбытия;;;0;1;0;07.05.2004;11.05.2007;А*********Й;М****М;А********Ч;1;Мужской;21.11.1991;;;;;;0;;;;;;;;;;;;;;;;;;;;;;;;;;;"; внук";;;;;;;;;;;;;11;внук;1;А*********Я Т*****А Н********А;389423;;;0;;;;;;;;;;;;;;;;;;;;;;1;0;
30.09.2026;MN7000;Минск РИЦ;141846;7060990011;5517794;4843385;7007;ЧС_ГП ЖЭУ № 1 Моск.р-на;ЧС_ГП ЖЭУ №1 Московского р-на г.Минска;22.02.2019;;Прибытие-выбытие;1;Регистрация по месту жительства;1;0;0;22.02.2019;;Д*******Ч;Я*А;Н********А;0;Женский;22.01.2008;;1;Республика Беларусь;;;0;;;;;1;паспорт РБ;паспорт гражданина Республики Беларусь;М*******2;06.02.2023;Московским РУВД г.Минска;;утрата (хищение);7************2;;;;;;;;;;;;;;"; дочь";;;;4843353;Д*******Ч Н*****Й Н********Ч;;;;;;0;;6;дочь;1;;;;;0;0;;;;;;;;;;;;;;0;0;0;0;0;2;2;1;0;
30.09.2026;MN7000;Минск РИЦ;580579;7420930011;2980539;2508895;9100411;ЧС_ГП ЖЭУ № 4 Партиз. р-на;"ЧС_ГП ""ЖЭУ № 4 Партизанского района г. Минска""";01.09.2003;30.09.2015;Отмена записи прибытия-выбытия;;;0;1;0;18.02.1960;13.10.2015;Ю*****Ч;Н*****Я;В********А;0;Женский;22.09.1927;;1;Республика Беларусь;3;вдовец (вдова);0;26.09.2015;;;;1;паспорт РБ;паспорт гражданина Республики Беларусь;М*******3;01.07.2003;ПАРТИЗАНСКИМ РУВД Г.МИНСКА;;;4************5;;;;;;;;;;;195;пенс.;;"; собственник";;;;2508895;Ю*****Ч Н*****Я В********А;;;;;;0;;;;1;;;;;0;0;;;;;;;;;;;;;;0;1;0;0;0;1;2;1;0;
30.09.2026;MN7000;Минск РИЦ;580579;7420930011;3029917;2558206;9100411;ЧС_ГП ЖЭУ № 4 Партиз. р-на;"ЧС_ГП ""ЖЭУ № 4 Партизанского района г. Минска""";01.10.2003;31.08.2013;Отмена записи прибытия-выбытия;;;0;1;0;27.04.2007;14.12.2010;Ю*****Ч;А********А;С*******А;0;Женский;26.08.2003;;1;Республика Беларусь;2;никогда не состоял в браке;0;;;;;1;паспорт РБ;паспорт гражданина Республики Беларусь;М*******8;24.04.2007;ПАРТИЗАНСКИМ РУВД Г.МИНСКА;;;6************8;;;;;;;;;;;;;;"; правнучка";;;;;;;;;;;;;34;правнучка;0;Ю*****Ч С****Й В********Ч;2962885;;;0;;1;;;;;;;;;;;;;;;;;;;;1;0;
30.09.2026;MN7000;Минск РИЦ;580579;7420930011;2902999;2431490;9100411;ЧС_ГП ЖЭУ № 4 Партиз. р-на;"ЧС_ГП ""ЖЭУ № 4 Партизанского района г. Минска""";01.10.2003;22.01.2026;Отмена записи прибытия-выбытия;;;0;1;0;17.07.2001;22.01.2026;Ю*****Ч;И***А;В********А;0;Женский;28.07.1985;;1;Республика Беларусь;2;никогда не состоял в браке;0;;;;;1;паспорт РБ;паспорт гражданина Республики Беларусь;М*******0;07.06.2010;ПАРТИЗАНСКИМ РУВД Г.МИНСКА;;;4************1;;;;;;;;;;;190509;"Частное предприятие ""ГНК""";;"; дочь";;;;2492934;Ю*****Ч В*****Й И******Ч;;;;;;;;6;дочь;1;;;;;0;;;;;;;;;;;;;;;;;;;;;;1;0;
30.09.2026;MN7000;Минск РИЦ;580579;7420930011;3031908;2560197;9100411;ЧС_ГП ЖЭУ № 4 Партиз. р-на;"ЧС_ГП ""ЖЭУ № 4 Партизанского района г. Минска""";01.09.2003;31.10.2012;Отмена записи прибытия-выбытия;;;0;1;0;20.03.1953;02.08.2012;Ю*****Ч;И**Н;П******Ч;1;Мужской;05.07.1925;;;;;;0;02.06.2012;;;;;;;;;;;;;;;;;;;;;;;;;;"; бывший собственник";;;;;;;;;;;0;;;;0;;;;;0;0;;;;;;;;;;;;;;0;1;0;0;0;1;2;1;0;
30.09.2026;MN7000;Минск РИЦ;580579;7420930011;2933766;2462162;9100411;ЧС_ГП ЖЭУ № 4 Партиз. р-на;"ЧС_ГП ""ЖЭУ № 4 Партизанского района г. Минска""";21.03.2009;31.08.2013;Отмена записи прибытия-выбытия;;;0;1;0;22.05.2009;14.12.2010;Ю*****Ч;В********А;С*******А;0;Женский;14.01.2009;;1;Республика Беларусь;2;никогда не состоял в браке;0;;;;;1;паспорт РБ;паспорт гражданина Республики Беларусь;М*******9;15.05.2009;ПАРТИЗАНСКИМ РУВД Г.МИНСКА;;;6************3;;;;;;;;;;;;;;"; правнучка";;;;;;;;;;;;;34;правнучка;0;Ю*****Ч С****Й В********Ч;2962885;;;0;;;;;;;;;;;;;;;;;;;;;;1;0;
30.09.2026;MN7000;Минск РИЦ;580579;7420930011;2962885;2491281;9100411;ЧС_ГП ЖЭУ № 4 Партиз. р-на;"ЧС_ГП ""ЖЭУ № 4 Партизанского района г. Минска""";01.10.2003;31.08.2013;Отмена записи прибытия-выбытия;;;0;1;0;06.01.2001;14.12.2010;Ю*****Ч;С****Й;В********Ч;0;Женский;14.09.1976;;1;Республика Беларусь;1;состоит в браке;0;;;;;1;паспорт РБ;паспорт гражданина Республики Беларусь;М*******4;22.02.2002;ПАРТИЗАНСКИМ РУВД Г.МИНСКА;;;3************9;;;;;;;;;;;;;;"; внук";;;;;;;;;;;;;11;внук;0;;;;;0;;;;;;;;;;;;;;;;;;;;;;1;0;
30.09.2026;MN7000;Минск РИЦ;580579;7420930011;2902998;2431489;9100411;ЧС_ГП ЖЭУ № 4 Партиз. р-на;"ЧС_ГП ""ЖЭУ № 4 Партизанского района г. Минска""";01.10.2003;20.01.2016;Отмена записи прибытия-выбытия;;;0;1;0;06.01.2001;20.01.2016;Ю*****Ч;Г****А;В**********А;0;Женский;17.01.1952;;1;Республика Беларусь;1;состоит в браке;0;;;;;1;паспорт РБ;паспорт гражданина Республики Беларусь;М*******8;23.07.2007;ПАРТИЗАНСКИМ РУВД Г.МИНСКА;;;4************2;;;;;;;;;;;195;пенс.;;"; супруга";;;;;;;;;;;;;2;супруга;1;;;;;0;;;;;;;;;;;;;;;;;;;;;;1;0;
30.09.2026;MN7000;Минск РИЦ;580579;7420930011;6236834;5699418;9100411;ЧС_ГП ЖЭУ № 4 Партиз. р-на;"ЧС_ГП ""ЖЭУ № 4 Партизанского района г. Минска""";09.04.2026;;Прибытие-выбытие;2;Регистрация по месту пребывания;1;0;0;09.04.2026;;Ю*****Ч;Г****А;В**********А;0;Женский;17.01.1952;;1;Республика Беларусь;;;0;;ВР. ПО 08.04.2027;;;1;паспорт РБ;паспорт гражданина Республики Беларусь;М*******0;04.05.2016;Минским РУВД Минской области;513;;4************2;;;;;;;;;;;;;;;;;;2492934;Ю*****Ч В*****Й И******Ч;;;;;;0;;2;супруга;1;;;;;0;0;;;;;;;;;;;;;;0;1;0;0;0;1;2;1;0;
30.09.2026;MN7000;Минск РИЦ;815517;8028830298;4047618;3575893;9100556;"ГП ""ЖЭУ № 2 Советского района г. Минска""";"ГП ""ЖЭУ № 2 Советского района г. Минска""";23.12.1980;31.12.2009;Отмена записи прибытия-выбытия;;;0;1;0;23.12.1980;29.12.2009;Ю****Ч;А*******Р;С***********Ч;1;Мужской;29.01.1960;;1;Республика Беларусь;;;0;;;;;1;паспорт РБ;паспорт гражданина Республики Беларусь;М*******3;28.03.2007;СОВЕТСКОЕ РУВД Г.МИНСКА;;;3************3;;;;;;;;;;;9128;СП ВЕСТИНТЕРТРАНС;ВОДИТЕЛЬ;"; сын";;;;;;;;;;;;;5;сын;0;;;;;0;;;;;;;;;;;;;;;;;;;;;;2;0;
30.09.2026;MN7000;Минск РИЦ;815517;8028830298;3831738;3360217;9100556;"ГП ""ЖЭУ № 2 Советского района г. Минска""";"ГП ""ЖЭУ № 2 Советского района г. Минска""";23.11.2015;25.03.2016;Отмена записи прибытия-выбытия;;;0;1;0;;;ИП Ш********А;В*****Я;В********А;0;Женский;01.01.1920;;;;;;0;;;;;;;;;;;;;;;;;;;;;;;;;;;"; наниматель";;;;;;;;;;;;;;;0;;;;;0;;;;;;;;;;;;;;;;;;;;;;2;0;
30.09.2026;MN7000;Минск РИЦ;815517;8028830298;3831739;3360218;9100556;"ГП ""ЖЭУ № 2 Советского района г. Минска""";"ГП ""ЖЭУ № 2 Советского района г. Минска""";23.11.2015;25.03.2016;Отмена записи прибытия-выбытия;;;0;1;0;;;ИП Ш********А;В*****Я;В********А;0;Женский;01.01.1920;;;;;;0;;;;;;;;;;;;;;;;;;;;;;;;;;;"; наниматель";;;;;;;;;;;;;;;0;;;;;0;;;;;;;;;;;;;;;;;;;;;;2;0;
30.09.2026;MN7000;Минск РИЦ;815517;8028830298;3880570;3409045;9100556;"ГП ""ЖЭУ № 2 Советского района г. Минска""";"ГП ""ЖЭУ № 2 Советского района г. Минска""";20.07.2012;23.01.2013;Отмена записи прибытия-выбытия;;;0;1;0;;;Д******К;Л****Ь;С*******А;0;Женский;01.01.1920;;;;;;0;;;;;;;;;;;;;;;;;;;;;;;;;;;"; наниматель";;;;;;;;;;;;;;;0;;;;;0;;;;;;;;;;;;;;;;;;;;;;2;0;
30.09.2026;MN7000;Минск РИЦ;815517;8028830298;5705065;5065314;9100556;"ГП ""ЖЭУ № 2 Советского района г. Минска""";"ГП ""ЖЭУ № 2 Советского района г. Минска""";23.04.2020;;Прибытие-выбытие;1;Регистрация по месту жительства;1;0;0;23.04.2020;;З*******О;А****Я;Д*******А;0;Женский;05.06.2011;;1;Республика Беларусь;;;0;;;;;1;паспорт РБ;паспорт гражданина Республики Беларусь;М*******3;16.07.2025;Советским РУВД г.Минска;708;истечение срока действия (обмен);7************3;;;;;;;;;;;;;;"; дочь";;;;5065310;З*******О Н*****Я А***********А;;;;;;0;;6;дочь;1;;;;;0;0;;;;;;;;;;;;;;2;0;0;0;0;3;3;2;0;
30.09.2026;MN7000;Минск РИЦ;815517;8028830298;3862425;3390900;9100556;"ГП ""ЖЭУ № 2 Советского района г. Минска""";"ГП ""ЖЭУ № 2 Советского района г. Минска""";06.12.2013;09.06.2014;Отмена записи прибытия-выбытия;;;0;1;0;;;ИП   К****К;О***А;В********А;0;Женский;01.01.1920;;;;;;0;;;;;;;;;;;;;;;;;;;;;;;;;;;"; наниматель";;;;;;;;;;;;;;;0;;;;;0;;;;;;;;;;;;;;;;;;;;;;2;0;
30.09.2026;MN7000;Минск РИЦ;815517;8028830298;3835473;3363952;9100556;"ГП ""ЖЭУ № 2 Советского района г. Минска""";"ГП ""ЖЭУ № 2 Советского района г. Минска""";23.02.2015;28.10.2015;Отмена записи прибытия-выбытия;;;0;1;0;;;К****В;А***Н;И******Ч;1;Мужской;14.06.1994;;;;;;0;;;;;;;;;;;;;;;;;;;;;;;;;;;"; наниматель";;;;;;;;;;;;;;;0;;;;;0;;;;;;;;;;;;;;;;;;;;;;2;0;
30.09.2026;MN7000;Минск РИЦ;815517;8028830298;3837331;3365808;9100556;"ГП ""ЖЭУ № 2 Советского района г. Минска""";"ГП ""ЖЭУ № 2 Советского района г. Минска""";28.02.2001;28.02.2015;Отмена записи прибытия-выбытия;;;0;1;0;28.02.2001;25.02.2015;З*******О;Н*****Я;А***********А;0;Женский;14.04.1987;;1;Республика Беларусь;;;0;;;;;1;паспорт РБ;паспорт гражданина Республики Беларусь;М*******8;20.06.2012;СОВ ЕТСКИМ РУВД Г. МИНСКА;;;4************3;;;;;;;;;;;;;;"; собственник";;;;3365808;З*******О Н*****Я А***********А;;;;;;;;;;1;;;;;0;;;;;;;;;;;;;;;;;;;;;;2;0;
30.09.2026;MN7000;Минск РИЦ;815517;8028830298;3849758;3378233;9100556;"ГП ""ЖЭУ № 2 Советского района г. Минска""";"ГП ""ЖЭУ № 2 Советского района г. Минска""";13.02.2014;28.02.2015;Отмена записи прибытия-выбытия;;;0;1;0;17.04.2014;25.02.2015;З*******О;М*****Я;Д*******А;0;Женский;25.01.2014;;1;Республика Беларусь;;;0;;;;;1;паспорт РБ;паспорт гражданина Республики Беларусь;М*******0;16.04.2014;СОВ ЕТСКИМ РУВД Г. МИНСКА;;;7************6;;;;;;;;;;;;;;"; дочь";;;;;;;;;;;;;6;дочь;0;;;;;0;;;;;;;;;;;;;;;;;;;;;;2;0;
30.09.2026;MN7000;Минск РИЦ;815517;8028830298;3856147;3384622;9100556;"ГП ""ЖЭУ № 2 Советского района г. Минска""";"ГП ""ЖЭУ № 2 Советского района г. Минска""";09.06.2014;09.12.2014;Отмена записи прибытия-выбытия;;;0;1;0;;;Т******В;А*******Р;Н*******Ч;1;Мужской;28.10.1946;;;;;;0;;;;;;;;;;;;;;;;;;;;;;;;;;;"; наниматель";;;;;;;;;;;;;;;0;;;;;0;;;;;;;;;;;;;;;;;;;;;;2;0;
30.09.2026;MN7000;Минск РИЦ;815517;8028830298;3886453;3414927;9100556;"ГП ""ЖЭУ № 2 Советского района г. Минска""";"ГП ""ЖЭУ № 2 Советского района г. Минска""";03.07.1962;31.08.2011;Отмена записи прибытия-выбытия;;;0;1;0;03.07.1962;06.09.2011;Ю****Ч;З*****А;М********А;0;Женский;07.11.1929;;1;Республика Беларусь;;;0;20.08.2011;;;;1;паспорт РБ;паспорт гражданина Республики Беларусь;М********2;09.04.2004;СОВЕТСКОЕ РУВД Г.МИНСКА;;;4************0;;;;;;;;;;;;;;"; бывший наниматель";;;;;;;;;;;0;;;;0;;;;;0;0;;;;;;;;;;;;;;2;0;0;0;0;3;3;2;0;
30.09.2026;MN7000;Минск РИЦ;815517;8028830298;3837780;3366257;9100556;"ГП ""ЖЭУ № 2 Советского района г. Минска""";"ГП ""ЖЭУ № 2 Советского района г. Минска""";10.03.2015;09.04.2019;Отмена записи прибытия-выбытия;;;0;1;0;10.03.2015;09.04.2019;З*******О;Д***С;В********Ч;1;Мужской;15.03.1984;;1;Республика Беларусь;;;0;;;;;1;паспорт РБ;паспорт гражданина Республики Беларусь;М*******6;10.10.2017;МОСКОВСКИЙ РУВД Г. МИНСКА;;непригодность для использования (обмен);3************2;;;;;;;;;;;;;;"; супруг";;;;3365808;З*******О Н*****Я А***********А;;;;;;;;1;супруг;1;;;;;0;;;;;;;;;;;;;;;;;;;;;;2;0;
30.09.2026;MN7000;Минск РИЦ;815517;8028830298;3895323;3423797;9100556;"ГП ""ЖЭУ № 2 Советского района г. Минска""";"ГП ""ЖЭУ № 2 Советского района г. Минска""";20.06.2011;28.02.2015;Отмена записи прибытия-выбытия;;;0;1;0;11.03.2013;25.02.2015;З*******О;А****Я;Д*******А;0;Женский;05.06.2011;;1;Республика Беларусь;;;0;;;;;1;паспорт РБ;паспорт гражданина Республики Беларусь;М********8;01.03.2013;СОВ ЕТСКИМ РУВД Г. МИНСКА;;;7************3;;;;;;;;;;;;;;"; дочь";;;;;;;;;;;;;6;дочь;0;;;;;0;;;;;;;;;;;;;;;;;;;;;;2;0;
30.09.2026;MN7000;Минск РИЦ;815517;8028830298;5535745;4867157;9100556;"ГП ""ЖЭУ № 2 Советского района г. Минска""";"ГП ""ЖЭУ № 2 Советского района г. Минска""";16.04.2019;24.07.2019;Отмена записи прибытия-выбытия;;;0;1;0;16.04.2019;24.07.2019;С**********А;О****А;Н********А;0;Женский;15.03.1970;;1;Республика Беларусь;;;0;;;;;1;паспорт РБ;паспорт гражданина Республики Беларусь;М*******1;12.03.2015;Фрунзенским РУВД г.Минска;;;4************8;;;;;;;;;;;;;;"; наниматель";;;;4867157;С**********А О****А Н********А;;;;;;;;;;1;;;;;0;;;;;;;;;;;;;;;;;;;;;;2;0;
30.09.2026;MN7000;Минск РИЦ;815517;8028830298;3818309;3346794;9100556;"ГП ""ЖЭУ № 2 Советского района г. Минска""";"ГП ""ЖЭУ № 2 Советского района г. Минска""";01.06.2016;30.11.2016;Отмена записи прибытия-выбытия;;;0;1;0;;;Ю***К;А*******Я;Н********А;0;Женский;13.05.1994;;;;;;0;;;;;;;;;;;;;;;;;;;;;;;;;;;"; по договоpу";;;;;;;;;;;;;;;0;;;;;0;;;;;;;;;;;;;;;;;;;;;;2;0;
30.09.2026;MN7000;Минск РИЦ;815517;8028830298;3863820;3392295;9100556;"ГП ""ЖЭУ № 2 Советского района г. Минска""";"ГП ""ЖЭУ № 2 Советского района г. Минска""";25.01.2013;28.11.2013;Отмена записи прибытия-выбытия;;;0;1;0;;;ИП И****В;В******Р;А***********Ч;1;Мужской;01.01.1920;;;;;;0;;;;;;;;;;;;;;;;;;;;;;;;;;;"; наниматель";;;;;;;;;;;;;;;0;;;;;0;;;;;;;;;;;;;;;;;;;;;;2;0;
30.09.2026;MN7000;Минск РИЦ;815517;8028830298;5583207;4923842;9100556;"ГП ""ЖЭУ № 2 Советского района г. Минска""";"ГП ""ЖЭУ № 2 Советского района г. Минска""";30.07.2019;15.05.2020;Отмена записи прибытия-выбытия;;;0;1;0;30.07.2019;15.05.2020;С**********А;О****А;Н********А;0;Женский;15.03.1970;;1;Республика Беларусь;;;0;;;;;1;паспорт РБ;паспорт гражданина Республики Беларусь;М*******1;12.03.2015;Фрунзенским РУВД г.Минска;;израсходование листов, предназначенных для отметок (обмен);4************8;;;;;;;;;;;;;;"; наниматель";;;;4923842;С**********А О****А Н********А;;;;;;;;;;1;;;;;0;;;;;;;;;;;;;;;;;;;;;;2;0;
30.09.2026;MN7000;Минск РИЦ;815517;8028830298;5943236;5337786;9100556;"ГП ""ЖЭУ № 2 Советского района г. Минска""";"ГП ""ЖЭУ № 2 Советского района г. Минска""";28.12.2021;14.06.2022;;;;0;1;0;;;"О*О ""****Р И*******""";;;;-;;;;;;;0;;;;;1;паспорт РБ;паспорт гражданина Республики Беларусь;;;;;;;;;;;;;;;;;;;;;;;;5337786;"О*О ""****Р И*******""";;;;;;;;80;без родственных отношений;0;;;;;0;;;;;;;;;;;;;;;;;;;;;;2;0;
30.09.2026;MN7000;Минск РИЦ;815517;8028830298;6019016;5428918;9100556;"ГП ""ЖЭУ № 2 Советского района г. Минска""";"ГП ""ЖЭУ № 2 Советского района г. Минска""";01.07.2022;01.07.2024;;;;0;1;0;;;ИП Л******Й;Е*****Й;Б*******Ч;1;Мужской;;;;;;;0;;;;;1;паспорт РБ;паспорт гражданина Республики Беларусь;;;;;;;;;;;;;;;;;;;;;;;;5428918;ИП Л******Й Е*****Й Б*******Ч;;;;;;;;80;без родственных отношений;1;;;;;0;;;;;;;;;;;;;;;;;;;;;;2;0;
30.09.2026;MN7000;Минск РИЦ;815517;8028830298;4819308;4126712;9100556;"ГП ""ЖЭУ № 2 Советского района г. Минска""";"ГП ""ЖЭУ № 2 Советского района г. Минска""";02.12.2016;01.06.2017;Отмена записи прибытия-выбытия;;;0;1;0;;;Ю***К;А*******Я;Н********А;0;Женский;13.05.1994;;;;;;0;;;;;1;паспорт РБ;паспорт гражданина Республики Беларусь;;;;;;;;;;;;;;;;;;;;"; по договоpу";;;;;;;;;;;;;;;0;;;;;0;;;;;;;;;;;;;;;;;;;;;;2;0;
30.09.2026;MN7000;Минск РИЦ;815517;8028830298;5705066;5065318;9100556;"ГП ""ЖЭУ № 2 Советского района г. Минска""";"ГП ""ЖЭУ № 2 Советского района г. Минска""";23.04.2020;;Прибытие-выбытие;1;Регистрация по месту жительства;1;0;0;23.04.2020;;З*******О;М*****Я;Д*******А;0;Женский;25.01.2014;;1;Республика Беларусь;;;0;;;;;1;паспорт РБ;паспорт гражданина Республики Беларусь;М*******0;18.08.2023;Советским РУВД г.Минска;708;истечение срока действия (обмен);7************6;;;;;;;;;;;;;;"; дочь";;;;5065310;З*******О Н*****Я А***********А;;;;;;0;;6;дочь;1;;;;;0;0;;;;;;;;;;;;;;2;0;0;0;0;3;3;2;0;
30.09.2026;MN7000;Минск РИЦ;815517;8028830298;6315664;5801326;9100556;"ГП ""ЖЭУ № 2 Советского района г. Минска""";"ГП ""ЖЭУ № 2 Советского района г. Минска""";;;;;;0;0;0;;;ИП Л******Й Е*****Й Б*******Ч;;;;-;;;;;;;1;;;;;1;паспорт РБ;паспорт гражданина Республики Беларусь;;;;;;;;;;;;;;;;;;;;;;;;;;;;;;;;;;;;;;;;0;;;;;;;;;270;ЗАО 'Альфа-Банк';ЗАО «Альфа-Банк»;193518168;BY20ALFA30132776580010270000;;;;;;;;;2;0;
30.09.2026;MN7000;Минск РИЦ;1021202;7471490001;6325903;5814716;9100411;ЧС_ГП ЖЭУ № 4 Партиз. р-на;"ЧС_ГП ""ЖЭУ № 4 Партизанского района г. Минска""";28.12.2007;;Прибытие-выбытие;1;Регистрация по месту жительства;1;0;0;28.12.2007;;К******А;Е*****Я;А***********А;0;Женский;19.08.2005;;1;Республика Беларусь;;;0;;;;;1;паспорт РБ;паспорт гражданина Республики Беларусь;М*******7;06.11.2019;Партизанским РУВД г.Минска;706;;6************3;;;;;;;;;;;;;;;;;;5812790;С*******Ч Ю**Я В**********А;;;;;;0;;6;дочь;1;;;;;0;0;1;;;;;;;;;;;;;0;0;0;0;0;2;2;1;0;
30.09.2026;MN7000;Минск РИЦ;183962;7034090598;501063;500963;7003;"ГП ""ЖЭУ № 3 Московского района г. Минска""";"ГП ""ЖЭУ № 3 Московского района г. Минска""";12.06.1992;;Прибытие-выбытие;1;Регистрация по месту жительства;1;0;0;16.04.2008;;Л***О;К******А;Ю*****А;0;Женский;08.12.1991;;1;Республика Беларусь;;;0;;;;;1;паспорт РБ;паспорт гражданина Республики Беларусь;М*******4;16.01.2017;МОСКОВСКОЕ РУВД Г.МИНСКА;;истечение срока действия (обмен);4************1;;;;;;;;;;;15947;"ОАО ""СЛУЦКИЙ САХАРОРАФИНАДНЫЙ КОМБИНАТ""";;"; дочь";;;;500962;Л***О Э*****А В**********А;;;;;;0;;6;дочь;1;;;;;0;0;;;;;;;;;;;;;;1;0;0;0;0;3;3;1;0;
30.09.2026;MN7000;Минск РИЦ;183962;7034090598;4799141;4113664;7003;"ГП ""ЖЭУ № 3 Московского района г. Минска""";"ГП ""ЖЭУ № 3 Московского района г. Минска""";03.12.2016;;Прибытие-выбытие;1;Регистрация по месту жительства;1;0;0;;;Л***О;С*******В;А*******Ч;;-;23.11.2016;;;;;;0;;;;;1;паспорт РБ;паспорт гражданина Республики Беларусь;;;;;;;;;;;;;;;;;;;;"; внук";;;;500962;Л***О Э*****А В**********А;;;;;;0;;11;внук;1;Л***О К******А Ю*****А;501063;;;0;0;;;;;;;;;;;;;;1;0;0;0;0;3;3;1;0;
30.09.2026;MN7000;Минск РИЦ;1008768;6464030237;6173357;5619524;70001397;ТС/ЖСК/ЖСПК Заводского р-на;ТС/ЖСК/ЖСПК Заводского р-на;10.08.2023;12.07.2024;Отмена записи прибытия-выбытия;;;0;1;0;03.10.2023;12.07.2024;А****В;Д*********И;;1;Мужской;14.12.1996;;228;Туркменистан;;;0;;;;;31;биометрический вид на жительство в РБ иностранного гражданина;биометрический вид на жительство в Республике Беларусь иностранного гражданина;I*******0;08.07.2023;Столбцовским РОВД Минской области;521;истечение срока действия (обмен);7************3;;;;;;;;;;;;;;;;;;5619524;А****В Д*********И;;;;;;;;;;1;;;;;0;;;;;;;;;;;;;;;;;;;;;;1;0;
30.09.2026;MN7000;Минск РИЦ;582047;7420300011;2921052;2449448;9100411;ЧС_ГП ЖЭУ № 4 Партиз. р-на;"ЧС_ГП ""ЖЭУ № 4 Партизанского района г. Минска""";01.03.2011;31.03.2016;Отмена записи прибытия-выбытия;;;0;1;0;;;В*******О;М***Н;О******Ч;1;Мужской;02.11.1997;;1;Республика Беларусь;;;0;;;;;;;;;;;;;;;;;;;;;;;;;;;"; сын";;;;;;;;;;;;;5;сын;0;;;;;0;;;;;;;;;;;;;;;;;;;;;;1;0;
30.09.2026;MN7000;Минск РИЦ;582047;7420300011;2965219;2493615;9100411;ЧС_ГП ЖЭУ № 4 Партиз. р-на;"ЧС_ГП ""ЖЭУ № 4 Партизанского района г. Минска""";01.09.2003;31.07.2004;Отмена записи прибытия-выбытия;;;0;1;0;;;В*******О;Е***А;Н********А;0;Женский;21.11.1979;;;;;;0;;;;;;;;;;;;;;;;;;;;;;;;;;;"; бывший собственник";;;;;;;;;;;;;;;0;;;;;0;;;;;;;;;;;;;;;;;;;;;;1;0;
30.09.2026;MN7000;Минск РИЦ;582047;7420300011;2902646;2431137;9100411;ЧС_ГП ЖЭУ № 4 Партиз. р-на;"ЧС_ГП ""ЖЭУ № 4 Партизанского района г. Минска""";01.03.2011;09.12.2014;Отмена записи прибытия-выбытия;;;0;1;0;24.04.2013;09.12.2014;В*******О;Н*****Й;О******Ч;1;Мужской;03.01.2005;;1;Республика Беларусь;;;0;;;;;1;паспорт РБ;паспорт гражданина Республики Беларусь;М*******9;20.04.2013;ПАРТИЗАНСКИМ РУВД Г.МИНСКА;;;7************0;;;;;;;;;;;;;;"; сын";;;;;;;;;;;;;5;сын;0;;;;;0;;1;;;;;;;;;;;;;;;;;;;;1;0;
30.09.2026;MN7000;Минск РИЦ;582047;7420300011;2906557;2435046;9100411;ЧС_ГП ЖЭУ № 4 Партиз. р-на;"ЧС_ГП ""ЖЭУ № 4 Партизанского района г. Минска""";01.03.2011;29.12.2016;Отмена записи прибытия-выбытия;;;0;1;0;08.06.2011;29.12.2016;В*******О;И**Н;О******Ч;1;Мужской;23.11.1998;;1;Республика Беларусь;;;0;;;;;1;паспорт РБ;паспорт гражданина Республики Беларусь;М*******7;23.04.2015;ПАРТИЗАНСКОЕ РУВД Г.МИНСКА;;;3************0;;;;;;;;;;;;;;"; сын";;;;2435759;В******А А******А Н********А;;;;;;;;5;сын;1;;;;;0;;1;;;;;;;;;;;;;;;;;;;;1;0;
30.09.2026;MN7000;Минск РИЦ;582047;7420300011;3002260;2530579;9100411;ЧС_ГП ЖЭУ № 4 Партиз. р-на;"ЧС_ГП ""ЖЭУ № 4 Партизанского района г. Минска""";01.09.2003;31.07.2004;Отмена записи прибытия-выбытия;;;0;1;0;;;П***О;;;1;Мужской;;;;;;;0;;;;;;;;;;;;;;;;;;;;;;;;;;;"; пусто";;;;;;;;;;;;;;;0;;;;;0;;;;;;;;;;;;;;;;;;;;;;1;0;
30.09.2026;MN7000;Минск РИЦ;582047;7420300011;3032332;2560621;9100411;ЧС_ГП ЖЭУ № 4 Партиз. р-на;"ЧС_ГП ""ЖЭУ № 4 Партизанского района г. Минска""";01.09.2003;31.07.2004;Отмена записи прибытия-выбытия;;;0;1;0;;;П***О;;;1;Мужской;;;;;;;0;;;;;;;;;;;;;;;;;;;;;;;;;;;"; пусто";;;;;;;;;;;;;;;0;;;;;0;;;;;;;;;;;;;;;;;;;;;;1;0;
30.09.2026;MN7000;Минск РИЦ;582047;7420300011;2871032;2399549;9100411;ЧС_ГП ЖЭУ № 4 Партиз. р-на;"ЧС_ГП ""ЖЭУ № 4 Партизанского района г. Минска""";26.04.2016;26.01.2022;Отмена записи прибытия-выбытия;;;0;1;0;;;К********Я;Я****А;М*******А;0;Женский;07.07.2013;;;;;;0;;;;;;;;;;;;;;;;;;;;;;;;;;;"; внучка";;;;2435759;В******А А******А Н********А;;;;;;;;12;внучка;1;К********Я Т****А И******А;2871030;;;0;;;;;;;;;;;;;;;;;;;;;;1;0;
30.09.2026;MN7000;Минск РИЦ;582047;7420300011;2903870;2432360;9100411;ЧС_ГП ЖЭУ № 4 Партиз. р-на;"ЧС_ГП ""ЖЭУ № 4 Партизанского района г. Минска""";03.10.2012;09.12.2014;Отмена записи прибытия-выбытия;;;0;1;0;02.05.2013;09.12.2014;В*******О;А****А;О******А;0;Женский;15.07.2012;;1;Республика Беларусь;;;0;;;;;1;паспорт РБ;паспорт гражданина Республики Беларусь;М*******8;29.04.2013;ПАРТИЗАНСКИМ РУВД Г.МИНСКА;;;7************7;;;;;;;;;;;;;;"; дочь";;;;;;;;;;;;;6;дочь;0;;;;;0;;;;;;;;;;;;;;;;;;;;;;1;0;
30.09.2026;MN7000;Минск РИЦ;582047;7420300011;2906214;2434703;9100411;ЧС_ГП ЖЭУ № 4 Партиз. р-на;"ЧС_ГП ""ЖЭУ № 4 Партизанского района г. Минска""";01.03.2011;09.12.2014;Отмена записи прибытия-выбытия;;;0;1;0;25.11.2008;09.12.2014;В*******О;О**Г;Н********Ч;1;Мужской;28.11.1977;;1;Республика Беларусь;;;0;;;;;1;паспорт РБ;паспорт гражданина Республики Беларусь;М*******1;29.09.2014;ПАРТИЗАНСКИМ РУВД Г.МИНСКА;;;3************0;;;;;;;;;;;;;;"; супруг";;;;;;;;;;;;;1;супруг;0;;;;;0;;;;;;;;;;;;;;;;;;;;;;1;0;
30.09.2026;MN7000;Минск РИЦ;582047;7420300011;2914822;2443286;9100411;ЧС_ГП ЖЭУ № 4 Партиз. р-на;"ЧС_ГП ""ЖЭУ № 4 Партизанского района г. Минска""";01.09.2003;31.07.2004;Отмена записи прибытия-выбытия;;;0;1;0;;;П***О;;;1;Мужской;;;;;;;0;;;;;;;;;;;;;;;;;;;;;;;;;;;"; пусто";;;;;;;;;;;;;;;0;;;;;0;;;;;;;;;;;;;;;;;;;;;;1;0;
30.09.2026;MN7000;Минск РИЦ;582047;7420300011;3002261;2530580;9100411;ЧС_ГП ЖЭУ № 4 Партиз. р-на;"ЧС_ГП ""ЖЭУ № 4 Партизанского района г. Минска""";01.09.2003;31.07.2004;Отмена записи прибытия-выбытия;;;0;1;0;;;П***О;;;1;Мужской;;;;;;;0;;;;;;;;;;;;;;;;;;;;;;;;;;;"; пусто";;;;;;;;;;;;;;;0;;;;;0;;;;;;;;;;;;;;;;;;;;;;1;0;
30.09.2026;MN7000;Минск РИЦ;582047;7420300011;2871033;2399550;9100411;ЧС_ГП ЖЭУ № 4 Партиз. р-на;"ЧС_ГП ""ЖЭУ № 4 Партизанского района г. Минска""";26.04.2016;26.01.2022;Отмена записи прибытия-выбытия;;;0;1;0;;;К********Й;О**Г;М*******Ч;1;Мужской;01.08.2015;;;;;;0;;;;;;;;;;;;;;;;;;;;;;;;30735;иждивенец;;"; внук";;;;2435759;В******А А******А Н********А;;;;;;;;11;внук;1;К********Я Т****А И******А;2871030;;;0;;;;;;;;;;;;;;;;;;;;;;1;0;
30.09.2026;MN7000;Минск РИЦ;582047;7420300011;2980347;2508703;9100411;ЧС_ГП ЖЭУ № 4 Партиз. р-на;"ЧС_ГП ""ЖЭУ № 4 Партизанского района г. Минска""";01.09.2003;31.07.2004;Отмена записи прибытия-выбытия;;;0;1;0;;;П***О;;;1;Мужской;;;;;;;0;;;;;;;;;;;;;;;;;;;;;;;;;;;"; пусто";;;;;;;;;;;;;;;0;;;;;0;;;;;;;;;;;;;;;;;;;;;;1;0;
30.09.2026;MN7000;Минск РИЦ;582047;7420300011;2871243;2399760;9100411;ЧС_ГП ЖЭУ № 4 Партиз. р-на;"ЧС_ГП ""ЖЭУ № 4 Партизанского района г. Минска""";22.04.2016;20.02.2024;Отмена записи прибытия-выбытия;;;0;1;0;22.04.2016;20.02.2024;В*******О;М***Н;О******Ч;1;Мужской;02.11.1997;;1;Республика Беларусь;1;состоит в браке;0;;;;;1;паспорт РБ;паспорт гражданина Республики Беларусь;M*******1;12.01.2024;Партизанским РУВД г.Минска;706;истечение срока действия (обмен);3************2;;;;;;;;;;;714;не работает;;"; сын";;;;2435759;В******А А******А Н********А;;;;;;;;5;сын;1;;;;;0;;1;;;;;;;;;;;;;;;;;;;;1;0;
30.09.2026;MN7000;Минск РИЦ;582047;7420300011;2871030;2399547;9100411;ЧС_ГП ЖЭУ № 4 Партиз. р-на;"ЧС_ГП ""ЖЭУ № 4 Партизанского района г. Минска""";26.04.2016;26.01.2022;Отмена записи прибытия-выбытия;;;0;1;0;26.04.2016;26.01.2022;К********Я;Т****А;И******А;0;Женский;07.05.1996;;1;Республика Беларусь;1;состоит в браке;0;;;;;1;паспорт РБ;паспорт гражданина Республики Беларусь;Н*******1;03.04.2013;ЖЛОБИНСКИЙ РОВД ГОМЕЛЬСКОЙ ОБЛ.;;;7************8;;;;;;;;;;;714;не работает;;"; супруга сына";;;;2435759;В******А А******А Н********А;;;;;;;;65;невестка (супруга сына);1;;;;;0;;;;;;;;;;;;;;;;;;;;;;1;0;
30.09.2026;MN7000;Минск РИЦ;582047;7420300011;2965220;2493616;9100411;ЧС_ГП ЖЭУ № 4 Партиз. р-на;"ЧС_ГП ""ЖЭУ № 4 Партизанского района г. Минска""";01.09.2003;31.07.2004;Отмена записи прибытия-выбытия;;;0;1;0;;;П***О;;;1;Мужской;;;;;;;0;;;;;;;;;;;;;;;;;;;;;;;;;;;"; пусто";;;;;;;;;;;;;;;0;;;;;0;;;;;;;;;;;;;;;;;;;;;;1;0;
30.09.2026;MN7000;Минск РИЦ;582047;7420300011;2980346;2508702;9100411;ЧС_ГП ЖЭУ № 4 Партиз. р-на;"ЧС_ГП ""ЖЭУ № 4 Партизанского района г. Минска""";01.09.2003;31.07.2004;Отмена записи прибытия-выбытия;;;0;1;0;;;П***О;;;1;Мужской;;;;;;;0;;;;;;;;;;;;;;;;;;;;;;;;;;;"; пусто";;;;;;;;;;;;;;;0;;;;;0;;;;;;;;;;;;;;;;;;;;;;1;0;
30.09.2026;MN7000;Минск РИЦ;232534;8460201526;1192805;733917;70002654;"ГП ""ЖЭУ № 1 Фрунзенского района г. Минска"" (реорганизация ГП ЖЭУ №2)";"ГП ""ЖЭУ № 1 Фрунзенского района г. Минска"" (реорганизация ГП ЖЭУ №2)";28.03.1985;27.05.2013;Отмена записи прибытия-выбытия;;;0;1;0;28.03.1985;27.05.2013;В******В;И***Ь;И******Ч;1;Мужской;28.03.1949;;1;Республика Беларусь;;;0;;;;;1;паспорт РБ;паспорт гражданина Республики Беларусь;М*******6;21.01.2002;ФРУНЗЕНСКОЕ РУВД Г.МИНСКА;;;3************4;;;;;;;;;;;;;;"; супруг";;;;;;;;;;;;;1;супруг;0;;;;;0;;;;;;;;;;;;;;;;;;;;;;1;0;
30.09.2026;MN7000;Минск РИЦ;232534;8460201526;1192806;594008;70002654;"ГП ""ЖЭУ № 1 Фрунзенского района г. Минска"" (реорганизация ГП ЖЭУ №2)";"ГП ""ЖЭУ № 1 Фрунзенского района г. Минска"" (реорганизация ГП ЖЭУ №2)";;;;;;0;0;0;;;В*******А;О***А;А***********А;0;Женский;19.02.1958;;;;;;0;;;;;;;;;;;;;;;;;;;;;;;;;;;;;;;;;;;;;;;;;;;;;;;0;;;;;;;;;;;;;;;;;;;;;;1;0;
30.09.2026;MN7000;Минск РИЦ;232534;8460201526;1192807;594010;70002654;"ГП ""ЖЭУ № 1 Фрунзенского района г. Минска"" (реорганизация ГП ЖЭУ №2)";"ГП ""ЖЭУ № 1 Фрунзенского района г. Минска"" (реорганизация ГП ЖЭУ №2)";10.10.2014;05.12.2019;Отмена записи прибытия-выбытия;;;0;1;0;10.10.2014;05.12.2019;В*******А;А********А;И******А;0;Женский;27.05.1987;;1;Республика Беларусь;;;0;;;;;1;паспорт РБ;паспорт гражданина Республики Беларусь;М*******8;10.08.2012;ПЕРВОМАЙСКИМ РУВД Г.МИНСКА;;;4************5;;;;;;;;;;;52567;"ОАО ""АГАТ СИСТЕМА УПРАВЛЕНИЯ"",";ИНЖЕНЕР-КОНСТРУКТОР;"; дочь бывшего собственника";;;;594008;В*******А О***А А***********А;;;;;;;;6;дочь;1;;;;;0;;;;;;;;;;;;;;;;;;;;;;1;0;
30.09.2026;MN7000;Минск РИЦ;547226;7215190851;2634626;2163065;70002699;"ГП ""ЖЭУ № 4 Октябрьского района г. Минска"" (реорганизация ГП ЖЭУ № 3)";"ГП ""ЖЭУ № 4 Октябрьского района г. Минска"" (реорганизация ГП ЖЭУ № 3)";23.11.2015;22.11.2016;Отмена записи прибытия-выбытия;;;0;1;0;;;Я********Я;М***Я;Ю*****А;0;Женский;13.04.1994;;;;;;0;;;;;;;;;;;;;;;;;;;;;;;;;;;"; наниматель";;;;;;;;;;;;;;;0;;;;;0;;;;;;;;;;;;;;;;;;;;;;1;0;
30.09.2026;MN7000;Минск РИЦ;547226;7215190851;2649155;2177541;70002699;"ГП ""ЖЭУ № 4 Октябрьского района г. Минска"" (реорганизация ГП ЖЭУ № 3)";"ГП ""ЖЭУ № 4 Октябрьского района г. Минска"" (реорганизация ГП ЖЭУ № 3)";11.11.2014;10.11.2015;Отмена записи прибытия-выбытия;;;0;1;0;;;П*****К;М****М;И******Ч;1;Мужской;07.04.1987;;;;;;0;;;;;;;;;;;;;;;;;;;;;;;;;;;"; наниматель";;;;;;;;;;;;;;;0;;;;;0;;;;;;;;;;;;;;;;;;;;;;1;0;
30.09.2026;MN7000;Минск РИЦ;547226;7215190851;2673916;2202251;70002699;"ГП ""ЖЭУ № 4 Октябрьского района г. Минска"" (реорганизация ГП ЖЭУ № 3)";"ГП ""ЖЭУ № 4 Октябрьского района г. Минска"" (реорганизация ГП ЖЭУ № 3)";13.02.2012;13.02.2013;Отмена записи прибытия-выбытия;;;0;1;0;;;Н******Я;Г*****А;И******А;0;Женский;07.09.1990;;;;;;0;;;;;;;;;;;;;;;;;;;;;;;;;;;"; наниматель";;;;;;;;;;;;;;;0;;;;;0;;;;;;;;;;;;;;;;;;;;;;1;0;
30.09.2026;MN7000;Минск РИЦ;814107;8028660152;6274096;5747841;9100556;"ГП ""ЖЭУ № 2 Советского района г. Минска""";"ГП ""ЖЭУ № 2 Советского района г. Минска""";13.04.2024;11.06.2024;Отмена записи прибытия-выбытия;;;0;1;0;16.04.2024;11.06.2024;Б*****Ь;Н****А;А*********Ч;1;Мужской;29.12.1995;;1;Республика Беларусь;;;0;;;;;1;паспорт РБ;паспорт гражданина Республики Беларусь;M*******8;10.10.2023;Солигорским РОВД Минской области;522;;7************9;;;;;;;;;;;;;;;;;;5747841;Б*****Ь Н****А А*********Ч;;;;;;;;80;без родственных отношений;1;;;;;0;;;;;;;;;;;;;;;;;;;;;;1;0;
30.09.2026;MN7000;Минск РИЦ;814107;8028660152;5810015;5185555;9100556;"ГП ""ЖЭУ № 2 Советского района г. Минска""";"ГП ""ЖЭУ № 2 Советского района г. Минска""";;;;;;0;0;0;;;Д*********Я;И***А;С*******А;0;Женский;19.09.1960;;;;;;0;;;;;1;паспорт РБ;паспорт гражданина Республики Беларусь;;;;;;;;;;;;;;;;;;;;;;;;;;;;;;;;;;;;;;;;0;;;;;;;;;;;;;;;;;;;;;;1;0;
30.09.2026;MN7000;Минск РИЦ;814107;8028660152;6551689;6168228;9100556;"ГП ""ЖЭУ № 2 Советского района г. Минска""";"ГП ""ЖЭУ № 2 Советского района г. Минска""";11.02.2026;;Прибытие-выбытие;1;Регистрация по месту жительства;1;0;0;11.02.2026;;М*****О;С****Й;С*******Ч;1;Мужской;03.01.2026;;1;Республика Беларусь;;;0;;;;;5;свидетельство о рождении РБ;cвидетельство о рождении – для граждан Республики Беларусь, не достигших четырнадцатилетнего возраста и не имеющих паспортов граждан Республики Беларусь;;;;;;7************0;;;;;;;;;;;;;;;;;;5508717;М*****О С****Й М********Ч;;;;;;0;;5;сын;1;;;;;0;0;;;;;;;;;;;;;;1;0;0;0;0;3;3;1;0;
30.09.2026;MN7000;Минск РИЦ;814107;8028660152;6487890;6050497;9100556;"ГП ""ЖЭУ № 2 Советского района г. Минска""";"ГП ""ЖЭУ № 2 Советского района г. Минска""";09.09.2025;;Прибытие-выбытие;1;Регистрация по месту жительства;1;0;0;09.09.2025;;М*****О;Е*******А;И******А;0;Женский;31.10.1985;;1;Республика Беларусь;;;0;;;;;1;паспорт РБ;паспорт гражданина Республики Беларусь;M*******4;29.07.2024;Слуцким РОВД Минской области;518;истечение срока действия (обмен);4************4;;;;;;;;;;;;;;;;;;5508717;М*****О С****Й М********Ч;;;;;;0;;2;супруга;1;;;;;0;0;;;;;;;;;;;;;;1;0;0;0;0;3;3;1;0;
30.09.2026;MN7000;Минск РИЦ;814107;8028660152;3950601;3478952;9100556;"ГП ""ЖЭУ № 2 Советского района г. Минска""";"ГП ""ЖЭУ № 2 Советского района г. Минска""";23.05.1986;19.07.2020;Отмена записи прибытия-выбытия;;;0;1;0;23.05.1986;04.08.2020;П**********А;Г****А;И*******А;0;Женский;16.04.1938;;1;Республика Беларусь;;;0;19.07.2020;;40;одиноко проживающие пенсионеры;1;паспорт РБ;паспорт гражданина Республики Беларусь;М*******5;02.12.2002;СОВЕТСКОЕ РУВД Г.МИНСКА;;;4************5;;;;;;;;;;;;;;"; собственник";;;;3478952;П**********А Г****А И*******А;;;;;;0;;;;1;;;;;0;0;;;;;;;;;;;;;;1;0;0;0;0;3;3;1;0;
30.09.2026;MN7000;Минск РИЦ;814107;8028660152;5810057;5185560;9100556;"ГП ""ЖЭУ № 2 Советского района г. Минска""";"ГП ""ЖЭУ № 2 Советского района г. Минска""";;;;;;0;0;0;;;П*********Н;А*******Р;С*******Ч;1;Мужской;22.12.1957;;;;;;0;;;;;1;паспорт РБ;паспорт гражданина Республики Беларусь;;;;;;;;;;;;;;;;;;;;;;;;;;;;;;;;;;;;;;;;0;;;;;;;;;;;;;;;;;;;;;;1;0;
30.09.2026;MN7000;Минск РИЦ;745760;7671720399;3701333;3229763;9100496;ГП ЖЭУ № 1 Первом. р-на;"ГП ""ЖЭУ № 1 Первомайского района г. Минска""";14.11.2012;;Прибытие-выбытие;1;Регистрация по месту жительства;1;0;0;;;Б****А;В******Я;В********А;0;Женский;05.11.2012;;;;;;0;;Поставлена КДН №30 от 23.10.2025;;;1;паспорт РБ;паспорт гражданина Республики Беларусь;;;;;;0;;;;;;;;;;;;;;"; дочь";;;;3170556;Б****А А**А А*******А;;;;;;0;;6;дочь;1;Б****А А**А А*******А;3642067;;;0;0;;;;;;;;;;;;;;1;0;0;0;0;2;2;1;0;
30.09.2026;MN7000;Минск РИЦ;745760;7671720399;3585124;3113636;9100496;ГП ЖЭУ № 1 Первом. р-на;"ГП ""ЖЭУ № 1 Первомайского района г. Минска""";30.06.2000;28.07.2021;Отмена записи прибытия-выбытия;;;0;1;0;30.06.2000;28.07.2021;Б***Н;Д***С;А***********Ч;1;Мужской;16.06.1997;;1;Республика Беларусь;;;0;;;;;1;паспорт РБ;паспорт гражданина Республики Беларусь;М*******2;20.05.2013;ПЕРВОМАЙСКИМ РУВД Г. МИНСКА;;;3************5;;;;;;;;;;;6354;СШ № 30;;"; сын";;;;3170556;Б****А А**А А*******А;;;;;;;;5;сын;1;;;;;0;;;;;;;;;;;;;;;;;;;;;;1;0;
30.09.2026;MN7000;Минск РИЦ;365553;6458840111;2158059;1686593;9100235;"ГП ""ЖЭУ № 4 Заводского района г. Минска""";"ГП ""ЖЭУ № 4 Заводского района г. Минска""";11.10.2013;;Прибытие-выбытие;1;Регистрация по месту жительства;1;0;0;23.07.2014;;Б*******Я;М***Я;К************А;0;Женский;07.09.2013;;1;Республика Беларусь;2;никогда не состоял в браке;0;;;;;1;паспорт РБ;паспорт гражданина Республики Беларусь;М*******6;26.06.2026;ЗАВОДСКИМ РУВД Г.МИНСКА;;истечение срока действия (обмен);7************6;;;;;;;;;;;120630;НА ВОСПИТ ДОМА;;"; дочь";;80293335588;;1686590;Б*******Я М****А А***********А;;;;;;0;;6;дочь;1;;;;;0;0;;;;;;;;;;;;;;2;0;0;0;0;4;4;1;1;
30.09.2026;MN7000;Минск РИЦ;365553;6458840111;2158058;1686592;9100235;"ГП ""ЖЭУ № 4 Заводского района г. Минска""";"ГП ""ЖЭУ № 4 Заводского района г. Минска""";11.10.2013;;Прибытие-выбытие;1;Регистрация по месту жительства;1;0;0;23.07.2014;;Б*******Й;Е*****Й;К************Ч;1;Мужской;22.02.2009;;1;Республика Беларусь;2;никогда не состоял в браке;0;;80293533798;;;1;паспорт РБ;паспорт гражданина Республики Беларусь;М*******2;17.02.2023;ЗАВОДСКИМ РУВД Г.МИНСКА;;истечение срока действия (обмен);7************5;;;;;;;;;;;6413;СШ №200;;"; сын";;;;1686590;Б*******Я М****А А***********А;;;;;;0;;5;сын;1;;;;;0;0;;;;;;;;;;;;;;2;0;0;0;0;4;4;1;1;
30.09.2026;MN7000;Минск РИЦ;365553;6458840111;2158057;1686591;9100235;"ГП ""ЖЭУ № 4 Заводского района г. Минска""";"ГП ""ЖЭУ № 4 Заводского района г. Минска""";11.10.2013;;Прибытие-выбытие;1;Регистрация по месту жительства;1;0;0;11.10.2013;;Б*******Й;К********Н;И******Ч;1;Мужской;11.04.1984;;1;Республика Беларусь;1;состоит в браке;0;;;;;1;паспорт РБ;паспорт гражданина Республики Беларусь;М*******0;30.04.2009;ЛЕНИНСК, РУВД  МИНСКА;;;3************6;;;;;;;;;;;133472;Ханс Корс;продавец-консультант;"; супруг";;;;1686590;Б*******Я М****А А***********А;;;;;;0;;1;супруг;1;;;;;0;0;;;;;;;;;;;;;;2;0;0;0;0;4;4;1;1;
30.09.2026;MN7000;Минск РИЦ;579551;7413410021;2910213;2438702;9100411;ЧС_ГП ЖЭУ № 4 Партиз. р-на;"ЧС_ГП ""ЖЭУ № 4 Партизанского района г. Минска""";31.07.2011;10.12.2015;Отмена записи прибытия-выбытия;;;0;1;0;21.01.2006;10.12.2015;С*****В;В****Р;Г*******Ч;1;Мужской;06.03.1982;;1;Республика Беларусь;;;0;;;;;1;паспорт РБ;паспорт гражданина Республики Беларусь;М*******9;07.07.2015;ПАРТИЗАНСКОЕ РУВД Г.МИНСКА;;;3************2;;;;;;;;;;;;;;"; наниматель";;;;2438702;С*****В В****Р Г*******Ч;;;;;;;;;;0;;;;;0;;1;;;;;;;;;;;;;;;;;;;;1;1;
30.09.2026;MN7000;Минск РИЦ;579551;7413410021;3004529;2532848;9100411;ЧС_ГП ЖЭУ № 4 Партиз. р-на;"ЧС_ГП ""ЖЭУ № 4 Партизанского района г. Минска""";01.06.2007;31.07.2010;Отмена записи прибытия-выбытия;;;0;1;0;30.08.2005;10.07.2007;Л*********Й;А*******Р;А*********Ч;1;Мужской;28.11.1983;;;;;;0;;;;;;;;;;;;;;;;;;;;;;;;;;;"; пусто";;;;;;;;;;;;;;;0;;;;;0;;;;;;;;;;;;;;;;;;;;;;1;1;
30.09.2026;MN7000;Минск РИЦ;579551;7413410021;2911070;2439559;9100411;ЧС_ГП ЖЭУ № 4 Партиз. р-на;"ЧС_ГП ""ЖЭУ № 4 Партизанского района г. Минска""";01.08.2010;12.04.2016;Отмена записи прибытия-выбытия;;;0;1;0;02.07.2008;12.04.2016;Ш******О;М****Л;А*******Ч;1;Мужской;16.01.1995;;1;Республика Беларусь;2;никогда не состоял в браке;0;22.03.2016;;;;1;паспорт РБ;паспорт гражданина Республики Беларусь;М*******2;19.08.2011;ПАРТИЗАНСКИМ РУВД Г.МИНСКА;;;3************1;;;;;;;;;;;;;;"; сын";;;;;;;;;;;0;;5;сын;1;;;;;0;0;;;;;;;;;;;;;;1;0;0;0;0;4;4;1;1;
30.09.2026;MN7000;Минск РИЦ;579551;7413410021;6533664;6136093;9100411;ЧС_ГП ЖЭУ № 4 Партиз. р-на;"ЧС_ГП ""ЖЭУ № 4 Партизанского района г. Минска""";01.12.2025;;Прибытие-выбытие;1;Регистрация по месту жительства;1;0;0;01.12.2025;;Б*****Ч;Т*****А;И******А;0;Женский;07.06.1950;;1;Республика Беларусь;1;состоит в браке;0;;;;;1;паспорт РБ;паспорт гражданина Республики Беларусь;М*******0;07.07.2015;Партизанским РУВД г.Минска;706;;4************5;;;;;;;;;;;10961;РНПЦ НЕВРОЛОГИИ И НЕЙРОХИРУРГИИ;медсестра;;;;;2528407;Ш******О Н*****Я Н********А;;;;;;0;;3;мать;1;;;;;0;0;;;;;;;;;;;;;;1;0;0;0;0;4;4;1;1;
30.09.2026;MN7000;Минск РИЦ;579551;7413410021;3020976;2549265;9100411;ЧС_ГП ЖЭУ № 4 Партиз. р-на;"ЧС_ГП ""ЖЭУ № 4 Партизанского района г. Минска""";01.06.2007;31.07.2011;Отмена записи прибытия-выбытия;;;0;1;0;24.08.2005;29.08.2008;М*******О;А****Й;Л********Ч;1;Мужской;15.02.1977;;;;;;0;;;;;;;;;;;;;;;;;;;;;;;;;;;"; наниматель";;;;;;;;;;;;;;;0;;;;;0;;;;;;;;;;;;;;;;;;;;;;1;1;
30.09.2026;MN7000;Минск РИЦ;579551;7413410021;2972221;2500617;9100411;ЧС_ГП ЖЭУ № 4 Партиз. р-на;"ЧС_ГП ""ЖЭУ № 4 Партизанского района г. Минска""";01.06.2007;31.07.2010;Отмена записи прибытия-выбытия;;;0;1;0;26.08.2005;28.08.2007;З***К;А*******Р;М********Ч;1;Мужской;13.06.1978;;;;;;0;;;;;;;;;;;;;;;;;;;;;;;;;;;"; пусто";;;;;;;;;;;;;;;0;;;;;0;;;;;;;;;;;;;;;;;;;;;;1;1;
30.09.2026;MN7000;Минск РИЦ;579551;7413410021;2913502;2441987;9100411;ЧС_ГП ЖЭУ № 4 Партиз. р-на;"ЧС_ГП ""ЖЭУ № 4 Партизанского района г. Минска""";01.06.2007;31.07.2010;Отмена записи прибытия-выбытия;;;0;1;0;31.08.2005;11.09.2007;В**********Ч;Е***А;Н********А;0;Женский;23.04.1983;;;;;;0;;;;;;;;;;;;;;;;;;;;;;;;;;;"; пусто";;;;;;;;;;;;;;;0;;;;;0;;;;;;;;;;;;;;;;;;;;;;1;1;
30.09.2026;MN7000;Минск РИЦ;579551;7413410021;2928230;2456626;9100411;ЧС_ГП ЖЭУ № 4 Партиз. р-на;"ЧС_ГП ""ЖЭУ № 4 Партизанского района г. Минска""";01.08.2010;;Прибытие-выбытие;1;Регистрация по месту жительства;1;0;0;02.07.2008;;Ш******О;П****А;А*******А;0;Женский;19.09.2004;;1;Республика Беларусь;;;0;;;;;1;паспорт РБ;паспорт гражданина Республики Беларусь;М*******6;25.07.2019;ПАРТИЗАНСКИМ РОВД Г МИНСКА;;истечение срока действия (обмен);6************2;;;;;;;;;;;101716;СШ-183;;"; дочь";;;;2528407;Ш******О Н*****Я Н********А;;;;;;0;;6;дочь;1;;;;;0;0;;;;;;;;;;;;;;1;0;0;0;0;4;4;1;1;
30.09.2026;MN7000;Минск РИЦ;579551;7413410021;2910687;2439176;9100411;ЧС_ГП ЖЭУ № 4 Партиз. р-на;"ЧС_ГП ""ЖЭУ № 4 Партизанского района г. Минска""";30.08.2011;;Прибытие-выбытие;1;Регистрация по месту жительства;1;0;0;26.07.2019;;Ш******О;А**А;А*******А;0;Женский;05.08.2011;;1;Республика Беларусь;;;0;;;;;1;паспорт РБ;паспорт гражданина Республики Беларусь;M*******7;31.03.2026;Партизанским РУВД г.Минска;706;истечение срока действия (обмен);7************7;;;;;;;;;;;;;;"; дочь";;;;2528407;Ш******О Н*****Я Н********А;;;;;;0;;6;дочь;1;Ш******О Н*****Я Н********А;3000088;;;0;0;;;;;;;;;;;;;;1;0;0;0;0;4;4;1;1;
30.09.2026;MN7000;Минск РИЦ;579551;7413410021;2954104;2482500;9100411;ЧС_ГП ЖЭУ № 4 Партиз. р-на;"ЧС_ГП ""ЖЭУ № 4 Партизанского района г. Минска""";01.06.2007;31.07.2010;Отмена записи прибытия-выбытия;;;0;1;0;24.08.2005;12.09.2007;П******Ч;О***А;С********А;0;Женский;20.01.1983;;;;;;0;;;;;;;;;;;;;;;;;;;;;;;;;;;"; пусто";;;;;;;;;;;;;;;0;;;;;0;;;;;;;;;;;;;;;;;;;;;;1;1;
30.09.2026;MN7000;Минск РИЦ;945811;6875590081;5533820;4864675;70003412;КУП «Минские городские общежития» (Ленинский район РСЦ4);КУП «Минские городские общежития» (Ленинский район РСЦ4);06.03.2019;;Прибытие-выбытие;1;Регистрация по месту жительства;1;0;1;17.08.2021;;З*****А;А**А;И******А;0;Женский;28.04.1991;;;;;;0;;;;;1;паспорт РБ;паспорт гражданина Республики Беларусь;B*******4;26.05.2016;Толочинский  РОВД  Витебской  обл;;непригодность для использования (обмен);4************1;;;;;;;;;;;;;;"; дочь";;;;4864674;З****В И***Ь Н********Ч;;;;;;0;;6;дочь;1;;;;;0;0;;;;;;;;;;;;;;0;0;3;0;0;1;4;1;0;
30.09.2026;MN7000;Минск РИЦ;945811;6875590081;5533821;4864676;70003412;КУП «Минские городские общежития» (Ленинский район РСЦ4);КУП «Минские городские общежития» (Ленинский район РСЦ4);06.03.2019;22.06.2023;Отмена записи прибытия-выбытия;;;0;1;0;17.08.2021;22.06.2023;З****В;В*******В;И******Ч;1;Мужской;21.03.1997;;1;Республика Беларусь;;;0;;;;;1;паспорт РБ;паспорт гражданина Республики Беларусь;B*******1;11.09.2018;ТОЛОЧИНСКОЕ РУВД ВИТЕБСКОЙ ОБЛ.;;непригодность для использования (обмен);3************2;;;;;;;;;;;;;;"; сын";;;;4864669;З*****А А******А А*********А;;;;;;;;5;сын;1;З*****А А******А А*********А;5533815;;;0;;;;;;;;;;;;;;;;;;;;;;1;0;
30.09.2026;MN7000;Минск РИЦ;945811;6875590081;6353800;5852403;70003412;КУП «Минские городские общежития» (Ленинский район РСЦ4);КУП «Минские городские общежития» (Ленинский район РСЦ4);14.10.2024;;Прибытие-выбытие;3;Без регистрации;1;0;1;;;З****В;В*******В;И******Ч;1;Мужской;21.03.1997;;;;;;0;;;;;1;паспорт РБ;паспорт гражданина Республики Беларусь;;;;;;1;;;;;;;;;;;;;;;;;;4864674;З****В И***Ь Н********Ч;;;;;;0;;5;сын;1;;;;;0;0;;;;;;;;;;;;;;0;0;3;0;0;1;4;1;0;
30.09.2026;MN7000;Минск РИЦ;945811;6875590081;5533815;4864669;70003412;КУП «Минские городские общежития» (Ленинский район РСЦ4);КУП «Минские городские общежития» (Ленинский район РСЦ4);05.09.2023;;Прибытие-выбытие;3;Без регистрации;1;0;1;;;З*****А;А******А;А*********А;0;Женский;03.02.1970;;1;Республика Беларусь;;;0;;;;;1;паспорт РБ;паспорт гражданина Республики Беларусь;B*******7;31.03.2015;ТОЛОЧИНСКОЕ РУВД ВИТЕБСКОЙ ОБЛ.;;непригодность для использования (обмен);4************1;;;;;;;;;;;;;;"; наниматель";;;;4864674;З****В И***Ь Н********Ч;;;;;;0;;2;супруга;1;;;;;0;0;;;;;;;;;;;;;;0;0;3;0;0;1;4;1;0;
30.09.2026;MN7000;Минск РИЦ;1046374;6458870462;1999796;6085424;9100235;"ГП ""ЖЭУ № 4 Заводского района г. Минска""";"ГП ""ЖЭУ № 4 Заводского района г. Минска""";01.11.2006;05.03.2021;Отмена записи прибытия-выбытия;;;0;1;0;04.01.1975;01.04.2021;С*******В;Л*****Д;И********Ч;1;Мужской;19.01.1939;;1;Республика Беларусь;;;0;05.03.2021;;40;одиноко проживающие пенсионеры;1;паспорт РБ;паспорт гражданина Республики Беларусь;М*******9;03.06.2010;ЗАВОД.РУВД  МИНСКА;;;3************1;;;;;;;;;;;;;;"; собственник";;;;6085424;С*******В Л*****Д И********Ч;;;;;;0;;;;1;;;;;0;0;;;;;;;;;;;;;;0;0;0;0;0;1;1;2;0;
30.09.2026;MN7000;Минск РИЦ;1046374;6458870462;4413726;6085429;9100235;"ГП ""ЖЭУ № 4 Заводского района г. Минска""";"ГП ""ЖЭУ № 4 Заводского района г. Минска""";31.07.2001;11.12.2001;Отмена записи прибытия-выбытия;;;0;1;0;31.07.2001;11.12.2001;С********А;И***А;А********А;0;Женский;14.03.1966;;;;;;0;;;;;1;паспорт РБ;паспорт гражданина Республики Беларусь;;;;;;;;;;;;;;;;;;;;"; супруга сына";;;;6085424;С*******В Л*****Д И********Ч;;;;;;;;65;невестка (супруга сына);1;;;;;0;;;;;;;;;;;;;;;;;;;;;;2;0;
30.09.2026;MN7000;Минск РИЦ;1046374;6458870462;4413727;6085430;9100235;"ГП ""ЖЭУ № 4 Заводского района г. Минска""";"ГП ""ЖЭУ № 4 Заводского района г. Минска""";31.07.2001;11.12.2001;Отмена записи прибытия-выбытия;;;0;1;0;31.07.2001;11.12.2001;С********А;Ю**Я;В**********А;0;Женский;08.10.1990;;;;;;0;;;;;1;паспорт РБ;паспорт гражданина Республики Беларусь;;;;;;;;;;;;;;;;;;;;"; внучка";;;;6085424;С*******В Л*****Д И********Ч;;;;;;;;12;внучка;1;;;;;0;;;;;;;;;;;;;;;;;;;;;;2;0;
30.09.2026;MN7000;Минск РИЦ;1046374;6458870462;1943550;6085423;9100235;"ГП ""ЖЭУ № 4 Заводского района г. Минска""";"ГП ""ЖЭУ № 4 Заводского района г. Минска""";01.11.2006;23.01.2025;Отмена записи прибытия-выбытия;;;0;1;0;07.01.1975;15.02.2025;С********А;А***А;С***********А;0;Женский;16.11.1942;;1;Республика Беларусь;;;0;23.01.2025;;40;одиноко проживающие пенсионеры;1;паспорт РБ;паспорт гражданина Республики Беларусь;М*******6;21.09.2011;ЗАВОДСКИМ РУВД Г.МИНСКА;;;4************8;;;;;;;;;;;;;;"; супруга";;;;6085423;С********А А***А С***********А;;;;;;0;;2;супруга;1;;;;;0;0;;;;;;;;;;;;;;0;0;0;0;0;1;1;2;0;
30.09.2026;MN7000;Минск РИЦ;1046374;6458870462;4413722;6085425;9100235;"ГП ""ЖЭУ № 4 Заводского района г. Минска""";"ГП ""ЖЭУ № 4 Заводского района г. Минска""";10.12.1981;13.12.1989;Отмена записи прибытия-выбытия;;;0;1;0;10.12.1981;13.12.1989;С*******В;В******Р;Л*********Ч;1;Мужской;09.10.1964;;;;;;0;;;;;1;паспорт РБ;паспорт гражданина Республики Беларусь;;;;;;;;;;;;;;;;;;;;"; сын";;;;6085424;С*******В Л*****Д И********Ч;;;;;;;;5;сын;1;;;;;0;;;;;;;;;;;;;;;;;;;;;;2;0;
30.09.2026;MN7000;Минск РИЦ;1046374;6458870462;4413724;6085427;9100235;"ГП ""ЖЭУ № 4 Заводского района г. Минска""";"ГП ""ЖЭУ № 4 Заводского района г. Минска""";13.09.1988;10.03.1989;Отмена записи прибытия-выбытия;;;0;1;0;13.09.1988;10.03.1989;С*******В;Д*****Й;Л*********Ч;1;Мужской;17.10.1966;;;;;;0;;;;;1;паспорт РБ;паспорт гражданина Республики Беларусь;;;;;;;;;;;;;;;;;;;;"; сын";;;;6085424;С*******В Л*****Д И********Ч;;;;;;;;5;сын;1;;;;;0;;;;;;;;;;;;;;;;;;;;;;2;0;
30.09.2026;MN7000;Минск РИЦ;1046374;6458870462;3994075;6085431;9100235;"ГП ""ЖЭУ № 4 Заводского района г. Минска""";"ГП ""ЖЭУ № 4 Заводского района г. Минска""";03.10.2025;22.10.2025;Отмена записи прибытия-выбытия;;;0;1;0;03.10.2025;22.10.2025;С*******В;Д*****Й;Л*********Ч;1;Мужской;17.10.1966;;1;Республика Беларусь;1;состоит в браке;0;;;;;1;паспорт РБ;паспорт гражданина Республики Беларусь;М*******5;08.10.2021;Советским РУВД г.Минска;708;истечение срока действия (обмен);3************9;80296495011;;;;;;;;;;210759;сведений не предоставлено;;"; собственник";;;;6085432;К*********Й М****М И******Ч;;;;;;;;80;без родственных отношений;1;;;;;0;;;;;;;;;;;;;;;;;;;;;;2;0;
30.09.2026;MN7000;Минск РИЦ;1046374;6458870462;4413723;6085426;9100235;"ГП ""ЖЭУ № 4 Заводского района г. Минска""";"ГП ""ЖЭУ № 4 Заводского района г. Минска""";22.03.1983;17.04.1986;Отмена записи прибытия-выбытия;;;0;1;0;22.03.1983;17.04.1986;С*******В;Д*****Й;Л*********Ч;1;Мужской;17.10.1966;;;;;;0;;;;;1;паспорт РБ;паспорт гражданина Республики Беларусь;;;;;;;;;;;;;;;;;;;;"; сын";;;;6085424;С*******В Л*****Д И********Ч;;;;;;;;5;сын;1;;;;;0;;;;;;;;;;;;;;;;;;;;;;2;0;
30.09.2026;MN7000;Минск РИЦ;1046374;6458870462;4413725;6085428;9100235;"ГП ""ЖЭУ № 4 Заводского района г. Минска""";"ГП ""ЖЭУ № 4 Заводского района г. Минска""";31.07.2001;11.12.2001;Отмена записи прибытия-выбытия;;;0;1;0;31.07.2001;11.12.2001;С*******В;В******Р;Л*********Ч;1;Мужской;09.10.1964;;;;;;0;;;;;1;паспорт РБ;паспорт гражданина Республики Беларусь;;;;;;;;;;;;;;;;;;;;"; сын";;;;6085424;С*******В Л*****Д И********Ч;;;;;;;;5;сын;1;;;;;0;;;;;;;;;;;;;;;;;;;;;;2;0;
30.09.2026;MN7000;Минск РИЦ;496968;6847241768;2316713;1845131;9100302;ГП ЖЭУ № 2 Ленин. р-на;"ГП ""ЖЭУ № 2 Ленинского района г. Минска""";24.07.1979;;Прибытие-выбытие;1;Регистрация по месту жительства;1;0;0;24.07.1979;;К*****Ь;В**А;Н********А;0;Женский;30.05.1951;;1;Республика Беларусь;;;0;;;;;1;паспорт РБ;паспорт гражданина Республики Беларусь;М*******3;30.07.2001;ЛЕНИНСКОЕ РУВД Г.МИНСКА;;;4************5;;;;;;;;;;;;;;"; супруга";;;;2095015;К*****Ь Н*****Й И******Ч;;;;;;0;;2;супруга;1;;;;;0;0;;;;;;;;;;;;;;0;0;0;0;0;4;4;1;0;
30.09.2026;MN7000;Минск РИЦ;496968;6847241768;5324242;4595365;9100302;ГП ЖЭУ № 2 Ленин. р-на;"ГП ""ЖЭУ № 2 Ленинского района г. Минска""";05.12.2017;27.10.2018;Отмена записи прибытия-выбытия;;;0;1;0;;;К*****В;Д*******К;С********Ч;1;Мужской;28.01.1961;;;;;;0;;;;;1;паспорт РБ;паспорт гражданина Республики Беларусь;;;;;;;;;;;;;;;;;;;;"; наниматель";;;;;;;;;;;;;;;0;;;;;0;;;;;;;;;;;;;;;;;;;;;;1;0;
30.09.2026;MN7000;Минск РИЦ;496968;6847241768;5546740;4881466;9100302;ГП ЖЭУ № 2 Ленин. р-на;"ГП ""ЖЭУ № 2 Ленинского района г. Минска""";15.05.2019;15.05.2020;Отмена записи прибытия-выбытия;;;0;1;0;;;К*****В;Д*******К;С********Ч;1;Мужской;28.01.1961;;219;Республика Таджикистан;;;0;;;;;1;паспорт РБ;паспорт гражданина Республики Беларусь;;;;;;;;;;;;;;;;;;;;"; наниматель";;;;4881466;К*****В Д*******К С********Ч;;;;;;;;;;0;;;;;0;;;;;;;;;;;;;;;;;;;;;;1;0;
30.09.2026;MN7000;Минск РИЦ;496968;6847241768;2230928;1759437;9100302;ГП ЖЭУ № 2 Ленин. р-на;"ГП ""ЖЭУ № 2 Ленинского района г. Минска""";01.01.2001;;Прибытие-выбытие;1;Регистрация по месту жительства;1;0;0;01.08.2001;;К*****Ь;Н*****Й;Н********Ч;1;Мужской;03.07.1984;;1;Республика Беларусь;;;0;;;;;1;паспорт РБ;паспорт гражданина Республики Беларусь;М*******5;10.03.2026;ЛЕНИНСКИМ РУВД   Г.МИНСКА;;утрата (хищение);3************6;;;;;;;;;;;167496;"Частное предприятие ""Стандарт Логистик""";;"; сын";;;;2095015;К*****Ь Н*****Й И******Ч;;;;;;0;;5;сын;1;;;;;0;0;;;;;;;;;;;;;;0;0;0;0;0;4;4;1;0;
30.09.2026;MN7000;Минск РИЦ;496968;6847241768;2466155;1994453;9100302;ГП ЖЭУ № 2 Ленин. р-на;"ГП ""ЖЭУ № 2 Ленинского района г. Минска""";20.04.2017;;Прибытие-выбытие;1;Регистрация по месту жительства;1;0;0;20.04.2017;;К*****Ь;Р****Н;Н********Ч;1;Мужской;01.01.1978;;1;Республика Беларусь;;;0;;;;;1;паспорт РБ;паспорт гражданина Республики Беларусь;М*******9;19.12.2019;Ленинским РУВД г.Минска;;утрата (хищение);3************2;;;;;;;;;;;;;;"; сын";;;;2095015;К*****Ь Н*****Й И******Ч;;;;;;0;;5;сын;1;;;;;0;0;;;;;;;;;;;;;;0;0;0;0;0;4;4;1;0;
30.09.2026;MN7000;Минск РИЦ;952529;6847240091;5585974;4927276;9100302;ГП ЖЭУ № 2 Ленин. р-на;"ГП ""ЖЭУ № 2 Ленинского района г. Минска""";01.07.2019;06.02.2026;Отмена записи прибытия-выбытия;;;0;1;0;01.07.2019;06.02.2026;А*******О;Л****Д;А***********Ч;1;Мужской;04.11.1964;;1;Республика Беларусь;;;0;;06.04.2007 рег по паспарту;;;1;паспорт РБ;паспорт гражданина Республики Беларусь;М*******8;23.09.2011;Ленинским РУВД г.Минска;;непригодность для использования (обмен);3************2;;;;;;;;;;;;;;"; супруг";;;;4927272;Б****О В******А Л********А;;;;;;;;1;супруг;1;;;;;0;;;;;;;;;;;;;;;;;;;;;;1;0;
30.09.2026;MN7000;Минск РИЦ;952529;6847240091;5585976;4927277;9100302;ГП ЖЭУ № 2 Ленин. р-на;"ГП ""ЖЭУ № 2 Ленинского района г. Минска""";01.07.2019;;Прибытие-выбытие;1;Регистрация по месту жительства;1;0;0;03.10.2007;;Б****О;Д*****Й;А*******Ч;1;Мужской;20.03.1991;;1;Республика Беларусь;;;0;;;;;1;паспорт РБ;паспорт гражданина Республики Беларусь;М*******9;04.11.2016;Ленинским РУВД г.Минска;;истечение срока действия (обмен);3************8;;;;;;;;;;;;;;"; сын";;;;4927272;Б****О В******А Л********А;;;;;;0;;5;сын;1;;;;;0;0;;;;;;;;;;;;;;0;0;0;0;0;2;2;1;0;
30.09.2026;MN7000;Минск РИЦ;490253;6849312403;2424663;1953005;9100302;ГП ЖЭУ № 2 Ленин. р-на;"ГП ""ЖЭУ № 2 Ленинского района г. Минска""";18.02.1997;16.10.2024;Отмена записи прибытия-выбытия;;;0;1;0;18.02.1997;16.10.2024;Т***К;Н*****Я;В**********А;0;Женский;12.02.1977;;1;Республика Беларусь;;;0;;;;;1;паспорт РБ;паспорт гражданина Республики Беларусь;М*******9;08.08.2013;ЛЕНИНСКИМ РУВД   Г.МИНСКА;;непригодность для использования (обмен);4************1;;;;;;;;;;;;;;"; бывшая супруга сына";;;;2101481;Г*****Ч И***Ь П******Ч;;;;;;;;86;бывшая невестка (бывшая сноха) (супруга сына);1;;;;;0;;;;;;;;;;;;;;;;;;;;;;3;0;
30.09.2026;MN7000;Минск РИЦ;490253;6849312403;2329896;1858288;9100302;ГП ЖЭУ № 2 Ленин. р-на;"ГП ""ЖЭУ № 2 Ленинского района г. Минска""";01.01.2001;;Прибытие-выбытие;1;Регистрация по месту жительства;1;0;0;07.02.2012;;Г*****Ч;У****А;И******А;0;Женский;19.07.1995;;1;Республика Беларусь;;;0;;;;;1;паспорт РБ;паспорт гражданина Республики Беларусь;М*******0;21.01.2020;ЛЕНИНСКИМ РУВД   Г.МИНСКА;;истечение срока действия (обмен);7************2;;;;;;;;;;;;;;"; дочь";;;;2101481;Г*****Ч И***Ь П******Ч;;;;;;0;;6;дочь;1;;;;;0;0;1;;;;;;;;;;;;;0;0;0;0;0;5;5;3;0;
30.09.2026;MN7000;Минск РИЦ;490253;6849312403;2535724;2063968;9100302;ГП ЖЭУ № 2 Ленин. р-на;"ГП ""ЖЭУ № 2 Ленинского района г. Минска""";31.05.1985;14.11.2000;Отмена записи прибытия-выбытия;;;0;1;0;31.05.1985;14.11.2000;Г*****Ч;О****А;П******А;0;Женский;25.02.1969;;;;;;0;;;;;;;;;;;;;;;;;;;;;;;;;;;"; дочь";;;;;;;;;;;;;6;дочь;0;;;;;0;;;;;;;;;;;;;;;;;;;;;;3;0;
30.09.2026;MN7000;Минск РИЦ;490253;6849312403;2238781;1767274;9100302;ГП ЖЭУ № 2 Ленин. р-на;"ГП ""ЖЭУ № 2 Ленинского района г. Минска""";13.10.2015;;Прибытие-выбытие;1;Регистрация по месту жительства;1;0;0;13.10.2015;;Г*****Ч;В****Р;Е******Ч;1;Мужской;20.03.1994;;1;Республика Беларусь;;;0;;;;;1;паспорт РБ;паспорт гражданина Республики Беларусь;М*******0;18.09.2018;ЛЕНИНСКИМ РУВД Г.МИНСКА;;непригодность для использования (обмен);3************0;;;;;;;;;;;;;;"; сын";;;;1920381;Г*****Ч Е***А М********А;;;;;;0;;5;сын;1;;;;;0;0;;;;;;;;;;;;;;0;0;0;0;0;5;5;3;0;
30.09.2026;MN7000;Минск РИЦ;490253;6849312403;2424662;1953004;9100302;ГП ЖЭУ № 2 Ленин. р-на;"ГП ""ЖЭУ № 2 Ленинского района г. Минска""";26.03.1973;30.04.2007;Отмена записи прибытия-выбытия;;;0;1;0;26.03.1973;08.05.2007;Г*****Ч;П**Р;В**********Ч;1;Мужской;01.06.1942;;;;;;0;15.04.2007;;;;;;;;;;;;;;;;;;;;;;;;;;"; бывший собственник";;;;;;;;;;;0;;;;0;;;;;0;0;;;;;;;;;;;;;;0;0;0;0;0;5;5;3;0;
30.09.2026;MN7000;Минск РИЦ;490253;6849312403;2474719;2003017;9100302;ГП ЖЭУ № 2 Ленин. р-на;"ГП ""ЖЭУ № 2 Ленинского района г. Минска""";01.01.2001;;Прибытие-выбытие;1;Регистрация по месту жительства;1;0;0;07.02.2012;;Г*****Ч;А***А;И******А;0;Женский;19.07.1995;;1;Республика Беларусь;;;0;;;;;1;паспорт РБ;паспорт гражданина Республики Беларусь;М*******3;22.12.2020;ЛЕНИНСКИЙ РУВД Г.МИНСКА;;непригодность для использования (обмен);7************0;;;;;;;;;;;;;;"; дочь";;;;2101481;Г*****Ч И***Ь П******Ч;;;;;;0;;6;дочь;1;;;;;0;0;;;;;;;;;;;;;;0;0;0;0;0;5;5;3;0;
30.09.2026;MN7000;Минск РИЦ;490253;6849312403;2573286;2101482;9100302;ГП ЖЭУ № 2 Ленин. р-на;"ГП ""ЖЭУ № 2 Ленинского района г. Минска""";;;Отмена записи прибытия-выбытия;;;0;0;0;;14.11.2000;Г*****Ч;В****Р;Е******Ч;1;Мужской;20.03.1994;;;;;;0;;;;;;;;;;;;;;;;;;;;;;;;;;;"; внук";;;;;;;;;;;;;11;внук;0;;;;;0;;;;;;;;;;;;;;;;;;;;;;3;0;
30.09.2026;MN7000;Минск РИЦ;580893;7444430291;2900163;2428654;70002181;ТС/ЖСК/ЖСПК Партизанского р-на;ТС/ЖСК/ЖСПК Партизанского р-на;27.12.2011;02.11.2012;Отмена записи прибытия-выбытия;;;0;1;0;;;П****П;В***М;И******Ч;1;Мужской;24.04.1990;;;;;;0;;;;;;;;;;;;;;;;;;;;;;;;;;;"; наниматель";;;;;;;;;;;;;;;0;;;;;0;;;;;;;;;;;;;;;;;;;;;;1;0;
30.09.2026;MN7000;Минск РИЦ;580893;7444430291;2908867;2437356;70002181;ТС/ЖСК/ЖСПК Партизанского р-на;ТС/ЖСК/ЖСПК Партизанского р-на;14.07.2011;13.12.2011;Отмена записи прибытия-выбытия;;;0;1;0;;;А****Н;М***А;С*******А;0;Женский;12.03.1985;;;;;;0;;;;;;;;;;;;;;;;;;;;;;;;;;;"; наниматель";;;;;;;;;;;;;;;0;;;;;0;;;;;;;;;;;;;;;;;;;;;;1;0;
30.09.2026;MN7000;Минск РИЦ;580893;7444430291;5325688;4597140;70002181;ТС/ЖСК/ЖСПК Партизанского р-на;ТС/ЖСК/ЖСПК Партизанского р-на;19.12.2017;21.08.2018;Отмена записи прибытия-выбытия;;;0;1;0;;21.08.2018;П*****В;С****Й;Л*****Ч;1;Мужской;29.09.1965;;;;;;0;;;;;1;паспорт РБ;паспорт гражданина Республики Беларусь;;;;;;;;;;;;;;;;;;;;"; наниматель";;;;;;;;;;;;;;;0;;;;;0;;;;;;;;;;;;;;;;;;;;;;1;0;
30.09.2026;MN7000;Минск РИЦ;580893;7444430291;2886499;2414994;70002181;ТС/ЖСК/ЖСПК Партизанского р-на;ТС/ЖСК/ЖСПК Партизанского р-на;03.10.2013;27.12.2013;Отмена записи прибытия-выбытия;;;0;1;0;;;Г**А;С****Е;;1;Мужской;11.02.1987;;;;;;0;;;;;;;;;;;;;;;;;;;;;;;;;;;"; наниматель";;;;;;;;;;;;;;;0;;;;;0;;;;;;;;;;;;;;;;;;;;;;1;0;
30.09.2026;MN7000;Минск РИЦ;580893;7444430291;2892303;2420794;70002181;ТС/ЖСК/ЖСПК Партизанского р-на;ТС/ЖСК/ЖСПК Партизанского р-на;12.02.2014;11.02.2015;Отмена записи прибытия-выбытия;;;0;1;0;;;В****Л;И**А;;1;Мужской;06.09.2008;;;;;;0;;;;;;;;;;;;;;;;;;;;;;;;;;;"; сын нанимателя";;;;;;;;;;;;;5;сын;0;;;;;0;;;;;;;;;;;;;;;;;;;;;;1;0;
30.09.2026;MN7000;Минск РИЦ;580893;7444430291;2892304;2420795;70002181;ТС/ЖСК/ЖСПК Партизанского р-на;ТС/ЖСК/ЖСПК Партизанского р-на;12.02.2014;11.02.2015;Отмена записи прибытия-выбытия;;;0;1;0;;;И***А;П******Э;М*****Ш;0;Женский;19.12.1947;;;;;;0;;;;;;;;;;;;;;;;;;;;;;;;;;;"; мать нанимателя";;;;;;;;;;;;;3;мать;0;;;;;0;;;;;;;;;;;;;;;;;;;;;;1;0;
30.09.2026;MN7000;Минск РИЦ;580893;7444430291;2948277;2476673;70002181;ТС/ЖСК/ЖСПК Партизанского р-на;ТС/ЖСК/ЖСПК Партизанского р-на;25.02.2008;31.08.2008;Отмена записи прибытия-выбытия;;;0;1;0;;;М*******Ч;Е***А;О******А;0;Женский;23.04.1982;;;;;;0;;;;;;;;;;;;;;;;;;;;;;;;;;;"; наниматель";;;;;;;;;;;;;;;0;;;;;0;;;;;;;;;;;;;;;;;;;;;;1;0;
30.09.2026;MN7000;Минск РИЦ;580893;7444430291;5435899;4737378;70002181;ТС/ЖСК/ЖСПК Партизанского р-на;ТС/ЖСК/ЖСПК Партизанского р-на;19.08.2021;04.09.2021;Отмена записи прибытия-выбытия;;;0;1;0;;;Т******Н;И**Я;В********Ч;1;Мужской;10.05.1987;;;;;;0;;;;;1;паспорт РБ;паспорт гражданина Республики Беларусь;;;;;;;;;;;;;;;;;;;;"; наниматель";;;;4737378;Т******Н И**Я В********Ч;;;;;;;;;;0;;;;;0;;;;;;;;;;;;;;;;;;;;;;1;0;
30.09.2026;MN7000;Минск РИЦ;580893;7444430291;5527404;4855981;70002181;ТС/ЖСК/ЖСПК Партизанского р-на;ТС/ЖСК/ЖСПК Партизанского р-на;19.08.2021;04.09.2021;Отмена записи прибытия-выбытия;;;0;1;0;;;Т******Н;Р***Н;И***Ч;1;Мужской;28.01.2019;;1;Республика Беларусь;;;0;;;;;1;паспорт РБ;паспорт гражданина Республики Беларусь;;;;;;7************2;;;;;;;;;;;;;;"; сын нанимателя";;;;4737378;Т******Н И**Я В********Ч;;;;;;;;5;сын;0;;;;;0;;;;;;;;;;;;;;;;;;;;;;1;0;
30.09.2026;MN7000;Минск РИЦ;580893;7444430291;2882449;2410955;70002181;ТС/ЖСК/ЖСПК Партизанского р-на;ТС/ЖСК/ЖСПК Партизанского р-на;17.07.2014;;Прибытие-выбытие;1;Регистрация по месту жительства;1;0;0;26.08.2015;;К******А;А**А;В***********А;0;Женский;22.06.2014;;1;Республика Беларусь;2;никогда не состоял в браке;0;;;;;1;паспорт РБ;паспорт гражданина Республики Беларусь;М*******7;16.03.2026;Партизанским РУВД г.Минска;;истечение срока действия (обмен);7************0;;;;;;;;;;;30736;иждивенка;;"; дочь";;;;2410954;К******А В**А Л********А;;;;;;0;;6;дочь;1;К******А В**А Л********А;2882448;;;0;0;;;;;;;;;;;;;;1;0;0;0;0;2;2;1;0;
30.09.2026;MN7000;Минск РИЦ;580893;7444430291;2892301;2420792;70002181;ТС/ЖСК/ЖСПК Партизанского р-на;ТС/ЖСК/ЖСПК Партизанского р-на;12.02.2014;11.02.2015;Отмена записи прибытия-выбытия;;;0;1;0;;;Ю**Т;М*****Ш;;1;Мужской;10.09.1974;;;;;;0;;;;;;;;;;;;;;;;;;;;;;;;;;;"; наниматель";;;;;;;;;;;;;;;0;;;;;0;;;;;;;;;;;;;;;;;;;;;;1;0;
30.09.2026;MN7000;Минск РИЦ;580893;7444430291;2898857;2427348;70002181;ТС/ЖСК/ЖСПК Партизанского р-на;ТС/ЖСК/ЖСПК Партизанского р-на;06.08.2013;27.12.2013;Отмена записи прибытия-выбытия;;;0;1;0;;;Х*****Н;К****С;;1;Мужской;14.07.1985;;;;;;0;;;;;;;;;;;;;;;;;;;;;;;;;;;"; наниматель";;;;;;;;;;;;;;;0;;;;;0;;;;;;;;;;;;;;;;;;;;;;1;0;
30.09.2026;MN7000;Минск РИЦ;580893;7444430291;2883627;2412132;70002181;ТС/ЖСК/ЖСПК Партизанского р-на;ТС/ЖСК/ЖСПК Партизанского р-на;18.03.2017;24.06.2017;Отмена записи прибытия-выбытия;;;0;1;0;;;Ч**А;В****Л;;1;Мужской;06.09.2008;;;;;;0;;;;;;;;;;;;;;;;;;;;;;;;;;;"; сын нанимателя";;;;;;;;;;;;;5;сын;0;;;;;0;;;;;;;;;;;;;;;;;;;;;;1;0;
30.09.2026;MN7000;Минск РИЦ;580893;7444430291;2946582;2474978;70002181;ТС/ЖСК/ЖСПК Партизанского р-на;ТС/ЖСК/ЖСПК Партизанского р-на;01.09.2008;20.08.2010;Отмена записи прибытия-выбытия;;;0;1;0;;;А***********Л;М****Р;М*****Д;1;Мужской;15.05.1974;;;;;;0;;;;;;;;;;;;;;;;;;;;;;;;;;;"; наниматель";;;;;;;;;;;;;;;0;;;;;0;;;;;;;;;;;;;;;;;;;;;;1;0;
30.09.2026;MN7000;Минск РИЦ;580893;7444430291;5435904;4737382;70002181;ТС/ЖСК/ЖСПК Партизанского р-на;ТС/ЖСК/ЖСПК Партизанского р-на;19.08.2021;04.09.2021;Отмена записи прибытия-выбытия;;;0;1;0;;;Т*******А;М****А;В********А;0;Женский;07.07.1990;;;;;;0;;;;;1;паспорт РБ;паспорт гражданина Республики Беларусь;;;;;;;;;;;;;;;;;;;;"; супруга нанимателя";;;;4737378;Т******Н И**Я В********Ч;;;;;;;;2;супруга;0;;;;;0;;;;;;;;;;;;;;;;;;;;;;1;0;
30.09.2026;MN7000;Минск РИЦ;580893;7444430291;2883625;2412130;70002181;ТС/ЖСК/ЖСПК Партизанского р-на;ТС/ЖСК/ЖСПК Партизанского р-на;18.03.2017;24.06.2017;Отмена записи прибытия-выбытия;;;0;1;0;;;М*****Ш;И***А;П******Э;0;Женский;19.12.1947;;;;;;0;;;;;;;;;;;;;;;;;;;;;;;;;;;"; мать нанимателя";;;;;;;;;;;;;3;мать;0;;;;;0;;;;;;;;;;;;;;;;;;;;;;1;0;
30.09.2026;MN7000;Минск РИЦ;580893;7444430291;2891206;2419701;70002181;ТС/ЖСК/ЖСПК Партизанского р-на;ТС/ЖСК/ЖСПК Партизанского р-на;18.04.2007;09.06.2014;Отмена записи прибытия-выбытия;;;0;1;0;18.04.2007;09.06.2014;К******А;В**А;Л********А;0;Женский;06.03.1985;;1;Республика Беларусь;1;состоит в браке;0;;;;;1;паспорт РБ;паспорт гражданина Республики Беларусь;М*******8;18.10.2013;ПАРТИЗАНСКИМ РОВД Г МИНСКА;;;4************6;;;;;;;;;;;26420;ВР. НЕ РАБ.;;"; собственник";;;;;;;;;;;;;;;0;;;;;0;;;;;;;;;;;;;;;;;;;;;;1;0;
30.09.2026;MN7000;Минск РИЦ;580893;7444430291;5435907;4737390;70002181;ТС/ЖСК/ЖСПК Партизанского р-на;ТС/ЖСК/ЖСПК Партизанского р-на;19.08.2021;04.09.2021;Отмена записи прибытия-выбытия;;;0;1;0;;;Т*******А;В*****А;И*******А;0;Женский;06.07.2016;;;;;;0;;;;;1;паспорт РБ;паспорт гражданина Республики Беларусь;;;;;;;;;;;;;;;;;;;;"; дочь нанимателя";;;;4737378;Т******Н И**Я В********Ч;;;;;;;;6;дочь;0;;;;;0;;;;;;;;;;;;;;;;;;;;;;1;0;
30.09.2026;MN7000;Минск РИЦ;580893;7444430291;5908629;5297926;70002181;ТС/ЖСК/ЖСПК Партизанского р-на;ТС/ЖСК/ЖСПК Партизанского р-на;25.09.2021;25.03.2022;;;;0;1;0;;;Х*О;Ю***Н;;1;Мужской;21.02.1998;;;;;;0;;;;;1;паспорт РБ;паспорт гражданина Республики Беларусь;;;;;;;;;;;;;;;;;;;;;;;;5297926;Х*О Ю***Н;;;;;;;;;;0;;;;;0;;;;;;;;;;;;;;;;;;;;;;1;0;
30.09.2026;MN7000;Минск РИЦ;580893;7444430291;2883626;2412131;70002181;ТС/ЖСК/ЖСПК Партизанского р-на;ТС/ЖСК/ЖСПК Партизанского р-на;18.03.2017;24.06.2017;Отмена записи прибытия-выбытия;;;0;1;0;;;Ч**А;Э***Р Л**А;;0;Женский;04.10.2005;;;;;;0;;;;;;;;;;;;;;;;;;;;;;;;;;;"; дочь нанимателя";;;;;;;;;;;;;6;дочь;0;;;;;0;;;;;;;;;;;;;;;;;;;;;;1;0;
30.09.2026;MN7000;Минск РИЦ;580893;7444430291;2886766;2415261;70002181;ТС/ЖСК/ЖСПК Партизанского р-на;ТС/ЖСК/ЖСПК Партизанского р-на;09.01.2014;29.01.2014;Отмена записи прибытия-выбытия;;;0;1;0;;;А*И;Й*Л М***Р;;1;Мужской;31.07.1977;;;;;;0;;;;;;;;;;;;;;;;;;;;;;;;;;;"; наниматель";;;;;;;;;;;;;;;0;;;;;0;;;;;;;;;;;;;;;;;;;;;;1;0;
30.09.2026;MN7000;Минск РИЦ;580893;7444430291;2895273;2423764;70002181;ТС/ЖСК/ЖСПК Партизанского р-на;ТС/ЖСК/ЖСПК Партизанского р-на;23.04.2013;15.06.2013;Отмена записи прибытия-выбытия;;;0;1;0;;;К******О;Р****Н;;1;Мужской;10.08.1988;;;;;;0;;;;;;;;;;;;;;;;;;;;;;;;;;;"; наниматель";;;;;;;;;;;;;;;0;;;;;0;;;;;;;;;;;;;;;;;;;;;;1;0;
30.09.2026;MN7000;Минск РИЦ;580893;7444430291;2931494;2459890;70002181;ТС/ЖСК/ЖСПК Партизанского р-на;ТС/ЖСК/ЖСПК Партизанского р-на;11.06.2009;20.08.2010;Отмена записи прибытия-выбытия;;;0;1;0;;;Ф***Н;М****Р;;0;Женский;11.11.1980;;;;;;0;;;;;;;;;;;;;;;;;;;;;;;;;;;"; супруга нанимателя";;;;;;;;;;;;;2;супруга;0;;;;;0;;;;;;;;;;;;;;;;;;;;;;1;0;
30.09.2026;MN7000;Минск РИЦ;580893;7444430291;2931495;2459891;70002181;ТС/ЖСК/ЖСПК Партизанского р-на;ТС/ЖСК/ЖСПК Партизанского р-на;11.06.2009;20.08.2010;Отмена записи прибытия-выбытия;;;0;1;0;;;М****Р;М*****Д;Р****Н;1;Мужской;13.03.2004;;;;;;0;;;;;;;;;;;;;;;;;;;;;;;;;;;"; сын нанимателя";;;;;;;;;;;;;5;сын;0;;;;;0;;;;;;;;;;;;;;;;;;;;;;1;0;
30.09.2026;MN7000;Минск РИЦ;580893;7444430291;2931496;2459892;70002181;ТС/ЖСК/ЖСПК Партизанского р-на;ТС/ЖСК/ЖСПК Партизанского р-на;11.06.2009;20.08.2010;Отмена записи прибытия-выбытия;;;0;1;0;;;М****Р;М*****Д;А***Н;1;Мужской;07.08.2005;;;;;;0;;;;;;;;;;;;;;;;;;;;;;;;;;;"; сын нанимателя";;;;;;;;;;;;;5;сын;0;;;;;0;;;;;;;;;;;;;;;;;;;;;;1;0;
30.09.2026;MN7000;Минск РИЦ;580893;7444430291;5908674;5297981;70002181;ТС/ЖСК/ЖСПК Партизанского р-на;ТС/ЖСК/ЖСПК Партизанского р-на;25.03.2022;25.06.2022;;;;0;1;0;;;Ч**О;В******Н;;1;Мужской;21.09.1996;;;;;;0;;;;;1;паспорт РБ;паспорт гражданина Республики Беларусь;;;;;;;;;;;;;;;;;;;;наниматель;;;;5297981;Ч**О В******Н;;;;;;;;;;0;;;;;0;;;;;;;;;;;;;;;;;;;;;;1;0;
30.09.2026;MN7000;Минск РИЦ;580893;7444430291;2883624;2412129;70002181;ТС/ЖСК/ЖСПК Партизанского р-на;ТС/ЖСК/ЖСПК Партизанского р-на;18.03.2017;24.06.2017;Отмена записи прибытия-выбытия;;;0;1;0;;;М*****Ш;Ю**Т;;0;Женский;10.09.1974;;;;;;0;;;;;;;;;;;;;;;;;;;;;;;;;;;"; наниматель";;;;;;;;;;;;;;;0;;;;;0;;;;;;;;;;;;;;;;;;;;;;1;0;
30.09.2026;MN7000;Минск РИЦ;580893;7444430291;2892302;2420793;70002181;ТС/ЖСК/ЖСПК Партизанского р-на;ТС/ЖСК/ЖСПК Партизанского р-на;12.02.2014;11.02.2015;Отмена записи прибытия-выбытия;;;0;1;0;;;Э***Р;Л**А;И**А;0;Женский;04.10.2005;;;;;;0;;;;;;;;;;;;;;;;;;;;;;;;;;;"; дочь нанимателя";;;;;;;;;;;;;6;дочь;0;;;;;0;;;;;;;;;;;;;;;;;;;;;;1;0;
30.09.2026;MN7000;Минск РИЦ;580893;7444430291;2895272;2423763;70002181;ТС/ЖСК/ЖСПК Партизанского р-на;ТС/ЖСК/ЖСПК Партизанского р-на;23.04.2013;15.06.2013;Отмена записи прибытия-выбытия;;;0;1;0;;;С*********В;О**Г;;1;Мужской;31.03.1983;;;;;;0;;;;;;;;;;;;;;;;;;;;;;;;;;;"; наниматель";;;;;;;;;;;;;;;0;;;;;0;;;;;;;;;;;;;;;;;;;;;;1;0;
30.09.2026;MN7000;Минск РИЦ;580893;7444430291;2936952;2465348;70002181;ТС/ЖСК/ЖСПК Партизанского р-на;ТС/ЖСК/ЖСПК Партизанского р-на;20.08.2009;13.02.2010;Отмена записи прибытия-выбытия;;;0;1;0;;;Г****Н;К****Л;;1;Мужской;05.10.1954;;;;;;0;;;;;;;;;;;;;;;;;;;;;;;;;;;"; наниматель";;;;;;;;;;;;;;;0;;;;;0;;;;;;;;;;;;;;;;;;;;;;1;0;
30.09.2026;MN7000;Минск РИЦ;580893;7444430291;5325694;4597146;70002181;ТС/ЖСК/ЖСПК Партизанского р-на;ТС/ЖСК/ЖСПК Партизанского р-на;19.12.2017;21.08.2018;Отмена записи прибытия-выбытия;;;0;1;0;;;П*****В;А****Й;С*******Ч;1;Мужской;08.07.1992;;;;;;0;;;;;1;паспорт РБ;паспорт гражданина Республики Беларусь;;;;;;;;;;;;;;;;;;;;"; сын нанимателя";;;;;;;;;;;;;5;сын;0;;;;;0;;;;;;;;;;;;;;;;;;;;;;1;0;
30.09.2026;MN7000;Минск РИЦ;960905;6875570041;5655103;5007537;70003412;КУП «Минские городские общежития» (Ленинский район РСЦ4);КУП «Минские городские общежития» (Ленинский район РСЦ4);29.11.2022;27.01.2023;Отмена записи прибытия-выбытия;;;0;1;0;;;Л******я;А*******я;А***********а;0;Женский;28.05.1988;;1;Республика Беларусь;;;0;;;;;1;паспорт РБ;паспорт гражданина Республики Беларусь;М*******9;;Центральным РУВД г.Минска;;непригодность для использования (обмен);4************8;;;;;;;;;;;;;;"; наниматель";;;;5007537;Л******я А*******я А***********а;;;;;;;;;;1;;;;;0;;;;;;;;;;;;;;;;;;;;;;1;0;
30.09.2026;MN7000;Минск РИЦ;960905;6875570041;5655106;5007541;70003412;КУП «Минские городские общежития» (Ленинский район РСЦ4);КУП «Минские городские общежития» (Ленинский район РСЦ4);25.11.2019;27.01.2023;Отмена записи прибытия-выбытия;;;0;1;0;03.01.2020;27.01.2023;К*******к;В******р;В********ч;1;Мужской;23.08.1959;;1;Республика Беларусь;;;0;;;;;1;паспорт РБ;паспорт гражданина Республики Беларусь;M*******1;27.01.2005;Центральным РУВД г.Минска;;непригодность для использования (обмен);3************5;;;;;;;;;;;;;;"; супруг матеpи";;;;5007537;Л******я А*******я А***********а;;;;;;;;58;отчим (супруг матери);0;;;;;0;;;;;;;;;;;;;;;;;;;;;;1;0;
30.09.2026;MN7000;Минск РИЦ;960905;6875570041;5655108;5007547;70003412;КУП «Минские городские общежития» (Ленинский район РСЦ4);КУП «Минские городские общежития» (Ленинский район РСЦ4);29.11.2022;27.01.2023;Отмена записи прибытия-выбытия;;;0;1;0;;;Л*******й;Д****л;С*******ч;1;Мужской;02.04.2015;;1;Республика Беларусь;;;0;;;;;5;свидетельство о рождении РБ;cвидетельство о рождении – для граждан Республики Беларусь, не достигших четырнадцатилетнего возраста и не имеющих паспортов граждан Республики Беларусь;;;;;;;;;;;;;;;;;;;;"; сын";;;;;;;;;;;;;5;сын;1;Л******я А*******я А***********а;5655103;;;0;;;;;;;;;;;;;;;;;;;;;;1;0;
30.09.2026;MN7000;Минск РИЦ;110634;7074260351;5783563;5155617;7004;"ГП ""ЖЭУ № 4 Московского района г. Минска""";"ГП ""ЖЭУ № 4 Московского района г.Минска""";13.11.2020;29.12.2020;Отмена записи прибытия-выбытия;;;0;1;0;13.11.2020;29.12.2020;Н***Й;А*******Я;Л********А;0;Женский;26.01.1985;;1;Республика Беларусь;;;0;;;;;1;паспорт РБ;паспорт гражданина Республики Беларусь;M*******8;22.04.2019;Фрунзенским РУВД г.Минска;;непригодность для использования (обмен);4************9;;;;;;;;;;;;;;;;;;128927;К*******О Г****А А**********А;;;;;;;;6;дочь;1;;;;;0;;;;;;;;;;;;;;;;;;;;;;1;0;
30.09.2026;MN7000;Минск РИЦ;110634;7074260351;128960;128928;7004;"ГП ""ЖЭУ № 4 Московского района г. Минска""";"ГП ""ЖЭУ № 4 Московского района г.Минска""";01.06.2009;02.02.2010;Отмена записи прибытия-выбытия;;;0;1;0;12.10.2005;02.02.2010;Н***Й;А*******Я;Л********А;0;Женский;26.01.1985;;1;Республика Беларусь;;;0;;;;;1;паспорт РБ;паспорт гражданина Республики Беларусь;М*******5;02.07.2007;МОСКОВСКИМ РОВД Г. МИНСКА;;;4************9;;;;;;;;;;;;;;"; дочь";;;;;;;;;;;;;6;дочь;0;;;;;0;;;;;;;;;;;;;;;;;;;;;;1;0;
30.09.2026;MN7000;Минск РИЦ;110634;7074260351;5783668;5155758;7004;"ГП ""ЖЭУ № 4 Московского района г. Минска""";"ГП ""ЖЭУ № 4 Московского района г.Минска""";13.11.2020;29.12.2020;Отмена записи прибытия-выбытия;;;0;1;0;13.11.2020;29.12.2020;Н***Й;А*****Й;И******Ч;1;Мужской;20.06.2012;;1;Республика Беларусь;;;0;;СЫН ДОЧЕРИ;;;1;паспорт РБ;паспорт гражданина Республики Беларусь;M*******7;22.04.2019;Фрунзенским РУВД г.Минска;;не достигшему 14-летнего возраста, впервые;7************4;;;;;;;;;;;;;;;;;;128927;К*******О Г****А А**********А;;;;;;;;11;внук;1;Н***Й А*******Я Л********А;5783563;;;0;;;;;;;;;;;;;;;;;;;;;;1;0;
30.09.2026;MN7000;Минск РИЦ;110634;7074260351;128961;128929;7004;"ГП ""ЖЭУ № 4 Московского района г. Минска""";"ГП ""ЖЭУ № 4 Московского района г.Минска""";01.06.2009;03.12.2020;Отмена записи прибытия-выбытия;;;0;1;0;12.10.2005;03.12.2020;Г***А;Д*****Й;Л********Ч;1;Мужской;16.08.1987;;1;Республика Беларусь;;;0;;;;;1;паспорт РБ;паспорт гражданина Республики Беларусь;М*******3;30.01.2013;МОСКОВКИМ РУВД Г.МИНСКА;;;3************2;;;;;;;;;;;;;;"; сын";;;;128927;К*******О Г****А А**********А;;;;;;;;5;сын;1;;;;;0;;1;;;;;;;;;;;;;;;;;;;;1;0;
30.09.2026;MN7000;Минск РИЦ;110634;7074260351;128962;128930;7004;"ГП ""ЖЭУ № 4 Московского района г. Минска""";"ГП ""ЖЭУ № 4 Московского района г.Минска""";20.01.2010;08.09.2017;Отмена записи прибытия-выбытия;;;0;1;0;20.01.2010;13.10.2017;К***К;В*****Й;П******Ч;1;Мужской;14.07.1965;;1;Республика Беларусь;;;0;08.09.2017;;;;1;паспорт РБ;паспорт гражданина Республики Беларусь;М*******3;25.09.2009;ЛЕНИНСКИМ  РОВД Г. МИНСКА;;;3************3;;;;;;;;;;;17424;ОДО ФАБРИКА ФАСОВКИ;ВОДИТЕЛЬ;"; супруг";;;;128927;К*******О Г****А А**********А;;;;;;0;;1;супруг;1;;;;;0;0;;;;;;;;;;;;;;0;0;0;0;0;1;1;1;0;
30.09.2026;MN7000;Минск РИЦ;110634;7074260351;5783665;5155659;7004;"ГП ""ЖЭУ № 4 Московского района г. Минска""";"ГП ""ЖЭУ № 4 Московского района г.Минска""";13.11.2020;29.12.2020;Отмена записи прибытия-выбытия;;;0;1;0;13.11.2020;29.12.2020;Н***Й;Н****А;И******Ч;1;Мужской;13.05.2009;;1;Республика Беларусь;;;0;;СЫН ДОЧЕРИ;;;1;паспорт РБ;паспорт гражданина Республики Беларусь;M*******7;22.04.2019;Фрунзенским РУВД г.Минска;;не достигшему 14-летнего возраста, впервые;7************8;;;;;;;;;;;;;;;;;;128927;К*******О Г****А А**********А;;;;;;;;11;внук;1;Н***Й А*******Я Л********А;5783563;;;0;;;;;;;;;;;;;;;;;;;;;;1;0;
30.09.2026;MN7000;Минск РИЦ;178947;7038350240;459223;459123;7004;"ГП ""ЖЭУ № 4 Московского района г. Минска""";"ГП ""ЖЭУ № 4 Московского района г.Минска""";25.03.1983;14.05.2025;Отмена записи прибытия-выбытия;;;0;1;0;25.03.1983;14.05.2025;Р***К;З*****А;Е********А;0;Женский;12.02.1950;;1;Республика Беларусь;;;0;14.05.2025;;;;1;паспорт РБ;паспорт гражданина Республики Беларусь;М*******2;03.10.1997;МОСКОВСКОЕ РУВД Г.МИНСКА;;;4************2;;;;;;;;;;;;;;"; собственник";;;;459123;Р***К З*****А Е********А;;;;;;0;;;;1;;;;;0;0;;;1;Принятие наследства;14.05.2025;14.12.2025;14.12.2025;;;;;;;0;0;0;0;0;1;1;1;0;
30.09.2026;MN7000;Минск РИЦ;767954;8031471093;3850685;3379160;9100557;"ГП ""ЖЭУ № 3 Советского района г. Минска""";"ГП ""ЖЭУ № 3 Советского района г. Минска"" (пл.бытуслуги)";19.03.2014;28.04.2014;Отмена записи прибытия-выбытия;;;0;1;0;;;А*******Ч;А*****Й;В**********Ч;1;Мужской;;;;;;;0;;(Доля: д.н.99от19.03.2014,раст.182 28.04.14);;;;;;;;;;;;;;;;;;;;;;;;;"; по договоpу";;;;;;;;;;;;;;;0;;;;;0;;;;;;;;;;;;;;;;;;;;;;1;0;
30.09.2026;MN7000;Минск РИЦ;767954;8031471093;3974573;3502924;9100557;"ГП ""ЖЭУ № 3 Советского района г. Минска""";"ГП ""ЖЭУ № 3 Советского района г. Минска"" (пл.бытуслуги)";18.05.2007;16.11.2021;Отмена записи прибытия-выбытия;;;0;1;0;18.05.2007;16.11.2021;З*****Ч;И***А;Г*********А;0;Женский;28.10.1972;;1;Республика Беларусь;;;0;;;;;1;паспорт РБ;паспорт гражданина Республики Беларусь;М*******8;04.05.2015;СОВ ЕТСКИМ РУВД Г. МИНСКА;;;4************1;;;;;;;;;;;221950;34-я центральная районная клиническая поликлиника Советского района г.Минска;;"; дочь";;;;3568715;З*****Ч Г******Й Э********Ч;;;;;;;;6;дочь;1;;;;;0;;;;;;;;;;;;;;;;;;;;;;1;0;
30.09.2026;MN7000;Минск РИЦ;767954;8031471093;6347704;5844607;9100557;"ГП ""ЖЭУ № 3 Советского района г. Минска""";"ГП ""ЖЭУ № 3 Советского района г. Минска"" (пл.бытуслуги)";10.10.2024;;Прибытие-выбытие;1;Регистрация по месту жительства;1;0;0;10.10.2024;;З*****Ч;М***Я;Н*******А;0;Женский;02.10.2024;;1;Республика Беларусь;;;0;;;;;5;свидетельство о рождении РБ;cвидетельство о рождении – для граждан Республики Беларусь, не достигших четырнадцатилетнего возраста и не имеющих паспортов граждан Республики Беларусь;I*********5;08.10.2024;Отделом ЗАГС администрации Советского района г.Минск;;;7************9;;;;;;;;;;;;;;;;;;5343576;З*****Ч Л*****А В********А;;;;;;0;;34;правнучка;1;;;;;0;0;;;;;;;;;;;;;;2;0;0;0;0;3;3;1;0;
30.09.2026;MN7000;Минск РИЦ;767954;8031471093;3821184;3349669;9100557;"ГП ""ЖЭУ № 3 Советского района г. Минска""";"ГП ""ЖЭУ № 3 Советского района г. Минска"" (пл.бытуслуги)";18.02.2016;;Прибытие-выбытие;1;Регистрация по месту жительства;1;0;0;18.02.2016;;З*****Ч;Н****А;С*******Ч;1;Мужской;29.01.1998;;1;Республика Беларусь;;;0;;;;;1;паспорт РБ;паспорт гражданина Республики Беларусь;М*******7;29.05.2013;СОВ ЕТСКИМ РУВД Г. МИНСКА;;;3************4;;;;;;;;;;;;;;"; внук";;;;5343576;З*****Ч Л*****А В********А;;;;;;0;;11;внук;1;;;;;0;0;;;;;;;;;;;;;;2;0;0;0;0;3;3;1;0;
30.09.2026;MN7000;Минск РИЦ;767954;8031471093;3837118;3365595;9100557;"ГП ""ЖЭУ № 3 Советского района г. Минска""";"ГП ""ЖЭУ № 3 Советского района г. Минска"" (пл.бытуслуги)";02.03.2019;02.03.2020;Отмена записи прибытия-выбытия;;;0;1;0;;;К*****О;С*******В;П******Ч;1;Мужской;08.03.1973;;;;;;0;;(Доля: ДС 16.02.16 (№136));;;1;паспорт РБ;паспорт гражданина Республики Беларусь;;;;;;;;;;;;;;;;;;;;"; по договоpу";;;;3365595;К*****О С*******В П******Ч;;;;;;;;;;0;;;;;0;;;;;;;;;;;;;;;;;;;;;;1;0;
30.09.2026;MN7000;Минск РИЦ;767954;8031471093;3860888;3389363;9100557;"ГП ""ЖЭУ № 3 Советского района г. Минска""";"ГП ""ЖЭУ № 3 Советского района г. Минска"" (пл.бытуслуги)";01.10.2013;18.02.2014;Отмена записи прибытия-выбытия;;;0;1;0;;;А*******Ч;А*****Й;В**********Ч;1;Мужской;;;;;;;0;;(Доля: дгн 225 от 01.10.2013, расторж.№53 от 18.02.14);;;;;;;;;;;;;;;;;;;;;;;;;"; по договоpу";;;;;;;;;;;;;;;0;;;;;0;;;;;;;;;;;;;;;;;;;;;;1;0;
30.09.2026;MN7000;Минск РИЦ;767954;8031471093;3984090;3512441;9100557;"ГП ""ЖЭУ № 3 Советского района г. Минска""";"ГП ""ЖЭУ № 3 Советского района г. Минска"" (пл.бытуслуги)";07.06.2006;11.05.2007;Отмена записи прибытия-выбытия;;;0;1;0;07.06.2006;11.05.2007;Н*****Р;П****А;В********А;0;Женский;10.06.1983;;;;;;0;;;;;;;;;;;;;;;;;;;;;;;;;;;"; наниматель";;;;;;;;;;;;;;;0;;;;;0;;;;;;;;;;;;;;;;;;;;;;1;0;
30.09.2026;MN7000;Минск РИЦ;767954;8031471093;4040440;3568715;9100557;"ГП ""ЖЭУ № 3 Советского района г. Минска""";"ГП ""ЖЭУ № 3 Советского района г. Минска"" (пл.бытуслуги)";17.03.2000;22.02.2006;Отмена записи прибытия-выбытия;;;0;1;0;17.03.2000;22.02.2006;З*****Ч;Г******Й;Э********Ч;1;Мужской;01.01.1940;;;;;;0;;;;;;;;;;;;;;;;;;;;;;;;;;;"; собственник";;;;3568715;З*****Ч Г******Й Э********Ч;;;;;;;;;;1;;;;;0;;;;;;;;;;;;;;;;;;;;;;1;0;
30.09.2026;MN7000;Минск РИЦ;767954;8031471093;5701877;5061781;9100557;"ГП ""ЖЭУ № 3 Советского района г. Минска""";"ГП ""ЖЭУ № 3 Советского района г. Минска"" (пл.бытуслуги)";01.04.2020;01.10.2020;Отмена записи прибытия-выбытия;;;0;1;0;;;Я****К;А***Н;М********Ч;1;Мужской;20.07.1992;;;;;;0;;;;;1;паспорт РБ;паспорт гражданина Республики Беларусь;;;;;;;;;;;;;;;;;;;;"; по договоpу";;;;5061781;Я****К А***Н М********Ч;;;;;;;;;;0;;;;;0;;;;;;;;;;;;;;;;;;;;;;1;0;
30.09.2026;MN7000;Минск РИЦ;767954;8031471093;6025116;5436478;9100557;"ГП ""ЖЭУ № 3 Советского района г. Минска""";"ГП ""ЖЭУ № 3 Советского района г. Минска"" (пл.бытуслуги)";10.08.2022;;Прибытие-выбытие;1;Регистрация по месту жительства;1;0;0;10.08.2022;;З*****Ч;П***Л;Н*****Ч;1;Мужской;01.08.2022;;1;Республика Беларусь;;;0;;;;;5;свидетельство о рождении РБ;cвидетельство о рождении – для граждан Республики Беларусь, не достигших четырнадцатилетнего возраста и не имеющих паспортов граждан Республики Беларусь;;;;;;7************6;;;;;;;;;;;;;;;;;;5343576;З*****Ч Л*****А В********А;;;;;;0;;33;правнук;1;;;;;0;0;;;;;;;;;;;;;;2;0;0;0;0;3;3;1;0;
30.09.2026;MN7000;Минск РИЦ;767954;8031471093;3856280;3384755;9100557;"ГП ""ЖЭУ № 3 Советского района г. Минска""";"ГП ""ЖЭУ № 3 Советского района г. Минска"" (пл.бытуслуги)";02.07.2014;01.01.2015;Отмена записи прибытия-выбытия;;;0;1;0;;;В********А;Т*****А;М********А;0;Женский;02.05.1983;;;;;;0;;(Доля: д.н.7503от02.07.14);;;;;;;;;;;;;;;;;;;;;;;;;"; по договоpу";;;;;;;;;;;;;;;0;;;;;0;;;;;;;;;;;;;;;;;;;;;;1;0;
30.09.2026;MN7000;Минск РИЦ;441130;6458990101;2120783;1649317;9100235;"ГП ""ЖЭУ № 4 Заводского района г. Минска""";"ГП ""ЖЭУ № 4 Заводского района г. Минска""";25.06.2012;05.09.2024;Отмена записи прибытия-выбытия;;;0;1;0;25.06.2012;15.10.2024;П*******Ч;В*******А;П******А;0;Женский;01.03.1945;;1;Республика Беларусь;1;состоит в браке;0;05.09.2024;;40;одиноко проживающие пенсионеры;1;паспорт РБ;паспорт гражданина Республики Беларусь;М*******8;15.10.2002;ЗАВОДСКИМ РУВД Г.МИНСКА;;;4************0;;;;;;;;;;;197;пенсионер;;"; собственник";;;;1649317;П*******Ч В*******А П******А;;;;;;0;;;;1;;;;;0;0;;;1;Принятие наследства;05.09.2024;05.04.2025;05.04.2025;;;;;;;0;0;0;0;0;1;1;1;0;
30.09.2026;MN7000;Минск РИЦ;441130;6458990101;2131231;1659765;9100235;"ГП ""ЖЭУ № 4 Заводского района г. Минска""";"ГП ""ЖЭУ № 4 Заводского района г. Минска""";25.06.2012;;Прибытие-выбытие;1;Регистрация по месту жительства;1;0;0;25.06.2012;;П*******Ч;В******Н;И********Ч;1;Мужской;10.01.1943;;1;Республика Беларусь;1;состоит в браке;0;;;40;одиноко проживающие пенсионеры;1;паспорт РБ;паспорт гражданина Республики Беларусь;М*******2;04.09.2026;ЗАВОДСКИМ РУВД Г.МИНСКА;;непригодность для использования (обмен);3************7;;;;;;;;;;;197;пенсионер;;"; супруг";;;;6191946;К******А А***А С*******А;;;;;;0;;9;дед;1;;;;;0;0;;;;;;;;;;;;;;0;0;0;0;0;1;1;1;0;
30.09.2026;MN7000;Минск РИЦ;459499;6800080040;2314368;1842786;9100302;ГП ЖЭУ № 2 Ленин. р-на;"ГП ""ЖЭУ № 2 Ленинского района г. Минска""";18.11.2008;;Прибытие-выбытие;1;Регистрация по месту жительства;1;0;0;18.11.2008;;В**********Я;Н*****Я;Б*******А;0;Женский;02.10.1974;;1;Республика Беларусь;;;0;;;;;1;паспорт РБ;паспорт гражданина Республики Беларусь;М*******8;10.04.2020;ЛЕНИНСКИМ  РУВД  МИНСКА;;непригодность для использования (обмен);4************2;;;;;;;;;;;;;;"; супруга";;;;1979499;В**********Й И***Ь М********Ч;;;;;;0;;2;супруга;1;;;;;0;0;;;;;;;;;;;;;;1;0;0;0;0;4;4;1;0;
30.09.2026;MN7000;Минск РИЦ;459499;6800080040;2314367;1842785;9100302;ГП ЖЭУ № 2 Ленин. р-на;"ГП ""ЖЭУ № 2 Ленинского района г. Минска""";18.11.2008;;Прибытие-выбытие;1;Регистрация по месту жительства;1;0;0;18.11.2008;;В**********Й;Н****А;И******Ч;1;Мужской;21.03.2000;;1;Республика Беларусь;;;0;;;;;1;паспорт РБ;паспорт гражданина Республики Беларусь;М*******6;29.05.2023;ЛЕНИНСКИЙ РУВД Г.МИНСКА;;непригодность для использования (обмен);5************5;;;;;;;;;;;;;;"; сын";;;;1979499;В**********Й И***Ь М********Ч;;;;;;0;;5;сын;1;;;;;0;0;;;;;;;;;;;;;;1;0;0;0;0;4;4;1;0;
30.09.2026;MN7000;Минск РИЦ;459499;6800080040;2357500;1885846;9100302;ГП ЖЭУ № 2 Ленин. р-на;"ГП ""ЖЭУ № 2 Ленинского района г. Минска""";06.05.2010;;Прибытие-выбытие;1;Регистрация по месту жительства;1;0;0;02.07.2010;;В**********Я;Д***Я;И******А;0;Женский;26.03.2010;;1;Республика Беларусь;;;0;;;;;1;паспорт РБ;паспорт гражданина Республики Беларусь;М*******7;15.05.2024;ЛЕНИНСКИЙ РУВД Г.МИНСКА;;непригодность для использования (обмен);6************6;;;;;;;;;;;;;;"; дочь";;;;1979499;В**********Й И***Ь М********Ч;;;;;;0;;6;дочь;1;В**********Я Н*****Я Б*******А;2314368;;;0;0;;;;;;;;;;;;;;1;0;0;0;0;4;4;1;0;
30.09.2026;MN7000;Минск РИЦ;574320;7414370021;2888907;2417402;9100411;ЧС_ГП ЖЭУ № 4 Партиз. р-на;"ЧС_ГП ""ЖЭУ № 4 Партизанского района г. Минска""";16.12.2013;;Прибытие-выбытие;1;Регистрация по месту жительства;1;0;0;07.02.2020;;Р****В;И**Н;А*******Ч;1;Мужской;21.10.2013;;1;Республика Беларусь;;;0;;;;;1;паспорт РБ;паспорт гражданина Республики Беларусь;M*******0;11.09.2025;Партизанским РУВД г.Минска;706;истечение срока действия (обмен);7************5;;;;;;;;;;;;;;"; сын";;;;2456739;Р****В А****Й В**********Ч;;;;;;0;;5;сын;1;Р*****А А*******Я С********А;2928341;;;0;0;;;;;;;;;;;;;;1;0;0;0;0;5;5;1;0;
30.09.2026;MN7000;Минск РИЦ;574320;7414370021;2928342;2456738;9100411;ЧС_ГП ЖЭУ № 4 Партиз. р-на;"ЧС_ГП ""ЖЭУ № 4 Партизанского района г. Минска""";01.09.2010;;Прибытие-выбытие;1;Регистрация по месту жительства;1;0;0;19.06.2012;;Р****В;Д*****Й;А*******Ч;1;Мужской;12.01.2007;;1;Республика Беларусь;;;0;;;;;1;паспорт РБ;паспорт гражданина Республики Беларусь;М*******1;05.02.2020;ПАРТИЗАНСКИМ РУВД Г. МИНСКА;;истечение срока действия (обмен);7************3;;;;;;;;;;;;;;"; сын";;;;2456739;Р****В А****Й В**********Ч;;;;;;0;;5;сын;1;Р*****А А*******Я С********А;2928341;;;0;0;;;;;;;;;;;;;;1;0;0;0;0;5;5;1;0;
30.09.2026;MN7000;Минск РИЦ;574320;7414370021;2928341;2456737;9100411;ЧС_ГП ЖЭУ № 4 Партиз. р-на;"ЧС_ГП ""ЖЭУ № 4 Партизанского района г. Минска""";01.09.2010;;Прибытие-выбытие;1;Регистрация по месту жительства;1;0;0;16.11.2010;;Р*****А;А*******Я;С********А;0;Женский;17.05.1980;;1;Республика Беларусь;;;0;;;;;1;паспорт РБ;паспорт гражданина Республики Беларусь;М*******4;09.06.2017;ПАРТИЗАНСКИМ РУВД Г.МИНСКА;;непригодность для использования (обмен);4************1;;;;;;;;;;;;;;"; супруга";;;;2456739;Р****В А****Й В**********Ч;;;;;;0;;2;супруга;1;;;;;0;0;;;;;;;;;;;;;;1;0;0;0;0;5;5;1;0;
30.09.2026;MN7000;Минск РИЦ;574320;7414370021;6491240;6055760;9100411;ЧС_ГП ЖЭУ № 4 Партиз. р-на;"ЧС_ГП ""ЖЭУ № 4 Партизанского района г. Минска""";18.09.2025;;Прибытие-выбытие;1;Регистрация по месту жительства;1;0;0;18.09.2025;;О*******К;С****Н;;1;Мужской;22.07.1950;;114;Республика Казахстан;;;0;;;;;31;биометрический вид на жительство в РБ иностранного гражданина;биометрический вид на жительство в Республике Беларусь иностранного гражданина;I*******0;17.09.2025;Партизанским РУВД г.Минска;706;;7************9;;;;;;;;;;;;;;;;;;2456739;Р****В А****Й В**********Ч;;;;;;0;;63;тесть (отец супруги);1;;;;;0;0;;;;;;;;;;;;;;1;0;0;0;0;5;5;1;0;
30.09.2026;MN7000;Минск РИЦ;800695;8031470797;4040676;3568951;9100557;"ГП ""ЖЭУ № 3 Советского района г. Минска""";"ГП ""ЖЭУ № 3 Советского района г. Минска"" (пл.бытуслуги)";31.08.1993;31.03.2007;Отмена записи прибытия-выбытия;;;0;1;0;31.08.1993;30.03.2007;Х****О;Д*****Й;В********Ч;1;Мужской;01.07.1967;;;;;;0;;;;;;;;;;;;;;;;;;;;;;;;;;;"; бывший супруг";;;;;;;;;;;;;82;бывший супруг;0;;;;;0;;;;;;;;;;;;;;;;;;;;;;2;0;
30.09.2026;MN7000;Минск РИЦ;800695;8031470797;4040677;3568952;9100557;"ГП ""ЖЭУ № 3 Советского района г. Минска""";"ГП ""ЖЭУ № 3 Советского района г. Минска"" (пл.бытуслуги)";01.01.1989;31.03.2007;Отмена записи прибытия-выбытия;;;0;1;0;29.04.2005;30.03.2007;В******К;Е**Р;В**********Ч;1;Мужской;25.05.1989;;;;;;0;;;;;;;;;;;;;;;;;;;;;;;;;;;"; сын";;;;;;;;;;;;;5;сын;0;В******К А**А Г********А;3899125;;;0;;;;;;;;;;;;;;;;;;;;;;2;0;
30.09.2026;MN7000;Минск РИЦ;800695;8031470797;3899125;3427572;9100557;"ГП ""ЖЭУ № 3 Советского района г. Минска""";"ГП ""ЖЭУ № 3 Советского района г. Минска"" (пл.бытуслуги)";31.08.1993;31.03.2007;Отмена записи прибытия-выбытия;;;0;1;0;31.08.1993;30.03.2007;В******К;А**А;Г********А;0;Женский;20.07.1963;;;;;;0;;;;;;;;;;;;;;;;;;;;;;;;;;;"; бывший собственник";;;;;;;;;;;;;;;0;;;;;0;;;;;;;;;;;;;;;;;;;;;;2;0;
30.09.2026;MN7000;Минск РИЦ;800695;8031470797;3975239;3503590;9100557;"ГП ""ЖЭУ № 3 Советского района г. Минска""";"ГП ""ЖЭУ № 3 Советского района г. Минска"" (пл.бытуслуги)";11.05.2007;01.04.2020;Отмена записи прибытия-выбытия;;;0;1;0;11.05.2007;08.04.2020;П******Ц;С****Й;Л********Ч;1;Мужской;24.06.1980;;1;Республика Беларусь;;;0;01.04.2020;;;;1;паспорт РБ;паспорт гражданина Республики Беларусь;М*******5;29.03.2017;СОВ ЕТСКИМ РУВД Г. МИНСКА;;истечение срока действия (обмен);3************3;;;;;;;;;;;545;ип;;"; собственник";;;;3503590;П******Ц С****Й Л********Ч;;;;;;0;;;;1;;;;;0;0;;;;;;;;;;;;;;1;0;0;0;0;2;2;2;0;
30.09.2026;MN7000;Минск РИЦ;800695;8031470797;4040678;3568953;9100557;"ГП ""ЖЭУ № 3 Советского района г. Минска""";"ГП ""ЖЭУ № 3 Советского района г. Минска"" (пл.бытуслуги)";31.08.1993;30.11.2001;Отмена записи прибытия-выбытия;;;0;1;0;31.08.1993;23.11.2001;К*********Я;В**А;Г*********А;0;Женский;01.01.1920;;;;;;0;;;;;;;;;;;;;;;;;;;;;;;;;;;"; тетя";;;;;;;;;;;;;16;тётя;0;;;;;0;;;;;;;;;;;;;;;;;;;;;;2;0;
30.09.2026;MN7000;Минск РИЦ;785382;8032320344;3977440;3505791;9100557;"ГП ""ЖЭУ № 3 Советского района г. Минска""";"ГП ""ЖЭУ № 3 Советского района г. Минска"" (пл.бытуслуги)";26.05.2007;;Прибытие-выбытие;1;Регистрация по месту жительства;1;0;0;06.06.2011;;З*****А;В*****А;А***********А;0;Женский;17.05.2007;;1;Республика Беларусь;;;0;;;;;1;паспорт РБ;паспорт гражданина Республики Беларусь;М*******3;14.04.2022;СОВЕТСКИМ РУВД Г МИНСКА;;истечение срока действия (обмен);6************8;;;;;;;;;;;;;;"; дочь";;;;3611572;З****В А*******Р А*********Ч;;;;;;0;;6;дочь;1;;;;;0;0;;;;;;;;;;;;;;0;0;0;0;0;4;4;2;0;
30.09.2026;MN7000;Минск РИЦ;785382;8032320344;6142825;5580837;9100557;"ГП ""ЖЭУ № 3 Советского района г. Минска""";"ГП ""ЖЭУ № 3 Советского района г. Минска"" (пл.бытуслуги)";01.05.2023;02.05.2023;Отмена записи прибытия-выбытия;;;0;1;0;01.05.2023;02.05.2023;П********Я;Е*******А;В********А;0;Женский;02.09.2003;;1;Республика Беларусь;;;0;;;;;1;паспорт РБ;паспорт гражданина Республики Беларусь;М*******3;05.10.2017;Советским РУВД г.Минска;708;;6************5;;;;;;;;;;;;;;;;;;3514781;З*****А Н*****Я А*********А;;;;;;;;6;дочь;1;З*****А Н*****Я А*********А;3986430;;;0;;;;;;;;;;;;;;;;;;;;;;2;0;
30.09.2026;MN7000;Минск РИЦ;785382;8032320344;3953112;3481463;9100557;"ГП ""ЖЭУ № 3 Советского района г. Минска""";"ГП ""ЖЭУ № 3 Советского района г. Минска"" (пл.бытуслуги)";26.12.1972;21.05.2008;Отмена записи прибытия-выбытия;;;0;1;0;26.12.1972;21.05.2008;З*****А;О***А;И******А;0;Женский;01.01.1949;;1;Республика Беларусь;;;0;;;;;1;паспорт РБ;паспорт гражданина Республики Беларусь;М*******8;22.11.2000;СОВЕТСКИЙ РУВД М ИНСКА;;;4************8;;;;;;;;;;;13473;ПЕНСИОНЕРКА;;"; собственник";;;;3481463;З*****А О***А И******А;;;;;;;;;;1;;;;;0;;;;;;;;;;;;;;;;;;;;;;2;0;
30.09.2026;MN7000;Минск РИЦ;785382;8032320344;3997298;3525617;9100557;"ГП ""ЖЭУ № 3 Советского района г. Минска""";"ГП ""ЖЭУ № 3 Советского района г. Минска"" (пл.бытуслуги)";01.06.2023;;Прибытие-выбытие;1;Регистрация по месту жительства;1;0;0;01.06.2023;;П********Я;Е*******А;В********А;0;Женский;02.09.2003;;1;Республика Беларусь;;;0;;;;;1;паспорт РБ;паспорт гражданина Республики Беларусь;M*******1;11.01.2025;СОВ ЕТСКИМ РУВД Г. МИНСКА;;истечение срока действия (обмен);6************5;;;;;;;;;;;;;;"; дочь сестpы";;;;3514781;З*****А Н*****Я А*********А;;;;;;0;;6;дочь;1;З****В А*******Р А*********Ч;4083303;;;0;0;;;;;;;;;;;;;;0;0;0;0;0;4;4;2;0;
30.09.2026;MN7000;Минск РИЦ;122560;7077190041;5828734;5207137;7003;"ГП ""ЖЭУ № 3 Московского района г. Минска""";"ГП ""ЖЭУ № 3 Московского района г. Минска""";25.03.2021;18.02.2023;Отмена записи прибытия-выбытия;;;0;1;0;25.03.2021;18.02.2023;З********А;А**А;Г*********А;0;Женский;03.02.1985;;1;Республика Беларусь;;;0;;;;;1;паспорт РБ;паспорт гражданина Республики Беларусь;М*******8;10.06.2015;Московским РУВД г.Минска;;непригодность для использования (обмен);4************3;;;;;;;;;;;;;;;;;;183127;З*******В Н****А А***********Ч;;;;;;;;2;супруга;1;;;;;0;;;;;;;;;;;;;;;;;;;;;;1;0;
30.09.2026;MN7000;Минск РИЦ;122560;7077190041;122072;122043;7003;"ГП ""ЖЭУ № 3 Московского района г. Минска""";"ГП ""ЖЭУ № 3 Московского района г. Минска""";06.03.2015;;Прибытие-выбытие;1;Регистрация по месту жительства;1;0;0;28.03.2015;;З********А;Я*А;Н*******А;0;Женский;15.01.2010;;1;Республика Беларусь;;;0;;;;;1;паспорт РБ;паспорт гражданина Республики Беларусь;М*******4;20.02.2025;МОСКОВСКИМ РУВД Г. МИНСКА;;;7************0;;;;;;;;;;;;;;"; дочь";;;;183127;З*******В Н****А А***********Ч;;;;;;0;;6;дочь;1;З*******В Н****А А***********Ч;183164;;;0;0;;;;;;;;;;;;;;1;0;0;0;0;2;2;1;0;
30.09.2026;MN7000;Минск РИЦ;1007147;9093292054;6133431;5595120;70000980;ТС/ЖСК/ЖСПК Центрального р-на;ТС/ЖСК/ЖСПК Центрального р-на;;;;;;0;0;0;;;"С**О ""*********""";;;;-;;;;;;;0;;;;;1;паспорт РБ;паспорт гражданина Республики Беларусь;;;;;;;;;;;;;;;;;;;;;;;;;;;;;;;;;;;;;;;;0;;;;;;;;;;;;;;;;;;;;;;1;0;
30.09.2026;MN7000;Минск РИЦ;1007147;9093292054;6154089;5595148;70000980;ТС/ЖСК/ЖСПК Центрального р-на;ТС/ЖСК/ЖСПК Центрального р-на;03.08.2023;;Прибытие-выбытие;1;Регистрация по месту жительства;1;0;0;03.08.2023;;А*Ь К*Ш;Л***Я;В**********А;0;Женский;06.06.1978;;1;Республика Беларусь;;;0;;291081111;;;30;идентификационная карта РБ;идентификационная карта гражданина Республики Беларусь;B*******4;04.10.2021;Фрунзенским РУВД г.Минска;709;;4************5;;;;;;;;;;;;;;;;;;5595148;А*Ь К*Ш Л***Я В**********А;;;;;;0;;;;1;;;;;0;0;;;;;;;;;;;;;;0;0;0;0;0;1;1;1;0;
30.09.2026;MN7000;Минск РИЦ;1007147;9093292054;6041910;5595119;70000980;ТС/ЖСК/ЖСПК Центрального р-на;ТС/ЖСК/ЖСПК Центрального р-на;;;;;;0;0;0;;;"С**О ""********""";;;;-;;;;;;;0;;;;;1;паспорт РБ;паспорт гражданина Республики Беларусь;;;;;;;;;;;;;;;;;;;;;;;;;;;;;;;;;;;;;;;;0;;;;;;;;;;;;;;;;;;;;;;1;0;
30.09.2026;MN7000;Минск РИЦ;582026;7423370011;2875058;2403570;9100411;ЧС_ГП ЖЭУ № 4 Партиз. р-на;"ЧС_ГП ""ЖЭУ № 4 Партизанского района г. Минска""";08.07.2015;;Прибытие-выбытие;1;Регистрация по месту жительства;1;0;0;25.11.2020;;Д***О;И**Н;С*******Ч;1;Мужской;04.04.2015;;1;Республика Беларусь;;;0;;;;;1;паспорт РБ;паспорт гражданина Республики Беларусь;M*******3;03.05.2024;Партизанским РУВД г.Минска;;не достигшему 14-летнего возраста, впервые;7************1;;;;;;;;;;;;;;"; сын";;;;2436910;Д***О А*******Я Н********А;;;;;;0;;5;сын;1;Д***О А*******Я Н********А;2908421;;;0;0;;;;;;;;;;;;;;3;0;0;0;0;5;5;1;0;
30.09.2026;MN7000;Минск РИЦ;582026;7423370011;2875057;2403569;9100411;ЧС_ГП ЖЭУ № 4 Партиз. р-на;"ЧС_ГП ""ЖЭУ № 4 Партизанского района г. Минска""";08.07.2015;;Прибытие-выбытие;1;Регистрация по месту жительства;1;0;0;25.11.2020;;Д***О;С****Н;С*******Ч;1;Мужской;04.04.2015;;1;Республика Беларусь;;;0;;;;;1;паспорт РБ;паспорт гражданина Республики Беларусь;M*******2;03.05.2024;Партизанским РУВД г.Минска;;не достигшему 14-летнего возраста, впервые;7************4;;;;;;;;;;;;;;"; сын";;;;2436910;Д***О А*******Я Н********А;;;;;;0;;5;сын;1;Д***О А*******Я Н********А;2908421;;;0;0;;;;;;;;;;;;;;3;0;0;0;0;5;5;1;0;
30.09.2026;MN7000;Минск РИЦ;582026;7423370011;2908422;2436911;9100411;ЧС_ГП ЖЭУ № 4 Партиз. р-на;"ЧС_ГП ""ЖЭУ № 4 Партизанского района г. Минска""";27.08.2024;;Прибытие-выбытие;1;Регистрация по месту жительства;1;0;0;27.08.2024;;Д***О;Н*****Й;С*******Ч;1;Мужской;18.10.1999;;1;Республика Беларусь;2;никогда не состоял в браке;0;;;;;30;идентификационная карта РБ;идентификационная карта гражданина Республики Беларусь;B*******7;28.08.2024;ПАРТИЗАНСКОЕ РУВД Г.МИНСКА;;;3************5;;;;;;;;;;;28420;ГИМНАЗИЯ №5;УЧ-СЯ;"; сын";;;;2436910;Д***О А*******Я Н********А;;;;;;0;;5;сын;1;;;;;0;0;1;;;;;;;;;;;;;3;0;0;0;0;5;5;1;0;
30.09.2026;MN7000;Минск РИЦ;582026;7423370011;2875056;2403568;9100411;ЧС_ГП ЖЭУ № 4 Партиз. р-на;"ЧС_ГП ""ЖЭУ № 4 Партизанского района г. Минска""";08.07.2015;;Прибытие-выбытие;1;Регистрация по месту жительства;1;0;0;25.11.2020;;Д***О;Д***Я;С*******А;0;Женский;04.04.2015;;1;Республика Беларусь;;;0;;;;;1;паспорт РБ;паспорт гражданина Республики Беларусь;M*******1;03.05.2024;Партизанским РУВД г.Минска;;не достигшему 14-летнего возраста, впервые;7************7;;;;;;;;;;;;;;"; дочь";;;;2436910;Д***О А*******Я Н********А;;;;;;0;;6;дочь;1;Д***О А*******Я Н********А;2908421;;;0;0;;;;;;;;;;;;;;3;0;0;0;0;5;5;1;0;
30.09.2026;MN7000;Минск РИЦ;467895;6849311272;5691637;5049891;9100302;ГП ЖЭУ № 2 Ленин. р-на;"ГП ""ЖЭУ № 2 Ленинского района г. Минска""";22.03.2020;21.03.2021;Отмена записи прибытия-выбытия;;;0;1;0;;;К*****Н;А*******Р;А*********Ч;1;Мужской;20.07.1994;;;;;;0;;;;;1;паспорт РБ;паспорт гражданина Республики Беларусь;;;;;;;;;;;;;;;;;;;;"; наниматель";;;;5049891;К*****Н А*******Р А*********Ч;;;;;;;;;;0;;;;;0;;;;;;;;;;;;;;;;;;;;;;1;0;
30.09.2026;MN7000;Минск РИЦ;467895;6849311272;2545192;2073434;9100302;ГП ЖЭУ № 2 Ленин. р-на;"ГП ""ЖЭУ № 2 Ленинского района г. Минска""";23.02.1973;30.11.2001;Отмена записи прибытия-выбытия;;;0;1;0;23.02.1973;30.11.2001;К****К;К********Н;К************Ч;1;Мужской;03.07.1943;;;;;;0;;;;;;;;;;;;;;;;;;;;;;;;;;;"; бывший наниматель";;;;;;;;;;;;;;;0;;;;;0;;;;;;;;;;;;;;;;;;;;;;1;0;
30.09.2026;MN7000;Минск РИЦ;467895;6849311272;2447144;1975486;9100302;ГП ЖЭУ № 2 Ленин. р-на;"ГП ""ЖЭУ № 2 Ленинского района г. Минска""";23.02.1973;30.11.2001;Отмена записи прибытия-выбытия;;;0;1;0;23.02.1973;30.11.2001;К****К;Н*****А;П******А;0;Женский;14.04.1947;;;;;;0;;;;;;;;;;;;;;;;;;;;;;;;;;;"; мать";;;;1862606;Ш***Ц Н*****Я К************А;;;;;;;;3;мать;1;;;;;0;;;;;;;;;;;;;;;;;;;;;;1;0;
30.09.2026;MN7000;Минск РИЦ;467895;6849311272;2547632;2075874;9100302;ГП ЖЭУ № 2 Ленин. р-на;"ГП ""ЖЭУ № 2 Ленинского района г. Минска""";29.11.1991;31.03.2015;Отмена записи прибытия-выбытия;;;0;1;0;29.11.1991;30.03.2015;К****К;С****Й;К************Ч;1;Мужской;02.11.1971;;1;Республика Беларусь;;;0;;;;;1;паспорт РБ;паспорт гражданина Республики Беларусь;М*******9;26.09.2008;ЛЕНИНСКИМ  РУВД  МИНСКА;;;3************5;;;;;;;;;;;;;;"; брат";;;;1862606;Ш***Ц Н*****Я К************А;;;;;;;;13;брат;1;;;;;0;;;;;;;;;;;;;;;;;;;;;;1;0;
30.09.2026;MN7000;Минск РИЦ;467895;6849311272;5828211;5206531;9100302;ГП ЖЭУ № 2 Ленин. р-на;"ГП ""ЖЭУ № 2 Ленинского района г. Минска""";23.03.2021;10.08.2021;Отмена записи прибытия-выбытия;;;0;1;0;;;К*****Н;А*******Р;А*********Ч;1;Мужской;20.07.1994;;;;;;0;;;;;1;паспорт РБ;паспорт гражданина Республики Беларусь;;;;;;;;;;;;;;;;;;;;;;;;5206531;К*****Н А*******Р А*********Ч;;;;;;;;;;1;;;;;0;;;;;;;;;;;;;;;;;;;;;;1;0;
30.09.2026;MN7000;Минск РИЦ;467895;6849311272;2595745;2123940;9100302;ГП ЖЭУ № 2 Ленин. р-на;"ГП ""ЖЭУ № 2 Ленинского района г. Минска""";01.01.2001;;Прибытие-выбытие;1;Регистрация по месту жительства;1;0;0;01.06.2004;;Ш***Ц;А****Й;Л********Ч;1;Мужской;27.06.1994;;1;Республика Беларусь;;;0;;;;;1;паспорт РБ;паспорт гражданина Республики Беларусь;М*******5;23.07.2019;ЛЕНИНСКИМ  РУВД  МИНСКА;;истечение срока действия (обмен);3************9;;;;;;;;;;;;;;"; сын";;;;1862606;Ш***Ц Н*****Я К************А;;;;;;0;;5;сын;1;Ш***Ц Н*****Я К************А;2334247;;;0;0;;;;;;;;;;;;;;0;0;0;0;0;2;2;1;0;
30.09.2026;MN7000;Минск РИЦ;467895;6849311272;5691635;5049886;9100302;ГП ЖЭУ № 2 Ленин. р-на;"ГП ""ЖЭУ № 2 Ленинского района г. Минска""";22.03.2020;05.06.2020;Отмена записи прибытия-выбытия;;;0;1;0;;;К******А;М***Я;И******А;0;Женский;11.02.1996;;;;;;0;;;;;1;паспорт РБ;паспорт гражданина Республики Беларусь;;;;;;;;;;;;;;;;;;;;"; супруга нанимателя";;;;5049891;К*****Н А*******Р А*********Ч;;;;;;;;2;супруга;0;;;;;0;;;;;;;;;;;;;;;;;;;;;;1;0;
30.09.2026;MN7000;Минск РИЦ;1011281;7077950068;6204701;5664815;7003;"ГП ""ЖЭУ № 3 Московского района г. Минска""";"ГП ""ЖЭУ № 3 Московского района г. Минска""";;;;;;0;0;0;;;"""";У*С;"З****""";;-;;;;;;;0;;;;;5;свидетельство о рождении РБ;cвидетельство о рождении – для граждан Республики Беларусь, не достигших четырнадцатилетнего возраста и не имеющих паспортов граждан Республики Беларусь;;;;;;;;;;;;;;;;;;;;;;;;;;;;;;;;;;;;;;;;0;;;;;;;;;;;;;;;;;;;;;;1;0;
30.09.2026;MN7000;Минск РИЦ;524245;7259131531;5670125;5025038;70002699;"ГП ""ЖЭУ № 4 Октябрьского района г. Минска"" (реорганизация ГП ЖЭУ № 3)";"ГП ""ЖЭУ № 4 Октябрьского района г. Минска"" (реорганизация ГП ЖЭУ № 3)";04.02.2020;;Прибытие-выбытие;1;Регистрация по месту жительства;1;0;0;04.02.2020;;М*******Ч;М***Я;А***********А;0;Женский;28.12.1991;РБ;1;Республика Беларусь;2;никогда не состоял в браке;0;;80 293 039 141;;;1;паспорт РБ;паспорт гражданина Республики Беларусь;М*******2;17.06.2016;Октябрьским РУВД г.Минска;;;4************6;;;;;;;;;;;;;;"; дочь сестры собственника";;;;2186741;Ж*******Й В*****Й Г********Ч;;;;;;0;;52;племянница;1;;;;;0;0;;;;;;;;;;;;;;0;0;0;0;0;3;3;1;0;
30.09.2026;MN7000;Минск РИЦ;524245;7259131531;5595681;4938791;70002699;"ГП ""ЖЭУ № 4 Октябрьского района г. Минска"" (реорганизация ГП ЖЭУ № 3)";"ГП ""ЖЭУ № 4 Октябрьского района г. Минска"" (реорганизация ГП ЖЭУ № 3)";24.08.2019;;Прибытие-выбытие;1;Регистрация по месту жительства;1;0;0;24.08.2019;;К*********Я;Р***А;И******А;0;Женский;30.04.1963;РБ;1;Республика Беларусь;3;вдовец (вдова);0;;8029 3039141 ПО ПИСЬМЕННОМУ СОГЛАШЕНИЮ 32 ОТ 23.08.2019Г О ПРИЗНАНИИ ЧЛЕНОМ СЕМЬИ;;;1;паспорт РБ;паспорт гражданина Республики Беларусь;М*******5;22.05.2008;Октябрьским РУВД г.Минска;;;4************3;;;;;;;;;;;;;;"; сестра супруги собств-ка";;;;2186741;Ж*******Й В*****Й Г********Ч;;;;;;0;;71;свояченица (сестра супруги);1;;;;;0;0;;;;;;;;;;;;;;0;0;0;0;0;3;3;1;0;
30.09.2026;MN7000;Минск РИЦ;524245;7259131531;2657081;2185447;70002699;"ГП ""ЖЭУ № 4 Октябрьского района г. Минска"" (реорганизация ГП ЖЭУ № 3)";"ГП ""ЖЭУ № 4 Октябрьского района г. Минска"" (реорганизация ГП ЖЭУ № 3)";01.03.2014;29.01.2025;Отмена записи прибытия-выбытия;;;0;1;0;05.04.1977;29.01.2025;Ж*******Я;З*Я;И******А;0;Женский;10.11.1948;;1;Республика Беларусь;;;0;29.01.2025;;;;1;паспорт РБ;паспорт гражданина Республики Беларусь;М*******4;05.03.2015;ОКТЯБРЬСКИЙ РУВД Г. МИНСКА;;;4************6;;;;;;;;;;;;;;"; супруга";;;;2186741;Ж*******Й В*****Й Г********Ч;;;;;;0;;2;супруга;1;;;;;0;0;;;;;;;;;;;;;;0;0;0;0;0;3;3;1;0;
30.09.2026;MN7000;Минск РИЦ;524245;7259131531;2657082;2185448;70002699;"ГП ""ЖЭУ № 4 Октябрьского района г. Минска"" (реорганизация ГП ЖЭУ № 3)";"ГП ""ЖЭУ № 4 Октябрьского района г. Минска"" (реорганизация ГП ЖЭУ № 3)";05.02.2020;;Прибытие-выбытие;1;Регистрация по месту жительства;1;0;0;05.02.2020;;Ж*******Й;Е*****Й;В********Ч;1;Мужской;02.04.1980;РБ;1;Республика Беларусь;4;разведён(а);0;;2496925  8029 6930381  8029 5558855;;;1;паспорт РБ;паспорт гражданина Республики Беларусь;М*******7;19.10.2017;ОКТЯБРЬСКИЙ РУВД Г. МИНСКА;;непригодность для использования (обмен);3************7;;;;;;;;;;;;;;"; сын";;;;2186741;Ж*******Й В*****Й Г********Ч;;;;;;0;;5;сын;1;;;;;0;0;;;;;;;;;;;;;;0;0;0;0;0;3;3;1;0;
30.09.2026;MN7000;Минск РИЦ;195882;7034430158;520645;520545;7003;"ГП ""ЖЭУ № 3 Московского района г. Минска""";"ГП ""ЖЭУ № 3 Московского района г. Минска""";16.11.1982;;Прибытие-выбытие;1;Регистрация по месту жительства;1;0;0;16.11.1982;;Х******А;Н*****Я;А********А;0;Женский;25.12.1953;;1;Республика Беларусь;;;0;;;;;1;паспорт РБ;паспорт гражданина Республики Беларусь;М*******3;11.06.2004;МОСКОВСКОЕ РУВД Г.МИНСКА;;;4************5;;;;;;;;;;;;;;"; супруга";;;;520544;Х*****В В******Р И******Ч;;;;;;0;;2;супруга;1;;;;;0;0;;;;;;;;;;;;;;0;0;0;0;0;3;3;1;0;
30.09.2026;MN7000;Минск РИЦ;195882;7034430158;520646;520546;7003;"ГП ""ЖЭУ № 3 Московского района г. Минска""";"ГП ""ЖЭУ № 3 Московского района г. Минска""";09.08.1995;;Прибытие-выбытие;1;Регистрация по месту жительства;1;0;0;09.08.1995;;Ш******С;Е***А;В**********А;0;Женский;13.12.1978;;1;Республика Беларусь;;;0;;;;;1;паспорт РБ;паспорт гражданина Республики Беларусь;М*******0;06.05.2024;МОСКОВСКОЕ РУВД Г.МИНСКА;;истечение срока действия (обмен);4************9;;;;;;;;;;;;;;"; дочь";;;;520544;Х*****В В******Р И******Ч;;;;;;0;;6;дочь;1;;;;;0;0;;;;;;;;;;;;;;0;0;0;0;0;3;3;1;0;
30.09.2026;MN7000;Минск РИЦ;768377;8031380051;3995327;3523658;9100557;"ГП ""ЖЭУ № 3 Советского района г. Минска""";"ГП ""ЖЭУ № 3 Советского района г. Минска"" (пл.бытуслуги)";01.06.2003;17.07.2012;Отмена записи прибытия-выбытия;;;0;1;0;13.11.1987;17.07.2012;Е**К;Ю**Й;В**********Ч;1;Мужской;07.11.1967;;1;Республика Беларусь;;;0;;;;;1;паспорт РБ;паспорт гражданина Республики Беларусь;М*******7;15.05.1998;СОВЕТСКОЕ РУВД Г.МИНСКА;;;3************0;;;;;;;;;;;;;;"; сын";;;;;;;;;;;;;5;сын;0;;;;;0;;;;;;;;;;;;;;;;;;;;;;1;0;
30.09.2026;MN7000;Минск РИЦ;768377;8031380051;3995326;3523657;9100557;"ГП ""ЖЭУ № 3 Советского района г. Минска""";"ГП ""ЖЭУ № 3 Советского района г. Минска"" (пл.бытуслуги)";01.06.2003;30.04.2005;Отмена записи прибытия-выбытия;;;0;1;0;12.05.1978;08.07.2005;Е**К;В******Р;И*******Ч;1;Мужской;08.02.1934;;;;;;0;01.05.2005;;;;;;;;;;;;;;;;;;;;;;;;;;"; бывший собственник";;;;3372342;М********Й Е*****Й Н********Ч;;;;;;0;;;;1;;;;;0;0;;;;;;;;;;;;;;1;0;0;0;0;3;3;1;0;
30.09.2026;MN7000;Минск РИЦ;768377;8031380051;4482663;4011648;9100557;"ГП ""ЖЭУ № 3 Советского района г. Минска""";"ГП ""ЖЭУ № 3 Советского района г. Минска"" (пл.бытуслуги)";01.01.1920;01.01.1921;Отмена записи прибытия-выбытия;;;0;1;0;;01.01.1921;Е**К;Ю**Й;В**********Ч;1;Мужской;;;;;;;0;;(Доля: 1/2 о праве на наследство по завещанию);;;1;паспорт РБ;паспорт гражданина Республики Беларусь;;;;;;;;;;;;;;;;;;;;"; бывший собственник";;;;;;;;;;;;;;;0;;;;;0;;;;;;;;;;;;;;;;;;;;;;1;0;
30.09.2026;MN7000;Минск РИЦ;768377;8031380051;3908312;3436697;9100557;"ГП ""ЖЭУ № 3 Советского района г. Минска""";"ГП ""ЖЭУ № 3 Советского района г. Минска"" (пл.бытуслуги)";01.06.2003;30.11.2012;Отмена записи прибытия-выбытия;;;0;1;0;12.05.1978;21.12.2012;Г*****А;В*****Я;В**********А;0;Женский;01.03.1936;;1;Республика Беларусь;;;0;13.11.2012;;;;1;паспорт РБ;паспорт гражданина Республики Беларусь;М*******7;02.10.2001;СОВЕТСКОЕ РУВД Г.МИНСКА;;;4************4;;;;;;;;;;;;;;"; бывший собственник";;;;;;;;;;;0;;;;0;;;;;0;0;;;;;;;;;;;;;;1;0;0;0;0;3;3;1;0;
30.09.2026;MN7000;Минск РИЦ;768377;8031380051;4482662;4011647;9100557;"ГП ""ЖЭУ № 3 Советского района г. Минска""";"ГП ""ЖЭУ № 3 Советского района г. Минска"" (пл.бытуслуги)";01.01.1920;01.01.1921;Отмена записи прибытия-выбытия;;;0;1;0;;01.01.1921;Е**К;Е*******А;А***********А;0;Женский;;;;;;;0;;(Доля: 1/2 о праве на наследство по закону);;;1;паспорт РБ;паспорт гражданина Республики Беларусь;;;;;;;;;;;;;;;;;;;;"; бывший собственник";;;;;;;;;;;;;;;0;;;;;0;;;;;;;;;;;;;;;;;;;;;;1;0;
30.09.2026;MN7000;Минск РИЦ;768377;8031380051;4482664;4011649;9100557;"ГП ""ЖЭУ № 3 Советского района г. Минска""";"ГП ""ЖЭУ № 3 Советского района г. Минска"" (пл.бытуслуги)";01.01.1920;01.01.1921;Отмена записи прибытия-выбытия;;;0;1;0;;01.01.1921;Е**К;И****А;М********А;0;Женский;08.09.1972;;;;;;0;;;;;1;паспорт РБ;паспорт гражданина Республики Беларусь;;;;;;;;;;;;;;;;;;;;"; бывший собственник";;;;;;;;;;;;;;;0;;;;;0;;;;;;;;;;;;;;;;;;;;;;1;0;
30.09.2026;MN7000;Минск РИЦ;768377;8031380051;3843865;3372341;9100557;"ГП ""ЖЭУ № 3 Советского района г. Минска""";"ГП ""ЖЭУ № 3 Советского района г. Минска"" (пл.бытуслуги)";18.09.2014;;Прибытие-выбытие;1;Регистрация по месту жительства;1;0;0;18.09.2014;;М********Й;Е**Р;Е********Ч;1;Мужской;22.03.2009;;1;Республика Беларусь;;;0;;;;;1;паспорт РБ;паспорт гражданина Республики Беларусь;M*******9;18.10.2023;Советским РУВД г.Минска;708;непригодность для использования (обмен);5************9;;;;;;;;;;;;;;"; сын";;;;3372342;М********Й Е*****Й Н********Ч;;;;;;0;;5;сын;1;;;;;0;0;;;;;;;;;;;;;;1;0;0;0;0;3;3;1;0;
30.09.2026;MN7000;Минск РИЦ;768377;8031380051;3926667;3455020;9100557;"ГП ""ЖЭУ № 3 Советского района г. Минска""";"ГП ""ЖЭУ № 3 Советского района г. Минска"" (пл.бытуслуги)";01.06.2005;22.07.2009;Отмена записи прибытия-выбытия;;;0;1;0;13.09.2006;22.07.2009;Е**К;Е*******А;А***********А;0;Женский;12.05.2005;;1;Республика Беларусь;;;0;;;;;1;паспорт РБ;паспорт гражданина Республики Беларусь;М*******3;12.09.2006;СОВЕТСКОЕ РУВД Г.МИНСКА;;;6************8;;;;;;;;;;;;;;"; внучка";;;;;;;;;;;;;12;внучка;0;;;;;0;;1;;;;;;;;;;;;;;;;;;;;1;0;
30.09.2026;MN7000;Минск РИЦ;768377;8031380051;3951577;3479928;9100557;"ГП ""ЖЭУ № 3 Советского района г. Минска""";"ГП ""ЖЭУ № 3 Советского района г. Минска"" (пл.бытуслуги)";01.06.2003;31.05.2013;Отмена записи прибытия-выбытия;;;0;1;0;24.03.1995;14.06.2013;Е**К;А*******Р;В**********Ч;1;Мужской;14.12.1972;;1;Республика Беларусь;;;0;27.05.2013;;;;1;паспорт РБ;паспорт гражданина Республики Беларусь;М*******6;18.10.1999;СОВЕТСКОЕ РУВД Г.МИНСКА;;;3************4;;;;;;;;;;;;;;"; сын";;;;;;;;;;;0;;5;сын;0;;;;;0;0;;;;;;;;;;;;;;1;0;0;0;0;3;3;1;0;
30.09.2026;MN7000;Минск РИЦ;768377;8031380051;3844488;3372964;9100557;"ГП ""ЖЭУ № 3 Советского района г. Минска""";"ГП ""ЖЭУ № 3 Советского района г. Минска"" (пл.бытуслуги)";18.09.2014;;Прибытие-выбытие;1;Регистрация по месту жительства;1;0;0;18.09.2014;;М********Я;В******А;Ю*****А;0;Женский;18.07.1982;;1;Республика Беларусь;;;0;;;;;1;паспорт РБ;паспорт гражданина Республики Беларусь;М*******8;18.10.2023;Советским РУВД г.Минска;708;истечение срока действия (обмен);4************5;;;;;;;;;;;;;;"; супруга";;;;3372342;М********Й Е*****Й Н********Ч;;;;;;0;;2;супруга;1;;;;;0;0;;;;;;;;;;;;;;1;0;0;0;0;3;3;1;0;
30.09.2026;MN7000;Минск РИЦ;547410;7215180522;2864923;2393443;70002699;"ГП ""ЖЭУ № 4 Октябрьского района г. Минска"" (реорганизация ГП ЖЭУ № 3)";"ГП ""ЖЭУ № 4 Октябрьского района г. Минска"" (реорганизация ГП ЖЭУ № 3)";01.02.2000;07.05.2012;Отмена записи прибытия-выбытия;;;0;1;0;;07.05.2012;Д*******Ч;И**Я;А*********Ч;1;Мужской;26.06.1996;;;;;;0;;;;;;;;;;;;;;;;;;;;;;;;;;;"; внук";;;;;;;;;;;;;11;внук;0;Д*******Ч Л*****А И*******А;2822616;;;0;;;;;;;;;;;;;;;;;;;;;;1;0;
30.09.2026;MN7000;Минск РИЦ;547410;7215180522;2757697;2286018;70002699;"ГП ""ЖЭУ № 4 Октябрьского района г. Минска"" (реорганизация ГП ЖЭУ № 3)";"ГП ""ЖЭУ № 4 Октябрьского района г. Минска"" (реорганизация ГП ЖЭУ № 3)";29.06.1978;;Прибытие-выбытие;1;Регистрация по месту жительства;1;0;0;29.06.1978;;Х*******К;З*****А;И*******А;0;Женский;22.09.1961;;1;Республика Беларусь;;;0;;;;;1;паспорт РБ;паспорт гражданина Республики Беларусь;М*******5;12.09.2008;ОКТЯБРЬСКОЕ РУВД Г.МИНСКА;;;4************3;;;;;;;;;;;186928;"Государственное учреждение образования ""Средняя общеобразовательная школа № 209 г. Минска""";;"; дочь";;;;2269137;П********Я Н**А Л******А;;;;;;0;;6;дочь;1;;;;;0;0;;;;;;;;;;;;;;0;0;0;0;0;1;1;1;0;
30.09.2026;MN7000;Минск РИЦ;547410;7215180522;2822616;2350937;70002699;"ГП ""ЖЭУ № 4 Октябрьского района г. Минска"" (реорганизация ГП ЖЭУ № 3)";"ГП ""ЖЭУ № 4 Октябрьского района г. Минска"" (реорганизация ГП ЖЭУ № 3)";12.03.1987;06.10.2017;Отмена записи прибытия-выбытия;;;0;1;0;12.03.1987;06.10.2017;Д*******Ч;Л*****А;И*******А;0;Женский;17.11.1969;;1;Республика Беларусь;;;0;;;;;1;паспорт РБ;паспорт гражданина Республики Беларусь;М*******2;17.12.2014;ОКТЯБРЬСКИЙ РУВД Г. МИНСКА;;;4************2;;;;;;;;;;;186928;"Государственное учреждение образования ""Средняя общеобразовательная школа № 209 г. Минска""";;"; дочь";;;;;;;;;;;;;6;дочь;1;;;;;0;;;;;;;;;;;;;;;;;;;;;;1;0;
30.09.2026;MN7000;Минск РИЦ;547410;7215180522;2740816;2269137;70002699;"ГП ""ЖЭУ № 4 Октябрьского района г. Минска"" (реорганизация ГП ЖЭУ № 3)";"ГП ""ЖЭУ № 4 Октябрьского района г. Минска"" (реорганизация ГП ЖЭУ № 3)";02.11.1970;29.08.2018;Отмена записи прибытия-выбытия;;;0;1;0;02.11.1970;04.09.2018;П********Я;Н**А;Л******А;0;Женский;22.08.1933;;1;Республика Беларусь;;;0;29.08.2018;;68;прочие;1;паспорт РБ;паспорт гражданина Республики Беларусь;М*******3;14.03.2012;ОКТЯБРЬСКИЙ РУВД Г. МИНСКА;;;4************9;;;;;;;;;;;;;;"; наниматель";;;;;;;;;;;0;;;;1;;;;;0;0;;;;;;;;;;;;;;0;0;0;0;0;1;1;1;0;
30.09.2026;MN7000;Минск РИЦ;547410;7215180522;4450409;3979394;70002699;"ГП ""ЖЭУ № 4 Октябрьского района г. Минска"" (реорганизация ГП ЖЭУ № 3)";"ГП ""ЖЭУ № 4 Октябрьского района г. Минска"" (реорганизация ГП ЖЭУ № 3)";13.11.1990;23.06.1993;Отмена записи прибытия-выбытия;;;0;1;0;13.11.1990;23.06.1993;П********Й;В******Р;В**********Ч  О*****Н;1;Мужской;21.09.1968;;;;;;0;;;;;1;паспорт РБ;паспорт гражданина Республики Беларусь;;;;;;;;;;;;;;;;;;;;"; супруг дочери";;;;;;;;;;;;;62;зять (супруг дочери);0;;;;;0;;;;;;;;;;;;;;;;;;;;;;1;0;
30.09.2026;MN7000;Минск РИЦ;547410;7215180522;5442135;4745351;70002699;"ГП ""ЖЭУ № 4 Октябрьского района г. Минска"" (реорганизация ГП ЖЭУ № 3)";"ГП ""ЖЭУ № 4 Октябрьского района г. Минска"" (реорганизация ГП ЖЭУ № 3)";;;;;;0;0;0;;;НЕ У****Н;Н********Ь;;;-;;;;;;;0;;;;;1;паспорт РБ;паспорт гражданина Республики Беларусь;;;;;;;;;;;;;;;;;;;;;;;;;;;;;;;;;;;;;;;;0;;;;;;;;;;;;;;;;;;;;;;1;0;
30.09.2026;MN7000;Минск РИЦ;547410;7215180522;2682670;2210998;70002699;"ГП ""ЖЭУ № 4 Октябрьского района г. Минска"" (реорганизация ГП ЖЭУ № 3)";"ГП ""ЖЭУ № 4 Октябрьского района г. Минска"" (реорганизация ГП ЖЭУ № 3)";01.02.2000;21.02.2026;Отмена записи прибытия-выбытия;;;0;1;0;02.04.2002;21.02.2026;Х*******К;Д*****Й;С*******Ч;1;Мужской;02.11.1984;;1;Республика Беларусь;;;0;21.02.2026;;59;безработные;1;паспорт РБ;паспорт гражданина Республики Беларусь;М*******1;14.12.2009;ОКТЯБРЬСКИЙ РУВД Г. МИНСКА;;;3************9;;;;;;;;;;;15676;"ОДО ""САТЕЛЛИТ""";;"; внук";;;;2269137;П********Я Н**А Л******А;;;;;;0;;11;внук;1;;;;;0;0;;;;;;;;;;;;;;0;0;0;0;0;1;1;1;0;
30.09.2026;MN7000;Минск РИЦ;547410;7215180522;5533683;4864496;70002699;"ГП ""ЖЭУ № 4 Октябрьского района г. Минска"" (реорганизация ГП ЖЭУ № 3)";"ГП ""ЖЭУ № 4 Октябрьского района г. Минска"" (реорганизация ГП ЖЭУ № 3)";;;;;;0;0;0;;;НЕ У****Н;Н********Ь;;;-;;;;;;;0;;;;;1;паспорт РБ;паспорт гражданина Республики Беларусь;;;;;;;;;;;;;;;;;;;;;;;;;;;;;;;;;;;;;;;;0;;;;;;;;;;;;;;;;;;;;;;1;0;
30.09.2026;MN7000;Минск РИЦ;823237;8027920059;4084924;3613193;9100557;"ГП ""ЖЭУ № 3 Советского района г. Минска""";"ГП ""ЖЭУ № 3 Советского района г. Минска"" (пл.бытуслуги)";08.08.1980;31.10.2003;Отмена записи прибытия-выбытия;;;0;1;0;08.08.1980;01.11.2003;В****А;Л******Я;В********А;0;Женский;01.01.1950;;;;;;0;;;;;;;;;;;;;;;;;;;;;;;;;;;"; супруга";;;;;;;;;;;;;2;супруга;0;;;;;0;;;;;;;;;;;;;;;;;;;;;;1;0;
30.09.2026;MN7000;Минск РИЦ;823237;8027920059;3830278;3358757;9100557;"ГП ""ЖЭУ № 3 Советского района г. Минска""";"ГП ""ЖЭУ № 3 Советского района г. Минска"" (пл.бытуслуги)";14.08.2015;21.12.2021;Отмена записи прибытия-выбытия;;;0;1;0;14.08.2015;21.12.2021;Ю**В;А****Й;В********Ч;1;Мужской;15.04.1990;;1;Республика Беларусь;;;0;;;;;1;паспорт РБ;паспорт гражданина Республики Беларусь;А*******9;19.11.2014;ДРОГИЧИНСКИЙ РОВД БРЕСТСКОЙ ОБЛ;;;3************5;;;;;;;;;;;;;;"; супруг";;;;3528569;Б******Ч Е***А А*********А;;;;;;;;62;зять (супруг дочери);1;;;;;0;;;;;;;;;;;;;;;;;;;;;;1;0;
30.09.2026;MN7000;Минск РИЦ;823237;8027920059;4000273;3528568;9100557;"ГП ""ЖЭУ № 3 Советского района г. Минска""";"ГП ""ЖЭУ № 3 Советского района г. Минска"" (пл.бытуслуги)";01.11.2003;09.04.2025;Отмена записи прибытия-выбытия;;;0;1;0;05.11.2003;09.04.2025;Б******Ч;В******Р;Л********Ч;1;Мужской;05.08.1965;;1;Республика Беларусь;;;0;;;;;1;паспорт РБ;паспорт гражданина Республики Беларусь;M*******8;06.10.2022;СОВ ЕТСКИМ РУВД Г. МИНСКА;;непригодность для использования (обмен);3************8;;;;;;;;;;;;;;"; супруг";;;;3528569;Б******Ч Е***А А*********А;;;;;;;;1;супруг;1;;;;;0;;1;;;;;;;;;;;;;;;;;;;;1;0;
30.09.2026;MN7000;Минск РИЦ;823237;8027920059;4000274;3528569;9100557;"ГП ""ЖЭУ № 3 Советского района г. Минска""";"ГП ""ЖЭУ № 3 Советского района г. Минска"" (пл.бытуслуги)";01.11.2003;21.05.2025;Отмена записи прибытия-выбытия;;;0;1;0;05.11.2003;21.05.2025;Б******Ч;Е***А;А*********А;0;Женский;09.09.1970;;1;Республика Беларусь;;;0;;;;;1;паспорт РБ;паспорт гражданина Республики Беларусь;М*******6;02.10.2015;СОВ ЕТСКИМ РУВД Г. МИНСКА;;;4************2;;;;;;;;;;;;;;"; собственник";;;;3528569;Б******Ч Е***А А*********А;;;;;;;;;;1;;;;;0;;;;;;;;;;;;;;;;;;;;;;1;0;
30.09.2026;MN7000;Минск РИЦ;823237;8027920059;4084923;3613192;9100557;"ГП ""ЖЭУ № 3 Советского района г. Минска""";"ГП ""ЖЭУ № 3 Советского района г. Минска"" (пл.бытуслуги)";08.08.1980;31.10.2003;Отмена записи прибытия-выбытия;;;0;1;0;08.08.1980;01.11.2003;В****А;А******Й;Н********Ч;1;Мужской;01.01.1948;;;;;;0;;;;;;;;;;;;;;;;;;;;;;;;;;;"; бывший наниматель";;;;;;;;;;;;;;;0;;;;;0;;;;;;;;;;;;;;;;;;;;;;1;0;
30.09.2026;MN7000;Минск РИЦ;823237;8027920059;6450078;5993798;9100557;"ГП ""ЖЭУ № 3 Советского района г. Минска""";"ГП ""ЖЭУ № 3 Советского района г. Минска"" (пл.бытуслуги)";26.06.2025;;Прибытие-выбытие;1;Регистрация по месту жительства;1;0;0;26.06.2025;;Г******В;М***Н;Ю*****Ч;1;Мужской;12.04.2012;;1;Республика Беларусь;;;0;;;;;1;паспорт РБ;паспорт гражданина Республики Беларусь;M*******6;08.07.2025;Советским РУВД г.Минска;708;;7************3;;;;;;;;;;;;;;;;;;5990108;Г*******А А******А В**********А;;;;;;0;;5;сын;1;;;;;0;0;;;;;;;;;;;;;;1;0;0;0;0;2;2;1;0;
30.09.2026;MN7000;Минск РИЦ;823237;8027920059;5867393;5251281;9100557;"ГП ""ЖЭУ № 3 Советского района г. Минска""";"ГП ""ЖЭУ № 3 Советского района г. Минска"" (пл.бытуслуги)";06.07.2021;21.12.2021;Отмена записи прибытия-выбытия;;;0;1;0;;21.12.2021;Ю***А;Т****Я;А*******А;0;Женский;30.06.2021;;1;Республика Беларусь;;;0;;;;;5;свидетельство о рождении РБ;cвидетельство о рождении – для граждан Республики Беларусь, не достигших четырнадцатилетнего возраста и не имеющих паспортов граждан Республики Беларусь;;;;;;;;;;;;;;;;;;;;;;;;3528569;Б******Ч Е***А А*********А;;;;;;;;12;внучка;1;;;;;0;;;;;;;;;;;;;;;;;;;;;;1;0;
30.09.2026;MN7000;Минск РИЦ;823237;8027920059;3822406;3350891;9100557;"ГП ""ЖЭУ № 3 Советского района г. Минска""";"ГП ""ЖЭУ № 3 Советского района г. Минска"" (пл.бытуслуги)";13.04.2017;21.12.2021;Отмена записи прибытия-выбытия;;;0;1;0;13.04.2017;21.12.2021;Ю**В;А*****Й;А*******Ч;1;Мужской;04.01.2016;;1;Республика Беларусь;;;0;;;;;1;паспорт РБ;паспорт гражданина Республики Беларусь;М*******7;11.04.2017;Советским РУВД г.Минска;;достижение 14-летнего возраста;7************6;;;;;;;;;;;;;;"; внук";;;;3528569;Б******Ч Е***А А*********А;;;;;;;;11;внук;1;Ю***А А*******Я В**********А;3999705;;;0;;;;;;;;;;;;;;;;;;;;;;1;0;
30.09.2026;MN7000;Минск РИЦ;823237;8027920059;3999705;3528005;9100557;"ГП ""ЖЭУ № 3 Советского района г. Минска""";"ГП ""ЖЭУ № 3 Советского района г. Минска"" (пл.бытуслуги)";01.11.2003;21.12.2021;Отмена записи прибытия-выбытия;;;0;1;0;05.11.2003;21.12.2021;Ю***А;А*******Я;В**********А;0;Женский;20.01.1991;;1;Республика Беларусь;;;0;;;;;1;паспорт РБ;паспорт гражданина Республики Беларусь;М*******8;07.08.2015;СОВ ЕТСКИМ РУВД Г. МИНСКА;;;4************7;;;;;;;;;;;;;;"; дочь";;;;3528569;Б******Ч Е***А А*********А;;;;;;;;6;дочь;1;;;;;0;;;;;;;;;;;;;;;;;;;;;;1;0;
30.09.2026;MN7000;Минск РИЦ;823237;8027920059;5384081;4670432;9100557;"ГП ""ЖЭУ № 3 Советского района г. Минска""";"ГП ""ЖЭУ № 3 Советского района г. Минска"" (пл.бытуслуги)";23.01.2019;21.12.2021;Отмена записи прибытия-выбытия;;;0;1;0;23.01.2019;21.12.2021;Ю**В;А*****Й;А*******Ч;1;Мужской;17.04.2018;;1;Республика Беларусь;;;0;;;;;1;паспорт РБ;паспорт гражданина Республики Беларусь;М*******2;22.01.2019;СОВЕТСКИЙ РУВД Г.МИНСКА;;не достигшему 14-летнего возраста, впервые;7************8;;;;;;;;;;;;;;"; внук";;;;3528569;Б******Ч Е***А А*********А;;;;;;;;11;внук;1;;;;;0;;;;;;;;;;;;;;;;;;;;;;1;0;
30.09.2026;MN7000;Минск РИЦ;1056919;7077959363;6550480;6166012;7003;"ГП ""ЖЭУ № 3 Московского района г. Минска""";"ГП ""ЖЭУ № 3 Московского района г. Минска""";28.01.2026;;Прибытие-выбытие;1;Регистрация по месту жительства;1;0;0;28.01.2026;;Д******В;Д****Л;А***********Ч;1;Мужской;25.05.2016;;1;Республика Беларусь;;;0;;;;;1;паспорт РБ;паспорт гражданина Республики Беларусь;M*******5;26.06.2026;Московским РУВД г.Минска;704;;7************9;;;;;;;;;;;;;;";сын";;;;6166011;Д*******А Т*****А С*******А;;;;;;0;;5;сын;1;Д*******А Т*****А С*******А;6550479;;;0;1;;;;;;;;;;;;;;3;0;0;0;0;4;4;2;0;
30.09.2026;MN7000;Минск РИЦ;1056919;7077959363;6550481;6166014;7003;"ГП ""ЖЭУ № 3 Московского района г. Минска""";"ГП ""ЖЭУ № 3 Московского района г. Минска""";28.01.2026;;Прибытие-выбытие;1;Регистрация по месту жительства;1;0;0;28.01.2026;;Д******В;И**Н;А***********Ч;1;Мужской;25.02.2013;;1;Республика Беларусь;;;0;;;;;1;паспорт РБ;паспорт гражданина Республики Беларусь;M*******6;26.06.2026;Московским РУВД г.Минска;704;;7************5;;;;;;;;;;;;;;";сын";;;;6166011;Д*******А Т*****А С*******А;;;;;;0;;5;сын;1;Д*******А Т*****А С*******А;6550479;;;0;1;;;;;;;;;;;;;;3;0;0;0;0;4;4;2;0;
30.09.2026;MN7000;Минск РИЦ;1056919;7077959363;6557087;6179258;7003;"ГП ""ЖЭУ № 3 Московского района г. Минска""";"ГП ""ЖЭУ № 3 Московского района г. Минска""";24.02.2026;;Прибытие-выбытие;1;Регистрация по месту жительства;1;0;0;24.02.2026;;Д*******А;М***Я;А***********А;0;Женский;17.02.2026;;1;Республика Беларусь;;;0;;;;;1;паспорт РБ;паспорт гражданина Республики Беларусь;М*******3;26.06.2026;Московским РУВД г.Минска;704;;7************1;;;;;;;;;;;;;;";дочь";;;;6166011;Д*******А Т*****А С*******А;;;;;;0;;6;дочь;1;Д*******А Т*****А С*******А;6550479;;;0;1;;;;;;;;;;;;;;3;0;0;0;0;4;4;2;0;
30.09.2026;MN7000;Минск РИЦ;1056919;7077959363;6335804;6166007;7003;"ГП ""ЖЭУ № 3 Московского района г. Минска""";"ГП ""ЖЭУ № 3 Московского района г. Минска""";;;;;;0;0;0;;;"""";У*С;"З****""";;-;;;;;;;0;;;;;1;паспорт РБ;паспорт гражданина Республики Беларусь;;;;;;0;;;;;;;;;;;;;;;;;;;;;;;;;;;;;;;;;;0;;;;;;;;;;;;;;;;;;;;;;2;0;
30.09.2026;MN7000;Минск РИЦ;1056919;7077959363;6416706;6166008;7003;"ГП ""ЖЭУ № 3 Московского района г. Минска""";"ГП ""ЖЭУ № 3 Московского района г. Минска""";08.04.2025;20.01.2026;Отмена записи прибытия-выбытия;;;0;1;0;08.04.2025;20.01.2026;О********Я;Т*****А;В********А;0;Женский;25.09.1984;;1;Республика Беларусь;;;0;;;;;1;паспорт РБ;паспорт гражданина Республики Беларусь;М*******4;08.11.2022;Дзержинским РОВД Минской области;506;;4************6;;;;;;;;;;;;;;";собственник";;;;6166008;О********Я Т*****А В********А;;;;;;;;;;1;;;;;0;;;;;;;;;;;;;;;;;;;;;;2;0;
30.09.2026;MN7000;Минск РИЦ;512933;6848080557;2529079;2057323;9100302;ГП ЖЭУ № 2 Ленин. р-на;"ГП ""ЖЭУ № 2 Ленинского района г. Минска""";21.03.2003;;Прибытие-выбытие;1;Регистрация по месту жительства;1;0;0;11.05.2005;;К****Ь;С****Й;В********Ч;1;Мужской;14.05.1989;;1;Республика Беларусь;;;0;;;;;1;паспорт РБ;паспорт гражданина Республики Беларусь;М*******2;16.01.2025;ЛЕНИНСКИЙ РУВД Г.МИНСКА;;истечение срока действия (обмен);3************3;;;;;;;;;;;;;;"; сын";;;;1936122;К****Ь О****А Н********А;;;;;;0;;5;сын;1;К****Ь О****А Н********А;2407780;;;0;0;1;;;;;;;;;;;;;1;0;0;0;1;2;3;1;0;
30.09.2026;MN7000;Минск РИЦ;512933;6848080557;5936563;5330106;9100302;ГП ЖЭУ № 2 Ленин. р-на;"ГП ""ЖЭУ № 2 Ленинского района г. Минска""";14.12.2021;;Прибытие-выбытие;1;Регистрация по месту жительства;1;0;0;14.12.2021;;К****Ь;М****М;С*******Ч;1;Мужской;30.11.2021;;1;Республика Беларусь;;;0;;;;;1;паспорт РБ;паспорт гражданина Республики Беларусь;М*******2;20.05.2026;Ленинским РУВД г.Минска;703;не достигшему 14-летнего возраста, впервые;7************1;;;;;;;;;;;;;;;;;;1936122;К****Ь О****А Н********А;;;;;;0;;11;внук;0;К****Ь С****Й В********Ч;2529079;;;0;0;;;;;;;;;;;;;;1;0;0;0;1;2;3;1;0;
30.09.2026;MN7000;Минск РИЦ;512933;6848080557;2512142;2040422;9100302;ГП ЖЭУ № 2 Ленин. р-на;"ГП ""ЖЭУ № 2 Ленинского района г. Минска""";10.10.1978;30.09.2002;Отмена записи прибытия-выбытия;;;0;1;0;10.10.1978;01.10.2002;Р***К;М****Л;П******Ч  У**Р;1;Мужской;30.08.1937;;;;;;0;;;;;;;;;;;;;;;;;;;;;;;;;;;"; бывший наниматель";;;;;;;;;;;;;;;0;;;;;0;;;;;;;;;;;;;;;;;;;;;;1;0;
30.09.2026;MN7000;Минск РИЦ;139085;7040461371;102803;102779;7004;"ГП ""ЖЭУ № 4 Московского района г. Минска""";"ГП ""ЖЭУ № 4 Московского района г.Минска""";27.08.2015;;Прибытие-выбытие;1;Регистрация по месту жительства;1;0;1;06.03.2020;;В**К;Е***А;В**********А;0;Женский;12.10.1979;;1;Республика Беларусь;;;0;;;;;1;паспорт РБ;паспорт гражданина Республики Беларусь;M*******6;02.06.2023;Московским РУВД г.Минска;704;непригодность для использования (обмен);4************6;;;;;;;;;;;;;;"; супруга";;;;80590;Е**Н А*******Р В**********Ч;;;;;;0;;2;супруга;1;;;;;0;0;;;;;;;;;;;;;;2;0;1;0;0;4;5;1;0;
30.09.2026;MN7000;Минск РИЦ;139085;7040461371;102804;102780;7004;"ГП ""ЖЭУ № 4 Московского района г. Минска""";"ГП ""ЖЭУ № 4 Московского района г.Минска""";27.08.2015;;Прибытие-выбытие;1;Регистрация по месту жительства;1;0;1;08.07.2016;;Е**Н;А****Й;А***********Ч;1;Мужской;08.09.2014;;1;Республика Беларусь;;;0;;;;;1;паспорт РБ;паспорт гражданина Республики Беларусь;М*******4;17.11.2025;Московским РУВД г.Минска;;непригодность для использования (обмен);7************1;;;;;;;;;;;;;;"; сын";;;;80590;Е**Н А*******Р В**********Ч;;;;;;0;;5;сын;1;Е**Н А*******Р В**********Ч;80607;;;0;0;;;;;;;;;;;;;;2;0;1;0;0;4;5;1;0;
30.09.2026;MN7000;Минск РИЦ;139085;7040461371;6003802;5410864;7004;"ГП ""ЖЭУ № 4 Московского района г. Минска""";"ГП ""ЖЭУ № 4 Московского района г.Минска""";01.06.2022;;Прибытие-выбытие;3;Без регистрации;1;0;1;;;Е***А;А***А;А***********А;0;Женский;29.09.2007;;;;;;0;;Дата прибытия 27.08.2015;;;1;паспорт РБ;паспорт гражданина Республики Беларусь;;;;;;;;;;;;;;;;;;;;;;;;80590;Е**Н А*******Р В**********Ч;;;;;;0;;6;дочь;1;;;;;0;0;;;;;;;;;;;;;;2;0;1;0;0;4;5;1;0;
30.09.2026;MN7000;Минск РИЦ;139085;7040461371;102381;102357;7004;"ГП ""ЖЭУ № 4 Московского района г. Минска""";"ГП ""ЖЭУ № 4 Московского района г.Минска""";27.08.2015;25.01.2022;Отмена записи прибытия-выбытия;;;0;1;1;06.03.2020;25.01.2022;Е***А;А***А;А***********А;0;Женский;29.09.2007;;1;Республика Беларусь;;;0;;;;;1;паспорт РБ;паспорт гражданина Республики Беларусь;M*******6;23.11.2021;Московским РУВД г.Минска;;истечение срока действия (обмен);6************7;;;;;;;;;;;;;;"; дочь";;;;80590;Е**Н А*******Р В**********Ч;;;;;;;;6;дочь;1;В**К Е***А В**********А;102803;;;0;;;;;;;;;;;;;;;;;;;;;;1;0;
30.09.2026;MN7000;Минск РИЦ;139085;7040461371;5331751;4604656;7004;"ГП ""ЖЭУ № 4 Московского района г. Минска""";"ГП ""ЖЭУ № 4 Московского района г.Минска""";28.12.2017;;Прибытие-выбытие;1;Регистрация по месту жительства;1;0;1;28.03.2018;;Е***А;А**А;А***********А;0;Женский;22.12.2017;;1;Республика Беларусь;;;0;;;;;1;паспорт РБ;паспорт гражданина Республики Беларусь;M*******0;01.06.2023;Московским РУВД г.Минска;;истечение срока действия (обмен);7************8;;;;;;;;;;;;;;"; дочь";;;;80590;Е**Н А*******Р В**********Ч;;;;;;0;;6;дочь;1;Е**Н А*******Р В**********Ч;80607;;;0;0;;;;;;;;;;;;;;2;0;1;0;0;4;5;1;0;
30.09.2026;MN7000;Минск РИЦ;363885;6458840601;2153423;1681957;9100235;"ГП ""ЖЭУ № 4 Заводского района г. Минска""";"ГП ""ЖЭУ № 4 Заводского района г. Минска""";31.10.2013;13.07.2024;Отмена записи прибытия-выбытия;;;0;1;0;31.10.2013;18.07.2024;Н********Ч;И**А;В********А;0;Женский;25.05.1985;;1;Республика Беларусь;1;состоит в браке;0;13.07.2024;029 768 09 75;;;1;паспорт РБ;паспорт гражданина Республики Беларусь;М*******9;04.11.2019;ЗАВОДСКИМ РУВД Г.МИНСКА;;израсходование листов, предназначенных для отметок (обмен);4************6;;;;;;;;;;;;;;"; супруга";;;;1679677;Н********Ч А*******Р С********Ч;;;;;;0;;2;супруга;1;;;;;0;0;;;;;;;;;;;;;;0;0;0;0;0;2;2;1;0;
30.09.2026;MN7000;Минск РИЦ;363885;6458840601;2153424;1681958;9100235;"ГП ""ЖЭУ № 4 Заводского района г. Минска""";"ГП ""ЖЭУ № 4 Заводского района г. Минска""";31.10.2013;;Прибытие-выбытие;1;Регистрация по месту жительства;1;0;0;31.10.2013;;Н********Ч;М****М;А***********Ч;1;Мужской;26.08.2006;;1;Республика Беларусь;;;0;;8-029-768-09-75;;;1;паспорт РБ;паспорт гражданина Республики Беларусь;М*******9;22.09.2020;ЗАВОДСКИМ РУВД Г.МИНСКА;;истечение срока действия (обмен);5************0;;;;;;;;;;;6216;СШ 186;;"; сын";;;;1679677;Н********Ч А*******Р С********Ч;;;;;;0;;5;сын;1;Н********Ч И**А В********А;2153423;;;0;0;;;;;;;;;;;;;;0;0;0;0;0;2;2;1;0;
30.09.2026;MN7000;Минск РИЦ;574329;7414980011;2896672;2425163;9100411;ЧС_ГП ЖЭУ № 4 Партиз. р-на;"ЧС_ГП ""ЖЭУ № 4 Партизанского района г. Минска""";26.07.2013;;Прибытие-выбытие;1;Регистрация по месту жительства;1;0;0;26.07.2013;;Ш**О;А*****Я;Н********А;0;Женский;13.07.2013;;1;Республика Беларусь;;;0;;;;;1;паспорт РБ;паспорт гражданина Республики Беларусь;М*******6;30.05.2022;Партизанским РУВД г.Минска;;не достигшему 14-летнего возраста, впервые;7************3;;;;;;;;;;;;;;"; дочь";;;;2436759;Ш**О А***А В********А;;;;;;0;;6;дочь;1;Ш**О А***А В********А;2908270;;;0;0;;;;;;;;;;;;;;1;0;0;0;0;2;2;1;0;
30.09.2026;MN7000;Минск РИЦ;574329;7414980011;2875141;2403653;9100411;ЧС_ГП ЖЭУ № 4 Партиз. р-на;"ЧС_ГП ""ЖЭУ № 4 Партизанского района г. Минска""";01.06.2010;08.01.2025;Отмена записи прибытия-выбытия;;;0;1;0;01.10.1988;08.01.2025;Р****О;О****А;Д********А;0;Женский;21.03.1970;;1;Республика Беларусь;1;состоит в браке;0;;;;;1;паспорт РБ;паспорт гражданина Республики Беларусь;М*******5;14.08.2015;ПАРТИЗАНСКОЕ РУВД Г.МИНСКА;;;4************6;;;;;;;;;;;714;не работает;;"; мать";;;;2436759;Ш**О А***А В********А;;;;;;;;3;мать;1;;;;;0;;;;;;;;;;;;;;;;;;;;;;1;0;
30.09.2026;MN7000;Минск РИЦ;574329;7414980011;2962685;2491081;9100411;ЧС_ГП ЖЭУ № 4 Партиз. р-на;"ЧС_ГП ""ЖЭУ № 4 Партизанского района г. Минска""";01.09.2003;01.06.2010;Отмена записи прибытия-выбытия;;;0;1;0;;;П***О;П***О;П***О;1;Мужской;01.01.1920;;;;;;0;;;;;;;;;;;;;;;;;;;;;;;;;;;"; пусто";;;;;;;;;;;;;;;0;;;;;0;;;;;;;;;;;;;;;;;;;;;;1;0;
30.09.2026;MN7000;Минск РИЦ;574329;7414980011;3029984;2558273;9100411;ЧС_ГП ЖЭУ № 4 Партиз. р-на;"ЧС_ГП ""ЖЭУ № 4 Партизанского района г. Минска""";01.09.2003;01.06.2010;Отмена записи прибытия-выбытия;;;0;1;0;;;П***О;П***О;П***О;1;Мужской;01.01.1920;;;;;;0;;;;;;;;;;;;;;;;;;;;;;;;;;;"; пусто";;;;;;;;;;;;;;;0;;;;;0;;;;;;;;;;;;;;;;;;;;;;1;0;
30.09.2026;MN7000;Минск РИЦ;574329;7414980011;2999930;2528249;9100411;ЧС_ГП ЖЭУ № 4 Партиз. р-на;"ЧС_ГП ""ЖЭУ № 4 Партизанского района г. Минска""";01.09.2003;01.06.2010;Отмена записи прибытия-выбытия;;;0;1;0;;;П***О;П***О;П***О;1;Мужской;01.01.1920;;;;;;0;;;;;;;;;;;;;;;;;;;;;;;;;;;"; пусто";;;;;;;;;;;;;;;0;;;;;0;;;;;;;;;;;;;;;;;;;;;;1;0;
30.09.2026;MN7000;Минск РИЦ;574329;7414980011;4457048;3986033;9100411;ЧС_ГП ЖЭУ № 4 Партиз. р-на;"ЧС_ГП ""ЖЭУ № 4 Партизанского района г. Минска""";01.01.1920;01.01.1921;Отмена записи прибытия-выбытия;;;0;1;0;;01.01.1921;П***О;П***О;П***О;0;Женский;01.01.1920;;;;;;0;;;;;1;паспорт РБ;паспорт гражданина Республики Беларусь;;;;;;;;;;;;;;;;;;;;"; пусто";;;;;;;;;;;;;;;0;;;;;0;;;;;;;;;;;;;;;;;;;;;;1;0;
30.09.2026;MN7000;Минск РИЦ;574329;7414980011;2927518;2455914;9100411;ЧС_ГП ЖЭУ № 4 Партиз. р-на;"ЧС_ГП ""ЖЭУ № 4 Партизанского района г. Минска""";01.06.2010;12.01.2018;Отмена записи прибытия-выбытия;;;0;1;0;06.07.1982;13.02.2018;Р****О;В****Р;А*********Ч;1;Мужской;08.07.1964;;1;Республика Беларусь;;;0;12.01.2018;;;;1;паспорт РБ;паспорт гражданина Республики Беларусь;М*******7;18.08.2009;ПАРТИЗАНСКИМ РУВД Г.МИНСКА;;;3************8;;;;;;;;;;;;;;"; бывший собственник";;;;2455914;Р****О В****Р А*********Ч;;;;;;0;;;;1;;;;;0;0;;;;;;;;;;;;;;1;0;0;0;0;2;2;1;0;
30.09.2026;MN7000;Минск РИЦ;574329;7414980011;2981631;2509987;9100411;ЧС_ГП ЖЭУ № 4 Партиз. р-на;"ЧС_ГП ""ЖЭУ № 4 Партизанского района г. Минска""";01.09.2003;30.06.2010;Отмена записи прибытия-выбытия;;;0;1;0;;01.12.2004;Р****О;П***О;П***О;1;Мужской;01.01.1920;;;;;;0;;;;;;;;;;;;;;;;;;;;;;;;;;;"; собственник";;;;;;;;;;;;;;;0;;;;;0;;;;;;;;;;;;;;;;;;;;;;1;0;
30.09.2026;MN7000;Минск РИЦ;574329;7414980011;2983417;2511773;9100411;ЧС_ГП ЖЭУ № 4 Партиз. р-на;"ЧС_ГП ""ЖЭУ № 4 Партизанского района г. Минска""";01.01.2004;01.06.2010;Отмена записи прибытия-выбытия;;;0;1;0;;;П***О;П***О;П***О;1;Мужской;01.01.1920;;;;;;0;;;;;;;;;;;;;;;;;;;;;;;;;;;"; сын";;;;;;;;;;;;;5;сын;0;;;;;0;;;;;;;;;;;;;;;;;;;;;;1;0;
30.09.2026;MN7000;Минск РИЦ;730750;7671660585;5350933;4628754;9100496;ГП ЖЭУ № 1 Первом. р-на;"ГП ""ЖЭУ № 1 Первомайского района г. Минска""";06.02.2018;;Прибытие-выбытие;1;Регистрация по месту жительства;1;0;0;09.02.2018;;С*****А;А***Н;;0;Женский;06.04.2017;;1;Республика Беларусь;;;0;;;;;1;паспорт РБ;паспорт гражданина Республики Беларусь;М*******9;09.02.2018;Первомайским РУВД г.Минска;;не достигшему 14-летнего возраста, впервые;7************5;;;;;;;;;;;;;;"; внучка";;;;3221982;Н*****В И***Ь А*********Ч;;;;;;0;;12;внучка;1;С*****А В******Я И******А;3609611;;;0;0;;;;;;;;;;;;;;2;0;0;0;0;5;5;1;0;
30.09.2026;MN7000;Минск РИЦ;730750;7671660585;6502900;6075545;9100496;ГП ЖЭУ № 1 Первом. р-на;"ГП ""ЖЭУ № 1 Первомайского района г. Минска""";14.10.2025;;Прибытие-выбытие;1;Регистрация по месту жительства;1;0;0;14.10.2025;;Н*****В;С****Н;В********Ч;1;Мужской;23.09.2025;;1;Республика Беларусь;;;0;;;;;1;паспорт РБ;паспорт гражданина Республики Беларусь;M*******8;12.05.2026;Первомайским РУВД г.Минска;707;не достигшему 14-летнего возраста, впервые;7************4;;;;;;;;;;;;;;;;;;3221982;Н*****В И***Ь А*********Ч;;;;;;0;;11;внук;1;Н*****В В****Р И******Ч;3459407;;;0;0;;;;;;;;;;;;;;2;0;0;0;0;5;5;1;0;
30.09.2026;MN7000;Минск РИЦ;730750;7671660585;3609611;3138121;9100496;ГП ЖЭУ № 1 Первом. р-на;"ГП ""ЖЭУ № 1 Первомайского района г. Минска""";28.07.2000;;Прибытие-выбытие;1;Регистрация по месту жительства;1;0;0;28.07.2000;;С*****А;В******Я;И******А;0;Женский;10.06.1992;РБ;1;Республика Беларусь;;;0;;;;;1;паспорт РБ;паспорт гражданина Республики Беларусь;М*******4;13.04.2016;ПЕРВОМАЙСКИМ РУВД Г. МИНСКА;;;4************8;;;;;;;;;;;;;;"; дочь";;;;3221982;Н*****В И***Ь А*********Ч;;;;;;0;;6;дочь;1;;;;;0;0;1;;;;;;;;;;;;;2;0;0;0;0;5;5;1;0;
30.09.2026;MN7000;Минск РИЦ;730750;7671660585;3558775;3087287;9100496;ГП ЖЭУ № 1 Первом. р-на;"ГП ""ЖЭУ № 1 Первомайского района г. Минска""";28.07.2000;;Прибытие-выбытие;1;Регистрация по месту жительства;1;0;0;28.07.2000;;Н******А;И***А;В********А;0;Женский;01.06.1969;РБ;1;Республика Беларусь;1;состоит в браке;0;;;;;1;паспорт РБ;паспорт гражданина Республики Беларусь;М*******7;11.01.2024;ПЕРВОМАЙСКИМ РУВД Г. МИНСКА;;истечение срока действия (обмен);4************4;;;;;;;;;;;39136;СУД ФРУНЗЕНСКОГО Р-НА;учитель нач. классов;"; супруга";;;;3221982;Н*****В И***Ь А*********Ч;;;;;;0;;2;супруга;1;;;;;0;0;;;;;;;;;;;;;;2;0;0;0;0;5;5;1;0;
30.09.2026;MN7000;Минск РИЦ;730750;7671660585;3459407;2987924;9100496;ГП ЖЭУ № 1 Первом. р-на;"ГП ""ЖЭУ № 1 Первомайского района г. Минска""";28.07.2000;;Прибытие-выбытие;1;Регистрация по месту жительства;1;0;0;28.07.2000;;Н*****В;В****Р;И******Ч;1;Мужской;24.01.1989;РБ;1;Республика Беларусь;;;0;;;;;1;паспорт РБ;паспорт гражданина Республики Беларусь;М*******2;10.04.2026;ПЕРВОМАЙСКИМ РУВД Г. МИНСКА;;истечение срока действия (обмен);3************6;;;;;;;;;;;;;;"; сын";;;;3221982;Н*****В И***Ь А*********Ч;;;;;;0;;5;сын;1;;;;;0;0;1;;;;;;;;;;;;;2;0;0;0;0;5;5;1;0;
30.09.2026;MN7000;Минск РИЦ;730750;7671660585;5351402;4629359;9100496;ГП ЖЭУ № 1 Первом. р-на;"ГП ""ЖЭУ № 1 Первомайского района г. Минска""";;;Отмена записи прибытия-выбытия;;;0;0;0;;;С*****А;А***Н;;0;Женский;06.04.2017;;;;;;0;;;;;5;свидетельство о рождении РБ;cвидетельство о рождении – для граждан Республики Беларусь, не достигших четырнадцатилетнего возраста и не имеющих паспортов граждан Республики Беларусь;;;;;;;;;;;;;;;;;;;;"; внучка";;;;3221982;Н*****В И***Ь А*********Ч;;;;;;;;12;внучка;1;С*****А В******Я И******А;3609611;;;0;;;;;;;;;;;;;;;;;;;;;;1;0;
30.09.2026;MN7000;Минск РИЦ;231798;8460150734;1188950;681407;70002654;"ГП ""ЖЭУ № 1 Фрунзенского района г. Минска"" (реорганизация ГП ЖЭУ №2)";"ГП ""ЖЭУ № 1 Фрунзенского района г. Минска"" (реорганизация ГП ЖЭУ №2)";13.11.2007;07.04.2015;Отмена записи прибытия-выбытия;;;0;1;0;13.11.2007;07.04.2015;Г*******Ц;В*****Й;А*********Ч;1;Мужской;03.10.1976;;1;Республика Беларусь;;;0;;;;;1;паспорт РБ;паспорт гражданина Республики Беларусь;М*******3;21.02.2012;ФРУНЗЕНСКОЕ РУВД Г. МИНСКА;;;3************6;;;;;;;;;;;30302;минский Моторный завод- оператор ваупшасова,4 220070 приемная 2183132 директор- Лобач Ник.Иван.;;"; бывший супруг";;;;;;;;;;;;;82;бывший супруг;1;;;;;0;;1;;;;;;;;;;;;;;;;;;;;2;0;
30.09.2026;MN7000;Минск РИЦ;231798;8460150734;1188954;580551;70002654;"ГП ""ЖЭУ № 1 Фрунзенского района г. Минска"" (реорганизация ГП ЖЭУ №2)";"ГП ""ЖЭУ № 1 Фрунзенского района г. Минска"" (реорганизация ГП ЖЭУ №2)";29.05.2015;;Прибытие-выбытие;1;Регистрация по месту жительства;1;0;0;13.11.2007;;Г*******Ц;В*****Й;А*********Ч;1;Мужской;03.10.1976;;1;Республика Беларусь;;;0;;;;;1;паспорт РБ;паспорт гражданина Республики Беларусь;М*******7;24.12.2025;ФРУНЗЕНСКОЕ РУВД Г. МИНСКА;;;3************6;;;;;;;;;;;;;;"; бывший супруг";;;;665520;Г*******А С******А С*******А;;;;;;0;;82;бывший супруг;1;;;;;0;0;1;;;;;;;;;;;;;0;0;0;0;0;4;4;2;0;
30.09.2026;MN7000;Минск РИЦ;231798;8460150734;1188946;798349;70002654;"ГП ""ЖЭУ № 1 Фрунзенского района г. Минска"" (реорганизация ГП ЖЭУ №2)";"ГП ""ЖЭУ № 1 Фрунзенского района г. Минска"" (реорганизация ГП ЖЭУ №2)";15.11.1984;28.11.2000;Отмена записи прибытия-выбытия;;;0;1;0;15.11.1984;28.11.2000;Г*******А;В**А;И******А;0;Женский;01.01.1939;;;;;;0;;;;;;;;;;;;;;;;;;;;;;;;;;;"; бывший собственник";;;;;;;;;;;;;;;0;;;;;0;;;;;;;;;;;;;;;;;;;;;;2;0;
30.09.2026;MN7000;Минск РИЦ;231798;8460150734;1188952;660798;70002654;"ГП ""ЖЭУ № 1 Фрунзенского района г. Минска"" (реорганизация ГП ЖЭУ №2)";"ГП ""ЖЭУ № 1 Фрунзенского района г. Минска"" (реорганизация ГП ЖЭУ №2)";16.06.2010;15.09.2010;Отмена записи прибытия-выбытия;;;0;1;0;;;В****Ч;С****Й;Ф*******Ч;1;Мужской;22.10.1989;;;;;;0;;;;;;;;;;;;;;;;;;;;;;;;;;;"; наниматель";;;;;;;;;;;;;;;0;;;;;0;;;;;;;;;;;;;;;;;;;;;;2;0;
30.09.2026;MN7000;Минск РИЦ;231798;8460150734;1188951;731026;70002654;"ГП ""ЖЭУ № 1 Фрунзенского района г. Минска"" (реорганизация ГП ЖЭУ №2)";"ГП ""ЖЭУ № 1 Фрунзенского района г. Минска"" (реорганизация ГП ЖЭУ №2)";31.07.2008;;Прибытие-выбытие;1;Регистрация по месту жительства;1;0;0;16.06.2016;;Г*******Ц;Т*****Й;В********Ч;1;Мужской;04.06.2008;;1;Республика Беларусь;;;0;;;;;1;паспорт РБ;паспорт гражданина Республики Беларусь;М*******5;02.06.2022;ФРУНЗЕНСКОЕ РУВД Г. МИНСКА;;;7************2;;;;;;;;;;;;;;"; сын";;;;665520;Г*******А С******А С*******А;;;;;;0;;5;сын;1;Г*******А С******А С*******А;1188948;;;0;0;;;;;;;;;;;;;;0;0;0;0;0;4;4;2;0;
30.09.2026;MN7000;Минск РИЦ;231798;8460150734;1188953;696704;70002654;"ГП ""ЖЭУ № 1 Фрунзенского района г. Минска"" (реорганизация ГП ЖЭУ №2)";"ГП ""ЖЭУ № 1 Фрунзенского района г. Минска"" (реорганизация ГП ЖЭУ №2)";16.06.2010;15.09.2010;Отмена записи прибытия-выбытия;;;0;1;0;;;С*******О;А***М;А******Ч;1;Мужской;09.03.1990;;;;;;0;;;;;;;;;;;;;;;;;;;;;;;;;;;"; наниматель";;;;;;;;;;;;;;;0;;;;;0;;;;;;;;;;;;;;;;;;;;;;2;0;
30.09.2026;MN7000;Минск РИЦ;231798;8460150734;1188947;546344;70002654;"ГП ""ЖЭУ № 1 Фрунзенского района г. Минска"" (реорганизация ГП ЖЭУ №2)";"ГП ""ЖЭУ № 1 Фрунзенского района г. Минска"" (реорганизация ГП ЖЭУ №2)";16.07.1991;19.07.2005;Отмена записи прибытия-выбытия;;;0;1;0;16.07.1991;19.07.2005;Г******В;В*****Й;И******Ч;1;Мужской;01.01.1971;;;;;;0;25.06.2005;;;;;;;;;;;;;;;;;;;;;;;;;;"; сын";;;;;;;;;;;0;;5;сын;1;;;;;0;0;;;;;;;;;;;;;;0;0;0;0;0;4;4;2;0;
30.09.2026;MN7000;Минск РИЦ;445219;6464030980;2183801;1712331;70001397;ТС/ЖСК/ЖСПК Заводского р-на;ТС/ЖСК/ЖСПК Заводского р-на;23.03.2016;23.03.2021;Отмена записи прибытия-выбытия;;;0;1;0;05.04.2016;16.03.2021;Д****В;С****Й;М********Ч;1;Мужской;17.09.1986;;1;Республика Беларусь;;;0;;;;;1;паспорт РБ;паспорт гражданина Республики Беларусь;K*******7;31.10.2011;ХОТИМСКИЙ РОВД МОГИЛЕВСКОЙ ОБЛ.;;;3************4;;;;;;;;;;;153188;МЧС МОСК. Р-НА Г. МИНСКА;НАЧ. КАРАУЛА;"; супруг";;;;1725933;Д*****А О****А С*******А;;;;;;;;1;супруг;1;;;;;0;;;;;;;;;;;;;;;;;;;;;;1;0;
30.09.2026;MN7000;Минск РИЦ;445219;6464030980;2197406;1725933;70001397;ТС/ЖСК/ЖСПК Заводского р-на;ТС/ЖСК/ЖСПК Заводского р-на;23.03.2016;23.03.2021;Отмена записи прибытия-выбытия;;;0;1;0;05.04.2016;16.03.2021;Д*****А;О****А;С*******А;0;Женский;17.03.1992;;1;Республика Беларусь;;;0;;;;;1;паспорт РБ;паспорт гражданина Республики Беларусь;M*******4;04.09.2015;МИНСКОЕ РУВД МИНСКОЙ ОБЛАСТИ;;;4************3;;;;;;;;;;;140718;УВД ОКТЯБР. Р-НА Г. МИНСКА;УЧАСТКОВ. ИНСПЕКТОР ИДМ;"; наниматель";;;;1725933;Д*****А О****А С*******А;;;;;;;;;;1;;;;;0;;;;;;;;;;;;;;;;;;;;;;1;0;
30.09.2026;MN7000;Минск РИЦ;445219;6464030980;4925637;4233658;70001397;ТС/ЖСК/ЖСПК Заводского р-на;ТС/ЖСК/ЖСПК Заводского р-на;07.03.2017;23.03.2021;Отмена записи прибытия-выбытия;;;0;1;0;;;Д*****А;М***Я;С*******А;0;Женский;23.02.2017;;;;;;0;;;;;1;паспорт РБ;паспорт гражданина Республики Беларусь;;;;;;;;;;;;;;;;;;;;"; дочь";;;;1725933;Д*****А О****А С*******А;;;;;;;;6;дочь;1;Д*****А О****А С*******А;2197406;;;0;;;;;;;;;;;;;;;;;;;;;;1;0;
30.09.2026;MN7000;Минск РИЦ;490418;6849311728;2437793;1966135;9100302;ГП ЖЭУ № 2 Ленин. р-на;"ГП ""ЖЭУ № 2 Ленинского района г. Минска""";17.01.2023;02.05.2023;Отмена записи прибытия-выбытия;;;0;1;0;17.01.2023;02.05.2023;М******Ч;К****А;Р********А;0;Женский;21.11.1989;;1;Республика Беларусь;;;0;;;;;1;паспорт РБ;паспорт гражданина Республики Беларусь;М*******1;09.01.2015;ЛЕНИНСКИЙ РУВД Г.МИНСКА;;;4************6;;;;;;;;;;;;;;"; дочь";;;;2062333;Б*******А Л***Я В********А;;;;;;;;6;дочь;1;;;;;0;;;;;;;;;;;;;;;;;;;;;;1;0;
30.09.2026;MN7000;Минск РИЦ;490418;6849311728;2484039;2012337;9100302;ГП ЖЭУ № 2 Ленин. р-на;"ГП ""ЖЭУ № 2 Ленинского района г. Минска""";01.01.2001;;Прибытие-выбытие;1;Регистрация по месту жительства;1;0;0;09.02.2001;;Х*********Я;Э***А;Р********А;0;Женский;14.02.1994;;1;Республика Беларусь;;;0;;;;;1;паспорт РБ;паспорт гражданина Республики Беларусь;М*******1;31.08.2023;Ленинским РУВД г.Минска;;истечение срока действия (обмен);4************3;;;;;;;;;;;;;;"; дочь";;;;2062333;Б*******А Л***Я В********А;;;;;;0;;6;дочь;1;;;;;0;0;;;;;;;;;;;;;;0;0;0;0;0;2;2;1;0;
30.09.2026;MN7000;Минск РИЦ;490418;6849311728;2564944;2093174;9100302;ГП ЖЭУ № 2 Ленин. р-на;"ГП ""ЖЭУ № 2 Ленинского района г. Минска""";09.10.1998;21.04.2000;Отмена записи прибытия-выбытия;;;0;1;0;09.10.1998;21.04.2000;Б******В;А****Н;Б********Ч;1;Мужской;26.09.1969;;;;;;0;;;;;;;;;;;;;;;;;;;;;;;;;;;"; супруг";;;;;;;;;;;;;1;супруг;1;;;;;0;;;;;;;;;;;;;;;;;;;;;;1;0;
30.09.2026;MN7000;Минск РИЦ;490418;6849311728;2585918;2114113;9100302;ГП ЖЭУ № 2 Ленин. р-на;"ГП ""ЖЭУ № 2 Ленинского района г. Минска""";29.11.1985;21.04.1995;Отмена записи прибытия-выбытия;;;0;1;0;29.11.1985;21.04.1995;З*****А;А*****А;Г*********А;0;Женский;19.01.1938;;;;;;0;;;;;;;;;;;;;;;;;;;;;;;;;;;"; бывший наниматель";;;;;;;;;;;;;;;1;;;;;0;;;;;;;;;;;;;;;;;;;;;;1;0;
30.09.2026;MN7000;Минск РИЦ;490418;6849311728;4725545;4066621;9100302;ГП ЖЭУ № 2 Ленин. р-на;"ГП ""ЖЭУ № 2 Ленинского района г. Минска""";16.11.2016;16.02.2017;Отмена записи прибытия-выбытия;;;0;1;0;;;Т*****В;А*******Р;В**********Ч;1;Мужской;30.08.1964;;;;;;0;;;;;1;паспорт РБ;паспорт гражданина Республики Беларусь;;;;;;;;;;;;;;;;;;;;"; наниматель";;;;;;;;;;;;;;;0;;;;;0;;;;;;;;;;;;;;;;;;;;;;1;0;
30.09.2026;MN7000;Минск РИЦ;490418;6849311728;2443399;1971741;9100302;ГП ЖЭУ № 2 Ленин. р-на;"ГП ""ЖЭУ № 2 Ленинского района г. Минска""";09.10.2001;30.11.2011;Отмена записи прибытия-выбытия;;;0;1;0;09.10.2001;12.12.2011;Б******В;Р****Н;Б********Ч;1;Мужской;05.05.1965;;1;Республика Беларусь;;;0;06.08.2011;;;;1;паспорт РБ;паспорт гражданина Республики Беларусь;М*******6;29.10.2010;----------------------------/---------------------;;;3************6;;;;;;;;;;;;;;"; супруг";;;;;;;;;;;0;;1;супруг;0;;;;;0;0;;;;;;;;;;;;;;0;0;0;0;0;2;2;1;0;
30.09.2026;MN7000;Минск РИЦ;576698;7426940020;2905095;2433584;9100411;ЧС_ГП ЖЭУ № 4 Партиз. р-на;"ЧС_ГП ""ЖЭУ № 4 Партизанского района г. Минска""";01.09.2012;;Прибытие-выбытие;1;Регистрация по месту жительства;1;0;0;10.03.2007;;Ф*****А;Е*******А;Э********А;0;Женский;14.06.1998;;1;Республика Беларусь;2;никогда не состоял в браке;0;;;;;30;идентификационная карта РБ;идентификационная карта гражданина Республики Беларусь;B*******5;23.04.2026;Партизанским РУВД г.Минска;706;непригодность для использования (обмен);4************2;;;;;;;;;;;73056;ГИМН.№5;УЧ-СЯ;"; дочь";;;;2433564;Ф****В Э****Д Г********Ч;;;;;;0;;6;дочь;1;;;;;0;0;;;;;;;;;;;;;;0;0;0;0;0;2;2;1;0;
30.09.2026;MN7000;Минск РИЦ;576698;7426940020;2905082;2433571;9100411;ЧС_ГП ЖЭУ № 4 Партиз. р-на;"ЧС_ГП ""ЖЭУ № 4 Партизанского района г. Минска""";01.09.2012;24.02.2017;Отмена записи прибытия-выбытия;;;0;1;0;10.03.2007;24.02.2017;Ф*****А;Р***А;В*********А;0;Женский;27.09.1966;;1;Республика Беларусь;1;состоит в браке;0;;;;;1;паспорт РБ;паспорт гражданина Республики Беларусь;М*******8;30.09.2010;ПАРТИЗАНСКИМ РУВД Г.МИНСКА;;;4************4;;;;;;;;;;;545;ип;;"; супруга";;;;2433564;Ф****В Э****Д Г********Ч;;;;;;;;2;супруга;1;;;;;0;;;;;;;;;;;;;;;;;;;;;;1;0;
30.09.2026;MN7000;Минск РИЦ;576698;7426940020;5802795;5177327;9100411;ЧС_ГП ЖЭУ № 4 Партиз. р-на;"ЧС_ГП ""ЖЭУ № 4 Партизанского района г. Минска""";08.01.2021;12.02.2024;Отмена записи прибытия-выбытия;;;0;1;0;26.05.2021;12.02.2024;Ф*****А;Е*******А;Э********А;0;Женский;06.12.2020;;1;Республика Беларусь;;;0;;;;;1;паспорт РБ;паспорт гражданина Республики Беларусь;М*******2;01.11.2022;Партизанским РУВД г.Минска;;;7************7;;;;;;;;;;;;;;;;;;2433564;Ф****В Э****Д Г********Ч;;;;;;;;6;дочь;1;Ф****В Э****Д Г********Ч;2905075;;;0;;;;;;;;;;;;;;;;;;;;;;1;0;
30.09.2026;MN7000;Минск РИЦ;576698;7426940020;2905084;2433573;9100411;ЧС_ГП ЖЭУ № 4 Партиз. р-на;"ЧС_ГП ""ЖЭУ № 4 Партизанского района г. Минска""";07.08.2007;12.07.2022;Отмена записи прибытия-выбытия;;;0;1;0;07.08.2007;12.07.2022;Ф****В;И**Я;Э********Ч;1;Мужской;06.09.1988;;1;Республика Беларусь;2;никогда не состоял в браке;0;;;;;1;паспорт РБ;паспорт гражданина Республики Беларусь;М*******6;04.09.2012;ПАРТИЗАНСКИМ РУВД Г.МИНСКА;;;3************7;;;;;;;;;;;;;;"; сын";;;;2433564;Ф****В Э****Д Г********Ч;;;;;;;;5;сын;1;;;;;0;;;;;;;;;;;;;;;;;;;;;;1;0;
30.09.2026;MN7000;Минск РИЦ;192685;7033480736;6049248;5465349;7003;"ГП ""ЖЭУ № 3 Московского района г. Минска""";"ГП ""ЖЭУ № 3 Московского района г. Минска""";01.10.2022;;Прибытие-выбытие;1;Регистрация по месту жительства;1;0;0;01.10.2022;;И*****А;Н*****Я;Ю*****А;0;Женский;05.06.1980;;1;Республика Беларусь;;;0;;;;;1;паспорт РБ;паспорт гражданина Республики Беларусь;М*******5;24.11.2025;Московским РУВД г.Минска;704;;4************6;;;;;;;;;;;;;;;;;;233044;Г**К Д*****Й В********Ч;;;;;;0;;2;супруга;1;;;;;0;0;;;;;;;;;;;;;;0;0;1;0;0;1;2;2;0;
30.09.2026;MN7000;Минск РИЦ;192685;7033480736;234531;234438;7003;"ГП ""ЖЭУ № 3 Московского района г. Минска""";"ГП ""ЖЭУ № 3 Московского района г. Минска""";29.03.2011;23.04.2013;Отмена записи прибытия-выбытия;;;0;1;0;29.03.2011;23.04.2013;Г**К;В****Р;П******Ч;1;Мужской;16.04.1948;;1;Республика Беларусь;;;0;11.04.2013;;;;1;паспорт РБ;паспорт гражданина Республики Беларусь;М*******5;13.09.2000;СОВЕТСКИМ  РУВД  Г.  ГОМЕЛЯ;;;3************9;;;;;;;;;;;;;;"; отец";;;;233044;Г**К Д*****Й В********Ч;;;;;;0;;4;отец;1;;;;;0;0;;;;;;;;;;;;;;0;0;1;0;0;1;2;2;0;
30.09.2026;MN7000;Минск РИЦ;192685;7033480736;169460;169423;7003;"ГП ""ЖЭУ № 3 Московского района г. Минска""";"ГП ""ЖЭУ № 3 Московского района г. Минска""";23.04.2013;13.04.2019;Отмена записи прибытия-выбытия;;;0;1;0;23.04.2013;23.05.2019;Г**К;В*******А;Г*********А;0;Женский;02.11.1949;;1;Республика Беларусь;;;0;13.04.2019;;;;1;паспорт РБ;паспорт гражданина Республики Беларусь;М*******2;03.06.2014;МОСКОВСКИМ РУВД Г. МИНСКА;;;4************2;;;;;;;;;;;;;;"; мать";;;;233044;Г**К Д*****Й В********Ч;;;;;;0;;3;мать;1;;;;;0;0;;;;;;;;;;;;;;0;0;1;0;0;1;2;2;0;
30.09.2026;MN7000;Минск РИЦ;192685;7033480736;5804768;5179599;7003;"ГП ""ЖЭУ № 3 Московского района г. Минска""";"ГП ""ЖЭУ № 3 Московского района г. Минска""";18.01.2021;17.01.2023;Отмена записи прибытия-выбытия;;;0;1;0;;;М*****О;М****М;В********Ч;1;Мужской;15.07.1998;;;;;;0;;;;;1;паспорт РБ;паспорт гражданина Республики Беларусь;;;;;;;;;;;;;;;;;;;;;;;;5179599;М*****О М****М В********Ч;;;;;;;;;;0;;;;;0;;;;;;;;;;;;;;;;;;;;;;2;0;
30.09.2026;MN7000;Минск РИЦ;576702;7470610011;6251195;5717957;9100411;ЧС_ГП ЖЭУ № 4 Партиз. р-на;"ЧС_ГП ""ЖЭУ № 4 Партизанского района г. Минска""";20.02.2024;06.02.2026;Отмена записи прибытия-выбытия;;;0;1;0;20.02.2024;06.02.2026;Т****В;А**М;Ё*********Ч;1;Мужской;25.01.2024;;1;Республика Беларусь;;;0;;;;;30;идентификационная карта РБ;идентификационная карта гражданина Республики Беларусь;B*******7;15.08.2024;Партизанским РУВД г.Минска;706;;7************8;;;;;;;;;;;;;;;;;;2404840;Д*******Ч М****М Н********Ч;;;;;;;;11;внук;1;Т*****А К****Я М********А;6210738;;;0;;;;;;;;;;;;;;;;;;;;;;2;0;
30.09.2026;MN7000;Минск РИЦ;576702;7470610011;2875910;2404422;9100411;ЧС_ГП ЖЭУ № 4 Партиз. р-на;"ЧС_ГП ""ЖЭУ № 4 Партизанского района г. Минска""";22.10.2015;;Прибытие-выбытие;1;Регистрация по месту жительства;1;0;0;22.10.2015;;Д*******Ч;В*****Я;Д********А;0;Женский;16.08.1974;;1;Республика Беларусь;1;состоит в браке;0;;;;;1;паспорт РБ;паспорт гражданина Республики Беларусь;М*******3;25.09.2025;Партизанским РУВД г.Минска;706;истечение срока действия (обмен);4************2;;;;;;;;;;;545;ип;;"; супруга";;;;2404840;Д*******Ч М****М Н********Ч;;;;;;0;;2;супруга;1;;;;;0;0;;;;;;;;;;;;;;0;0;1;0;0;2;3;2;0;
30.09.2026;MN7000;Минск РИЦ;576702;7470610011;4464734;3993719;9100411;ЧС_ГП ЖЭУ № 4 Партиз. р-на;"ЧС_ГП ""ЖЭУ № 4 Партизанского района г. Минска""";01.01.1920;01.01.1921;Отмена записи прибытия-выбытия;;;0;1;0;;01.01.1921;Д*******Ч;Н*****Й;Н********Ч;1;Мужской;03.02.1951;;;;;;0;;;;;1;паспорт РБ;паспорт гражданина Республики Беларусь;;;;;;;;;;;;;;;;;;;;"; бывший собственник";;;;;;;;;;;;;;;0;;;;;0;;;;;;;;;;;;;;;;;;;;;;2;0;
30.09.2026;MN7000;Минск РИЦ;576702;7470610011;6238963;5701998;9100411;ЧС_ГП ЖЭУ № 4 Партиз. р-на;"ЧС_ГП ""ЖЭУ № 4 Партизанского района г. Минска""";12.01.2024;;Прибытие-выбытие;1;Регистрация по месту жительства;1;0;0;12.01.2024;;Т****В;Ё*****Н;К**********И;1;Мужской;20.08.2000;;244;Республика Узбекистан;;;0;;;;;31;биометрический вид на жительство в РБ иностранного гражданина;биометрический вид на жительство в Республике Беларусь иностранного гражданина;I*******3;13.11.2025;Партизанским РУВД г.Минска;706;;7************2;;;;;;;;;;;;;;;;;;2404840;Д*******Ч М****М Н********Ч;;;;;;0;;62;зять (супруг дочери);1;;;;;0;0;;;;;;;;;;;;;;0;0;1;0;0;2;3;2;0;
30.09.2026;MN7000;Минск РИЦ;576702;7470610011;2876085;2404597;9100411;ЧС_ГП ЖЭУ № 4 Партиз. р-на;"ЧС_ГП ""ЖЭУ № 4 Партизанского района г. Минска""";22.10.2015;27.05.2022;Отмена записи прибытия-выбытия;;;0;1;0;22.10.2015;27.05.2022;Д*******Ч;М****Й;М********Ч;1;Мужской;19.05.2008;;1;Республика Беларусь;2;никогда не состоял в браке;0;;;;;1;паспорт РБ;паспорт гражданина Республики Беларусь;М*******3;07.03.2017;Партизанским РУВД г.Минска;;непригодность для использования (обмен);5************0;;;;;;;;;;;30735;иждивенец;;"; сын";;;;2404840;Д*******Ч М****М Н********Ч;;;;;;;;5;сын;1;Д*******Ч В*****Я Д********А;2875910;;;0;;;;;;;;;;;;;;;;;;;;;;2;0;
30.09.2026;MN7000;Минск РИЦ;576702;7470610011;6210738;5666416;9100411;ЧС_ГП ЖЭУ № 4 Партиз. р-на;"ЧС_ГП ""ЖЭУ № 4 Партизанского района г. Минска""";02.11.2023;06.02.2026;Отмена записи прибытия-выбытия;;;0;1;0;02.11.2023;06.02.2026;Т*****А;К****Я;М********А;0;Женский;05.03.2003;;1;Республика Беларусь;;;0;;;;;1;паспорт РБ;паспорт гражданина Республики Беларусь;М*******9;29.11.2022;Фрунзенским РУВД г.Минска;709;;6************9;;;;;;;;;;;;;;;;;;2404840;Д*******Ч М****М Н********Ч;;;;;;;;6;дочь;1;;;;;0;;;;;;;;;;;;;;;;;;;;;;2;0;
30.09.2026;MN7000;Минск РИЦ;576702;7470610011;2876084;2404596;9100411;ЧС_ГП ЖЭУ № 4 Партиз. р-на;"ЧС_ГП ""ЖЭУ № 4 Партизанского района г. Минска""";22.10.2015;30.03.2017;Отмена записи прибытия-выбытия;;;0;1;0;22.10.2015;30.03.2017;Д*******Ч;К****Я;М********А;0;Женский;05.03.2003;;1;Республика Беларусь;2;никогда не состоял в браке;0;;;;;1;паспорт РБ;паспорт гражданина Республики Беларусь;М*******2;28.03.2016;ПАРТИЗАНСКИМ РОВД Г МИНСКА;;;6************9;;;;;;;;;;;71;сш;УЧ-СЯ;"; дочь";;;;2404840;Д*******Ч М****М Н********Ч;;;;;;;;6;дочь;1;Д*******Ч В*****Я Д********А;2875910;;;0;;;;;;;;;;;;;;;;;;;;;;2;0;
30.09.2026;MN7000;Минск РИЦ;459361;6800080007;2477668;2005966;9100302;ГП ЖЭУ № 2 Ленин. р-на;"ГП ""ЖЭУ № 2 Ленинского района г. Минска""";22.07.2005;;Прибытие-выбытие;1;Регистрация по месту жительства;1;0;0;22.07.2005;;С********Ч;М***Я;Д*******А;0;Женский;12.04.2001;;1;Республика Беларусь;;;0;;;;;1;паспорт РБ;паспорт гражданина Республики Беларусь;М*******1;13.02.2015;ЛЕНИНСКИМ     РУ   ВД   МИНСКА;;;6************3;;;;;;;;;;;;;;"; дочь";;;;1864371;А*******О Т*****А Л********А;;;;;;0;;6;дочь;1;А*******О Т*****А Л********А;2336014;;;0;0;1;;;;;;;;;;;;;1;0;0;0;0;4;4;1;0;
30.09.2026;MN7000;Минск РИЦ;459361;6800080007;5601956;4946231;9100302;ГП ЖЭУ № 2 Ленин. р-на;"ГП ""ЖЭУ № 2 Ленинского района г. Минска""";06.09.2019;;Прибытие-выбытие;1;Регистрация по месту жительства;1;0;0;06.09.2019;;А*******О;А**А;И*******А;0;Женский;25.04.1948;;1;Республика Беларусь;;;0;;;;;1;паспорт РБ;паспорт гражданина Республики Беларусь;М*******1;02.05.2001;СЛУЦКИМ РОВД МИНСКОЙ ОБЛ.;;непригодность для использования (обмен);4************4;;;;;;;;;;;;;;"; мать";;;;1864371;А*******О Т*****А Л********А;;;;;;0;;3;мать;1;;;;;0;0;;;;;;;;;;;;;;1;0;0;0;0;4;4;1;0;
30.09.2026;MN7000;Минск РИЦ;459361;6800080007;2368617;1896959;9100302;ГП ЖЭУ № 2 Ленин. р-на;"ГП ""ЖЭУ № 2 Ленинского района г. Минска""";15.07.2009;;Прибытие-выбытие;1;Регистрация по месту жительства;1;0;0;30.03.2012;;С********Ч;Т*****Й;Д*******Ч;1;Мужской;02.07.2009;;1;Республика Беларусь;;;0;;;;;1;паспорт РБ;паспорт гражданина Республики Беларусь;М*******8;15.03.2023;Ленинским РУВД г.Минска;;непригодность для использования (обмен);7************0;;;;;;;;;;;;;;"; сын";;;;1864371;А*******О Т*****А Л********А;;;;;;0;;5;сын;1;С********Ч Д***С В**********Ч;2421679;;;0;0;;;;;;;;;;;;;;1;0;0;0;0;4;4;1;0;
30.09.2026;MN7000;Минск РИЦ;459361;6800080007;2421679;1950021;9100302;ГП ЖЭУ № 2 Ленин. р-на;"ГП ""ЖЭУ № 2 Ленинского района г. Минска""";22.07.2005;11.01.2019;Отмена записи прибытия-выбытия;;;0;1;0;22.07.2005;11.01.2019;С********Ч;Д***С;В**********Ч;1;Мужской;26.03.1976;;1;Республика Беларусь;;;0;;;;;1;паспорт РБ;паспорт гражданина Республики Беларусь;М*******5;24.03.2015;ЛЕНИНСКИМ  РУВД  МИНСКА;;;3************9;;;;;;;;;;;;;;"; супруг";;;;1864371;А*******О Т*****А Л********А;;;;;;;;1;супруг;1;;;;;0;;;;;;;;;;;;;;;;;;;;;;1;0;
30.09.2026;MN7000;Минск РИЦ;459361;6800080007;4431921;3960906;9100302;ГП ЖЭУ № 2 Ленин. р-на;"ГП ""ЖЭУ № 2 Ленинского района г. Минска""";01.01.1920;01.01.1921;Отмена записи прибытия-выбытия;;;0;1;0;;01.01.1921;Т******О;М***Я;В********А;0;Женский;;;;;;;0;;;;;1;паспорт РБ;паспорт гражданина Республики Беларусь;;;;;;;;;;;;;;;;;;;;"; бывший собственник";;;;;;;;;;;;;;;0;;;;;0;;;;;;;;;;;;;;;;;;;;;;1;0;
30.09.2026;MN7000;Минск РИЦ;523282;6847720243;2606152;2134300;9100301;ГП ЖЭУ № 1 Ленин. р-на;"ГП ""ЖЭУ № 1 Ленинского района г. Минска""";21.05.1973;19.05.1999;Отмена записи прибытия-выбытия;;;0;1;0;21.05.1973;19.05.1999;П*******К;Г****А;М*******А;0;Женский;01.08.1924;;;;;;0;;;;;;;;;;;;;;;;;;;;;;;;;;;"; мать";;;;2134299;П*******К В******Н М********Ч;;;;;;;;3;мать;1;;;;;0;;;;;;;;;;;;;;;;;;;;;;1;0;
30.09.2026;MN7000;Минск РИЦ;523282;6847720243;6117459;5548825;9100301;ГП ЖЭУ № 1 Ленин. р-на;"ГП ""ЖЭУ № 1 Ленинского района г. Минска""";23.03.2023;;Прибытие-выбытие;1;Регистрация по месту жительства;1;0;0;23.03.2023;;П*******К;А***А;Е********А;0;Женский;21.02.2023;;1;Республика Беларусь;;;0;;;;;5;свидетельство о рождении РБ;cвидетельство о рождении – для граждан Республики Беларусь, не достигших четырнадцатилетнего возраста и не имеющих паспортов граждан Республики Беларусь;;;;;;7************6;;;;;;;;;;;;;;;;;;2082425;П*******К Е*****Й В**********Ч;;;;;;0;;6;дочь;1;П*******К Е*****Й В**********Ч;2554183;;;0;0;;;;;;;;;;;;;;2;0;0;0;0;4;4;1;0;
30.09.2026;MN7000;Минск РИЦ;523282;6847720243;2606151;2134299;9100301;ГП ЖЭУ № 1 Ленин. р-на;"ГП ""ЖЭУ № 1 Ленинского района г. Минска""";21.12.1999;;Прибытие-выбытие;1;Регистрация по месту жительства;1;0;0;21.12.1999;;П*******К;В******Н;М********Ч;1;Мужской;09.09.1960;;1;Республика Беларусь;;;0;;;;;1;паспорт РБ;паспорт гражданина Республики Беларусь;М*******4;22.02.2006;ЛЕНИНСКИМ РОВД Г МИНСКА;;;3************6;;;;;;;;;;;;;;"; отец";;;;2082425;П*******К Е*****Й В**********Ч;;;;;;0;;4;отец;1;;;;;0;0;;;;;;;;;;;;;;2;0;0;0;0;4;4;1;0;
30.09.2026;MN7000;Минск РИЦ;523282;6847720243;5105768;4372508;9100301;ГП ЖЭУ № 1 Ленин. р-на;"ГП ""ЖЭУ № 1 Ленинского района г. Минска""";05.07.2017;;Прибытие-выбытие;1;Регистрация по месту жительства;1;0;0;06.06.2018;;П*******К;М**К;Е********Ч;0;Женский;11.06.2017;;1;Республика Беларусь;;;0;;;;;1;паспорт РБ;паспорт гражданина Республики Беларусь;М*******8;29.05.2018;Ленинским РУВД г.Минска;;не достигшему 14-летнего возраста, впервые;7************8;;;;;;;;;;;;;;"; сын";;;;2082425;П*******К Е*****Й В**********Ч;;;;;;0;;5;сын;1;П*******К Е*****Й В**********Ч;2554183;;;0;0;;;;;;;;;;;;;;2;0;0;0;0;4;4;1;0;
30.09.2026;MN7000;Минск РИЦ;523282;6847720243;2504261;2032541;9100301;ГП ЖЭУ № 1 Ленин. р-на;"ГП ""ЖЭУ № 1 Ленинского района г. Минска""";28.01.2000;02.12.2008;Отмена записи прибытия-выбытия;;;0;1;0;28.01.2000;02.12.2008;К****Н;Ю**Я;В**********А;0;Женский;25.04.1982;;1;Республика Беларусь;;;0;;;;;1;паспорт РБ;паспорт гражданина Республики Беларусь;М*******4;30.06.2006;ЛЕНИНСКИМ РОВД Г МИНСКА;;;4************3;;;;;;;;;;;;;;"; дочь";;;;2134299;П*******К В******Н М********Ч;;;;;;;;6;дочь;1;;;;;0;;;;;;;;;;;;;;;;;;;;;;1;0;
30.09.2026;MN7000;Минск РИЦ;523282;6847720243;2457527;1985834;9100301;ГП ЖЭУ № 1 Ленин. р-на;"ГП ""ЖЭУ № 1 Ленинского района г. Минска""";28.01.2000;08.09.2009;Отмена записи прибытия-выбытия;;;0;1;0;28.01.2000;08.09.2009;П*******К;И**А;В**********А;0;Женский;13.12.1963;;1;Республика Беларусь;;;0;;;;;1;паспорт РБ;паспорт гражданина Республики Беларусь;М*******9;20.03.2009;ЛЕНИНСКИМ  РУВД  МИНСКА;;;4************7;;;;;;;;;;;;;;"; супруга";;;;2134299;П*******К В******Н М********Ч;;;;;;;;2;супруга;1;;;;;0;;;;;;;;;;;;;;;;;;;;;;1;0;
30.09.2026;MN7000;Минск РИЦ;496122;6847240639;6280886;5756636;9100302;ГП ЖЭУ № 2 Ленин. р-на;"ГП ""ЖЭУ № 2 Ленинского района г. Минска""";07.05.2024;;Прибытие-выбытие;1;Регистрация по месту жительства;1;0;0;07.05.2024;;З******Ч;Р****Н;А*******Ч;1;Мужской;06.04.2024;;1;Республика Беларусь;;;0;;;;;1;паспорт РБ;паспорт гражданина Республики Беларусь;M*******6;16.05.2024;Ленинским РУВД г.Минска;703;непригодность для использования (обмен);7************2;;;;;;;;;;;;;;;;;;2056511;З******Ч В******Р В**********Ч;;;;;;0;;11;внук;1;;;;;0;0;;;;;;;;;;;;;;1;0;0;0;0;2;2;1;0;
30.09.2026;MN7000;Минск РИЦ;496122;6847240639;2466586;1994884;9100302;ГП ЖЭУ № 2 Ленин. р-на;"ГП ""ЖЭУ № 2 Ленинского района г. Минска""";21.03.1975;01.11.2007;Отмена записи прибытия-выбытия;;;0;1;0;21.03.1975;12.05.2006;З*****К;В**А;В**********А;0;Женский;10.09.1933;;;;;;0;05.03.2006;;;;;;;;;;;;;;;;;;;;;;;;;;"; бывший собственник";;;;;;;;;;;0;;;;0;;;;;0;0;;;;;;;;;;;;;;1;0;0;0;0;2;2;1;0;
30.09.2026;MN7000;Минск РИЦ;496122;6847240639;2247725;1776201;9100302;ГП ЖЭУ № 2 Ленин. р-на;"ГП ""ЖЭУ № 2 Ленинского района г. Минска""";25.08.2015;;Прибытие-выбытие;1;Регистрация по месту жительства;1;0;0;25.08.2015;;З******Ч;А****Й;В**********Ч;1;Мужской;01.09.1994;;1;Республика Беларусь;;;0;;;;;1;паспорт РБ;паспорт гражданина Республики Беларусь;M*******6;13.09.2019;Ленинским РУВД г.Минска;;непригодность для использования (обмен);3************2;;;;;;;;;;;;;;"; сын";;;;2056511;З******Ч В******Р В**********Ч;;;;;;0;;5;сын;1;;;;;0;0;;;;;;;;;;;;;;1;0;0;0;0;2;2;1;0;
30.09.2026;MN7000;Минск РИЦ;730856;7671820439;3470722;2999239;9100496;ГП ЖЭУ № 1 Первом. р-на;"ГП ""ЖЭУ № 1 Первомайского района г. Минска""";10.08.1985;06.11.2018;Отмена записи прибытия-выбытия;;;0;1;0;10.08.1985;06.11.2018;Т***В;А*******Р;Н*********Ч;1;Мужской;04.09.1943;РБ;1;Республика Беларусь;;;0;06.11.2018;;;;1;паспорт РБ;паспорт гражданина Республики Беларусь;М*******7;11.02.2003;ПЕРВОМАЙСКИЙ РОВД Г.МИНСКА;;;3************4;;;;;;;;;;;;;;"; супруг";;;;3176550;Т****А Л*****А Н*********А;;;;;;0;;1;супруг;1;;;;;0;0;;;;;;;;;;;;;;0;0;0;0;0;2;2;1;0;
30.09.2026;MN7000;Минск РИЦ;730856;7671820439;3722452;3250882;9100496;ГП ЖЭУ № 1 Первом. р-на;"ГП ""ЖЭУ № 1 Первомайского района г. Минска""";06.05.1999;;Прибытие-выбытие;1;Регистрация по месту жительства;1;0;0;06.05.1999;;Т***В;А*******Р;А***********Ч;1;Мужской;16.02.1983;РБ;1;Республика Беларусь;;;0;;;;;1;паспорт РБ;паспорт гражданина Республики Беларусь;М*******1;17.11.2008;ПЕРВОМАЙСКИМ РУВД Г. МИНСКА;;;3************1;;;;;;;;;;;;;;"; собственник";;;;3250882;Т***В А*******Р А***********Ч;;;;;;0;;;;1;;;;;0;0;1;;;;;;;;;;;;;0;0;0;0;0;2;2;1;0;
30.09.2026;MN7000;Минск РИЦ;1029793;9093291163;6042373;5923680;70000980;ТС/ЖСК/ЖСПК Центрального р-на;ТС/ЖСК/ЖСПК Центрального р-на;;;;;;0;0;0;;;"С**О ""*********""";;;;-;;;;;;;0;;;;;1;паспорт РБ;паспорт гражданина Республики Беларусь;;;;;;;;;;;;;;;;;;;;;;;;;;;;;;;;;;;;;;;;0;;;;;;;;;;;;;;;;;;;;;;1;0;
30.09.2026;MN7000;Минск РИЦ;717059;7671860657;3538653;3067167;9100496;ГП ЖЭУ № 1 Первом. р-на;"ГП ""ЖЭУ № 1 Первомайского района г. Минска""";18.01.1991;30.06.2006;Отмена записи прибытия-выбытия;;;0;1;0;18.01.1991;20.01.2006;К********Ч;А**А;В**********А;0;Женский;06.05.1956;РБ;1;Республика Беларусь;;;0;04.12.2005;;;;1;паспорт РБ;паспорт гражданина Республики Беларусь;М*******3;26.06.2002;ПЕРВОМАЙСКОЕ РУВД Г.МИНСКА;;;4************2;;;;;;;;;;;;;;"; бывший собственник";;;;;;;;;;;0;;;;0;;;;;0;0;;;;;;;;;;;;;;0;0;0;0;0;1;1;1;0;
30.09.2026;MN7000;Минск РИЦ;717059;7671860657;6279449;5754750;9100496;ГП ЖЭУ № 1 Первом. р-на;"ГП ""ЖЭУ № 1 Первомайского района г. Минска""";30.04.2024;;Прибытие-выбытие;1;Регистрация по месту жительства;1;0;0;30.04.2024;;Т*****А;Д***Я;Д*******А;0;Женский;29.11.1997;;1;Республика Беларусь;;;0;;;;;1;паспорт РБ;паспорт гражданина Республики Беларусь;M*******9;27.02.2024;Слуцким РОВД Минской области;518;;4************1;;;;;;;;;;;;;;;;;;3046861;Е********А Л*****А В**********А;;;;;;0;;12;внучка;1;;;;;0;0;;;;;;;;;;;;;;0;0;0;0;0;1;1;1;0;
30.09.2026;MN7000;Минск РИЦ;1019451;7077941154;6206318;5782621;7003;"ГП ""ЖЭУ № 3 Московского района г. Минска""";"ГП ""ЖЭУ № 3 Московского района г. Минска""";;;;;;0;0;0;;;"""";У*С;"З****""";;-;;;;;;;0;;;;;1;паспорт РБ;паспорт гражданина Республики Беларусь;;;;;;;;;;;;;;;;;;;;;;;;;;;;;;;;;;;;;;;;0;;;;;;;;;;;;;;;;;;;;;;1;0;
30.09.2026;MN7000;Минск РИЦ;764300;7671630986;3506095;3034612;9100496;ГП ЖЭУ № 1 Первом. р-на;"ГП ""ЖЭУ № 1 Первомайского района г. Минска""";25.06.1985;16.02.2000;Отмена записи прибытия-выбытия;;;0;1;0;25.06.1985;16.02.2000;Б****В;Г******Й;П******Ч;1;Мужской;01.01.1937;;;;;;0;;;;;;;;;;;;;;;;;;;;;;;;;;;"; собственник";;;;;;;;;;;;;;;0;;;;;0;;;;;;;;;;;;;;;;;;;;;;1;0;
30.09.2026;MN7000;Минск РИЦ;764300;7671630986;3506096;3034613;9100496;ГП ЖЭУ № 1 Первом. р-на;"ГП ""ЖЭУ № 1 Первомайского района г. Минска""";07.02.1995;25.10.2000;Отмена записи прибытия-выбытия;;;0;1;0;07.02.1995;25.10.2000;Б*****А;Т*****А;В**********А;0;Женский;01.01.1972;;;;;;0;;;;;;;;;;;;;;;;;;;;;;;;;;;"; супруга сына";;;;3319217;Б****В Г******Й П******Ч;;;;;;;;65;невестка (супруга сына);1;;;;;0;;;;;;;;;;;;;;;;;;;;;;1;0;
30.09.2026;MN7000;Минск РИЦ;764300;7671630986;3564789;3093301;9100496;ГП ЖЭУ № 1 Первом. р-на;"ГП ""ЖЭУ № 1 Первомайского района г. Минска""";13.08.1981;;Прибытие-выбытие;1;Регистрация по месту жительства;1;0;0;13.08.1981;;Б*****А;Н*****Я;Г*********А;0;Женский;14.12.1964;РБ;1;Республика Беларусь;;;0;;;;;1;паспорт РБ;паспорт гражданина Республики Беларусь;М*******2;28.07.2009;ПЕРВОМАЙСКИМ РУВД Г. МИНСКА;;;4************8;;;;;;;;;;;;;;"; дочь";;;;3319217;Б****В Г******Й П******Ч;;;;;;0;;6;дочь;1;;;;;0;0;;;;;;;;;;;;;;0;0;0;0;0;3;3;1;0;
30.09.2026;MN7000;Минск РИЦ;764300;7671630986;3790832;3319218;9100496;ГП ЖЭУ № 1 Первом. р-на;"ГП ""ЖЭУ № 1 Первомайского района г. Минска""";31.05.2013;;Прибытие-выбытие;1;Регистрация по месту жительства;1;0;0;31.05.2013;;Б*****А;К*****Я;П******А;0;Женский;23.08.1938;;1;Республика Беларусь;;;0;;;;;1;паспорт РБ;паспорт гражданина Республики Беларусь;М*******9;23.11.2012;ФРУНЗЕНСКИМ РУВД Г. МИНСКА;;;4************4;;;;;;;;;;;;;;"; супруга";;;;3319217;Б****В Г******Й П******Ч;;;;;;0;;2;супруга;1;;;;;0;0;;;;;;;;;;;;;;0;0;0;0;0;3;3;1;0;
30.09.2026;MN7000;Минск РИЦ;764300;7671630986;3455393;2983910;9100496;ГП ЖЭУ № 1 Первом. р-на;"ГП ""ЖЭУ № 1 Первомайского района г. Минска""";01.01.1994;25.10.2000;Отмена записи прибытия-выбытия;;;0;1;0;;25.10.2000;Б****В;М****М;В********Ч;0;Женский;01.01.1994;;;;;;0;;;;;;;;;;;;;;;;;;;;;;;;;;;"; внук";;;;3319217;Б****В Г******Й П******Ч;;;;;;;;11;внук;1;Б****В Г******Й П******Ч;3506095;;;0;;;;;;;;;;;;;;;;;;;;;;1;0;
30.09.2026;MN7000;Минск РИЦ;764300;7671630986;3724834;3253264;9100496;ГП ЖЭУ № 1 Первом. р-на;"ГП ""ЖЭУ № 1 Первомайского района г. Минска""";25.06.2007;;Прибытие-выбытие;1;Регистрация по месту жительства;1;0;0;25.07.2007;;Б*К;К******А;;0;Женский;19.01.1998;;1;Республика Беларусь;;;0;;;;;1;паспорт РБ;паспорт гражданина Республики Беларусь;М*******0;24.07.2012;ПЕРВОМАЙСКИМ РУВД Г. МИНСКА;;;4************0;;;;;;;;;;;;;;"; внучка";;;;3319217;Б****В Г******Й П******Ч;;;;;;0;;12;внучка;1;;;;;0;0;1;;;;;;;;;;;;;0;0;0;0;0;3;3;1;0;
30.09.2026;MN7000;Минск РИЦ;764300;7671630986;3455237;2983754;9100496;ГП ЖЭУ № 1 Первом. р-на;"ГП ""ЖЭУ № 1 Первомайского района г. Минска""";30.08.1973;16.02.2000;Отмена записи прибытия-выбытия;;;0;1;0;30.08.1973;16.02.2000;Б*****А;К*****Я;П******А;0;Женский;01.01.1938;;;;;;0;;;;;;;;;;;;;;;;;;;;;;;;;;;"; супруга";;;;3319217;Б****В Г******Й П******Ч;;;;;;;;2;супруга;1;;;;;0;;;;;;;;;;;;;;;;;;;;;;1;0;
30.09.2026;MN7000;Минск РИЦ;764300;7671630986;3564790;3093302;9100496;ГП ЖЭУ № 1 Первом. р-на;"ГП ""ЖЭУ № 1 Первомайского района г. Минска""";01.01.1997;25.10.2000;Отмена записи прибытия-выбытия;;;0;1;0;;25.10.2000;Б****В;С*******В;В********Ч;1;Мужской;01.01.1997;;;;;;0;;;;;;;;;;;;;;;;;;;;;;;;;;;"; внук";;;;3319217;Б****В Г******Й П******Ч;;;;;;;;11;внук;1;Б****В Г******Й П******Ч;3506095;;;0;;;;;;;;;;;;;;;;;;;;;;1;0;
30.09.2026;MN7000;Минск РИЦ;764300;7671630986;3707723;3236153;9100496;ГП ЖЭУ № 1 Первом. р-на;"ГП ""ЖЭУ № 1 Первомайского района г. Минска""";22.09.1989;25.10.2000;Отмена записи прибытия-выбытия;;;0;1;0;22.09.1989;25.10.2000;Б****В;В*****Й;Г*********Ч;1;Мужской;01.01.1973;;;;;;0;;;;;;;;;;;;;;;;;;;;;;;;;;;"; сын";;;;3319217;Б****В Г******Й П******Ч;;;;;;;;5;сын;1;;;;;0;;;;;;;;;;;;;;;;;;;;;;1;0;
30.09.2026;MN7000;Минск РИЦ;1019839;7077941100;6500129;6070108;7003;"ГП ""ЖЭУ № 3 Московского района г. Минска""";"ГП ""ЖЭУ № 3 Московского района г. Минска""";14.10.2025;15.10.2025;Отмена записи прибытия-выбытия;;;0;1;0;;;Г****Н;В******Я;А***********А;0;Женский;22.01.1997;;1;Республика Беларусь;;;0;;ВНЕСЕН ОШИБОЧНО;;;30;идентификационная карта РБ;идентификационная карта гражданина Республики Беларусь;B********4;22.06.2022;Кировским РОВД Могилевской области;613;;4************5;;;;;;;;;;;;;;;;;;6070106;Г****Н М****М С******Ч;;;;;;;;2;супруга;1;;;;;0;;;;;;;;;;;;;;;;;;;;;;2;0;
30.09.2026;MN7000;Минск РИЦ;1019839;7077941100;6557788;6180678;7003;"ГП ""ЖЭУ № 3 Московского района г. Минска""";"ГП ""ЖЭУ № 3 Московского района г. Минска""";28.02.2026;30.09.2027;Прибытие-выбытие;3;Без регистрации;1;0;1;;;А*****Ц;И***Ь;С*******Ч;1;Мужской;18.09.2009;;1;Республика Беларусь;;;0;;;;;1;паспорт РБ;паспорт гражданина Республики Беларусь;;;;;;7************7;;;;;;;;;;;;;;;;;;6180677;Р*****Ч В******А Г*********А;;;;;;0;;5;сын;1;Р*****Ч В******А Г*********А;6557787;;;0;0;;;;;;;;;;;;;;0;0;2;0;0;1;3;2;0;
30.09.2026;MN7000;Минск РИЦ;1019839;7077941100;6308308;5791807;7003;"ГП ""ЖЭУ № 3 Московского района г. Минска""";"ГП ""ЖЭУ № 3 Московского района г. Минска""";;;;;;0;0;0;;;Р******А;И**А;Л********А;0;Женский;20.05.1975;;1;Республика Беларусь;;;0;;;;;1;паспорт РБ;паспорт гражданина Республики Беларусь;М*******0;30.08.2023;Солигорским РОВД Минской области;522;;4************2;;;;;;;;;;;;;;";собственник";;;;;;;;;;;;;;;;;;;;0;;;;;;;;;;;;;;;;;;;;;;2;0;
30.09.2026;MN7000;Минск РИЦ;1019839;7077941100;6205352;5791805;7003;"ГП ""ЖЭУ № 3 Московского района г. Минска""";"ГП ""ЖЭУ № 3 Московского района г. Минска""";;;;;;0;0;0;;;"""";У*С;"З****""";;-;;;;;;;0;;;;;1;паспорт РБ;паспорт гражданина Республики Беларусь;;;;;;;;;;;;;;;;;;;;;;;;;;;;;;;;;;;;;;;;0;;;;;;;;;;;;;;;;;;;;;;2;0;
30.09.2026;MN7000;Минск РИЦ;1019839;7077941100;6500128;6070106;7003;"ГП ""ЖЭУ № 3 Московского района г. Минска""";"ГП ""ЖЭУ № 3 Московского района г. Минска""";14.10.2025;15.10.2025;Отмена записи прибытия-выбытия;;;0;1;0;;;Г****Н;М****М;С******Ч;1;Мужской;12.05.1992;;1;Республика Беларусь;;;0;;ВНЕСЕН ОШИБОЧНО;;;30;идентификационная карта РБ;идентификационная карта гражданина Республики Беларусь;B*******9;01.01.2025;Гомельским РОВД Гомельской области;305;;3************7;;;;;;;;;;;;;;;;;;6070106;Г****Н М****М С******Ч;;;;;;;;;;0;;;;;0;;;;;;;;;;;;;;;;;;;;;;2;0;
30.09.2026;MN7000;Минск РИЦ;103501;7039700989;275772;275679;7004;"ГП ""ЖЭУ № 4 Московского района г. Минска""";"ГП ""ЖЭУ № 4 Московского района г.Минска""";05.05.2009;;Прибытие-выбытие;1;Регистрация по месту жительства;1;0;0;21.02.2011;;Р******Я;М****А;А***********А;0;Женский;23.03.2009;;1;Республика Беларусь;;;0;;;;;1;паспорт РБ;паспорт гражданина Республики Беларусь;М*******3;08.08.2023;Московским РУВД г.Минска;;истечение срока действия (обмен);6************2;;;;;;;;;;;;;;"; дочь";;;;314278;Р******Й А*******Р В**********Ч;;;;;;0;;6;дочь;1;Р******Й А*******Р В**********Ч;314371;;;0;0;;;;;;;;;;;;;;1;0;0;0;0;3;3;2;0;
30.09.2026;MN7000;Минск РИЦ;103501;7039700989;414897;414797;7004;"ГП ""ЖЭУ № 4 Московского района г. Минска""";"ГП ""ЖЭУ № 4 Московского района г.Минска""";25.03.1992;01.02.2003;Отмена записи прибытия-выбытия;;;0;1;0;25.03.1992;31.01.2003;З***Н;А**А;А******А;0;Женский;20.05.1952;;;;;;0;30.01.2003;;;;;;;;;;;;;;;;;;;;;;;;;;"; супруга";;;;;;;;;;;0;;2;супруга;1;;;;;0;0;;;;;;;;;;;;;;1;0;0;0;0;3;3;2;0;
30.09.2026;MN7000;Минск РИЦ;103501;7039700989;414896;414796;7004;"ГП ""ЖЭУ № 4 Московского района г. Минска""";"ГП ""ЖЭУ № 4 Московского района г.Минска""";25.03.1992;13.08.2003;Отмена записи прибытия-выбытия;;;0;1;0;25.03.1992;13.08.2003;З***Н;В****Р;Б*******Ч;1;Мужской;07.05.1953;;;;;;0;13.04.2003;;;;;;;;;;;;;;;;;;;;;;;;;;"; бывший наниматель";;;;;;;;;;;0;;;;0;;;;;0;0;;;;;;;;;;;;;;1;0;0;0;0;3;3;2;0;
30.09.2026;MN7000;Минск РИЦ;103501;7039700989;366510;366417;7004;"ГП ""ЖЭУ № 4 Московского района г. Минска""";"ГП ""ЖЭУ № 4 Московского района г.Минска""";24.01.2006;05.03.2010;Отмена записи прибытия-выбытия;;;0;1;0;24.01.2006;05.03.2010;Р******Й;Д*****Й;А***********Ч;1;Мужской;22.06.1987;;1;Республика Беларусь;;;0;;;;;1;паспорт РБ;паспорт гражданина Республики Беларусь;М*******7;18.12.2003;ЧЕРВЕНСКИМ РОВД МИН.ОБЛ.;;;3************3;;;;;;;;;;;;;;"; поднаниматель";;;;;;;;;;;;;;;0;;;;;0;;;;;;;;;;;;;;;;;;;;;;2;0;
30.09.2026;MN7000;Минск РИЦ;529172;7259131151;5962470;5361282;70002699;"ГП ""ЖЭУ № 4 Октябрьского района г. Минска"" (реорганизация ГП ЖЭУ № 3)";"ГП ""ЖЭУ № 4 Октябрьского района г. Минска"" (реорганизация ГП ЖЭУ № 3)";14.02.2022;31.08.2022;;;;0;1;0;;;С**Ь;А*******Я;В**********А;0;Женский;27.10.2000;;1;Республика Беларусь;;;0;;Дог. найма № 3-21/637 от 14.02.22, с 14.02.22 по 31.08.22;;;1;паспорт РБ;паспорт гражданина Республики Беларусь;;;;;;;;;;;;;;;;;;;;;;;;5361282;С**Ь А*******Я В**********А;;;;;;;;;;0;;;;;0;;;;;;;;;;;;;;;;;;;;;;1;0;
30.09.2026;MN7000;Минск РИЦ;529172;7259131151;6565300;6195447;70002699;"ГП ""ЖЭУ № 4 Октябрьского района г. Минска"" (реорганизация ГП ЖЭУ № 3)";"ГП ""ЖЭУ № 4 Октябрьского района г. Минска"" (реорганизация ГП ЖЭУ № 3)";16.03.2026;16.08.2026;;;;0;1;0;;;Н*******В;В******В;С*******Ч;1;Мужской;27.11.1986;;1;Республика Беларусь;;;0;;80336100069;;;1;паспорт РБ;паспорт гражданина Республики Беларусь;И*******1;28.12.2011;Оршанским ГОВД Витебской области;;;3*********1;;;;;;;;;;;;;;"; НАНИМАТЕЛЬ";;;;6195447;Н*******В В******В С*******Ч;;;;;;;;;;0;;;;;0;;;;;;;;;;;;;;;;;;;;;;1;0;
30.09.2026;MN7000;Минск РИЦ;529172;7259131151;2651133;2179515;70002699;"ГП ""ЖЭУ № 4 Октябрьского района г. Минска"" (реорганизация ГП ЖЭУ № 3)";"ГП ""ЖЭУ № 4 Октябрьского района г. Минска"" (реорганизация ГП ЖЭУ № 3)";13.09.2014;27.07.2016;Отмена записи прибытия-выбытия;;;0;1;0;;;К*****В;Е**Р;Д********Ч;1;Мужской;17.08.2014;;;;;;0;;;;;;;;;;;;;;;;;;;;;;;;;;;"; сын бывшего собственника";;;;;;;;;;;;;5;сын;0;К******А О***А И******А;2626688;;;0;;;;;;;;;;;;;;;;;;;;;;1;0;
30.09.2026;MN7000;Минск РИЦ;529172;7259131151;5605881;4950785;70002699;"ГП ""ЖЭУ № 4 Октябрьского района г. Минска"" (реорганизация ГП ЖЭУ № 3)";"ГП ""ЖЭУ № 4 Октябрьского района г. Минска"" (реорганизация ГП ЖЭУ № 3)";01.09.2019;01.09.2020;Отмена записи прибытия-выбытия;;;0;1;0;;;Г*****А;В*****А;М********А;0;Женский;24.09.1998;;1;Республика Беларусь;;;0;;д.н. № 823 от 20.08.2019 с 01.09.19 по 01.09.20 1 чел.  ;;;1;паспорт РБ;паспорт гражданина Республики Беларусь;;;;;;;;;;;;;;;;;;;;"; наниматель";;;;4950785;Г*****А В*****А М********А;;;;;;;;;;0;;;;;0;;;;;;;;;;;;;;;;;;;;;;1;0;
30.09.2026;MN7000;Минск РИЦ;529172;7259131151;5562092;4899574;70002699;"ГП ""ЖЭУ № 4 Октябрьского района г. Минска"" (реорганизация ГП ЖЭУ № 3)";"ГП ""ЖЭУ № 4 Октябрьского района г. Минска"" (реорганизация ГП ЖЭУ № 3)";01.06.2019;01.09.2019;Отмена записи прибытия-выбытия;;;0;1;0;;;К********О;Н*****Я;А*******А;0;Женский;26.07.2000;;1;Республика Беларусь;;;0;;д.н.№ 483 от.27.05.19 с 01.06.19 по 01.09.19 1 чел;;;1;паспорт РБ;паспорт гражданина Республики Беларусь;;;;;;;;;;;;;;;;;;;;"; наниматель";;;;4899574;К********О Н*****Я А*******А;;;;;;;;;;0;;;;;0;;;;;;;;;;;;;;;;;;;;;;1;0;
30.09.2026;MN7000;Минск РИЦ;529172;7259131151;5813850;5190191;70002699;"ГП ""ЖЭУ № 4 Октябрьского района г. Минска"" (реорганизация ГП ЖЭУ № 3)";"ГП ""ЖЭУ № 4 Октябрьского района г. Минска"" (реорганизация ГП ЖЭУ № 3)";01.02.2021;01.07.2021;Отмена записи прибытия-выбытия;;;0;1;0;;;О******А;А********А;А*******А;0;Женский;01.01.2001;;1;Республика Беларусь;;;0;;Дог. №3-21/629 от 01.02.2021 с 01.02.2021 по 01.07.2021;;;1;паспорт РБ;паспорт гражданина Республики Беларусь;;;;;;;;;;;;;;;;;;;;;;;;5190191;О******А А********А А*******А;;;;;;;;;;0;;;;;0;;;;;;;;;;;;;;;;;;;;;;1;0;
30.09.2026;MN7000;Минск РИЦ;529172;7259131151;2626688;2155167;70002699;"ГП ""ЖЭУ № 4 Октябрьского района г. Минска"" (реорганизация ГП ЖЭУ № 3)";"ГП ""ЖЭУ № 4 Октябрьского района г. Минска"" (реорганизация ГП ЖЭУ № 3)";01.03.2014;31.07.2016;Отмена записи прибытия-выбытия;;;0;1;0;10.11.2010;28.07.2016;К******А;О***А;И******А;0;Женский;05.05.1989;;1;Республика Беларусь;1;состоит в браке;0;;;;;1;паспорт РБ;паспорт гражданина Республики Беларусь;М*******6;25.09.2013;ОКТЯБРЬСКИЙ РУВД Г. МИНСКА;;;4************9;;;;;;;;;;;54384;ММК;ЗАВ.ОТД.;"; бывший собственник";;;;;;;;;;;;;;;0;;;;;0;;;;;;;;;;;;;;;;;;;;;;1;0;
30.09.2026;MN7000;Минск РИЦ;529172;7259131151;6060036;5478394;70002699;"ГП ""ЖЭУ № 4 Октябрьского района г. Минска"" (реорганизация ГП ЖЭУ № 3)";"ГП ""ЖЭУ № 4 Октябрьского района г. Минска"" (реорганизация ГП ЖЭУ № 3)";12.10.2022;12.10.2023;;;;0;1;0;;;К***Н;Т*****А;В********А;0;Женский;21.10.2000;;1;Республика Беларусь;;;0;;ком. 17 по д/н 3-21/6793 от 12.10.22 с 12.10.22 по 12.10.23;;;1;паспорт РБ;паспорт гражданина Республики Беларусь;;;;;;;;;;;;;;;;;;;;"; наниматель";;;;5478394;К***Н Т*****А В********А;;;;;;;;;;0;;;;;0;;;;;;;;;;;;;;;;;;;;;;1;0;
30.09.2026;MN7000;Минск РИЦ;529172;7259131151;6342677;5837650;70002699;"ГП ""ЖЭУ № 4 Октябрьского района г. Минска"" (реорганизация ГП ЖЭУ № 3)";"ГП ""ЖЭУ № 4 Октябрьского района г. Минска"" (реорганизация ГП ЖЭУ № 3)";10.09.2024;10.03.2025;Отмена записи прибытия-выбытия;;;0;1;0;;;С*****К;Д***Я;Н********А;;-;02.06.2005;;;;;;0;;;;;1;паспорт РБ;паспорт гражданина Республики Беларусь;;;;;;7************9;;;;;;;;;;;;;;;;;;5837650;С*****К Д***Я Н********А;;;;;;;;;;1;;;;;0;;;;;;;;;;;;;;;;;;;;;;1;0;
30.09.2026;MN7000;Минск РИЦ;529172;7259131151;6462292;6009926;70002699;"ГП ""ЖЭУ № 4 Октябрьского района г. Минска"" (реорганизация ГП ЖЭУ № 3)";"ГП ""ЖЭУ № 4 Октябрьского района г. Минска"" (реорганизация ГП ЖЭУ № 3)";11.07.2025;16.03.2026;;;;0;1;0;;;С*****Ц;Н****А;Ю*****Ч;1;Мужской;12.10.2005;;1;Республика Беларусь;;;0;;80447001175;;;1;паспорт РБ;паспорт гражданина Республики Беларусь;H*******7;15.06.2020;Мозырским РОВД Гомельской области;315;;7************4;;;;;;;;;;;;;;"; НАНИМАТЕЛЬ";;;;6009926;С*****Ц Н****А Ю*****Ч;;;;;;;;;;1;;;;;0;;;;;;;;;;;;;;;;;;;;;;1;0;
30.09.2026;MN7000;Минск РИЦ;529172;7259131151;6462299;6009936;70002699;"ГП ""ЖЭУ № 4 Октябрьского района г. Минска"" (реорганизация ГП ЖЭУ № 3)";"ГП ""ЖЭУ № 4 Октябрьского района г. Минска"" (реорганизация ГП ЖЭУ № 3)";11.07.2025;31.07.2026;;;;0;1;0;;;К******К;Е**Р;Д********Ч;1;Мужской;31.03.2006;;1;Республика Беларусь;;;0;;80447001175;;;1;паспорт РБ;паспорт гражданина Республики Беларусь;A*******8;31.03.2006;Пинским ГОВД Брестской области;118;;7************0;;;;;;;;;;;;;;"; НАНИМАТЕЛЬ";;;;6009936;К******К Е**Р Д********Ч;;;;;;;;;;1;;;;;0;;;;;;;;;;;;;;;;;;;;;;1;0;
30.09.2026;MN7000;Минск РИЦ;529172;7259131151;5780076;5151478;70002699;"ГП ""ЖЭУ № 4 Октябрьского района г. Минска"" (реорганизация ГП ЖЭУ № 3)";"ГП ""ЖЭУ № 4 Октябрьского района г. Минска"" (реорганизация ГП ЖЭУ № 3)";29.10.2020;01.10.2021;Отмена записи прибытия-выбытия;;;0;1;0;;;Г*****А;В*****А;М********А;0;Женский;24.09.1998;;1;Республика Беларусь;;;0;;д\н №3-21/906 от 29.10.20 с 29.10.20 по 29.10.21-1чел;;;1;паспорт РБ;паспорт гражданина Республики Беларусь;;;;;;;;;;;;;;;;;;;;;;;;5151478;Г*****А В*****А М********А;;;;;;;;;;0;;;;;0;;;;;;;;;;;;;;;;;;;;;;1;0;
30.09.2026;MN7000;Минск РИЦ;529172;7259131151;6342679;5837652;70002699;"ГП ""ЖЭУ № 4 Октябрьского района г. Минска"" (реорганизация ГП ЖЭУ № 3)";"ГП ""ЖЭУ № 4 Октябрьского района г. Минска"" (реорганизация ГП ЖЭУ № 3)";10.09.2024;10.03.2025;;;;0;1;0;;;Д****К;Н*****Я;Ю*****А;;-;23.12.2004;;;;;;0;;;;;1;паспорт РБ;паспорт гражданина Республики Беларусь;;;;;;7************8;;;;;;;;;;;;;;;;;;5837652;Д****К Н*****Я Ю*****А;;;;;;;;;;1;;;;;0;;;;;;;;;;;;;;;;;;;;;;1;0;
30.09.2026;MN7000;Минск РИЦ;978101;7076720027;5818367;5195254;7004;"ГП ""ЖЭУ № 4 Московского района г. Минска""";"ГП ""ЖЭУ № 4 Московского района г.Минска""";30.04.2013;;Прибытие-выбытие;1;Регистрация по месту жительства;1;0;0;;;П******О;Г****Н;М********Ч;1;Мужской;28.05.2012;;1;Республика Беларусь;;;0;;п-т не оформлял.;;;5;свидетельство о рождении РБ;cвидетельство о рождении – для граждан Республики Беларусь, не достигших четырнадцатилетнего возраста и не имеющих паспортов граждан Республики Беларусь;;;;;;;;;;;;;;;;;;;;;;;;5195250;П******О М****М В********Ч;;;;;;0;;5;сын;1;П******О М****М В********Ч;5818365;;;0;0;;;;;;;;;;;;;;1;0;0;0;0;2;2;1;0;
