"Код схемы";"Наименование схемы";"Код ЛС (ID ЛС)";"Код договора на услугу (ID Договора)";"Код услуги (ID Услуги)";"Наименование услуги";"Наименование услуги в извещении для дополнительных";"Код поставщика услуги";"Краткое наименование поставщика";"Полное наименование поставщика";"Код сортировки";"ID группы отчёта";"Дата начала действия услуги (Дата с)";"Дата окончания действия услуги (Дата по)";"Тариф";"Начислено (количество)";"Всего начислено";"Начислено";"Льгота";"Начислено пени";"Перерасчёт";"Взаимозачет по услуге";"Входящее сальдо без пени";"Входящее сальдо пени";"Исходящее сальдо пени";"Исходящее сальдо с пенями";"Субсидия (сумма субсидии)";"Код операции расчета (ID Расчёта)";"Фактическая дата выполнения расчета (Дата расчёта)";"Перерасчет по пене";"Взаимозачет пени";"Просроченная задолженность";"Кол-во периодов долга";"Распределённая оплата услуг в текущем опер. периоде";"Распределённая оплата пени в текущем опер. периоде"
"MN7000";"Минск РИЦ";"798773";"19110397";"1";"Техобслуживание";"";"9100541";"КУП ""Жилищное коммунальное хозяйство Советского района г. Минска""";"КУП ""Жилищное коммунальное хозяйство Советского района г. Минска""";"1";"";"01.12.2000";"01.01.2100";"0,2305";"29,9";"6,89";"6,89";"0";"0";"0";"0";"13,78";"0,12";"0,12";"13,78";"0";"13562098003";"03.10.2026 3:11:31";"";"";"";"0";"6,89";"0"
"MN7000";"Минск РИЦ";"800695";"19516136";"1";"Техобслуживание";"";"9100541";"КУП ""Жилищное коммунальное хозяйство Советского района г. Минска""";"КУП ""Жилищное коммунальное хозяйство Советского района г. Минска""";"1";"";"01.11.2005";"01.01.2100";"0,2305";"62,9";"14,5";"14,5";"0";"0";"0";"0";"14,5";"0,2";"0,2";"28,98";"0";"13565851869";"03.10.2026 9:05:19";"";"";"";"0";"0,02";"0"
"MN7000";"Минск РИЦ";"365553";"43699264";"1";"Техобслуживание";"";"264";"КУП ""Жилищное коммунальное хозяйство Заводского района г.Минска""";"КУП ""Жилищное коммунальное хозяйство Заводского района г.Минска""";"1";"";"21.11.2025";"01.01.2100";"0,2305";"56,5";"13,02";"13,02";"0";"0";"0";"0";"13,14";"0,87";"0,87";"26,16";"0";"13563976002";"03.10.2026 6:36:14";"";"";"";"0";"0";"0"
"MN7000";"Минск РИЦ";"785464";"19179977";"1";"Техобслуживание";"";"9100541";"КУП ""Жилищное коммунальное хозяйство Советского района г. Минска""";"КУП ""Жилищное коммунальное хозяйство Советского района г. Минска""";"1";"";"01.12.2001";"01.01.2100";"0,2305";"49,75";"11,47";"11,47";"0";"0";"0";"0";"561,98";"2261,35";"2261,35";"573,45";"0";"13565806676";"03.10.2026 9:05:19";"";"";"";"103";"0";"0"
"MN7000";"Минск РИЦ";"1021340";"42966535";"1";"Техобслуживание";"";"286";"КУП ""Жилищное коммунальное хозяйство №2 Фрунзенского района г.Минска""";"КУП ""Жилищное коммунальное хозяйство №2 Фрунзенского района г.Минска""";"1";"";"01.07.2025";"01.01.2100";"0,2305";"31,45";"7,25";"7,25";"0";"0";"0";"0";"67,95";"29,69";"29,69";"75,2";"0";"13550720368";"01.10.2026 2:53:14";"";"";"";"9";"0";"0"
"MN7000";"Минск РИЦ";"232534";"42962092";"1";"Техобслуживание";"";"286";"КУП ""Жилищное коммунальное хозяйство №2 Фрунзенского района г.Минска""";"КУП ""Жилищное коммунальное хозяйство №2 Фрунзенского района г.Минска""";"1";"";"01.07.2025";"01.01.2100";"0,2305";"0";"0";"0";"0";"0";"0";"0";"0";"0";"0";"0";"0";"13550716061";"01.10.2026 2:53:14";"";"";"";"0";"0";"0"
"MN7000";"Минск РИЦ";"207130";"43251847";"1";"Техобслуживание";"";"286";"КУП ""Жилищное коммунальное хозяйство №2 Фрунзенского района г.Минска""";"КУП ""Жилищное коммунальное хозяйство №2 Фрунзенского района г.Минска""";"1";"";"01.07.2025";"01.01.2100";"0,2305";"49,4";"11,39";"11,39";"0";"1,19";"0";"0";"22,78";"1";"2,19";"34,17";"0";"13552866375";"01.10.2026 5:50:15";"";"";"";"0";"0";"0"
"MN7000";"Минск РИЦ";"490418";"24265722";"1";"Техобслуживание";"";"9100198";"КУП ""Жилищное коммунальное хозяйство Ленинского района г. Минска""";"КУП ""Жилищное коммунальное хозяйство Ленинского района г. Минска""";"1";"";"01.05.2017";"01.01.2100";"0,2305";"67,39";"15,53";"15,53";"0";"0";"0";"0";"15,53";"0";"0";"31,06";"0";"13571354329";"03.10.2026 18:45:33";"";"";"";"0";"0";"0"
"MN7000";"Минск РИЦ";"1035981";"42672445";"1";"Техобслуживание";"";"264";"КУП ""Жилищное коммунальное хозяйство Заводского района г.Минска""";"КУП ""Жилищное коммунальное хозяйство Заводского района г.Минска""";"1";"";"01.05.2025";"01.01.2100";"0,2305";"14,6";"3,37";"3,37";"0";"0";"0";"0";"3,37";"0,04";"0,04";"6,74";"0";"13564382356";"03.10.2026 6:56:22";"";"";"";"0";"0";"0"
"MN7000";"Минск РИЦ";"363885";"43699236";"1";"Техобслуживание";"";"264";"КУП ""Жилищное коммунальное хозяйство Заводского района г.Минска""";"КУП ""Жилищное коммунальное хозяйство Заводского района г.Минска""";"1";"";"21.11.2025";"01.01.2100";"0,2305";"57,2";"13,18";"13,18";"0";"0";"0";"0";"13,18";"0,16";"0,16";"26,36";"0";"13563975975";"03.10.2026 6:36:14";"";"";"";"0";"0";"0"
"MN7000";"Минск РИЦ";"1019451";"40465799";"1";"Техобслуживание";"";"270";"КУП ""Жилищное коммунальное хозяйство №1 Московского района г.Минска""";"КУП ""Жилищное коммунальное хозяйство №1 Московского района г.Минска""";"1";"";"01.06.2024";"01.01.2100";"0,2305";"63,2";"14,57";"14,57";"0";"0";"-14,57";"0";"0";"0";"0";"0";"0";"13561688542";"03.10.2026 1:18:56";"";"";"";"0";"0";"0"
"MN7000";"Минск РИЦ";"784573";"19535209";"1";"Техобслуживание";"";"9100541";"КУП ""Жилищное коммунальное хозяйство Советского района г. Минска""";"КУП ""Жилищное коммунальное хозяйство Советского района г. Минска""";"1";"";"01.12.2000";"01.01.2100";"0,2305";"32,5";"7,49";"7,49";"0";"0";"0";"0";"22,47";"2,68";"0,83";"14,98";"0";"13565854429";"03.10.2026 9:05:19";"";"";"";"0";"14,98";"1,85"
"MN7000";"Минск РИЦ";"467895";"24262719";"1";"Техобслуживание";"";"9100198";"КУП ""Жилищное коммунальное хозяйство Ленинского района г. Минска""";"КУП ""Жилищное коммунальное хозяйство Ленинского района г. Минска""";"1";"";"01.05.2017";"01.01.2100";"0,2305";"67,6";"15,58";"15,58";"0";"0";"0";"0";"31,16";"0,75";"0,47";"31,16";"0";"13571351468";"03.10.2026 18:45:33";"";"";"";"0";"15,58";"0,28"
"MN7000";"Минск РИЦ";"767954";"19708949";"1";"Техобслуживание";"";"9100541";"КУП ""Жилищное коммунальное хозяйство Советского района г. Минска""";"КУП ""Жилищное коммунальное хозяйство Советского района г. Минска""";"1";"";"01.12.2001";"01.01.2100";"0,2305";"32,9";"7,58";"7,58";"0";"0";"0";"0";"15,16";"0,15";"0,15";"22,73";"0";"13565878135";"03.10.2026 9:05:19";"";"";"";"0";"0,01";"0"
"MN7000";"Минск РИЦ";"111810";"1244302";"1";"Техобслуживание";"";"270";"КУП ""Жилищное коммунальное хозяйство №1 Московского района г.Минска""";"КУП ""Жилищное коммунальное хозяйство №1 Московского района г.Минска""";"1";"";"01.04.2010";"01.01.2100";"0,2305";"37,8";"8,71";"8,71";"0";"0";"0";"0";"18,54";"1,96";"1,96";"15,71";"0";"13568599250";"03.10.2026 12:46:45";"";"";"";"0";"11,54";"0"
"MN7000";"Минск РИЦ";"192685";"304620";"1";"Техобслуживание";"";"270";"КУП ""Жилищное коммунальное хозяйство №1 Московского района г.Минска""";"КУП ""Жилищное коммунальное хозяйство №1 Московского района г.Минска""";"1";"";"01.10.2014";"01.01.2100";"0,20745";"41,89";"8,69";"8,69";"0";"0";"0";"0";"22,71";"1,75";"1,75";"16,07";"0";"13561448580";"03.10.2026 1:18:56";"";"";"";"0";"15,33";"0"
"MN7000";"Минск РИЦ";"814107";"20023672";"1";"Техобслуживание";"";"9100541";"КУП ""Жилищное коммунальное хозяйство Советского района г. Минска""";"КУП ""Жилищное коммунальное хозяйство Советского района г. Минска""";"1";"";"01.12.2000";"01.01.2100";"0,2305";"52,5";"12,1";"12,1";"0";"0";"0";"0";"24,2";"0,22";"0,22";"24,2";"0";"13562187021";"03.10.2026 3:11:31";"";"";"";"0";"12,1";"0"
"MN7000";"Минск РИЦ";"815517";"19353056";"1";"Техобслуживание";"";"9100541";"КУП ""Жилищное коммунальное хозяйство Советского района г. Минска""";"КУП ""Жилищное коммунальное хозяйство Советского района г. Минска""";"1";"";"01.03.2012";"01.01.2100";"0,2305";"42,4";"9,77";"9,77";"0";"0";"0";"0";"19,54";"0,22";"0,19";"19,54";"0";"13562121955";"03.10.2026 3:11:31";"";"";"";"0";"9,77";"0,03"
"MN7000";"Минск РИЦ";"1029793";"42391719";"1";"Техобслуживание";"";"70002338";"ТС ""Фарфоровый-1""";"ТС ""Фарфоровый-1""";"1";"";"01.02.2025";"01.01.2100";"0,2305";"98,9";"22,8";"22,8";"0";"0";"0";"0";"45,6";"0,55";"0,41";"45,6";"0";"13525097714";"25.09.2026 18:13:11";"";"";"";"0";"22,8";"0,14"
"MN7000";"Минск РИЦ";"988012";"36921384";"1";"Техобслуживание";"";"9100365";"КУП «Минские городские общежития»";"КУП «Минские городские общежития»";"1";"";"11.11.2021";"01.01.2100";"0,2305";"6,27";"1,45";"1,45";"0";"0";"0";"0";"2,9";"0,09";"0,09";"2,84";"0";"13560532740";"02.10.2026 17:07:24";"";"";"";"0";"1,51";"0"
"MN7000";"Минск РИЦ";"1056919";"43933276";"1";"Техобслуживание";"";"270";"КУП ""Жилищное коммунальное хозяйство №1 Московского района г.Минска""";"КУП ""Жилищное коммунальное хозяйство №1 Московского района г.Минска""";"1";"";"27.01.2026";"01.01.2100";"0,2305";"91,1";"21";"21";"0";"0";"0";"0";"21";"0";"0";"23,41";"0";"13561732107";"03.10.2026 1:18:56";"";"";"";"0";"18,59";"0"
"MN7000";"Минск РИЦ";"1029291";"42383316";"1";"Техобслуживание";"";"270";"КУП ""Жилищное коммунальное хозяйство №1 Московского района г.Минска""";"КУП ""Жилищное коммунальное хозяйство №1 Московского района г.Минска""";"1";"";"01.02.2025";"01.01.2100";"0,2305";"0";"0";"0";"0";"0";"0";"0";"0";"0";"0";"0";"0";"13569067688";"03.10.2026 12:46:45";"";"";"";"0";"0";"0"
"MN7000";"Минск РИЦ";"811865";"19273578";"1";"Техобслуживание";"";"9100541";"КУП ""Жилищное коммунальное хозяйство Советского района г. Минска""";"КУП ""Жилищное коммунальное хозяйство Советского района г. Минска""";"1";"";"01.12.2010";"01.01.2100";"0,2305";"0";"0";"0";"0";"0";"0";"0";"0";"0";"0";"0";"0";"13565819383";"03.10.2026 9:05:19";"";"";"";"0";"0";"0"
"MN7000";"Минск РИЦ";"1011281";"39107024";"1";"Техобслуживание";"";"270";"КУП ""Жилищное коммунальное хозяйство №1 Московского района г.Минска""";"КУП ""Жилищное коммунальное хозяйство №1 Московского района г.Минска""";"1";"";"18.10.2023";"01.01.2100";"0,2305";"83,2";"19,18";"19,18";"0";"0";"0";"0";"19,18";"1,15";"1,15";"38,36";"0";"13561678421";"03.10.2026 1:18:56";"";"";"";"0";"0";"0"
"MN7000";"Минск РИЦ";"122560";"1479665";"1";"Техобслуживание";"";"270";"КУП ""Жилищное коммунальное хозяйство №1 Московского района г.Минска""";"КУП ""Жилищное коммунальное хозяйство №1 Московского района г.Минска""";"1";"";"01.07.2012";"01.01.2100";"0,16135";"49,7";"8,02";"8,02";"0";"0";"0";"0";"8,02";"0";"0";"16,04";"0";"13561512321";"03.10.2026 1:18:56";"";"";"";"3";"0";"0"
"MN7000";"Минск РИЦ";"178947";"1023264";"1";"Техобслуживание";"";"270";"КУП ""Жилищное коммунальное хозяйство №1 Московского района г.Минска""";"КУП ""Жилищное коммунальное хозяйство №1 Московского района г.Минска""";"1";"";"01.01.2001";"01.01.2100";"0,2305";"34,27";"7,9";"7,9";"0";"0";"0";"0";"8,87";"3,16";"3,16";"16,77";"0";"13568575815";"03.10.2026 12:46:45";"";"";"";"0";"0";"0"
"MN7000";"Минск РИЦ";"785382";"20090299";"1";"Техобслуживание";"";"9100541";"КУП ""Жилищное коммунальное хозяйство Советского района г. Минска""";"КУП ""Жилищное коммунальное хозяйство Советского района г. Минска""";"1";"";"01.12.2000";"01.01.2100";"0,2305";"51,24";"11,81";"11,81";"0";"0";"0";"0";"11,81";"0,24";"0,24";"23,62";"0";"13565929072";"03.10.2026 9:05:19";"";"";"";"0";"0";"0"
"MN7000";"Минск РИЦ";"804080";"19775773";"1";"Техобслуживание";"";"9100541";"КУП ""Жилищное коммунальное хозяйство Советского района г. Минска""";"КУП ""Жилищное коммунальное хозяйство Советского района г. Минска""";"1";"";"01.12.2000";"01.01.2100";"0,2305";"29,2";"6,73";"6,73";"0";"0";"0";"0";"6,73";"0";"0";"13,46";"0";"13562163688";"03.10.2026 3:11:31";"";"";"";"0";"0";"0"
"MN7000";"Минск РИЦ";"580913";"37961653";"1";"Техобслуживание";"";"70002183";"ТС жилого дома 67 корпус 1 по ул.Захарова";"ТС жилого дома 67 корпус 1 по ул.Захарова";"1";"";"01.02.2023";"01.01.2100";"0,2305";"106,9";"24,64";"24,64";"0";"0";"0";"0";"24,64";"1,4";"1,4";"49,28";"0";"13560541129";"02.10.2026 16:51:10";"";"";"";"0";"0";"0"
"MN7000";"Минск РИЦ";"764300";"17245743";"1";"Техобслуживание";"";"9100436";"КУП ""ЖКХ Первомайского района г. Минска""";"КУП ""ЖКХ Первомайского района г. Минска""";"1";"";"01.01.2001";"01.01.2100";"0,2305";"44,1";"10,17";"10,17";"0";"0";"0";"0";"20,34";"0,18";"0,18";"30,51";"0";"13549330026";"30.09.2026 23:08:56";"";"";"";"0";"0";"0"
"MN7000";"Минск РИЦ";"496968";"24261847";"1";"Техобслуживание";"";"9100198";"КУП ""Жилищное коммунальное хозяйство Ленинского района г. Минска""";"КУП ""Жилищное коммунальное хозяйство Ленинского района г. Минска""";"1";"";"01.05.2017";"01.01.2100";"0,2305";"46,5";"10,72";"10,72";"0";"0";"0";"0";"10,72";"0,01";"0,01";"21,44";"0";"13571350630";"03.10.2026 18:45:33";"";"";"";"0";"0";"0"
"MN7000";"Минск РИЦ";"103501";"399459";"1";"Техобслуживание";"";"270";"КУП ""Жилищное коммунальное хозяйство №1 Московского района г.Минска""";"КУП ""Жилищное коммунальное хозяйство №1 Московского района г.Минска""";"1";"";"01.05.2016";"01.01.2100";"0,2305";"63,5";"14,64";"14,64";"0";"0";"0";"0";"14,64";"0";"0";"29,28";"0";"13567976477";"03.10.2026 12:46:45";"";"";"";"0";"0";"0"
"MN7000";"Минск РИЦ";"490081";"24271477";"1";"Техобслуживание";"";"9100198";"КУП ""Жилищное коммунальное хозяйство Ленинского района г. Минска""";"КУП ""Жилищное коммунальное хозяйство Ленинского района г. Минска""";"1";"";"01.05.2017";"01.01.2100";"0,2305";"49,15";"11,33";"11,33";"0";"0";"0";"0";"11,33";"0,68";"0,68";"22,66";"0";"13571359829";"03.10.2026 18:45:33";"";"";"";"14";"0";"0"
"MN7000";"Минск РИЦ";"782156";"19787260";"1";"Техобслуживание";"";"9100541";"КУП ""Жилищное коммунальное хозяйство Советского района г. Минска""";"КУП ""Жилищное коммунальное хозяйство Советского района г. Минска""";"1";"";"01.12.2000";"01.01.2100";"0,2305";"53,3";"12,29";"12,29";"0";"0";"0";"0";"12,29";"0,07";"0,07";"24,58";"0";"13565888547";"03.10.2026 9:05:19";"";"";"";"0";"0";"0"
"MN7000";"Минск РИЦ";"139085";"2380820";"1";"Техобслуживание";"";"270";"КУП ""Жилищное коммунальное хозяйство №1 Московского района г.Минска""";"КУП ""Жилищное коммунальное хозяйство №1 Московского района г.Минска""";"1";"";"20.08.2015";"01.01.2100";"0,2305";"76,1";"17,54";"17,54";"0";"0";"0";"0";"17,54";"0,17";"0,17";"35,08";"0";"13568724876";"03.10.2026 12:46:45";"";"";"";"0";"0";"0"
"MN7000";"Минск РИЦ";"1019839";"40603970";"1";"Техобслуживание";"";"270";"КУП ""Жилищное коммунальное хозяйство №1 Московского района г.Минска""";"КУП ""Жилищное коммунальное хозяйство №1 Московского района г.Минска""";"1";"";"01.07.2024";"01.01.2100";"0,2305";"65";"14,98";"14,98";"0";"0";"0";"0";"32,12";"1,7";"1,7";"28,27";"0";"13561697983";"03.10.2026 1:18:56";"";"";"";"0";"18,83";"0"
"MN7000";"Минск РИЦ";"1007147";"38815226";"1";"Техобслуживание";"";"70002338";"ТС ""Фарфоровый-1""";"ТС ""Фарфоровый-1""";"1";"";"21.06.2023";"01.01.2100";"0,2305";"93,1";"21,46";"21,46";"0";"0";"0";"0";"21,46";"0";"0";"42,92";"0";"13524846396";"25.09.2026 18:13:11";"";"";"";"0";"0";"0"
"MN7000";"Минск РИЦ";"195882";"911015";"1";"Техобслуживание";"";"270";"КУП ""Жилищное коммунальное хозяйство №1 Московского района г.Минска""";"КУП ""Жилищное коммунальное хозяйство №1 Московского района г.Минска""";"1";"";"01.01.2001";"01.01.2100";"0,2305";"44,11";"10,17";"10,17";"0";"0";"0";"0";"24,99";"1,34";"1,34";"35,16";"0";"13561480213";"03.10.2026 1:18:56";"";"";"";"0";"0";"0"
"MN7000";"Минск РИЦ";"730750";"17120755";"1";"Техобслуживание";"";"9100436";"КУП ""ЖКХ Первомайского района г. Минска""";"КУП ""ЖКХ Первомайского района г. Минска""";"1";"";"01.01.2001";"01.01.2100";"0,2305";"84,3";"19,43";"19,43";"0";"0";"0";"0";"19,43";"0";"0";"38,86";"0";"13549323404";"30.09.2026 23:08:56";"";"";"";"7";"0";"0"
"MN7000";"Минск РИЦ";"183962";"531566";"1";"Техобслуживание";"";"270";"КУП ""Жилищное коммунальное хозяйство №1 Московского района г.Минска""";"КУП ""Жилищное коммунальное хозяйство №1 Московского района г.Минска""";"1";"";"01.01.2001";"01.01.2100";"0,2305";"42,97";"9,9";"9,9";"0";"0";"0";"0";"17,82";"0,82";"0,21";"19,63";"0";"13561460351";"03.10.2026 1:18:56";"";"";"";"0";"8,09";"0,61"
"MN7000";"Минск РИЦ";"811665";"19559364";"1";"Техобслуживание";"";"9100541";"КУП ""Жилищное коммунальное хозяйство Советского района г. Минска""";"КУП ""Жилищное коммунальное хозяйство Советского района г. Минска""";"1";"";"01.12.2000";"01.01.2100";"0,2305";"0";"0";"0";"0";"0";"0";"0";"0";"0";"0";"0";"0";"13565857800";"03.10.2026 9:05:19";"";"";"";"0";"0";"0"
"MN7000";"Минск РИЦ";"730856";"16874147";"1";"Техобслуживание";"";"9100436";"КУП ""ЖКХ Первомайского района г. Минска""";"КУП ""ЖКХ Первомайского района г. Минска""";"1";"";"01.01.2001";"01.01.2100";"0,2305";"46,8";"10,79";"10,79";"0";"0";"0";"0";"10,79";"0,81";"0,81";"21,58";"0";"13549311242";"30.09.2026 23:08:56";"";"";"";"0";"0";"0"
"MN7000";"Минск РИЦ";"110634";"553191";"1";"Техобслуживание";"";"270";"КУП ""Жилищное коммунальное хозяйство №1 Московского района г.Минска""";"КУП ""Жилищное коммунальное хозяйство №1 Московского района г.Минска""";"1";"";"01.01.2015";"01.01.2100";"0,2305";"76,3";"17,59";"17,59";"0";"0";"0";"0";"17,59";"0";"0";"35,18";"0";"13568516340";"03.10.2026 12:46:45";"";"";"";"0";"0";"0"
"MN7000";"Минск РИЦ";"715445";"17061940";"1";"Техобслуживание";"";"9100436";"КУП ""ЖКХ Первомайского района г. Минска""";"КУП ""ЖКХ Первомайского района г. Минска""";"1";"";"01.09.2008";"01.01.2100";"0,2305";"53,9";"12,42";"12,42";"0";"0";"0";"0";"12,42";"0,01";"0,01";"24,84";"0";"13549321402";"30.09.2026 23:08:56";"";"";"";"0";"0";"0"
"MN7000";"Минск РИЦ";"1022086";"41310682";"1";"Техобслуживание";"";"9100198";"КУП ""Жилищное коммунальное хозяйство Ленинского района г. Минска""";"КУП ""Жилищное коммунальное хозяйство Ленинского района г. Минска""";"1";"";"01.09.2024";"01.01.2100";"0,2305";"8,3";"1,91";"1,91";"0";"0";"0";"0";"1,91";"0";"0";"3,82";"0";"13571624932";"03.10.2026 18:45:33";"";"";"";"0";"0";"0"
"MN7000";"Минск РИЦ";"161306";"297238";"1";"Техобслуживание";"";"270";"КУП ""Жилищное коммунальное хозяйство №1 Московского района г.Минска""";"КУП ""Жилищное коммунальное хозяйство №1 Московского района г.Минска""";"1";"";"01.02.2003";"01.01.2100";"0,2305";"48,4";"11,16";"11,16";"0";"0";"0";"0";"17,88";"0,85";"0,85";"13,58";"0";"13561447563";"03.10.2026 1:18:56";"";"";"";"0";"15,46";"0"
"MN7000";"Минск РИЦ";"547226";"24483473";"1";"Техобслуживание";"";"9100330";"КУП ""Жилищное коммунальное хозяйство Октябрьского района г. Минска""";"КУП ""Жилищное коммунальное хозяйство Октябрьского района г. Минска""";"1";"";"01.05.2017";"01.01.2100";"0,2305";"48,91";"11,27";"11,27";"0";"0";"0";"0";"11,27";"0,13";"0,13";"22,5";"0";"13571898065";"04.10.2026 21:26:31";"";"";"";"0";"0,04";"0"
"MN7000";"Минск РИЦ";"978101";"32989085";"1";"Техобслуживание";"";"270";"КУП ""Жилищное коммунальное хозяйство №1 Московского района г.Минска""";"КУП ""Жилищное коммунальное хозяйство №1 Московского района г.Минска""";"1";"";"01.02.2021";"01.01.2100";"0,2305";"19,2";"4,43";"4,43";"0";"0";"0";"0";"4,43";"0";"0";"8,86";"0";"13568834753";"03.10.2026 12:46:45";"";"";"";"0";"0";"0"
"MN7000";"Минск РИЦ";"512933";"24267407";"1";"Техобслуживание";"";"9100198";"КУП ""Жилищное коммунальное хозяйство Ленинского района г. Минска""";"КУП ""Жилищное коммунальное хозяйство Ленинского района г. Минска""";"1";"";"01.05.2017";"01.01.2100";"0,2305";"33";"7,61";"7,61";"0";"0";"0";"0";"7,62";"0,12";"0,12";"15,23";"0";"13571355942";"03.10.2026 18:45:33";"";"";"";"3";"0";"0"
"MN7000";"Минск РИЦ";"1021731";"41337135";"1";"Техобслуживание";"";"270";"КУП ""Жилищное коммунальное хозяйство №1 Московского района г.Минска""";"КУП ""Жилищное коммунальное хозяйство №1 Московского района г.Минска""";"1";"";"01.09.2024";"01.01.2100";"0,2305";"89,5";"20,63";"20,63";"0";"0";"0";"0";"20,63";"0";"0";"41,26";"0";"13561701458";"03.10.2026 1:18:56";"";"";"";"0";"0";"0"
"MN7000";"Минск РИЦ";"1044522";"43517753";"1";"Техобслуживание";"";"9100365";"КУП «Минские городские общежития»";"КУП «Минские городские общежития»";"1";"";"02.09.2025";"01.01.2100";"0,2305";"0";"0";"0";"0";"0";"0";"0";"0";"0";"0";"0";"0";"13560584461";"02.10.2026 17:07:24";"";"";"";"0";"0";"0"
"MN7000";"Минск РИЦ";"363561";"34389961";"1";"Техобслуживание";"";"9100231";"ТС жилого дома №5Б по ул.Голодеда";"ТС жилого дома №5Б по ул.Голодеда";"1";"";"01.08.2021";"01.01.2100";"0,2305";"60,8";"14,01";"14,01";"0";"0";"0";"0";"14,01";"0";"0";"28,02";"0";"13560604686";"02.10.2026 17:19:25";"";"";"";"0";"0";"0"
"MN7000";"Минск РИЦ";"490253";"24262610";"1";"Техобслуживание";"";"9100198";"КУП ""Жилищное коммунальное хозяйство Ленинского района г. Минска""";"КУП ""Жилищное коммунальное хозяйство Ленинского района г. Минска""";"1";"";"01.05.2017";"01.01.2100";"0,2305";"67,7";"15,6";"15,6";"0";"0";"0";"0";"31,2";"1,31";"1,31";"31,11";"0";"13571351362";"03.10.2026 18:45:33";"";"";"";"0";"15,69";"0"
"MN7000";"Минск РИЦ";"955409";"31301435";"1";"Техобслуживание";"";"9100541";"КУП ""Жилищное коммунальное хозяйство Советского района г. Минска""";"КУП ""Жилищное коммунальное хозяйство Советского района г. Минска""";"1";"";"01.09.2019";"01.01.2100";"0,2305";"23,9";"5,51";"5,51";"0";"0";"0";"0";"22,24";"3,42";"3,42";"23,59";"0";"13566015094";"03.10.2026 9:05:19";"";"";"";"3";"4,16";"0"
"MN7000";"Минск РИЦ";"745760";"17737497";"1";"Техобслуживание";"";"9100436";"КУП ""ЖКХ Первомайского района г. Минска""";"КУП ""ЖКХ Первомайского района г. Минска""";"1";"";"01.06.2014";"01.01.2100";"0,2305";"27,24";"6,28";"6,28";"0";"0";"0";"0";"18,84";"0,93";"0,93";"12,28";"0";"13549354219";"30.09.2026 23:08:56";"";"";"";"0";"12,84";"0"
"MN7000";"Минск РИЦ";"823237";"20010968";"1";"Техобслуживание";"";"9100541";"КУП ""Жилищное коммунальное хозяйство Советского района г. Минска""";"КУП ""Жилищное коммунальное хозяйство Советского района г. Минска""";"1";"";"01.01.2005";"01.01.2100";"0,2305";"51,3";"11,82";"11,82";"0";"0";"0";"0";"11,82";"0,07";"0,07";"23,64";"0";"13565918690";"03.10.2026 9:05:19";"";"";"";"0";"0";"0"
"MN7000";"Минск РИЦ";"986395";"36703142";"1";"Техобслуживание";"";"9100365";"КУП «Минские городские общежития»";"КУП «Минские городские общежития»";"1";"";"01.09.2021";"01.01.2100";"0,2305";"23";"5,3";"5,3";"0";"0";"0";"0";"5,3";"0";"0";"10,6";"0";"13564852373";"03.10.2026 8:35:39";"";"";"";"0";"0";"0"
"MN7000";"Минск РИЦ";"382652";"25861887";"1";"Техобслуживание";"";"264";"КУП ""Жилищное коммунальное хозяйство Заводского района г.Минска""";"КУП ""Жилищное коммунальное хозяйство Заводского района г.Минска""";"1";"";"01.08.2017";"01.01.2100";"0,2305";"29,05";"6,7";"6,7";"0";"0";"0";"0";"11,16";"3,87";"3,87";"17,86";"0";"13564179530";"03.10.2026 6:56:22";"";"";"";"0";"0";"0"
"MN7000";"Минск РИЦ";"1008768";"43985461";"1";"Техобслуживание";"";"70003423";"УП ""Ремавтодор Заводского района г.Минска""";"УП ""Ремавтодор Заводского района г.Минска""";"1";"";"01.02.2026";"01.01.2100";"0,2305";"17,8";"4,1";"4,1";"0";"0";"0";"0";"4,1";"0,28";"0,28";"8,2";"0";"13560634612";"02.10.2026 17:19:25";"";"";"";"0";"0";"0"
"MN7000";"Минск РИЦ";"231798";"42969305";"1";"Техобслуживание";"";"286";"КУП ""Жилищное коммунальное хозяйство №2 Фрунзенского района г.Минска""";"КУП ""Жилищное коммунальное хозяйство №2 Фрунзенского района г.Минска""";"1";"";"01.07.2025";"01.01.2100";"0,2305";"52,03";"11,99";"11,99";"0";"0";"0";"0";"11,99";"0,04";"0,04";"23,98";"0";"13550723054";"01.10.2026 2:53:14";"";"";"";"0";"0";"0"
"MN7000";"Минск РИЦ";"441130";"25800621";"1";"Техобслуживание";"";"264";"КУП ""Жилищное коммунальное хозяйство Заводского района г.Минска""";"КУП ""Жилищное коммунальное хозяйство Заводского района г.Минска""";"1";"";"01.08.2017";"01.01.2100";"0,2305";"35,7";"8,23";"8,23";"0";"0";"0";"0";"8,23";"0,07";"0,07";"16,46";"0";"13563746166";"03.10.2026 6:36:14";"";"";"";"0";"0";"0"
"MN7000";"Минск РИЦ";"547410";"24491372";"1";"Техобслуживание";"";"9100330";"КУП ""Жилищное коммунальное хозяйство Октябрьского района г. Минска""";"КУП ""Жилищное коммунальное хозяйство Октябрьского района г. Минска""";"1";"";"01.05.2017";"01.01.2100";"0,2305";"59,1";"13,62";"13,62";"0";"0";"0";"0";"393,58";"1132,99";"1132,99";"407,2";"0";"13571901588";"04.10.2026 21:26:31";"";"";"";"91";"0";"0"
"MN7000";"Минск РИЦ";"1018761";"39548377";"1";"Техобслуживание";"";"9100330";"КУП ""Жилищное коммунальное хозяйство Октябрьского района г. Минска""";"КУП ""Жилищное коммунальное хозяйство Октябрьского района г. Минска""";"1";"";"01.05.2024";"01.01.2100";"0,2305";"15,56";"3,59";"3,59";"0";"0";"0";"0";"3,59";"0";"0";"7,18";"0";"13572001117";"04.10.2026 21:26:31";"";"";"";"0";"0";"0"
"MN7000";"Минск РИЦ";"524245";"24486854";"1";"Техобслуживание";"";"9100330";"КУП ""Жилищное коммунальное хозяйство Октябрьского района г. Минска""";"КУП ""Жилищное коммунальное хозяйство Октябрьского района г. Минска""";"1";"";"01.05.2017";"01.01.2100";"0,2305";"62,68";"14,45";"14,45";"0";"0";"0";"0";"21,8";"0";"0";"36,25";"0";"13571899421";"04.10.2026 21:26:31";"";"";"";"0";"0";"0"
"MN7000";"Минск РИЦ";"952529";"31090818";"1";"Техобслуживание";"";"9100198";"КУП ""Жилищное коммунальное хозяйство Ленинского района г. Минска""";"КУП ""Жилищное коммунальное хозяйство Ленинского района г. Минска""";"1";"";"01.07.2019";"01.01.2100";"0,2305";"22,54";"5,2";"5,2";"0";"0";"0";"0";"81,93";"758,84";"758,84";"87,13";"0";"13571441813";"03.10.2026 18:45:33";"";"";"";"42";"0";"0"
"MN7000";"Минск РИЦ";"523282";"24181737";"1";"Техобслуживание";"";"9100198";"КУП ""Жилищное коммунальное хозяйство Ленинского района г. Минска""";"КУП ""Жилищное коммунальное хозяйство Ленинского района г. Минска""";"1";"";"01.05.2017";"01.01.2100";"0,2305";"47,1";"10,86";"10,86";"0";"0";"0";"0";"10,86";"0,03";"0,03";"21,72";"0";"13570501921";"03.10.2026 16:50:37";"";"";"";"0";"0";"0"
"MN7000";"Минск РИЦ";"189861";"1329760";"1";"Техобслуживание";"";"270";"КУП ""Жилищное коммунальное хозяйство №1 Московского района г.Минска""";"КУП ""Жилищное коммунальное хозяйство №1 Московского района г.Минска""";"1";"";"01.04.2010";"01.01.2100";"0,2305";"37";"8,53";"8,53";"0";"0";"0";"0";"25,58";"2,39";"2,39";"17,93";"0";"13568609978";"03.10.2026 12:46:45";"";"";"";"7";"16,18";"0"
"MN7000";"Минск РИЦ";"1046374";"43598366";"1";"Техобслуживание";"";"264";"КУП ""Жилищное коммунальное хозяйство Заводского района г.Минска""";"КУП ""Жилищное коммунальное хозяйство Заводского района г.Минска""";"1";"";"27.10.2025";"01.01.2100";"0,2305";"53,8";"12,4";"12,4";"0";"0";"0";"0";"37,06";"1,99";"1,36";"23,78";"0";"13563975143";"03.10.2026 6:36:14";"";"";"";"0";"25,68";"0,63"
"MN7000";"Минск РИЦ";"768377";"19109277";"1";"Техобслуживание";"";"9100541";"КУП ""Жилищное коммунальное хозяйство Советского района г. Минска""";"КУП ""Жилищное коммунальное хозяйство Советского района г. Минска""";"1";"";"01.08.2003";"01.01.2100";"0,2305";"69,9";"16,11";"16,11";"0";"0";"0";"0";"32,22";"0,82";"0,53";"32,22";"0";"13565797024";"03.10.2026 9:05:19";"";"";"";"0";"16,11";"0,29"
"MN7000";"Минск РИЦ";"580893";"37961687";"1";"Техобслуживание";"";"70002183";"ТС жилого дома 67 корпус 1 по ул.Захарова";"ТС жилого дома 67 корпус 1 по ул.Захарова";"1";"";"01.02.2023";"01.01.2100";"0,2305";"67,4";"15,54";"15,54";"0";"0";"0";"0";"30,14";"0,53";"0,27";"30,54";"0";"13560541163";"02.10.2026 16:51:10";"";"";"";"0";"15,14";"0,26"
"MN7000";"Минск РИЦ";"945811";"30647772";"1";"Техобслуживание";"";"9100365";"КУП «Минские городские общежития»";"КУП «Минские городские общежития»";"1";"";"06.03.2019";"01.01.2100";"0,2305";"39";"8,99";"8,99";"0";"0";"0";"0";"17,98";"0,23";"0,16";"17,98";"0";"13560530528";"02.10.2026 17:07:24";"";"";"";"0";"8,99";"0,07"
"MN7000";"Минск РИЦ";"952527";"31090756";"1";"Техобслуживание";"";"9100198";"КУП ""Жилищное коммунальное хозяйство Ленинского района г. Минска""";"КУП ""Жилищное коммунальное хозяйство Ленинского района г. Минска""";"1";"";"01.07.2019";"01.01.2100";"0,2305";"0";"0";"0";"0";"0";"0";"0";"0";"25,07";"25,07";"0";"0";"13571441803";"03.10.2026 18:45:33";"";"";"";"22";"0";"0"
"MN7000";"Минск РИЦ";"496122";"24261797";"1";"Техобслуживание";"";"9100198";"КУП ""Жилищное коммунальное хозяйство Ленинского района г. Минска""";"КУП ""Жилищное коммунальное хозяйство Ленинского района г. Минска""";"1";"";"01.05.2017";"01.01.2100";"0,2305";"32,9";"7,58";"7,58";"0";"0";"0";"0";"7,58";"0,6";"0,6";"15,16";"0";"13571350584";"03.10.2026 18:45:33";"";"";"";"0";"0";"0"
"MN7000";"Минск РИЦ";"717059";"18170060";"1";"Техобслуживание";"";"9100436";"КУП ""ЖКХ Первомайского района г. Минска""";"КУП ""ЖКХ Первомайского района г. Минска""";"1";"";"01.01.2001";"01.01.2100";"0,2305";"30,9";"7,12";"7,12";"0";"0";"0";"0";"14,48";"0,84";"0,84";"14,29";"0";"13549375978";"30.09.2026 23:08:56";"";"";"";"0";"7,31";"0"
"MN7000";"Минск РИЦ";"529172";"24487730";"1";"Техобслуживание";"";"9100330";"КУП ""Жилищное коммунальное хозяйство Октябрьского района г. Минска""";"КУП ""Жилищное коммунальное хозяйство Октябрьского района г. Минска""";"1";"";"01.05.2017";"01.01.2100";"0,2305";"46,3";"10,67";"10,67";"0";"0";"0";"0";"21,34";"0,29";"0,19";"21,34";"0";"13571899968";"04.10.2026 21:26:31";"";"";"";"0";"10,67";"0,1"
"MN7000";"Минск РИЦ";"189861";"1329761";"2";"Техобслуживание по ЭОЗ";"";"270";"КУП ""Жилищное коммунальное хозяйство №1 Московского района г.Минска""";"КУП ""Жилищное коммунальное хозяйство №1 Московского района г.Минска""";"2";"";"01.04.2010";"01.01.2100";"0,2473";"0";"0";"0";"0";"0";"0";"0";"0";"0";"0";"0";"0";"13568609979";"03.10.2026 12:46:45";"";"";"";"0";"0";"0"
"MN7000";"Минск РИЦ";"811865";"19276940";"2";"Техобслуживание по ЭОЗ";"";"9100541";"КУП ""Жилищное коммунальное хозяйство Советского района г. Минска""";"КУП ""Жилищное коммунальное хозяйство Советского района г. Минска""";"2";"";"01.12.2010";"01.01.2100";"0,2473";"20,72";"5,12";"5,12";"0";"0";"0";"0";"5,12";"0,23";"0,23";"10,23";"0";"13565819818";"03.10.2026 9:05:19";"";"";"";"0";"0,01";"0"
"MN7000";"Минск РИЦ";"745760";"17737482";"2";"Техобслуживание по ЭОЗ";"";"9100436";"КУП ""ЖКХ Первомайского района г. Минска""";"КУП ""ЖКХ Первомайского района г. Минска""";"2";"";"01.06.2014";"01.01.2100";"0,2473";"0";"0";"0";"0";"0";"0";"0";"0";"0";"0";"0";"0";"13549354209";"30.09.2026 23:08:56";"";"";"";"0";"0";"0"
"MN7000";"Минск РИЦ";"800695";"19515234";"2";"Техобслуживание по ЭОЗ";"";"9100541";"КУП ""Жилищное коммунальное хозяйство Советского района г. Минска""";"КУП ""Жилищное коммунальное хозяйство Советского района г. Минска""";"2";"";"01.11.2005";"01.01.2100";"0,2473";"0";"0";"0";"0";"0";"0";"0";"0";"0";"0";"0";"0";"13565851769";"03.10.2026 9:05:19";"";"";"";"0";"0";"0"
"MN7000";"Минск РИЦ";"523282";"24188452";"2";"Техобслуживание по ЭОЗ";"";"9100198";"КУП ""Жилищное коммунальное хозяйство Ленинского района г. Минска""";"КУП ""Жилищное коммунальное хозяйство Ленинского района г. Минска""";"2";"";"01.05.2017";"01.01.2100";"0,2473";"0";"0";"0";"0";"0";"0";"0";"0";"0";"0";"0";"0";"13570508278";"03.10.2026 16:50:37";"";"";"";"0";"0";"0"
"MN7000";"Минск РИЦ";"1029793";"42391720";"2";"Техобслуживание по ЭОЗ";"";"70002338";"ТС ""Фарфоровый-1""";"ТС ""Фарфоровый-1""";"2";"";"01.02.2025";"01.01.2100";"0,2473";"0";"0";"0";"0";"0";"0";"0";"0";"0";"0";"0";"0";"13525097715";"25.09.2026 18:13:11";"";"";"";"0";"0";"0"
"MN7000";"Минск РИЦ";"1029291";"42383318";"2";"Техобслуживание по ЭОЗ";"";"270";"КУП ""Жилищное коммунальное хозяйство №1 Московского района г.Минска""";"КУП ""Жилищное коммунальное хозяйство №1 Московского района г.Минска""";"2";"";"01.02.2025";"01.01.2100";"0,2473";"12,33";"3,05";"3,05";"0";"0";"0";"0";"3,05";"0";"0";"6,1";"0";"13569067689";"03.10.2026 12:46:45";"";"";"";"0";"0";"0"
"MN7000";"Минск РИЦ";"1019451";"40465800";"2";"Техобслуживание по ЭОЗ";"";"270";"КУП ""Жилищное коммунальное хозяйство №1 Московского района г.Минска""";"КУП ""Жилищное коммунальное хозяйство №1 Московского района г.Минска""";"2";"";"01.06.2024";"01.01.2100";"0,2473";"0";"0";"0";"0";"0";"15,63";"0";"15,63";"0,3";"0,3";"31,26";"0";"13561486793";"03.10.2026 1:18:56";"";"";"";"0";"0";"0"
"MN7000";"Минск РИЦ";"730856";"16874148";"2";"Техобслуживание по ЭОЗ";"";"9100436";"КУП ""ЖКХ Первомайского района г. Минска""";"КУП ""ЖКХ Первомайского района г. Минска""";"2";"";"01.01.2001";"01.01.2100";"0,2473";"0";"0";"0";"0";"0";"0";"0";"0";"0";"0";"0";"0";"13549311243";"30.09.2026 23:08:56";"";"";"";"0";"0";"0"
"MN7000";"Минск РИЦ";"231798";"42961157";"2";"Техобслуживание по ЭОЗ";"";"286";"КУП ""Жилищное коммунальное хозяйство №2 Фрунзенского района г.Минска""";"КУП ""Жилищное коммунальное хозяйство №2 Фрунзенского района г.Минска""";"2";"";"01.07.2025";"01.01.2100";"0,2473";"0";"0";"0";"0";"0";"0";"0";"0";"0";"0";"0";"0";"13550715152";"01.10.2026 2:53:14";"";"";"";"0";"0";"0"
"MN7000";"Минск РИЦ";"1021731";"41337137";"2";"Техобслуживание по ЭОЗ";"";"270";"КУП ""Жилищное коммунальное хозяйство №1 Московского района г.Минска""";"КУП ""Жилищное коммунальное хозяйство №1 Московского района г.Минска""";"2";"";"01.09.2024";"01.01.2100";"0,2473";"0";"0";"0";"0";"0";"0";"0";"0";"0";"0";"0";"0";"13561701459";"03.10.2026 1:18:56";"";"";"";"0";"0";"0"
"MN7000";"Минск РИЦ";"978101";"32989086";"2";"Техобслуживание по ЭОЗ";"";"270";"КУП ""Жилищное коммунальное хозяйство №1 Московского района г.Минска""";"КУП ""Жилищное коммунальное хозяйство №1 Московского района г.Минска""";"2";"";"01.02.2021";"01.01.2100";"0,2473";"0";"0";"0";"0";"0";"0";"0";"0";"0";"0";"0";"0";"13568834754";"03.10.2026 12:46:45";"";"";"";"0";"0";"0"
"MN7000";"Минск РИЦ";"1046374";"43598386";"2";"Техобслуживание по ЭОЗ";"";"264";"КУП ""Жилищное коммунальное хозяйство Заводского района г.Минска""";"КУП ""Жилищное коммунальное хозяйство Заводского района г.Минска""";"2";"";"27.10.2025";"01.01.2100";"0,2473";"0";"0";"0";"0";"0";"0";"0";"0";"0";"0";"0";"0";"13563975144";"03.10.2026 6:36:14";"";"";"";"0";"0";"0"
"MN7000";"Минск РИЦ";"467895";"24238946";"2";"Техобслуживание по ЭОЗ";"";"9100198";"КУП ""Жилищное коммунальное хозяйство Ленинского района г. Минска""";"КУП ""Жилищное коммунальное хозяйство Ленинского района г. Минска""";"2";"";"01.05.2017";"01.01.2100";"0,2473";"0";"0";"0";"0";"0";"0";"0";"0";"0";"0";"0";"0";"13571331287";"03.10.2026 18:45:33";"";"";"";"0";"0";"0"
"MN7000";"Минск РИЦ";"1011281";"39107025";"2";"Техобслуживание по ЭОЗ";"";"270";"КУП ""Жилищное коммунальное хозяйство №1 Московского района г.Минска""";"КУП ""Жилищное коммунальное хозяйство №1 Московского района г.Минска""";"2";"";"18.10.2023";"01.01.2100";"0,2473";"0";"0";"0";"0";"0";"0";"0";"0";"0";"0";"0";"0";"13561678422";"03.10.2026 1:18:56";"";"";"";"0";"0";"0"
"MN7000";"Минск РИЦ";"1022086";"41310683";"2";"Техобслуживание по ЭОЗ";"";"9100198";"КУП ""Жилищное коммунальное хозяйство Ленинского района г. Минска""";"КУП ""Жилищное коммунальное хозяйство Ленинского района г. Минска""";"2";"";"01.09.2024";"01.01.2100";"0,2473";"0";"0";"0";"0";"0";"0";"0";"0";"0";"0";"0";"0";"13571624933";"03.10.2026 18:45:33";"";"";"";"0";"0";"0"
"MN7000";"Минск РИЦ";"547410";"24504385";"2";"Техобслуживание по ЭОЗ";"";"9100330";"КУП ""Жилищное коммунальное хозяйство Октябрьского района г. Минска""";"КУП ""Жилищное коммунальное хозяйство Октябрьского района г. Минска""";"2";"";"01.05.2017";"01.01.2100";"0,2473";"0";"0";"0";"0";"0";"0";"0";"0";"4,07";"4,07";"0";"0";"13571908000";"04.10.2026 21:26:31";"";"";"";"6";"0";"0"
"MN7000";"Минск РИЦ";"195882";"911016";"2";"Техобслуживание по ЭОЗ";"";"270";"КУП ""Жилищное коммунальное хозяйство №1 Московского района г.Минска""";"КУП ""Жилищное коммунальное хозяйство №1 Московского района г.Минска""";"2";"";"01.01.2001";"01.01.2100";"0,2473";"0";"0";"0";"0";"0";"0";"0";"0";"0";"0";"0";"0";"13561480214";"03.10.2026 1:18:56";"";"";"";"0";"0";"0"
"MN7000";"Минск РИЦ";"365553";"43699290";"2";"Техобслуживание по ЭОЗ";"";"264";"КУП ""Жилищное коммунальное хозяйство Заводского района г.Минска""";"КУП ""Жилищное коммунальное хозяйство Заводского района г.Минска""";"2";"";"21.11.2025";"01.01.2100";"0,2473";"0";"0";"0";"0";"0";"0";"0";"0";"0";"0";"0";"0";"13563976028";"03.10.2026 6:36:14";"";"";"";"0";"0";"0"
"MN7000";"Минск РИЦ";"1021340";"42972738";"2";"Техобслуживание по ЭОЗ";"";"286";"КУП ""Жилищное коммунальное хозяйство №2 Фрунзенского района г.Минска""";"КУП ""Жилищное коммунальное хозяйство №2 Фрунзенского района г.Минска""";"2";"";"01.07.2025";"01.01.2100";"0,2473";"0";"0";"0";"0";"0";"0";"0";"0";"0";"0";"0";"0";"13550726386";"01.10.2026 2:53:14";"";"";"";"0";"0";"0"
"MN7000";"Минск РИЦ";"785464";"19179330";"2";"Техобслуживание по ЭОЗ";"";"9100541";"КУП ""Жилищное коммунальное хозяйство Советского района г. Минска""";"КУП ""Жилищное коммунальное хозяйство Советского района г. Минска""";"2";"";"01.12.2001";"01.01.2100";"0,2473";"0";"0";"0";"0";"0";"0";"0";"0";"77,27";"77,27";"0";"0";"13565806540";"03.10.2026 9:05:19";"";"";"";"16";"0";"0"
"MN7000";"Минск РИЦ";"1018761";"39548378";"2";"Техобслуживание по ЭОЗ";"";"9100330";"КУП ""Жилищное коммунальное хозяйство Октябрьского района г. Минска""";"КУП ""Жилищное коммунальное хозяйство Октябрьского района г. Минска""";"2";"";"01.05.2024";"01.01.2100";"0,2473";"0";"0";"0";"0";"0";"0";"0";"0";"0";"0";"0";"0";"13572001118";"04.10.2026 21:26:31";"";"";"";"0";"0";"0"
"MN7000";"Минск РИЦ";"1035981";"42672446";"2";"Техобслуживание по ЭОЗ";"";"264";"КУП ""Жилищное коммунальное хозяйство Заводского района г.Минска""";"КУП ""Жилищное коммунальное хозяйство Заводского района г.Минска""";"2";"";"01.05.2025";"01.01.2100";"0,2473";"0";"0";"0";"0";"0";"0";"0";"0";"0";"0";"0";"0";"13564382357";"03.10.2026 6:56:22";"";"";"";"0";"0";"0"
"MN7000";"Минск РИЦ";"382652";"25848738";"2";"Техобслуживание по ЭОЗ";"";"264";"КУП ""Жилищное коммунальное хозяйство Заводского района г.Минска""";"КУП ""Жилищное коммунальное хозяйство Заводского района г.Минска""";"2";"";"01.08.2017";"01.01.2100";"0,2473";"0";"0";"0";"0";"0";"0";"0";"0";"0";"0";"0";"0";"13564170696";"03.10.2026 6:56:22";"";"";"";"0";"0";"0"
"MN7000";"Минск РИЦ";"232534";"42959988";"2";"Техобслуживание по ЭОЗ";"";"286";"КУП ""Жилищное коммунальное хозяйство №2 Фрунзенского района г.Минска""";"КУП ""Жилищное коммунальное хозяйство №2 Фрунзенского района г.Минска""";"2";"";"01.07.2025";"01.01.2100";"0,2473";"33,9";"8,38";"8,38";"0";"0";"0";"0";"8,38";"0,48";"0,48";"16,76";"0";"13550714014";"01.10.2026 2:53:14";"";"";"";"0";"0";"0"
"MN7000";"Минск РИЦ";"490418";"24235942";"2";"Техобслуживание по ЭОЗ";"";"9100198";"КУП ""Жилищное коммунальное хозяйство Ленинского района г. Минска""";"КУП ""Жилищное коммунальное хозяйство Ленинского района г. Минска""";"2";"";"01.05.2017";"01.01.2100";"0,2473";"0";"0";"0";"0";"0";"0";"0";"0";"0";"0";"0";"0";"13571328421";"03.10.2026 18:45:33";"";"";"";"0";"0";"0"
"MN7000";"Минск РИЦ";"178947";"1023265";"2";"Техобслуживание по ЭОЗ";"";"270";"КУП ""Жилищное коммунальное хозяйство №1 Московского района г.Минска""";"КУП ""Жилищное коммунальное хозяйство №1 Московского района г.Минска""";"2";"";"01.01.2001";"01.01.2100";"0,2473";"0";"0";"0";"0";"0";"0";"0";"0";"0,5";"0,5";"0";"0";"13568575816";"03.10.2026 12:46:45";"";"";"";"0";"0";"0"
"MN7000";"Минск РИЦ";"814107";"20052469";"2";"Техобслуживание по ЭОЗ";"";"9100541";"КУП ""Жилищное коммунальное хозяйство Советского района г. Минска""";"КУП ""Жилищное коммунальное хозяйство Советского района г. Минска""";"2";"";"01.12.2000";"01.01.2100";"0,2473";"0";"0";"0";"0";"0";"0";"0";"0";"0";"0";"0";"0";"13562189650";"03.10.2026 3:11:31";"";"";"";"0";"0";"0"
"MN7000";"Минск РИЦ";"952527";"31090758";"2";"Техобслуживание по ЭОЗ";"";"9100198";"КУП ""Жилищное коммунальное хозяйство Ленинского района г. Минска""";"КУП ""Жилищное коммунальное хозяйство Ленинского района г. Минска""";"2";"";"01.07.2019";"01.01.2100";"0,2473";"22,54";"5,57";"5,57";"0";"0";"0";"0";"78,73";"85,79";"85,79";"81,81";"0";"13571441804";"03.10.2026 18:45:33";"";"";"";"24";"2,49";"0"
"MN7000";"Минск РИЦ";"717059";"18170061";"2";"Техобслуживание по ЭОЗ";"";"9100436";"КУП ""ЖКХ Первомайского района г. Минска""";"КУП ""ЖКХ Первомайского района г. Минска""";"2";"";"01.01.2001";"01.01.2100";"0,2473";"0";"0";"0";"0";"0";"0";"0";"0";"0";"0";"0";"0";"13549375979";"30.09.2026 23:08:56";"";"";"";"0";"0";"0"
"MN7000";"Минск РИЦ";"823237";"20007711";"2";"Техобслуживание по ЭОЗ";"";"9100541";"КУП ""Жилищное коммунальное хозяйство Советского района г. Минска""";"КУП ""Жилищное коммунальное хозяйство Советского района г. Минска""";"2";"";"01.01.2005";"01.01.2100";"0,2473";"0";"0";"0";"0";"0";"0";"0";"0";"0";"0";"0";"0";"13565918179";"03.10.2026 9:05:19";"";"";"";"0";"0";"0"
"MN7000";"Минск РИЦ";"815517";"19363633";"2";"Техобслуживание по ЭОЗ";"";"9100541";"КУП ""Жилищное коммунальное хозяйство Советского района г. Минска""";"КУП ""Жилищное коммунальное хозяйство Советского района г. Минска""";"2";"";"01.03.2012";"01.01.2100";"0,2473";"0";"0";"0";"0";"0";"0";"0";"0";"0";"0";"0";"0";"13562123111";"03.10.2026 3:11:31";"";"";"";"0";"0";"0"
"MN7000";"Минск РИЦ";"945811";"30647774";"2";"Техобслуживание по ЭОЗ";"";"9100365";"КУП «Минские городские общежития»";"КУП «Минские городские общежития»";"2";"";"06.03.2019";"01.01.2100";"0,2473";"0";"0";"0";"0";"0";"0";"0";"0";"0";"0";"0";"0";"13560530529";"02.10.2026 17:07:24";"";"";"";"0";"0";"0"
"MN7000";"Минск РИЦ";"764300";"17245744";"2";"Техобслуживание по ЭОЗ";"";"9100436";"КУП ""ЖКХ Первомайского района г. Минска""";"КУП ""ЖКХ Первомайского района г. Минска""";"2";"";"01.01.2001";"01.01.2100";"0,2473";"0";"0";"0";"0";"0";"0";"0";"0";"0";"0";"0";"0";"13549330027";"30.09.2026 23:08:56";"";"";"";"0";"0";"0"
"MN7000";"Минск РИЦ";"192685";"304621";"2";"Техобслуживание по ЭОЗ";"";"270";"КУП ""Жилищное коммунальное хозяйство №1 Московского района г.Минска""";"КУП ""Жилищное коммунальное хозяйство №1 Московского района г.Минска""";"2";"";"01.10.2014";"01.01.2100";"0,22257";"0";"0";"0";"0";"0";"0";"0";"0";"0";"0";"0";"0";"13561448581";"03.10.2026 1:18:56";"";"";"";"0";"0";"0"
"MN7000";"Минск РИЦ";"529172";"24500988";"2";"Техобслуживание по ЭОЗ";"";"9100330";"КУП ""Жилищное коммунальное хозяйство Октябрьского района г. Минска""";"КУП ""Жилищное коммунальное хозяйство Октябрьского района г. Минска""";"2";"";"01.05.2017";"01.01.2100";"0,2473";"0";"0";"0";"0";"0";"0";"0";"0";"0";"0";"0";"0";"13571905512";"04.10.2026 21:26:31";"";"";"";"0";"0";"0"
"MN7000";"Минск РИЦ";"496122";"24239869";"2";"Техобслуживание по ЭОЗ";"";"9100198";"КУП ""Жилищное коммунальное хозяйство Ленинского района г. Минска""";"КУП ""Жилищное коммунальное хозяйство Ленинского района г. Минска""";"2";"";"01.05.2017";"01.01.2100";"0,2473";"0";"0";"0";"0";"0";"0";"0";"0";"0";"0";"0";"0";"13571332170";"03.10.2026 18:45:33";"";"";"";"0";"0";"0"
"MN7000";"Минск РИЦ";"111810";"1244303";"2";"Техобслуживание по ЭОЗ";"";"270";"КУП ""Жилищное коммунальное хозяйство №1 Московского района г.Минска""";"КУП ""Жилищное коммунальное хозяйство №1 Московского района г.Минска""";"2";"";"01.04.2010";"01.01.2100";"0,2473";"0";"0";"0";"0";"0";"0";"0";"0";"0";"0";"0";"0";"13568599251";"03.10.2026 12:46:45";"";"";"";"0";"0";"0"
"MN7000";"Минск РИЦ";"103501";"399460";"2";"Техобслуживание по ЭОЗ";"";"270";"КУП ""Жилищное коммунальное хозяйство №1 Московского района г.Минска""";"КУП ""Жилищное коммунальное хозяйство №1 Московского района г.Минска""";"2";"";"01.05.2016";"01.01.2100";"0,2473";"0";"0";"0";"0";"0";"0";"0";"0";"0";"0";"0";"0";"13567976478";"03.10.2026 12:46:45";"";"";"";"0";"0";"0"
"MN7000";"Минск РИЦ";"798773";"19112644";"2";"Техобслуживание по ЭОЗ";"";"9100541";"КУП ""Жилищное коммунальное хозяйство Советского района г. Минска""";"КУП ""Жилищное коммунальное хозяйство Советского района г. Минска""";"2";"";"01.12.2000";"01.01.2100";"0,2473";"0";"0";"0";"0";"0";"0";"0";"0";"0";"0";"0";"0";"13562098240";"03.10.2026 3:11:31";"";"";"";"0";"0";"0"
"MN7000";"Минск РИЦ";"1007147";"38815227";"2";"Техобслуживание по ЭОЗ";"";"70002338";"ТС ""Фарфоровый-1""";"ТС ""Фарфоровый-1""";"2";"";"21.06.2023";"01.01.2100";"0,2473";"0";"0";"0";"0";"0";"0";"0";"0";"0";"0";"0";"0";"13524846397";"25.09.2026 18:13:11";"";"";"";"0";"0";"0"
"MN7000";"Минск РИЦ";"207130";"43254783";"2";"Техобслуживание по ЭОЗ";"";"286";"КУП ""Жилищное коммунальное хозяйство №2 Фрунзенского района г.Минска""";"КУП ""Жилищное коммунальное хозяйство №2 Фрунзенского района г.Минска""";"2";"";"01.07.2025";"01.01.2100";"0,2473";"0";"0";"0";"0";"0";"0";"0";"0";"0";"0";"0";"0";"13552869208";"01.10.2026 5:50:15";"";"";"";"0";"0";"0"
"MN7000";"Минск РИЦ";"1056919";"43933277";"2";"Техобслуживание по ЭОЗ";"";"270";"КУП ""Жилищное коммунальное хозяйство №1 Московского района г.Минска""";"КУП ""Жилищное коммунальное хозяйство №1 Московского района г.Минска""";"2";"";"27.01.2026";"01.01.2100";"0,2473";"0";"0";"0";"0";"0";"0";"0";"0";"0";"0";"0";"0";"13561732108";"03.10.2026 1:18:56";"";"";"";"0";"0";"0"
"MN7000";"Минск РИЦ";"782156";"19774272";"2";"Техобслуживание по ЭОЗ";"";"9100541";"КУП ""Жилищное коммунальное хозяйство Советского района г. Минска""";"КУП ""Жилищное коммунальное хозяйство Советского района г. Минска""";"2";"";"01.12.2000";"01.01.2100";"0,2473";"0";"0";"0";"0";"0";"0";"0";"0";"0";"0";"0";"0";"13565887020";"03.10.2026 9:05:19";"";"";"";"0";"0";"0"
"MN7000";"Минск РИЦ";"784573";"19557758";"2";"Техобслуживание по ЭОЗ";"";"9100541";"КУП ""Жилищное коммунальное хозяйство Советского района г. Минска""";"КУП ""Жилищное коммунальное хозяйство Советского района г. Минска""";"2";"";"01.12.2000";"01.01.2100";"0,2473";"0";"0";"0";"0";"0";"0";"0";"0";"0";"0";"0";"0";"13565857536";"03.10.2026 9:05:19";"";"";"";"0";"0";"0"
"MN7000";"Минск РИЦ";"952529";"31090821";"2";"Техобслуживание по ЭОЗ";"";"9100198";"КУП ""Жилищное коммунальное хозяйство Ленинского района г. Минска""";"КУП ""Жилищное коммунальное хозяйство Ленинского района г. Минска""";"2";"";"01.07.2019";"01.01.2100";"0,2473";"0";"0";"0";"0";"0";"0";"0";"0";"0";"0";"0";"0";"13571441814";"03.10.2026 18:45:33";"";"";"";"0";"0";"0"
"MN7000";"Минск РИЦ";"811665";"19541423";"2";"Техобслуживание по ЭОЗ";"";"9100541";"КУП ""Жилищное коммунальное хозяйство Советского района г. Минска""";"КУП ""Жилищное коммунальное хозяйство Советского района г. Минска""";"2";"";"01.12.2000";"01.01.2100";"0,2473";"32,79";"8,11";"8,11";"0";"0";"0";"0";"8,11";"0,03";"0,03";"16,22";"0";"13565855382";"03.10.2026 9:05:19";"";"";"";"0";"0";"0"
"MN7000";"Минск РИЦ";"496968";"24239819";"2";"Техобслуживание по ЭОЗ";"";"9100198";"КУП ""Жилищное коммунальное хозяйство Ленинского района г. Минска""";"КУП ""Жилищное коммунальное хозяйство Ленинского района г. Минска""";"2";"";"01.05.2017";"01.01.2100";"0,2473";"0";"0";"0";"0";"0";"0";"0";"0";"0";"0";"0";"0";"13571332123";"03.10.2026 18:45:33";"";"";"";"0";"0";"0"
"MN7000";"Минск РИЦ";"139085";"2380821";"2";"Техобслуживание по ЭОЗ";"";"270";"КУП ""Жилищное коммунальное хозяйство №1 Московского района г.Минска""";"КУП ""Жилищное коммунальное хозяйство №1 Московского района г.Минска""";"2";"";"20.08.2015";"01.01.2100";"0,2473";"0";"0";"0";"0";"0";"0";"0";"0";"0";"0";"0";"0";"13568724877";"03.10.2026 12:46:45";"";"";"";"0";"0";"0"
"MN7000";"Минск РИЦ";"512933";"24234257";"2";"Техобслуживание по ЭОЗ";"";"9100198";"КУП ""Жилищное коммунальное хозяйство Ленинского района г. Минска""";"КУП ""Жилищное коммунальное хозяйство Ленинского района г. Минска""";"2";"";"01.05.2017";"01.01.2100";"0,2473";"0";"0";"0";"0";"0";"0";"0";"0";"0";"0";"0";"0";"13571326808";"03.10.2026 18:45:33";"";"";"";"0";"0";"0"
"MN7000";"Минск РИЦ";"988012";"36921386";"2";"Техобслуживание по ЭОЗ";"";"9100365";"КУП «Минские городские общежития»";"КУП «Минские городские общежития»";"2";"";"11.11.2021";"01.01.2100";"0,2473";"0";"0";"0";"0";"0";"0";"0";"0";"0";"0";"0";"0";"13560532741";"02.10.2026 17:07:24";"";"";"";"0";"0";"0"
"MN7000";"Минск РИЦ";"768377";"19108639";"2";"Техобслуживание по ЭОЗ";"";"9100541";"КУП ""Жилищное коммунальное хозяйство Советского района г. Минска""";"КУП ""Жилищное коммунальное хозяйство Советского района г. Минска""";"2";"";"01.08.2003";"01.01.2100";"0,2473";"0";"0";"0";"0";"0";"0";"0";"0";"0";"0";"0";"0";"13565796946";"03.10.2026 9:05:19";"";"";"";"0";"0";"0"
"MN7000";"Минск РИЦ";"955409";"31301438";"2";"Техобслуживание по ЭОЗ";"";"9100541";"КУП ""Жилищное коммунальное хозяйство Советского района г. Минска""";"КУП ""Жилищное коммунальное хозяйство Советского района г. Минска""";"2";"";"01.09.2019";"01.01.2100";"0,2473";"0";"0";"0";"0";"0";"0";"0";"0";"0";"0";"0";"0";"13566015095";"03.10.2026 9:05:19";"";"";"";"0";"0";"0"
"MN7000";"Минск РИЦ";"1044522";"43517754";"2";"Техобслуживание по ЭОЗ";"";"9100365";"КУП «Минские городские общежития»";"КУП «Минские городские общежития»";"2";"";"02.09.2025";"01.01.2100";"0,2473";"18,4";"4,55";"4,55";"0";"0";"0";"0";"4,55";"0";"0";"9,1";"0";"13560584462";"02.10.2026 17:07:24";"";"";"";"0";"0";"0"
"MN7000";"Минск РИЦ";"363561";"34390094";"2";"Техобслуживание по ЭОЗ";"";"9100231";"ТС жилого дома №5Б по ул.Голодеда";"ТС жилого дома №5Б по ул.Голодеда";"2";"";"01.08.2021";"01.01.2100";"0,2473";"0";"0";"0";"0";"0";"0";"0";"0";"0";"0";"0";"0";"13560604816";"02.10.2026 17:19:25";"";"";"";"0";"0";"0"
"MN7000";"Минск РИЦ";"804080";"19758099";"2";"Техобслуживание по ЭОЗ";"";"9100541";"КУП ""Жилищное коммунальное хозяйство Советского района г. Минска""";"КУП ""Жилищное коммунальное хозяйство Советского района г. Минска""";"2";"";"01.12.2000";"01.01.2100";"0,2473";"0";"0";"0";"0";"0";"0";"0";"0";"0";"0";"0";"0";"13562161814";"03.10.2026 3:11:31";"";"";"";"0";"0";"0"
"MN7000";"Минск РИЦ";"580893";"37961766";"2";"Техобслуживание по ЭОЗ";"";"70002183";"ТС жилого дома 67 корпус 1 по ул.Захарова";"ТС жилого дома 67 корпус 1 по ул.Захарова";"2";"";"01.02.2023";"01.01.2100";"0,2473";"0";"0";"0";"0";"0";"0";"0";"0";"0";"0";"0";"0";"13560541240";"02.10.2026 16:51:10";"";"";"";"0";"0";"0"
"MN7000";"Минск РИЦ";"1019839";"40603971";"2";"Техобслуживание по ЭОЗ";"";"270";"КУП ""Жилищное коммунальное хозяйство №1 Московского района г.Минска""";"КУП ""Жилищное коммунальное хозяйство №1 Московского района г.Минска""";"2";"";"01.07.2024";"01.01.2100";"0,2473";"0";"0";"0";"0";"0";"0";"0";"0";"0";"0";"0";"0";"13561697984";"03.10.2026 1:18:56";"";"";"";"0";"0";"0"
"MN7000";"Минск РИЦ";"767954";"19726131";"2";"Техобслуживание по ЭОЗ";"";"9100541";"КУП ""Жилищное коммунальное хозяйство Советского района г. Минска""";"КУП ""Жилищное коммунальное хозяйство Советского района г. Минска""";"2";"";"01.12.2001";"01.01.2100";"0,2473";"0";"0";"0";"0";"0";"0";"0";"0";"0";"0";"0";"0";"13565880612";"03.10.2026 9:05:19";"";"";"";"0";"0";"0"
"MN7000";"Минск РИЦ";"441130";"25823958";"2";"Техобслуживание по ЭОЗ";"";"264";"КУП ""Жилищное коммунальное хозяйство Заводского района г.Минска""";"КУП ""Жилищное коммунальное хозяйство Заводского района г.Минска""";"2";"";"01.08.2017";"01.01.2100";"0,2473";"0";"0";"0";"0";"0";"0";"0";"0";"0";"0";"0";"0";"13563757271";"03.10.2026 6:36:14";"";"";"";"0";"0";"0"
"MN7000";"Минск РИЦ";"547226";"24493865";"2";"Техобслуживание по ЭОЗ";"";"9100330";"КУП ""Жилищное коммунальное хозяйство Октябрьского района г. Минска""";"КУП ""Жилищное коммунальное хозяйство Октябрьского района г. Минска""";"2";"";"01.05.2017";"01.01.2100";"0,2473";"0";"0";"0";"0";"0";"0";"0";"0";"0";"0";"0";"0";"13571901912";"04.10.2026 21:26:31";"";"";"";"0";"0";"0"
"MN7000";"Минск РИЦ";"986395";"36703292";"2";"Техобслуживание по ЭОЗ";"";"9100365";"КУП «Минские городские общежития»";"КУП «Минские городские общежития»";"2";"";"01.09.2021";"01.01.2100";"0,2473";"0";"0";"0";"0";"0";"0";"0";"0";"0";"0";"0";"0";"13564852427";"03.10.2026 8:35:39";"";"";"";"0";"0";"0"
"MN7000";"Минск РИЦ";"524245";"24499778";"2";"Техобслуживание по ЭОЗ";"";"9100330";"КУП ""Жилищное коммунальное хозяйство Октябрьского района г. Минска""";"КУП ""Жилищное коммунальное хозяйство Октябрьского района г. Минска""";"2";"";"01.05.2017";"01.01.2100";"0,2473";"0";"0";"0";"0";"0";"0";"0";"0";"0";"0";"0";"0";"13571904809";"04.10.2026 21:26:31";"";"";"";"0";"0";"0"
"MN7000";"Минск РИЦ";"161306";"297239";"2";"Техобслуживание по ЭОЗ";"";"270";"КУП ""Жилищное коммунальное хозяйство №1 Московского района г.Минска""";"КУП ""Жилищное коммунальное хозяйство №1 Московского района г.Минска""";"2";"";"01.02.2003";"01.01.2100";"0,2473";"0";"0";"0";"0";"0";"0";"0";"0";"0";"0";"0";"0";"13561447564";"03.10.2026 1:18:56";"";"";"";"0";"0";"0"
"MN7000";"Минск РИЦ";"730750";"17120756";"2";"Техобслуживание по ЭОЗ";"";"9100436";"КУП ""ЖКХ Первомайского района г. Минска""";"КУП ""ЖКХ Первомайского района г. Минска""";"2";"";"01.01.2001";"01.01.2100";"0,2473";"0";"0";"0";"0";"0";"0";"0";"0";"0";"0";"0";"0";"13549323405";"30.09.2026 23:08:56";"";"";"";"0";"0";"0"
"MN7000";"Минск РИЦ";"183962";"531567";"2";"Техобслуживание по ЭОЗ";"";"270";"КУП ""Жилищное коммунальное хозяйство №1 Московского района г.Минска""";"КУП ""Жилищное коммунальное хозяйство №1 Московского района г.Минска""";"2";"";"01.01.2001";"01.01.2100";"0,2473";"0";"0";"0";"0";"0";"0";"0";"0";"0";"0";"0";"0";"13561460352";"03.10.2026 1:18:56";"";"";"";"0";"0";"0"
"MN7000";"Минск РИЦ";"363885";"43699295";"2";"Техобслуживание по ЭОЗ";"";"264";"КУП ""Жилищное коммунальное хозяйство Заводского района г.Минска""";"КУП ""Жилищное коммунальное хозяйство Заводского района г.Минска""";"2";"";"21.11.2025";"01.01.2100";"0,2473";"0";"0";"0";"0";"0";"0";"0";"0";"0";"0";"0";"0";"13563976033";"03.10.2026 6:36:14";"";"";"";"0";"0";"0"
"MN7000";"Минск РИЦ";"122560";"1479666";"2";"Техобслуживание по ЭОЗ";"";"270";"КУП ""Жилищное коммунальное хозяйство №1 Московского района г.Минска""";"КУП ""Жилищное коммунальное хозяйство №1 Московского района г.Минска""";"2";"";"01.07.2012";"01.01.2100";"0,17311";"0";"0";"0";"0";"0";"0";"0";"0";"0";"0";"0";"0";"13561512322";"03.10.2026 1:18:56";"";"";"";"0";"0";"0"
"MN7000";"Минск РИЦ";"1008768";"43985322";"2";"Техобслуживание по ЭОЗ";"";"70003423";"УП ""Ремавтодор Заводского района г.Минска""";"УП ""Ремавтодор Заводского района г.Минска""";"2";"";"01.02.2026";"01.01.2100";"0,2473";"0";"0";"0";"0";"0";"0";"0";"0";"0";"0";"0";"0";"13560634501";"02.10.2026 17:19:25";"";"";"";"0";"0";"0"
"MN7000";"Минск РИЦ";"785382";"20069405";"2";"Техобслуживание по ЭОЗ";"";"9100541";"КУП ""Жилищное коммунальное хозяйство Советского района г. Минска""";"КУП ""Жилищное коммунальное хозяйство Советского района г. Минска""";"2";"";"01.12.2000";"01.01.2100";"0,2473";"0";"0";"0";"0";"0";"0";"0";"0";"0";"0";"0";"0";"13565925777";"03.10.2026 9:05:19";"";"";"";"0";"0";"0"
"MN7000";"Минск РИЦ";"580913";"37961732";"2";"Техобслуживание по ЭОЗ";"";"70002183";"ТС жилого дома 67 корпус 1 по ул.Захарова";"ТС жилого дома 67 корпус 1 по ул.Захарова";"2";"";"01.02.2023";"01.01.2100";"0,2473";"0";"0";"0";"0";"0";"0";"0";"0";"0";"0";"0";"0";"13560541206";"02.10.2026 16:51:10";"";"";"";"0";"0";"0"
"MN7000";"Минск РИЦ";"490081";"24250488";"2";"Техобслуживание по ЭОЗ";"";"9100198";"КУП ""Жилищное коммунальное хозяйство Ленинского района г. Минска""";"КУП ""Жилищное коммунальное хозяйство Ленинского района г. Минска""";"2";"";"01.05.2017";"01.01.2100";"0,2473";"0";"0";"0";"0";"0";"0";"0";"0";"0";"0";"0";"0";"13571341514";"03.10.2026 18:45:33";"";"";"";"9";"0";"0"
"MN7000";"Минск РИЦ";"490253";"24239055";"2";"Техобслуживание по ЭОЗ";"";"9100198";"КУП ""Жилищное коммунальное хозяйство Ленинского района г. Минска""";"КУП ""Жилищное коммунальное хозяйство Ленинского района г. Минска""";"2";"";"01.05.2017";"01.01.2100";"0,2473";"0";"0";"0";"0";"0";"0";"0";"0";"0";"0";"0";"0";"13571331391";"03.10.2026 18:45:33";"";"";"";"0";"0";"0"
"MN7000";"Минск РИЦ";"715445";"17061941";"2";"Техобслуживание по ЭОЗ";"";"9100436";"КУП ""ЖКХ Первомайского района г. Минска""";"КУП ""ЖКХ Первомайского района г. Минска""";"2";"";"01.09.2008";"01.01.2100";"0,2473";"0";"0";"0";"0";"0";"0";"0";"0";"0";"0";"0";"0";"13549321403";"30.09.2026 23:08:56";"";"";"";"0";"0";"0"
"MN7000";"Минск РИЦ";"110634";"553192";"2";"Техобслуживание по ЭОЗ";"";"270";"КУП ""Жилищное коммунальное хозяйство №1 Московского района г.Минска""";"КУП ""Жилищное коммунальное хозяйство №1 Московского района г.Минска""";"2";"";"01.01.2015";"01.01.2100";"0,2473";"0";"0";"0";"0";"0";"0";"0";"0";"0";"0";"0";"0";"13568516341";"03.10.2026 12:46:45";"";"";"";"0";"0";"0"
"MN7000";"Минск РИЦ";"467895";"11976148";"3";"Холодная вода";"";"410";"УП ""МИНСКВОДОКАНАЛ""";"УП ""МИНСКВОДОКАНАЛ""";"3";"";"01.04.2016";"01.01.2100";"2,0248";"5";"10,12";"10,12";"0";"0";"0";"0";"20,24";"0,48";"0,3";"20,24";"0";"13571204184";"03.10.2026 18:45:33";"";"";"";"0";"10,12";"0,18"
"MN7000";"Минск РИЦ";"767954";"19725127";"3";"Холодная вода";"";"410";"УП ""МИНСКВОДОКАНАЛ""";"УП ""МИНСКВОДОКАНАЛ""";"3";"";"01.04.2016";"01.01.2100";"2,0248";"0,67";"1,36";"1,36";"0";"0";"0";"0";"2,74";"0,02";"0,02";"4,1";"0";"13565880447";"03.10.2026 9:05:19";"";"";"";"0";"0";"0"
"MN7000";"Минск РИЦ";"730856";"16874141";"3";"Холодная вода";"";"410";"УП ""МИНСКВОДОКАНАЛ""";"УП ""МИНСКВОДОКАНАЛ""";"3";"";"01.04.2016";"01.01.2100";"2,0248";"13,13";"26,59";"26,59";"0";"0";"0";"0";"19,74";"2,51";"2,51";"46,33";"0";"13549311238";"30.09.2026 23:08:56";"";"";"";"0";"0";"0"
"MN7000";"Минск РИЦ";"1007147";"38815228";"3";"Холодная вода";"";"410";"УП ""МИНСКВОДОКАНАЛ""";"УП ""МИНСКВОДОКАНАЛ""";"3";"";"21.06.2023";"01.01.2100";"2,0248";"0";"0";"0";"0";"0";"0";"0";"0";"0";"0";"0";"0";"13524846398";"25.09.2026 18:13:11";"";"";"";"0";"0";"0"
"MN7000";"Минск РИЦ";"105252";"42152271";"3";"Холодная вода";"";"410";"УП ""МИНСКВОДОКАНАЛ""";"УП ""МИНСКВОДОКАНАЛ""";"3";"";"01.12.2024";"01.01.2100";"2,0248";"0";"0";"0";"0";"0";"-159,96";"0";"202,48";"0";"0";"42,52";"0";"13560515705";"02.10.2026 16:28:57";"";"";"";"0";"0";"0"
"MN7000";"Минск РИЦ";"811865";"41421687";"3";"Холодная вода";"";"410";"УП ""МИНСКВОДОКАНАЛ""";"УП ""МИНСКВОДОКАНАЛ""";"3";"";"01.09.2024";"01.01.2100";"2,0248";"0";"0";"0";"0";"0";"0";"0";"0";"0";"0";"0";"0";"13566170539";"03.10.2026 9:05:19";"";"";"";"0";"0";"0"
"MN7000";"Минск РИЦ";"365553";"9463487";"3";"Холодная вода";"";"410";"УП ""МИНСКВОДОКАНАЛ""";"УП ""МИНСКВОДОКАНАЛ""";"3";"";"01.04.2016";"01.01.2100";"2,0248";"2";"4,05";"4,05";"0";"0";"0";"0";"2,06";"0,14";"0,14";"6,11";"0";"13563723131";"03.10.2026 6:36:14";"";"";"";"0";"0";"0"
"MN7000";"Минск РИЦ";"195882";"911022";"3";"Холодная вода";"";"410";"УП ""МИНСКВОДОКАНАЛ""";"УП ""МИНСКВОДОКАНАЛ""";"3";"";"01.04.2016";"01.01.2100";"2,0248";"4,35";"8,81";"8,81";"0";"0";"0";"0";"21,65";"1,14";"1,14";"30,46";"0";"13561480218";"03.10.2026 1:18:56";"";"";"";"0";"0";"0"
"MN7000";"Минск РИЦ";"582047";"41935329";"3";"Холодная вода";"";"410";"УП ""МИНСКВОДОКАНАЛ""";"УП ""МИНСКВОДОКАНАЛ""";"3";"";"01.11.2024";"01.01.2100";"2,0248";"0";"0";"0";"0";"0";"0";"0";"0";"0";"0";"0";"0";"13562770956";"03.10.2026 4:21:30";"";"";"";"0";"0";"0"
"MN7000";"Минск РИЦ";"524245";"12602192";"3";"Холодная вода";"";"410";"УП ""МИНСКВОДОКАНАЛ""";"УП ""МИНСКВОДОКАНАЛ""";"3";"";"01.04.2016";"01.01.2100";"2,0248";"1,5";"3,04";"3,04";"0";"0";"0";"0";"17,35";"0";"0";"20,39";"0";"13571720777";"04.10.2026 21:26:31";"";"";"";"0";"0";"0"
"MN7000";"Минск РИЦ";"141846";"42153342";"3";"Холодная вода";"";"410";"УП ""МИНСКВОДОКАНАЛ""";"УП ""МИНСКВОДОКАНАЛ""";"3";"";"01.12.2024";"01.01.2100";"2,0248";"2,4";"4,86";"4,86";"0";"0";"0";"0";"7,12";"0,39";"0,39";"10,92";"0";"13560515730";"02.10.2026 16:28:57";"";"";"";"0";"1,06";"0"
"MN7000";"Минск РИЦ";"800695";"19486929";"3";"Холодная вода";"";"410";"УП ""МИНСКВОДОКАНАЛ""";"УП ""МИНСКВОДОКАНАЛ""";"3";"";"01.04.2016";"01.01.2100";"2,0248";"7,5";"15,19";"15,19";"0";"0";"0";"0";"18,97";"0,17";"0,17";"34,14";"0";"13565848120";"03.10.2026 9:05:19";"";"";"";"0";"0,02";"0"
"MN7000";"Минск РИЦ";"1029793";"42391722";"3";"Холодная вода";"";"410";"УП ""МИНСКВОДОКАНАЛ""";"УП ""МИНСКВОДОКАНАЛ""";"3";"";"01.02.2025";"01.01.2100";"2,0248";"0,791";"1,6";"1,6";"0";"0";"0";"0";"3,22";"0,03";"0,02";"3,45";"0";"13525097716";"25.09.2026 18:13:11";"";"";"";"0";"1,37";"0,01"
"MN7000";"Минск РИЦ";"363885";"9252646";"3";"Холодная вода";"";"410";"УП ""МИНСКВОДОКАНАЛ""";"УП ""МИНСКВОДОКАНАЛ""";"3";"";"01.04.2016";"01.01.2100";"2,0248";"7";"14,17";"14,17";"0";"0";"0";"0";"13,04";"0,04";"0,04";"27,21";"0";"13563707219";"03.10.2026 6:36:14";"";"";"";"0";"0";"0"
"MN7000";"Минск РИЦ";"730750";"40655512";"3";"Холодная вода";"";"410";"УП ""МИНСКВОДОКАНАЛ""";"УП ""МИНСКВОДОКАНАЛ""";"3";"";"01.07.2024";"01.01.2100";"2,0248";"2,95";"5,97";"5,97";"0";"0";"0";"0";"10,12";"0";"0";"16,09";"0";"13549497891";"30.09.2026 23:08:56";"";"";"";"0";"0";"0"
"MN7000";"Минск РИЦ";"804080";"19779354";"3";"Холодная вода";"";"410";"УП ""МИНСКВОДОКАНАЛ""";"УП ""МИНСКВОДОКАНАЛ""";"3";"";"01.04.2016";"01.01.2100";"2,0248";"7,02";"14,21";"14,21";"0";"0";"0";"0";"14,21";"0";"0";"28,42";"0";"13562163900";"03.10.2026 3:11:31";"";"";"";"0";"0";"0"
"MN7000";"Минск РИЦ";"110634";"553185";"3";"Холодная вода";"";"410";"УП ""МИНСКВОДОКАНАЛ""";"УП ""МИНСКВОДОКАНАЛ""";"3";"";"01.04.2016";"01.01.2100";"2,0248";"8";"16,2";"16,2";"0";"0";"0";"0";"20,25";"0";"0";"36,45";"0";"13568516335";"03.10.2026 12:46:45";"";"";"";"0";"0";"0"
"MN7000";"Минск РИЦ";"1021202";"40823849";"3";"Холодная вода";"";"410";"УП ""МИНСКВОДОКАНАЛ""";"УП ""МИНСКВОДОКАНАЛ""";"3";"";"01.08.2024";"01.01.2100";"2,0248";"25,99";"52,62";"52,62";"0";"0";"0";"0";"39,1";"0";"0";"91,72";"0";"13562770844";"03.10.2026 4:21:30";"";"";"";"0";"0";"0"
"MN7000";"Минск РИЦ";"580579";"25016676";"3";"Холодная вода";"";"410";"УП ""МИНСКВОДОКАНАЛ""";"УП ""МИНСКВОДОКАНАЛ""";"3";"";"01.08.2017";"01.01.2100";"2,0248";"6";"12,15";"12,15";"0";"0";"0";"0";"12,55";"0";"0";"21,26";"0";"13562765109";"03.10.2026 4:21:30";"";"";"";"0";"3,44";"0"
"MN7000";"Минск РИЦ";"798773";"39382058";"3";"Холодная вода";"";"410";"УП ""МИНСКВОДОКАНАЛ""";"УП ""МИНСКВОДОКАНАЛ""";"3";"";"01.02.2024";"01.01.2100";"2,0248";"1,5";"3,04";"3,04";"0";"0";"0";"0";"5,06";"0,04";"0,04";"6,08";"0";"13562329821";"03.10.2026 3:11:31";"";"";"";"0";"2,02";"0"
"MN7000";"Минск РИЦ";"547226";"13372505";"3";"Холодная вода";"";"410";"УП ""МИНСКВОДОКАНАЛ""";"УП ""МИНСКВОДОКАНАЛ""";"3";"";"01.04.2016";"01.01.2100";"2,0248";"4";"8,1";"8,1";"0";"0";"0";"0";"6,07";"0,11";"0,11";"14,15";"0";"13571878925";"04.10.2026 21:26:31";"";"";"";"0";"0,02";"0"
"MN7000";"Минск РИЦ";"955409";"31301439";"3";"Холодная вода";"";"410";"УП ""МИНСКВОДОКАНАЛ""";"УП ""МИНСКВОДОКАНАЛ""";"3";"";"01.09.2019";"01.01.2100";"2,0248";"2";"4,05";"4,05";"0";"0";"0";"0";"3,7";"0,81";"0,81";"6,42";"0";"13566015096";"03.10.2026 9:05:19";"";"";"";"2";"1,33";"0"
"MN7000";"Минск РИЦ";"785382";"20082071";"3";"Холодная вода";"";"410";"УП ""МИНСКВОДОКАНАЛ""";"УП ""МИНСКВОДОКАНАЛ""";"3";"";"01.04.2016";"01.01.2100";"2,0248";"9,13";"18,49";"18,49";"0";"0";"0";"0";"18,49";"0,38";"0,38";"36,98";"0";"13565927831";"03.10.2026 9:05:19";"";"";"";"0";"0";"0"
"MN7000";"Минск РИЦ";"1019451";"40465801";"3";"Холодная вода";"";"410";"УП ""МИНСКВОДОКАНАЛ""";"УП ""МИНСКВОДОКАНАЛ""";"3";"";"01.06.2024";"01.01.2100";"2,0248";"6";"12,15";"12,15";"0";"0";"-20,25";"0";"18,23";"0";"0";"10,13";"0";"13561688543";"03.10.2026 1:18:56";"";"";"";"0";"0";"0"
"MN7000";"Минск РИЦ";"576698";"24963269";"3";"Холодная вода";"";"410";"УП ""МИНСКВОДОКАНАЛ""";"УП ""МИНСКВОДОКАНАЛ""";"3";"";"01.08.2017";"01.01.2100";"2,0248";"13";"26,32";"26,32";"0";"0";"0";"0";"25,31";"0";"0";"51,63";"0";"13562762915";"03.10.2026 4:21:30";"";"";"";"0";"0";"0"
"MN7000";"Минск РИЦ";"582026";"24993886";"3";"Холодная вода";"";"410";"УП ""МИНСКВОДОКАНАЛ""";"УП ""МИНСКВОДОКАНАЛ""";"3";"";"01.08.2017";"01.01.2100";"2,0248";"22,63";"45,82";"45,82";"0";"0";"0";"0";"33,92";"5,99";"5,99";"79,74";"0";"13562764592";"03.10.2026 4:21:30";"";"";"";"6";"0";"0"
"MN7000";"Минск РИЦ";"988012";"36921388";"3";"Холодная вода";"";"410";"УП ""МИНСКВОДОКАНАЛ""";"УП ""МИНСКВОДОКАНАЛ""";"3";"";"11.11.2021";"01.01.2100";"2,0248";"0";"0";"0";"0";"0";"0,14";"0";"4,85";"0,14";"0,14";"2,72";"0";"13560532742";"02.10.2026 17:07:24";"";"";"";"0";"2,27";"0"
"MN7000";"Минск РИЦ";"189861";"1329768";"3";"Холодная вода";"";"410";"УП ""МИНСКВОДОКАНАЛ""";"УП ""МИНСКВОДОКАНАЛ""";"3";"";"01.04.2016";"01.01.2100";"2,0248";"2,5";"5,06";"5,06";"0";"0";"0";"0";"15,18";"1,43";"1,43";"10,63";"0";"13568609986";"03.10.2026 12:46:45";"";"";"";"5";"9,61";"0"
"MN7000";"Минск РИЦ";"814107";"20036620";"3";"Холодная вода";"";"410";"УП ""МИНСКВОДОКАНАЛ""";"УП ""МИНСКВОДОКАНАЛ""";"3";"";"01.04.2016";"01.01.2100";"2,0248";"7,75";"15,69";"15,69";"0";"0";"0";"0";"31,38";"0,31";"0,31";"29,86";"0";"13562188311";"03.10.2026 3:11:31";"";"";"";"0";"17,21";"0"
"MN7000";"Минск РИЦ";"768377";"19080163";"3";"Холодная вода";"";"410";"УП ""МИНСКВОДОКАНАЛ""";"УП ""МИНСКВОДОКАНАЛ""";"3";"";"01.04.2016";"01.01.2100";"2,0248";"12,75";"25,82";"25,82";"0";"0";"0";"0";"51,64";"1,25";"0,82";"51,64";"0";"13565793164";"03.10.2026 9:05:19";"";"";"";"0";"25,82";"0,43"
"MN7000";"Минск РИЦ";"575809";"24973307";"3";"Холодная вода";"";"410";"УП ""МИНСКВОДОКАНАЛ""";"УП ""МИНСКВОДОКАНАЛ""";"3";"";"01.08.2017";"01.01.2100";"2,0248";"25";"50,62";"50,62";"0";"0";"0";"0";"66,82";"2,48";"2,48";"117,44";"0";"13562764442";"03.10.2026 4:21:30";"";"";"";"0";"0";"0"
"MN7000";"Минск РИЦ";"785464";"19185835";"3";"Холодная вода";"";"410";"УП ""МИНСКВОДОКАНАЛ""";"УП ""МИНСКВОДОКАНАЛ""";"3";"";"01.04.2016";"01.01.2100";"2,0248";"0";"0";"0";"0";"0";"0";"0";"27,39";"261,45";"261,45";"27,39";"0";"13565807566";"03.10.2026 9:05:19";"";"";"";"80";"0";"0"
"MN7000";"Минск РИЦ";"717059";"40654898";"3";"Холодная вода";"";"410";"УП ""МИНСКВОДОКАНАЛ""";"УП ""МИНСКВОДОКАНАЛ""";"3";"";"01.07.2024";"01.01.2100";"2,0248";"0";"0";"0";"0";"0";"0";"0";"0";"0";"0";"0";"0";"13549497375";"30.09.2026 23:08:56";"";"";"";"0";"0";"0"
"MN7000";"Минск РИЦ";"178947";"1023257";"3";"Холодная вода";"";"410";"УП ""МИНСКВОДОКАНАЛ""";"УП ""МИНСКВОДОКАНАЛ""";"3";"";"01.04.2016";"01.01.2100";"2,0248";"0,66";"1,34";"1,34";"0";"0";"0";"0";"1,55";"0,65";"0,65";"2,89";"0";"13568575811";"03.10.2026 12:46:45";"";"";"";"0";"0";"0"
"MN7000";"Минск РИЦ";"496122";"41308146";"3";"Холодная вода";"";"410";"УП ""МИНСКВОДОКАНАЛ""";"УП ""МИНСКВОДОКАНАЛ""";"3";"";"01.09.2024";"01.01.2100";"2,0248";"10,21";"20,67";"20,67";"0";"0";"0";"0";"35,27";"0,46";"0,46";"55,94";"0";"13571623859";"03.10.2026 18:45:33";"";"";"";"0";"0";"0"
"MN7000";"Минск РИЦ";"574329";"41940023";"3";"Холодная вода";"";"410";"УП ""МИНСКВОДОКАНАЛ""";"УП ""МИНСКВОДОКАНАЛ""";"3";"";"01.11.2024";"01.01.2100";"2,0248";"22,5";"45,56";"45,56";"0";"0";"0";"0";"42,52";"0";"0";"88,08";"0";"13562771263";"03.10.2026 4:21:30";"";"";"";"0";"0";"0"
"MN7000";"Минск РИЦ";"207130";"3476383";"3";"Холодная вода";"";"410";"УП ""МИНСКВОДОКАНАЛ""";"УП ""МИНСКВОДОКАНАЛ""";"3";"";"01.04.2016";"01.01.2100";"2,0248";"3,29";"6,66";"6,66";"0";"0,72";"0";"0";"13,63";"0,29";"1,01";"20,29";"0";"13552591733";"01.10.2026 5:50:15";"";"";"";"0";"0";"0"
"MN7000";"Минск РИЦ";"782156";"41422401";"3";"Холодная вода";"";"410";"УП ""МИНСКВОДОКАНАЛ""";"УП ""МИНСКВОДОКАНАЛ""";"3";"";"01.09.2024";"01.01.2100";"2,0248";"10";"20,25";"20,25";"0";"0";"0";"0";"20,25";"0,12";"0,12";"40,5";"0";"13566171126";"03.10.2026 9:05:19";"";"";"";"0";"0";"0"
"MN7000";"Минск РИЦ";"1035981";"42672447";"3";"Холодная вода";"";"410";"УП ""МИНСКВОДОКАНАЛ""";"УП ""МИНСКВОДОКАНАЛ""";"3";"";"01.05.2025";"01.01.2100";"2,0248";"8,1";"16,4";"16,4";"0";"0";"0";"0";"0,49";"0";"0";"16,89";"0";"13564382358";"03.10.2026 6:56:22";"";"";"";"0";"0";"0"
"MN7000";"Минск РИЦ";"382652";"9447453";"3";"Холодная вода";"";"410";"УП ""МИНСКВОДОКАНАЛ""";"УП ""МИНСКВОДОКАНАЛ""";"3";"";"01.04.2016";"01.01.2100";"2,0248";"2";"4,05";"4,05";"0";"0";"0";"0";"6,75";"1,19";"1,19";"10,8";"0";"13564138036";"03.10.2026 6:56:22";"";"";"";"0";"0";"0"
"MN7000";"Минск РИЦ";"1021731";"41495124";"3";"Холодная вода";"";"410";"УП ""МИНСКВОДОКАНАЛ""";"УП ""МИНСКВОДОКАНАЛ""";"3";"";"01.09.2024";"01.01.2100";"2,0248";"4,798";"9,71";"9,71";"0";"0";"0";"0";"3,67";"0";"0";"13,38";"0";"13561706645";"03.10.2026 1:18:56";"";"";"";"0";"0";"0"
"MN7000";"Минск РИЦ";"441130";"9240230";"3";"Холодная вода";"";"410";"УП ""МИНСКВОДОКАНАЛ""";"УП ""МИНСКВОДОКАНАЛ""";"3";"";"01.04.2016";"01.01.2100";"2,0248";"0,55";"1,11";"1,11";"0";"0";"0";"0";"1,34";"0,01";"0,01";"2,45";"0";"13563706344";"03.10.2026 6:36:14";"";"";"";"0";"0";"0"
"MN7000";"Минск РИЦ";"1056919";"43933278";"3";"Холодная вода";"";"410";"УП ""МИНСКВОДОКАНАЛ""";"УП ""МИНСКВОДОКАНАЛ""";"3";"";"27.01.2026";"01.01.2100";"2,0248";"3,722";"7,54";"7,54";"0";"0";"0";"0";"6,9";"0";"0";"8,34";"0";"13561732109";"03.10.2026 1:18:56";"";"";"";"0";"6,1";"0"
"MN7000";"Минск РИЦ";"111810";"1244310";"3";"Холодная вода";"";"410";"УП ""МИНСКВОДОКАНАЛ""";"УП ""МИНСКВОДОКАНАЛ""";"3";"";"01.04.2016";"01.01.2100";"2,0248";"5";"10,12";"10,12";"0";"0";"0";"0";"2,02";"0,04";"0,04";"10,12";"0";"13568599258";"03.10.2026 12:46:45";"";"";"";"0";"2,02";"0"
"MN7000";"Минск РИЦ";"945811";"30647776";"3";"Холодная вода";"";"410";"УП ""МИНСКВОДОКАНАЛ""";"УП ""МИНСКВОДОКАНАЛ""";"3";"";"06.03.2019";"01.01.2100";"2,0248";"0";"0";"0";"0";"0";"0";"0";"30,55";"0,33";"0,23";"17,51";"0";"13560530530";"02.10.2026 17:07:24";"";"";"";"0";"13,04";"0,1"
"MN7000";"Минск РИЦ";"490253";"10742708";"3";"Холодная вода";"";"410";"УП ""МИНСКВОДОКАНАЛ""";"УП ""МИНСКВОДОКАНАЛ""";"3";"";"01.04.2016";"01.01.2100";"2,0248";"10,37";"21";"21";"0";"0";"0";"0";"57,02";"1,04";"1,04";"41,87";"0";"13571038022";"03.10.2026 18:45:33";"";"";"";"0";"36,15";"0"
"MN7000";"Минск РИЦ";"192685";"304630";"3";"Холодная вода";"";"410";"УП ""МИНСКВОДОКАНАЛ""";"УП ""МИНСКВОДОКАНАЛ""";"3";"";"01.04.2016";"01.01.2100";"2,0248";"23,88";"48,35";"48,35";"0";"0";"0";"0";"94,43";"10,43";"10,43";"89,42";"0";"13561448586";"03.10.2026 1:18:56";"";"";"";"0";"53,36";"0"
"MN7000";"Минск РИЦ";"579551";"24962936";"3";"Холодная вода";"";"410";"УП ""МИНСКВОДОКАНАЛ""";"УП ""МИНСКВОДОКАНАЛ""";"3";"";"01.08.2017";"01.01.2100";"2,0248";"27,75";"56,19";"56,19";"0";"0";"0";"0";"61,76";"0";"0";"117,95";"0";"13562762832";"03.10.2026 4:21:30";"";"";"";"0";"0";"0"
"MN7000";"Минск РИЦ";"139085";"2380827";"3";"Холодная вода";"";"410";"УП ""МИНСКВОДОКАНАЛ""";"УП ""МИНСКВОДОКАНАЛ""";"3";"";"01.04.2016";"01.01.2100";"2,0248";"10";"20,25";"20,25";"0";"0";"0";"0";"20,25";"0,21";"0,21";"40,5";"0";"13568724883";"03.10.2026 12:46:45";"";"";"";"0";"0";"0"
"MN7000";"Минск РИЦ";"978101";"32989087";"3";"Холодная вода";"";"410";"УП ""МИНСКВОДОКАНАЛ""";"УП ""МИНСКВОДОКАНАЛ""";"3";"";"01.02.2021";"01.01.2100";"2,0248";"5";"10,12";"10,12";"0";"0";"0";"0";"8,5";"0";"0";"18,62";"0";"13568834755";"03.10.2026 12:46:45";"";"";"";"0";"0";"0"
"MN7000";"Минск РИЦ";"580562";"25017073";"3";"Холодная вода";"";"410";"УП ""МИНСКВОДОКАНАЛ""";"УП ""МИНСКВОДОКАНАЛ""";"3";"";"01.08.2017";"01.01.2100";"2,0248";"4";"8,1";"8,1";"0";"0";"0";"0";"10,12";"0";"0";"18,22";"0";"13562765262";"03.10.2026 4:21:30";"";"";"";"0";"0";"0"
"MN7000";"Минск РИЦ";"1011281";"39106775";"3";"Холодная вода";"";"410";"УП ""МИНСКВОДОКАНАЛ""";"УП ""МИНСКВОДОКАНАЛ""";"3";"";"18.10.2023";"01.01.2100";"2,0248";"8,946";"18,11";"18,11";"0";"0";"0";"0";"19,11";"1,09";"1,09";"37,22";"0";"13561678415";"03.10.2026 1:18:56";"";"";"";"0";"0";"0"
"MN7000";"Минск РИЦ";"523282";"10303342";"3";"Холодная вода";"";"410";"УП ""МИНСКВОДОКАНАЛ""";"УП ""МИНСКВОДОКАНАЛ""";"3";"";"01.04.2016";"01.01.2100";"2,0248";"3,5";"7,09";"7,09";"0";"0";"0";"0";"8,1";"0,02";"0,02";"15,19";"0";"13570297977";"03.10.2026 16:50:37";"";"";"";"0";"0";"0"
"MN7000";"Минск РИЦ";"1019839";"40603973";"3";"Холодная вода";"";"410";"УП ""МИНСКВОДОКАНАЛ""";"УП ""МИНСКВОДОКАНАЛ""";"3";"";"01.07.2024";"01.01.2100";"2,0248";"4,169";"8,44";"8,44";"0";"0";"0";"0";"17,67";"1,02";"1,02";"16,04";"0";"13561697985";"03.10.2026 1:18:56";"";"";"";"0";"10,07";"0"
"MN7000";"Минск РИЦ";"580893";"13740562";"3";"Холодная вода";"";"410";"УП ""МИНСКВОДОКАНАЛ""";"УП ""МИНСКВОДОКАНАЛ""";"3";"";"01.04.2016";"01.01.2100";"2,0248";"3,5";"7,09";"7,09";"0";"0";"0";"0";"14,73";"0,24";"0,14";"13,93";"0";"13560524718";"02.10.2026 16:51:10";"";"";"";"0";"7,89";"0,1"
"MN7000";"Минск РИЦ";"183962";"531560";"3";"Холодная вода";"";"410";"УП ""МИНСКВОДОКАНАЛ""";"УП ""МИНСКВОДОКАНАЛ""";"3";"";"01.04.2016";"01.01.2100";"2,0248";"7,75";"15,69";"15,69";"0";"0";"0";"0";"27,84";"1,32";"0,31";"31,12";"0";"13561460347";"03.10.2026 1:18:56";"";"";"";"0";"12,41";"1,01"
"MN7000";"Минск РИЦ";"745760";"17737492";"3";"Холодная вода";"";"410";"УП ""МИНСКВОДОКАНАЛ""";"УП ""МИНСКВОДОКАНАЛ""";"3";"";"01.04.2016";"01.01.2100";"2,0248";"4,5";"9,11";"9,11";"0";"0";"0";"0";"27,33";"1,36";"1,36";"17,81";"0";"13549354216";"30.09.2026 23:08:56";"";"";"";"0";"18,63";"0"
"MN7000";"Минск РИЦ";"811665";"19551729";"3";"Холодная вода";"";"410";"УП ""МИНСКВОДОКАНАЛ""";"УП ""МИНСКВОДОКАНАЛ""";"3";"";"01.04.2016";"01.01.2100";"2,0248";"0";"0";"0";"0";"0";"0";"0";"0";"0";"0";"0";"0";"13565856933";"03.10.2026 9:05:19";"";"";"";"0";"0";"0"
"MN7000";"Минск РИЦ";"731412";"40654998";"3";"Холодная вода";"";"410";"УП ""МИНСКВОДОКАНАЛ""";"УП ""МИНСКВОДОКАНАЛ""";"3";"";"01.07.2024";"01.01.2100";"2,0248";"6,6";"13,36";"13,36";"0";"0";"0";"0";"12,39";"0";"0";"25,75";"0";"13549497467";"30.09.2026 23:08:56";"";"";"";"0";"0";"0"
"MN7000";"Минск РИЦ";"490418";"11307774";"3";"Холодная вода";"";"410";"УП ""МИНСКВОДОКАНАЛ""";"УП ""МИНСКВОДОКАНАЛ""";"3";"";"01.04.2016";"01.01.2100";"2,0248";"0,5";"1,01";"1,01";"0";"0";"0";"0";"2";"0";"0";"3,01";"0";"13571115338";"03.10.2026 18:45:33";"";"";"";"0";"0";"0"
"MN7000";"Минск РИЦ";"1029291";"42383319";"3";"Холодная вода";"";"410";"УП ""МИНСКВОДОКАНАЛ""";"УП ""МИНСКВОДОКАНАЛ""";"3";"";"01.02.2025";"01.01.2100";"2,0248";"0";"0";"0";"0";"0";"0";"0";"0";"0";"0";"0";"0";"13569067690";"03.10.2026 12:46:45";"";"";"";"0";"0";"0"
"MN7000";"Минск РИЦ";"1046374";"43598398";"3";"Холодная вода";"";"410";"УП ""МИНСКВОДОКАНАЛ""";"УП ""МИНСКВОДОКАНАЛ""";"3";"";"27.10.2025";"01.01.2100";"2,0248";"0,75";"1,52";"1,52";"0";"0";"0";"0";"6,04";"0,4";"0,28";"2,45";"0";"13563975145";"03.10.2026 6:36:14";"";"";"";"0";"5,11";"0,12"
"MN7000";"Минск РИЦ";"815517";"19352342";"3";"Холодная вода";"";"410";"УП ""МИНСКВОДОКАНАЛ""";"УП ""МИНСКВОДОКАНАЛ""";"3";"";"01.04.2016";"01.01.2100";"2,0248";"1,06";"2,15";"2,15";"0";"0";"0";"0";"4,3";"0,06";"0,04";"4,3";"0";"13562121889";"03.10.2026 3:11:31";"";"";"";"0";"2,15";"0,02"
"MN7000";"Минск РИЦ";"529172";"13114423";"3";"Холодная вода";"";"410";"УП ""МИНСКВОДОКАНАЛ""";"УП ""МИНСКВОДОКАНАЛ""";"3";"";"01.04.2016";"01.01.2100";"2,0248";"5,46";"11,06";"11,06";"0";"0";"0";"0";"21,89";"0,29";"0,19";"22,12";"0";"13571751880";"04.10.2026 21:26:31";"";"";"";"0";"10,83";"0,1"
"MN7000";"Минск РИЦ";"496968";"11302756";"3";"Холодная вода";"";"410";"УП ""МИНСКВОДОКАНАЛ""";"УП ""МИНСКВОДОКАНАЛ""";"3";"";"01.04.2016";"01.01.2100";"2,0248";"8,5";"17,21";"17,21";"0";"0";"0";"0";"24,3";"0,04";"0,04";"41,51";"0";"13571114648";"03.10.2026 18:45:33";"";"";"";"0";"0";"0"
"MN7000";"Минск РИЦ";"161306";"297233";"3";"Холодная вода";"";"410";"УП ""МИНСКВОДОКАНАЛ""";"УП ""МИНСКВОДОКАНАЛ""";"3";"";"01.04.2016";"01.01.2100";"2,0248";"0";"0";"0";"0";"0";"0";"0";"0";"0";"0";"0";"0";"13561447560";"03.10.2026 1:18:56";"";"";"";"0";"0";"0"
"MN7000";"Минск РИЦ";"576702";"24964856";"3";"Холодная вода";"";"410";"УП ""МИНСКВОДОКАНАЛ""";"УП ""МИНСКВОДОКАНАЛ""";"3";"";"01.08.2017";"01.01.2100";"2,0248";"0";"0";"0";"0";"0";"0";"0";"106,3";"5,84";"5,84";"106,3";"0";"13562763307";"03.10.2026 4:21:30";"";"";"";"0";"0";"0"
"MN7000";"Минск РИЦ";"512933";"11725595";"3";"Холодная вода";"";"410";"УП ""МИНСКВОДОКАНАЛ""";"УП ""МИНСКВОДОКАНАЛ""";"3";"";"01.04.2016";"01.01.2100";"2,0248";"4";"8,1";"8,1";"0";"0";"0";"0";"10,13";"0,09";"0,09";"18,23";"0";"13571171073";"03.10.2026 18:45:33";"";"";"";"3";"0";"0"
"MN7000";"Минск РИЦ";"490081";"41500595";"3";"Холодная вода";"";"410";"УП ""МИНСКВОДОКАНАЛ""";"УП ""МИНСКВОДОКАНАЛ""";"3";"";"01.10.2024";"01.01.2100";"2,0248";"0";"0";"0";"0";"0";"0";"0";"0";"0";"0";"0";"0";"13571625766";"03.10.2026 18:45:33";"";"";"";"0";"0";"0"
"MN7000";"Минск РИЦ";"580913";"14082433";"3";"Холодная вода";"";"410";"УП ""МИНСКВОДОКАНАЛ""";"УП ""МИНСКВОДОКАНАЛ""";"3";"";"01.04.2016";"01.01.2100";"2,0248";"7,25";"14,68";"14,68";"0";"0";"0";"0";"21,26";"0,46";"0,46";"35,94";"0";"13560536801";"02.10.2026 16:51:10";"";"";"";"0";"0";"0"
"MN7000";"Минск РИЦ";"952527";"31090772";"3";"Холодная вода";"";"410";"УП ""МИНСКВОДОКАНАЛ""";"УП ""МИНСКВОДОКАНАЛ""";"3";"";"01.07.2019";"01.01.2100";"2,0248";"0";"0";"0";"0";"0";"0";"0";"4,51";"13,57";"13,57";"4,51";"0";"13571441805";"03.10.2026 18:45:33";"";"";"";"14";"0";"0"
"MN7000";"Минск РИЦ";"1022086";"41310684";"3";"Холодная вода";"";"410";"УП ""МИНСКВОДОКАНАЛ""";"УП ""МИНСКВОДОКАНАЛ""";"3";"";"01.09.2024";"01.01.2100";"2,0248";"1,5";"3,04";"3,04";"0";"0";"0";"0";"3,04";"0";"0";"6,08";"0";"13571624934";"03.10.2026 18:45:33";"";"";"";"0";"0";"0"
"MN7000";"Минск РИЦ";"231798";"3626295";"3";"Холодная вода";"";"410";"УП ""МИНСКВОДОКАНАЛ""";"УП ""МИНСКВОДОКАНАЛ""";"3";"";"01.04.2016";"01.01.2100";"2,0248";"3";"6,07";"6,07";"0";"0";"0";"0";"8,1";"0,01";"0,01";"14,17";"0";"13550496342";"01.10.2026 2:53:14";"";"";"";"0";"0";"0"
"MN7000";"Минск РИЦ";"122560";"41887393";"3";"Холодная вода";"";"410";"УП ""МИНСКВОДОКАНАЛ""";"УП ""МИНСКВОДОКАНАЛ""";"3";"";"01.11.2024";"01.01.2100";"2,0248";"16,64";"33,69";"33,69";"0";"0";"0";"0";"32,4";"0";"0";"66,09";"0";"13561709004";"03.10.2026 1:18:56";"";"";"";"0";"0";"0"
"MN7000";"Минск РИЦ";"547410";"13471490";"3";"Холодная вода";"";"410";"УП ""МИНСКВОДОКАНАЛ""";"УП ""МИНСКВОДОКАНАЛ""";"3";"";"01.04.2016";"01.01.2100";"2,0248";"0";"0";"0";"0";"0";"0";"0";"0";"126,68";"126,68";"0";"0";"13571885267";"04.10.2026 21:26:31";"";"";"";"28";"0";"0"
"MN7000";"Минск РИЦ";"363561";"9563352";"3";"Холодная вода";"";"410";"УП ""МИНСКВОДОКАНАЛ""";"УП ""МИНСКВОДОКАНАЛ""";"3";"";"01.07.2016";"01.01.2100";"2,0248";"4,17";"8,44";"8,44";"0";"0";"0";"0";"8,48";"0";"0";"16,92";"0";"13560571692";"02.10.2026 17:19:25";"";"";"";"0";"0";"0"
"MN7000";"Минск РИЦ";"784573";"41421300";"3";"Холодная вода";"";"410";"УП ""МИНСКВОДОКАНАЛ""";"УП ""МИНСКВОДОКАНАЛ""";"3";"";"01.09.2024";"01.01.2100";"2,0248";"0";"0";"0";"0";"0";"0";"0";"0";"0";"0";"0";"0";"13565760351";"03.10.2026 9:05:19";"";"";"";"0";"0";"0"
"MN7000";"Минск РИЦ";"103501";"399453";"3";"Холодная вода";"";"410";"УП ""МИНСКВОДОКАНАЛ""";"УП ""МИНСКВОДОКАНАЛ""";"3";"";"01.04.2016";"01.01.2100";"2,0248";"1,91";"3,87";"3,87";"0";"0";"0";"0";"3,87";"0";"0";"7,74";"0";"13567976473";"03.10.2026 12:46:45";"";"";"";"0";"0";"0"
"MN7000";"Минск РИЦ";"715445";"17061935";"3";"Холодная вода";"";"410";"УП ""МИНСКВОДОКАНАЛ""";"УП ""МИНСКВОДОКАНАЛ""";"3";"";"01.04.2016";"01.01.2100";"2,0248";"1,5";"3,04";"3,04";"0";"0";"0";"0";"4,05";"0";"0";"7,09";"0";"13549321398";"30.09.2026 23:08:56";"";"";"";"0";"0";"0"
"MN7000";"Минск РИЦ";"952529";"31090823";"3";"Холодная вода";"";"410";"УП ""МИНСКВОДОКАНАЛ""";"УП ""МИНСКВОДОКАНАЛ""";"3";"";"01.07.2019";"01.01.2100";"2,0248";"0";"0";"0";"0";"0";"0";"0";"430,96";"1566,79";"1566,79";"430,96";"0";"13571441815";"03.10.2026 18:45:33";"";"";"";"15";"0";"0"
"MN7000";"Минск РИЦ";"1021340";"40892036";"3";"Холодная вода";"";"410";"УП ""МИНСКВОДОКАНАЛ""";"УП ""МИНСКВОДОКАНАЛ""";"3";"";"02.08.2024";"01.01.2100";"2,0248";"0";"0";"0";"0";"0";"0";"0";"145,49";"70,14";"70,14";"145,49";"0";"13550665063";"01.10.2026 2:53:14";"";"";"";"12";"0";"0"
"MN7000";"Минск РИЦ";"1008768";"38950764";"3";"Холодная вода";"";"410";"УП ""МИНСКВОДОКАНАЛ""";"УП ""МИНСКВОДОКАНАЛ""";"3";"";"10.08.2023";"01.01.2100";"2,0248";"0";"0";"0";"0";"0";"0";"0";"3,14";"0,43";"0,43";"3,14";"0";"13560618582";"02.10.2026 17:19:25";"";"";"";"0";"0";"0"
"MN7000";"Минск РИЦ";"1018761";"39548379";"3";"Холодная вода";"";"410";"УП ""МИНСКВОДОКАНАЛ""";"УП ""МИНСКВОДОКАНАЛ""";"3";"";"01.05.2024";"01.01.2100";"2,0248";"2,5";"5,06";"5,06";"0";"0";"0";"0";"5,06";"0";"0";"10,12";"0";"13572001119";"04.10.2026 21:26:31";"";"";"";"0";"0";"0"
"MN7000";"Минск РИЦ";"986395";"36703444";"3";"Холодная вода";"";"410";"УП ""МИНСКВОДОКАНАЛ""";"УП ""МИНСКВОДОКАНАЛ""";"3";"";"01.09.2021";"01.01.2100";"2,0248";"0";"0";"0";"0";"0";"0";"0";"4,86";"0";"0";"4,86";"0";"13564852479";"03.10.2026 8:35:39";"";"";"";"0";"0";"0"
"MN7000";"Минск РИЦ";"823237";"20009214";"3";"Холодная вода";"";"410";"УП ""МИНСКВОДОКАНАЛ""";"УП ""МИНСКВОДОКАНАЛ""";"3";"";"01.04.2016";"01.01.2100";"2,0248";"5,75";"11,64";"11,64";"0";"0";"0";"0";"11,6";"0,07";"0,07";"23,24";"0";"13565918443";"03.10.2026 9:05:19";"";"";"";"0";"0";"0"
"MN7000";"Минск РИЦ";"1069422";"44344355";"3";"Холодная вода";"";"410";"УП ""МИНСКВОДОКАНАЛ""";"УП ""МИНСКВОДОКАНАЛ""";"3";"";"11.06.2026";"01.01.2100";"2,0248";"0";"0";"0";"0";"0";"0";"0";"0";"0";"0";"0";"0";"13562771684";"03.10.2026 4:21:30";"";"";"";"0";"0";"0"
"MN7000";"Минск РИЦ";"1044522";"43517755";"3";"Холодная вода";"";"410";"УП ""МИНСКВОДОКАНАЛ""";"УП ""МИНСКВОДОКАНАЛ""";"3";"";"02.09.2025";"01.01.2100";"2,0248";"0";"0";"0";"0";"0";"0";"0";"8,76";"0";"0";"8,76";"0";"13560584463";"02.10.2026 17:07:24";"";"";"";"0";"0";"0"
"MN7000";"Минск РИЦ";"232534";"3121928";"3";"Холодная вода";"";"410";"УП ""МИНСКВОДОКАНАЛ""";"УП ""МИНСКВОДОКАНАЛ""";"3";"";"01.04.2016";"01.01.2100";"2,0248";"0";"0";"0";"0";"0";"0";"0";"0";"0";"0";"0";"0";"13550477208";"01.10.2026 2:53:14";"";"";"";"0";"0";"0"
"MN7000";"Минск РИЦ";"764300";"17245737";"3";"Холодная вода";"";"410";"УП ""МИНСКВОДОКАНАЛ""";"УП ""МИНСКВОДОКАНАЛ""";"3";"";"01.04.2016";"01.01.2100";"2,0248";"5,5";"11,14";"11,14";"0";"0";"0";"0";"23,29";"0,22";"0,22";"34,43";"0";"13549330022";"30.09.2026 23:08:56";"";"";"";"0";"0";"0"
"MN7000";"Минск РИЦ";"496122";"23102450";"4";"Горячая вода";"";"410";"УП ""МИНСКВОДОКАНАЛ""";"УП ""МИНСКВОДОКАНАЛ""";"4";"";"01.04.2016";"01.01.2100";"2,0248";"4,65";"9,42";"9,42";"0";"0";"0";"0";"12,76";"0,46";"0,46";"22,18";"0";"13571276686";"03.10.2026 18:45:33";"";"";"";"0";"0";"0"
"MN7000";"Минск РИЦ";"490081";"23093958";"4";"Горячая вода";"";"410";"УП ""МИНСКВОДОКАНАЛ""";"УП ""МИНСКВОДОКАНАЛ""";"4";"";"01.04.2016";"01.01.2100";"2,0248";"0";"0";"0";"0";"0";"0";"0";"0";"0";"0";"0";"0";"13571276456";"03.10.2026 18:45:33";"";"";"";"14";"0";"0"
"MN7000";"Минск РИЦ";"232534";"3121948";"4";"Горячая вода";"";"410";"УП ""МИНСКВОДОКАНАЛ""";"УП ""МИНСКВОДОКАНАЛ""";"4";"";"01.04.2016";"01.01.2100";"2,0248";"0";"0";"0";"0";"0";"0";"0";"0";"0";"0";"0";"0";"13550477217";"01.10.2026 2:53:14";"";"";"";"0";"0";"0"
"MN7000";"Минск РИЦ";"207130";"3476398";"4";"Горячая вода";"";"410";"УП ""МИНСКВОДОКАНАЛ""";"УП ""МИНСКВОДОКАНАЛ""";"4";"";"01.04.2016";"01.01.2100";"2,0248";"1,77";"3,58";"3,58";"0";"0,39";"0";"0";"7,33";"0,16";"0,55";"10,91";"0";"13552591740";"01.10.2026 5:50:15";"";"";"";"0";"0";"0"
"MN7000";"Минск РИЦ";"815517";"19344695";"4";"Горячая вода";"";"410";"УП ""МИНСКВОДОКАНАЛ""";"УП ""МИНСКВОДОКАНАЛ""";"4";"";"01.04.2016";"01.01.2100";"2,0248";"1,46";"2,96";"2,96";"0";"0";"0";"0";"5,92";"0,06";"0,05";"5,92";"0";"13562120861";"03.10.2026 3:11:31";"";"";"";"0";"2,96";"0,01"
"MN7000";"Минск РИЦ";"1011281";"39106777";"4";"Горячая вода";"";"410";"УП ""МИНСКВОДОКАНАЛ""";"УП ""МИНСКВОДОКАНАЛ""";"4";"";"18.10.2023";"01.01.2100";"2,0248";"2,74";"5,55";"5,55";"0";"0";"0";"0";"6,96";"0,34";"0,34";"12,51";"0";"13561678416";"03.10.2026 1:18:56";"";"";"";"0";"0";"0"
"MN7000";"Минск РИЦ";"523282";"10286448";"4";"Горячая вода";"";"410";"УП ""МИНСКВОДОКАНАЛ""";"УП ""МИНСКВОДОКАНАЛ""";"4";"";"01.04.2016";"01.01.2100";"2,0248";"2";"4,05";"4,05";"0";"0";"0";"0";"4,05";"0,01";"0,01";"8,1";"0";"13570295608";"03.10.2026 16:50:37";"";"";"";"0";"0";"0"
"MN7000";"Минск РИЦ";"1018761";"39548381";"4";"Горячая вода";"";"410";"УП ""МИНСКВОДОКАНАЛ""";"УП ""МИНСКВОДОКАНАЛ""";"4";"";"01.05.2024";"01.01.2100";"2,0248";"3,5";"7,09";"7,09";"0";"0";"0";"0";"7,09";"0";"0";"14,18";"0";"13572001121";"04.10.2026 21:26:31";"";"";"";"0";"0";"0"
"MN7000";"Минск РИЦ";"547226";"13346723";"4";"Горячая вода";"";"410";"УП ""МИНСКВОДОКАНАЛ""";"УП ""МИНСКВОДОКАНАЛ""";"4";"";"01.04.2016";"01.01.2100";"2,0248";"3";"6,07";"6,07";"0";"0";"0";"0";"6,07";"0,07";"0,07";"12,12";"0";"13571877256";"04.10.2026 21:26:31";"";"";"";"0";"0,02";"0"
"MN7000";"Минск РИЦ";"490253";"10703695";"4";"Горячая вода";"";"410";"УП ""МИНСКВОДОКАНАЛ""";"УП ""МИНСКВОДОКАНАЛ""";"4";"";"01.04.2016";"01.01.2100";"2,0248";"4,85";"9,82";"9,82";"0";"0";"0";"0";"25,27";"0,56";"0,56";"19,58";"0";"13571032079";"03.10.2026 18:45:33";"";"";"";"0";"15,51";"0"
"MN7000";"Минск РИЦ";"800695";"19482215";"4";"Горячая вода";"";"410";"УП ""МИНСКВОДОКАНАЛ""";"УП ""МИНСКВОДОКАНАЛ""";"4";"";"01.04.2016";"01.01.2100";"2,0248";"3,5";"7,09";"7,09";"0";"0";"0";"0";"6,32";"0,11";"0,11";"13,4";"0";"13565847334";"03.10.2026 9:05:19";"";"";"";"0";"0,01";"0"
"MN7000";"Минск РИЦ";"955409";"31301440";"4";"Горячая вода";"";"410";"УП ""МИНСКВОДОКАНАЛ""";"УП ""МИНСКВОДОКАНАЛ""";"4";"";"01.09.2019";"01.01.2100";"2,0248";"2";"4,05";"4,05";"0";"0";"0";"0";"4,66";"1,36";"1,36";"7,04";"0";"13566015097";"03.10.2026 9:05:19";"";"";"";"2";"1,67";"0"
"MN7000";"Минск РИЦ";"189861";"1326521";"4";"Горячая вода";"";"410";"УП ""МИНСКВОДОКАНАЛ""";"УП ""МИНСКВОДОКАНАЛ""";"4";"";"01.04.2016";"01.01.2100";"2,0248";"2,5";"5,06";"5,06";"0";"0";"0";"0";"15,17";"1,43";"1,43";"10,63";"0";"13568609397";"03.10.2026 12:46:45";"";"";"";"5";"9,6";"0"
"MN7000";"Минск РИЦ";"363561";"9607721";"4";"Горячая вода";"";"410";"УП ""МИНСКВОДОКАНАЛ""";"УП ""МИНСКВОДОКАНАЛ""";"4";"";"01.07.2016";"01.01.2100";"2,0248";"3,39";"6,86";"6,86";"0";"0";"0";"0";"4,86";"0";"0";"11,72";"0";"13560571991";"02.10.2026 17:19:25";"";"";"";"0";"0";"0"
"MN7000";"Минск РИЦ";"764300";"17228816";"4";"Горячая вода";"";"410";"УП ""МИНСКВОДОКАНАЛ""";"УП ""МИНСКВОДОКАНАЛ""";"4";"";"01.04.2016";"01.01.2100";"2,0248";"3,5";"7,09";"7,09";"0";"0";"0";"0";"13,16";"0,11";"0,11";"20,25";"0";"13549328796";"30.09.2026 23:08:56";"";"";"";"0";"0";"0"
"MN7000";"Минск РИЦ";"1029793";"42391724";"4";"Горячая вода";"";"410";"УП ""МИНСКВОДОКАНАЛ""";"УП ""МИНСКВОДОКАНАЛ""";"4";"";"01.02.2025";"01.01.2100";"2,0248";"-0,003";"-0,01";"-0,01";"0";"0";"0";"0";"0";"0";"0";"-0,01";"0";"13525097718";"25.09.2026 18:13:11";"";"";"";"0";"0";"0"
"MN7000";"Минск РИЦ";"365553";"9471055";"4";"Горячая вода";"";"410";"УП ""МИНСКВОДОКАНАЛ""";"УП ""МИНСКВОДОКАНАЛ""";"4";"";"01.04.2016";"01.01.2100";"2,0248";"2";"4,05";"4,05";"0";"0";"0";"0";"2,09";"0,23";"0,23";"6,14";"0";"13563723826";"03.10.2026 6:36:14";"";"";"";"0";"0";"0"
"MN7000";"Минск РИЦ";"382652";"9465881";"4";"Горячая вода";"";"410";"УП ""МИНСКВОДОКАНАЛ""";"УП ""МИНСКВОДОКАНАЛ""";"4";"";"01.04.2016";"01.01.2100";"2,0248";"1,3333333333";"2,7";"2,7";"0";"0";"0";"0";"4,5";"1,26";"1,26";"7,2";"0";"13564139490";"03.10.2026 6:56:22";"";"";"";"0";"0";"0"
"MN7000";"Минск РИЦ";"1044522";"43517775";"4";"Горячая вода";"";"410";"УП ""МИНСКВОДОКАНАЛ""";"УП ""МИНСКВОДОКАНАЛ""";"4";"";"02.09.2025";"01.01.2100";"2,0248";"0";"0";"0";"0";"0";"0";"0";"8,76";"0";"0";"8,76";"0";"13560584465";"02.10.2026 17:07:24";"";"";"";"0";"0";"0"
"MN7000";"Минск РИЦ";"785464";"19167652";"4";"Горячая вода";"";"410";"УП ""МИНСКВОДОКАНАЛ""";"УП ""МИНСКВОДОКАНАЛ""";"4";"";"01.04.2016";"01.01.2100";"2,0248";"0";"0";"0";"0";"0";"0";"0";"23,3";"221,59";"221,59";"23,3";"0";"13565804646";"03.10.2026 9:05:19";"";"";"";"80";"0";"0"
"MN7000";"Минск РИЦ";"811865";"23096142";"4";"Горячая вода";"";"410";"УП ""МИНСКВОДОКАНАЛ""";"УП ""МИНСКВОДОКАНАЛ""";"4";"";"01.04.2016";"01.01.2100";"2,0248";"0";"0";"0";"0";"0";"0";"0";"0";"0";"0";"0";"0";"13565953608";"03.10.2026 9:05:19";"";"";"";"0";"0";"0"
"MN7000";"Минск РИЦ";"467895";"11945179";"4";"Горячая вода";"";"410";"УП ""МИНСКВОДОКАНАЛ""";"УП ""МИНСКВОДОКАНАЛ""";"4";"";"01.04.2016";"01.01.2100";"2,0248";"2";"4,05";"4,05";"0";"0";"0";"0";"8,1";"0,19";"0,12";"8,1";"0";"13571200084";"03.10.2026 18:45:33";"";"";"";"0";"4,05";"0,07"
"MN7000";"Минск РИЦ";"745760";"17722754";"4";"Горячая вода";"";"410";"УП ""МИНСКВОДОКАНАЛ""";"УП ""МИНСКВОДОКАНАЛ""";"4";"";"01.04.2016";"01.01.2100";"2,0248";"5,175";"10,48";"10,48";"0";"0";"0";"0";"31,44";"1,57";"1,57";"20,49";"0";"13549353658";"30.09.2026 23:08:56";"";"";"";"0";"21,43";"0"
"MN7000";"Минск РИЦ";"1007147";"38815229";"4";"Горячая вода";"";"410";"УП ""МИНСКВОДОКАНАЛ""";"УП ""МИНСКВОДОКАНАЛ""";"4";"";"21.06.2023";"01.01.2100";"2,0248";"-0,007";"-0,01";"-0,01";"0";"0";"0";"0";"0";"0";"0";"-0,01";"0";"13524846399";"25.09.2026 18:13:11";"";"";"";"0";"0";"0"
"MN7000";"Минск РИЦ";"952529";"31090824";"4";"Горячая вода";"";"410";"УП ""МИНСКВОДОКАНАЛ""";"УП ""МИНСКВОДОКАНАЛ""";"4";"";"01.07.2019";"01.01.2100";"2,0248";"1,3333333333";"2,7";"2,7";"0";"0";"0";"0";"203,59";"1043,71";"1043,71";"206,29";"0";"13571441816";"03.10.2026 18:45:33";"";"";"";"15";"0";"0"
"MN7000";"Минск РИЦ";"715445";"17044665";"4";"Горячая вода";"";"410";"УП ""МИНСКВОДОКАНАЛ""";"УП ""МИНСКВОДОКАНАЛ""";"4";"";"01.04.2016";"01.01.2100";"2,0248";"0,5";"1,01";"1,01";"0";"0";"0";"0";"1,01";"0";"0";"2,02";"0";"13549319924";"30.09.2026 23:08:56";"";"";"";"0";"0";"0"
"MN7000";"Минск РИЦ";"1035981";"42672449";"4";"Горячая вода";"";"410";"УП ""МИНСКВОДОКАНАЛ""";"УП ""МИНСКВОДОКАНАЛ""";"4";"";"01.05.2025";"01.01.2100";"2,0248";"3,9";"7,9";"7,9";"0";"0";"0";"0";"0,49";"0";"0";"8,39";"0";"13564382360";"03.10.2026 6:56:22";"";"";"";"0";"0";"0"
"MN7000";"Минск РИЦ";"103501";"411099";"4";"Горячая вода";"";"410";"УП ""МИНСКВОДОКАНАЛ""";"УП ""МИНСКВОДОКАНАЛ""";"4";"";"01.04.2016";"01.01.2100";"2,0248";"0,68";"1,38";"1,38";"0";"0";"0";"0";"1,38";"0";"0";"2,76";"0";"13567978369";"03.10.2026 12:46:45";"";"";"";"0";"0";"0"
"MN7000";"Минск РИЦ";"490418";"11298653";"4";"Горячая вода";"";"410";"УП ""МИНСКВОДОКАНАЛ""";"УП ""МИНСКВОДОКАНАЛ""";"4";"";"01.04.2016";"01.01.2100";"2,0248";"0,27";"0,55";"0,55";"0";"0";"0";"0";"1,09";"0";"0";"1,64";"0";"13571113549";"03.10.2026 18:45:33";"";"";"";"0";"0";"0"
"MN7000";"Минск РИЦ";"363885";"9266415";"4";"Горячая вода";"";"410";"УП ""МИНСКВОДОКАНАЛ""";"УП ""МИНСКВОДОКАНАЛ""";"4";"";"01.04.2016";"01.01.2100";"2,0248";"6";"12,15";"12,15";"0";"0";"0";"0";"14,9";"0,07";"0,07";"27,05";"0";"13563708315";"03.10.2026 6:36:14";"";"";"";"0";"0";"0"
"MN7000";"Минск РИЦ";"1021731";"41495376";"4";"Горячая вода";"";"410";"УП ""МИНСКВОДОКАНАЛ""";"УП ""МИНСКВОДОКАНАЛ""";"4";"";"01.09.2024";"01.01.2100";"2,0248";"1,839";"3,72";"3,72";"0";"0";"0";"0";"3,54";"0";"0";"7,26";"0";"13561706792";"03.10.2026 1:18:56";"";"";"";"0";"0";"0"
"MN7000";"Минск РИЦ";"1019839";"40603976";"4";"Горячая вода";"";"410";"УП ""МИНСКВОДОКАНАЛ""";"УП ""МИНСКВОДОКАНАЛ""";"4";"";"01.07.2024";"01.01.2100";"2,0248";"3,343";"6,77";"6,77";"0";"0";"0";"0";"14,29";"0,57";"0,57";"14,72";"0";"13561697987";"03.10.2026 1:18:56";"";"";"";"0";"6,34";"0"
"MN7000";"Минск РИЦ";"988012";"36921389";"4";"Горячая вода";"";"410";"УП ""МИНСКВОДОКАНАЛ""";"УП ""МИНСКВОДОКАНАЛ""";"4";"";"11.11.2021";"01.01.2100";"2,0248";"0";"0";"0";"0";"0";"0,14";"0";"4,85";"0,14";"0,14";"2,71";"0";"13560532743";"02.10.2026 17:07:24";"";"";"";"0";"2,28";"0"
"MN7000";"Минск РИЦ";"945811";"30647777";"4";"Горячая вода";"";"410";"УП ""МИНСКВОДОКАНАЛ""";"УП ""МИНСКВОДОКАНАЛ""";"4";"";"06.03.2019";"01.01.2100";"2,0248";"0";"0";"0";"0";"0";"0";"0";"30,55";"0,33";"0,23";"17,51";"0";"13560530531";"02.10.2026 17:07:24";"";"";"";"0";"13,04";"0,1"
"MN7000";"Минск РИЦ";"529172";"13114672";"4";"Горячая вода";"";"410";"УП ""МИНСКВОДОКАНАЛ""";"УП ""МИНСКВОДОКАНАЛ""";"4";"";"01.04.2016";"01.01.2100";"2,0248";"6,91";"13,99";"13,99";"0";"0";"0";"0";"30,53";"0,4";"0,3";"27,98";"0";"13571751897";"04.10.2026 21:26:31";"";"";"";"0";"16,54";"0,1"
"MN7000";"Минск РИЦ";"952527";"31090774";"4";"Горячая вода";"";"410";"УП ""МИНСКВОДОКАНАЛ""";"УП ""МИНСКВОДОКАНАЛ""";"4";"";"01.07.2019";"01.01.2100";"2,0248";"0";"0";"0";"0";"0";"0";"0";"2,12";"4,46";"4,46";"2,12";"0";"13571441806";"03.10.2026 18:45:33";"";"";"";"14";"0";"0"
"MN7000";"Минск РИЦ";"139085";"2392952";"4";"Горячая вода";"";"410";"УП ""МИНСКВОДОКАНАЛ""";"УП ""МИНСКВОДОКАНАЛ""";"4";"";"01.04.2016";"01.01.2100";"2,0248";"10";"20,25";"20,25";"0";"0";"0";"0";"20,25";"0,11";"0,11";"40,5";"0";"13568726947";"03.10.2026 12:46:45";"";"";"";"0";"0";"0"
"MN7000";"Минск РИЦ";"784573";"23098195";"4";"Горячая вода";"";"410";"УП ""МИНСКВОДОКАНАЛ""";"УП ""МИНСКВОДОКАНАЛ""";"4";"";"01.04.2016";"01.01.2100";"2,0248";"0";"0";"0";"0";"0";"0";"0";"0";"0";"0";"0";"0";"13565953639";"03.10.2026 9:05:19";"";"";"";"0";"0";"0"
"MN7000";"Минск РИЦ";"195882";"853332";"4";"Горячая вода";"";"410";"УП ""МИНСКВОДОКАНАЛ""";"УП ""МИНСКВОДОКАНАЛ""";"4";"";"01.04.2016";"01.01.2100";"2,0248";"2,35";"4,76";"4,76";"0";"0";"0";"0";"11,7";"0,68";"0,68";"16,46";"0";"13561477213";"03.10.2026 1:18:56";"";"";"";"0";"0";"0"
"MN7000";"Минск РИЦ";"782156";"23088906";"4";"Горячая вода";"";"410";"УП ""МИНСКВОДОКАНАЛ""";"УП ""МИНСКВОДОКАНАЛ""";"4";"";"01.04.2016";"01.01.2100";"2,0248";"5";"10,12";"10,12";"0";"0";"0";"0";"10,12";"0,06";"0,06";"20,24";"0";"13565953444";"03.10.2026 9:05:19";"";"";"";"0";"0";"0"
"MN7000";"Минск РИЦ";"1029291";"42383323";"4";"Горячая вода";"";"410";"УП ""МИНСКВОДОКАНАЛ""";"УП ""МИНСКВОДОКАНАЛ""";"4";"";"01.02.2025";"01.01.2100";"2,0248";"0";"0";"0";"0";"0";"0";"0";"0";"0";"0";"0";"0";"13569067692";"03.10.2026 12:46:45";"";"";"";"0";"0";"0"
"MN7000";"Минск РИЦ";"814107";"20020714";"4";"Горячая вода";"";"410";"УП ""МИНСКВОДОКАНАЛ""";"УП ""МИНСКВОДОКАНАЛ""";"4";"";"01.04.2016";"01.01.2100";"2,0248";"3,38";"6,84";"6,84";"0";"0";"0";"0";"13,67";"0,15";"0,15";"12,41";"0";"13562186606";"03.10.2026 3:11:31";"";"";"";"0";"8,1";"0"
"MN7000";"Минск РИЦ";"580893";"13738447";"4";"Горячая вода";"";"410";"УП ""МИНСКВОДОКАНАЛ""";"УП ""МИНСКВОДОКАНАЛ""";"4";"";"01.04.2016";"01.01.2100";"2,0248";"3";"6,07";"6,07";"0";"0";"0";"0";"11,77";"0,21";"0,11";"11,93";"0";"13560524704";"02.10.2026 16:51:10";"";"";"";"0";"5,91";"0,1"
"MN7000";"Минск РИЦ";"524245";"12581837";"4";"Горячая вода";"";"410";"УП ""МИНСКВОДОКАНАЛ""";"УП ""МИНСКВОДОКАНАЛ""";"4";"";"01.04.2016";"01.01.2100";"2,0248";"1,5";"3,04";"3,04";"0";"0";"0";"0";"31,63";"0";"0";"34,66";"0";"13571719412";"04.10.2026 21:26:31";"";"";"";"0";"0,01";"0"
"MN7000";"Минск РИЦ";"110634";"561862";"4";"Горячая вода";"";"410";"УП ""МИНСКВОДОКАНАЛ""";"УП ""МИНСКВОДОКАНАЛ""";"4";"";"01.04.2016";"01.01.2100";"2,0248";"6";"12,15";"12,15";"0";"0";"0";"0";"12,15";"0";"0";"24,3";"0";"13568518095";"03.10.2026 12:46:45";"";"";"";"0";"0";"0"
"MN7000";"Минск РИЦ";"496968";"11301871";"4";"Горячая вода";"";"410";"УП ""МИНСКВОДОКАНАЛ""";"УП ""МИНСКВОДОКАНАЛ""";"4";"";"01.04.2016";"01.01.2100";"2,0248";"6";"12,15";"12,15";"0";"0";"0";"0";"14,17";"0,03";"0,03";"26,32";"0";"13571114390";"03.10.2026 18:45:33";"";"";"";"0";"0";"0"
"MN7000";"Минск РИЦ";"767954";"19706890";"4";"Горячая вода";"";"410";"УП ""МИНСКВОДОКАНАЛ""";"УП ""МИНСКВОДОКАНАЛ""";"4";"";"01.04.2016";"01.01.2100";"2,0248";"1,75";"3,54";"3,54";"0";"0";"0";"0";"7,08";"0,06";"0,06";"10,62";"0";"13565877816";"03.10.2026 9:05:19";"";"";"";"0";"0";"0"
"MN7000";"Минск РИЦ";"580913";"14079155";"4";"Горячая вода";"";"410";"УП ""МИНСКВОДОКАНАЛ""";"УП ""МИНСКВОДОКАНАЛ""";"4";"";"01.04.2016";"01.01.2100";"2,0248";"5,88";"11,91";"11,91";"0";"0";"0";"0";"15,69";"0,46";"0,46";"27,6";"0";"13560536783";"02.10.2026 16:51:10";"";"";"";"0";"0";"0"
"MN7000";"Минск РИЦ";"717059";"23088791";"4";"Горячая вода";"";"410";"УП ""МИНСКВОДОКАНАЛ""";"УП ""МИНСКВОДОКАНАЛ""";"4";"";"01.04.2016";"01.01.2100";"2,0248";"0";"0";"0";"0";"0";"0";"0";"0";"0";"0";"0";"0";"13549397009";"30.09.2026 23:08:56";"";"";"";"0";"0";"0"
"MN7000";"Минск РИЦ";"823237";"19976408";"4";"Горячая вода";"";"410";"УП ""МИНСКВОДОКАНАЛ""";"УП ""МИНСКВОДОКАНАЛ""";"4";"";"01.04.2016";"01.01.2100";"2,0248";"8,57";"17,35";"17,35";"0";"0";"0";"0";"17,98";"0,1";"0,1";"35,33";"0";"13565913990";"03.10.2026 9:05:19";"";"";"";"0";"0";"0"
"MN7000";"Минск РИЦ";"441130";"9269756";"4";"Горячая вода";"";"410";"УП ""МИНСКВОДОКАНАЛ""";"УП ""МИНСКВОДОКАНАЛ""";"4";"";"01.04.2016";"01.01.2100";"2,0248";"0,24";"0,49";"0,49";"0";"0";"0";"0";"0,59";"0";"0";"1,08";"0";"13563708661";"03.10.2026 6:36:14";"";"";"";"0";"0";"0"
"MN7000";"Минск РИЦ";"1019451";"40465803";"4";"Горячая вода";"";"410";"УП ""МИНСКВОДОКАНАЛ""";"УП ""МИНСКВОДОКАНАЛ""";"4";"";"01.06.2024";"01.01.2100";"2,0248";"2,86";"5,79";"5,79";"0";"0";"-6,18";"0";"1,58";"0";"0";"1,19";"0";"13561688545";"03.10.2026 1:18:56";"";"";"";"0";"0";"0"
"MN7000";"Минск РИЦ";"111810";"1249005";"4";"Горячая вода";"";"410";"УП ""МИНСКВОДОКАНАЛ""";"УП ""МИНСКВОДОКАНАЛ""";"4";"";"01.04.2016";"01.01.2100";"2,0248";"3";"6,07";"6,07";"0";"0";"0";"0";"3,87";"1,4";"1,4";"6,07";"0";"13568600200";"03.10.2026 12:46:45";"";"";"";"0";"3,87";"0"
"MN7000";"Минск РИЦ";"1056919";"43933280";"4";"Горячая вода";"";"410";"УП ""МИНСКВОДОКАНАЛ""";"УП ""МИНСКВОДОКАНАЛ""";"4";"";"27.01.2026";"01.01.2100";"2,0248";"0,94";"1,9";"1,9";"0";"0";"0";"0";"1,08";"0";"0";"2,02";"0";"13561732111";"03.10.2026 1:18:56";"";"";"";"0";"0,96";"0"
"MN7000";"Минск РИЦ";"798773";"23103000";"4";"Горячая вода";"";"410";"УП ""МИНСКВОДОКАНАЛ""";"УП ""МИНСКВОДОКАНАЛ""";"4";"";"01.04.2016";"01.01.2100";"2,0248";"1,5";"3,04";"3,04";"0";"0";"0";"0";"5,06";"0,04";"0,04";"6,08";"0";"13562070571";"03.10.2026 3:11:31";"";"";"";"0";"2,02";"0"
"MN7000";"Минск РИЦ";"811665";"19526587";"4";"Горячая вода";"";"410";"УП ""МИНСКВОДОКАНАЛ""";"УП ""МИНСКВОДОКАНАЛ""";"4";"";"01.04.2016";"01.01.2100";"2,0248";"0";"0";"0";"0";"0";"0";"0";"0";"0";"0";"0";"0";"13565852997";"03.10.2026 9:05:19";"";"";"";"0";"0";"0"
"MN7000";"Минск РИЦ";"768377";"19079013";"4";"Горячая вода";"";"410";"УП ""МИНСКВОДОКАНАЛ""";"УП ""МИНСКВОДОКАНАЛ""";"4";"";"01.04.2016";"01.01.2100";"2,0248";"5,74";"11,62";"11,62";"0";"0";"0";"0";"23,24";"0,63";"0,4";"23,24";"0";"13565792917";"03.10.2026 9:05:19";"";"";"";"0";"11,62";"0,23"
"MN7000";"Минск РИЦ";"1046374";"43598405";"4";"Горячая вода";"";"410";"УП ""МИНСКВОДОКАНАЛ""";"УП ""МИНСКВОДОКАНАЛ""";"4";"";"27.10.2025";"01.01.2100";"2,0248";"0,75";"1,52";"1,52";"0";"0";"0";"0";"6,05";"0,4";"0,28";"2,45";"0";"13563975146";"03.10.2026 6:36:14";"";"";"";"0";"5,12";"0,12"
"MN7000";"Минск РИЦ";"978101";"32989088";"4";"Горячая вода";"";"410";"УП ""МИНСКВОДОКАНАЛ""";"УП ""МИНСКВОДОКАНАЛ""";"4";"";"01.02.2021";"01.01.2100";"2,0248";"2,4";"4,86";"4,86";"0";"0";"0";"0";"4,86";"0";"0";"9,72";"0";"13568834756";"03.10.2026 12:46:45";"";"";"";"0";"0";"0"
"MN7000";"Минск РИЦ";"730750";"23077147";"4";"Горячая вода";"";"410";"УП ""МИНСКВОДОКАНАЛ""";"УП ""МИНСКВОДОКАНАЛ""";"4";"";"01.04.2016";"01.01.2100";"2,0248";"5,5";"11,14";"11,14";"0";"0";"0";"0";"12,15";"0";"0";"23,29";"0";"13549396932";"30.09.2026 23:08:56";"";"";"";"6";"0";"0"
"MN7000";"Минск РИЦ";"547410";"13463729";"4";"Горячая вода";"";"410";"УП ""МИНСКВОДОКАНАЛ""";"УП ""МИНСКВОДОКАНАЛ""";"4";"";"01.04.2016";"01.01.2100";"2,0248";"10";"20,25";"20,25";"0";"0";"0";"0";"63,32";"126,13";"126,13";"83,57";"0";"13571884746";"04.10.2026 21:26:31";"";"";"";"58";"0";"0"
"MN7000";"Минск РИЦ";"730856";"26960890";"4";"Горячая вода";"";"410";"УП ""МИНСКВОДОКАНАЛ""";"УП ""МИНСКВОДОКАНАЛ""";"4";"";"01.11.2017";"01.01.2100";"2,0248";"5,25";"10,63";"10,63";"0";"0";"0";"0";"1,01";"1,52";"1,52";"11,64";"0";"13549403053";"30.09.2026 23:08:56";"";"";"";"0";"0";"0"
"MN7000";"Минск РИЦ";"1008768";"38950766";"4";"Горячая вода";"";"410";"УП ""МИНСКВОДОКАНАЛ""";"УП ""МИНСКВОДОКАНАЛ""";"4";"";"10.08.2023";"01.01.2100";"2,0248";"0";"0";"0";"0";"0";"0";"0";"0,99";"0,22";"0,22";"0,99";"0";"13560618583";"02.10.2026 17:19:25";"";"";"";"0";"0";"0"
"MN7000";"Минск РИЦ";"178947";"1017693";"4";"Горячая вода";"";"410";"УП ""МИНСКВОДОКАНАЛ""";"УП ""МИНСКВОДОКАНАЛ""";"4";"";"01.04.2016";"01.01.2100";"2,0248";"0,48";"0,97";"0,97";"0";"0";"0";"0";"1,12";"0,52";"0,52";"2,09";"0";"13568574619";"03.10.2026 12:46:45";"";"";"";"0";"0";"0"
"MN7000";"Минск РИЦ";"183962";"469832";"4";"Горячая вода";"";"410";"УП ""МИНСКВОДОКАНАЛ""";"УП ""МИНСКВОДОКАНАЛ""";"4";"";"01.04.2016";"01.01.2100";"2,0248";"9,75";"19,74";"19,74";"0";"0";"0";"0";"35,13";"1,65";"0,39";"39,15";"0";"13561457077";"03.10.2026 1:18:56";"";"";"";"0";"15,72";"1,26"
"MN7000";"Минск РИЦ";"1022086";"41310686";"4";"Горячая вода";"";"410";"УП ""МИНСКВОДОКАНАЛ""";"УП ""МИНСКВОДОКАНАЛ""";"4";"";"01.09.2024";"01.01.2100";"2,0248";"2";"4,05";"4,05";"0";"0";"0";"0";"1,01";"0";"0";"5,06";"0";"13571624936";"03.10.2026 18:45:33";"";"";"";"0";"0";"0"
"MN7000";"Минск РИЦ";"1021340";"40892038";"4";"Горячая вода";"";"410";"УП ""МИНСКВОДОКАНАЛ""";"УП ""МИНСКВОДОКАНАЛ""";"4";"";"02.08.2024";"01.01.2100";"2,0248";"0";"0";"0";"0";"0";"0";"0";"61,87";"32,95";"32,95";"61,87";"0";"13550665065";"01.10.2026 2:53:14";"";"";"";"12";"0";"0"
"MN7000";"Минск РИЦ";"785382";"20066378";"4";"Горячая вода";"";"410";"УП ""МИНСКВОДОКАНАЛ""";"УП ""МИНСКВОДОКАНАЛ""";"4";"";"01.04.2016";"01.01.2100";"2,0248";"2,85";"5,77";"5,77";"0";"0";"0";"0";"5,77";"0,11";"0,11";"11,54";"0";"13565925197";"03.10.2026 9:05:19";"";"";"";"0";"0";"0"
"MN7000";"Минск РИЦ";"986395";"36703740";"4";"Горячая вода";"";"410";"УП ""МИНСКВОДОКАНАЛ""";"УП ""МИНСКВОДОКАНАЛ""";"4";"";"01.09.2021";"01.01.2100";"2,0248";"0";"0";"0";"0";"0";"0";"0";"4,86";"0";"0";"4,86";"0";"13564852532";"03.10.2026 8:35:39";"";"";"";"0";"0";"0"
"MN7000";"Минск РИЦ";"231798";"3626312";"4";"Горячая вода";"";"410";"УП ""МИНСКВОДОКАНАЛ""";"УП ""МИНСКВОДОКАНАЛ""";"4";"";"01.04.2016";"01.01.2100";"2,0248";"5";"10,12";"10,12";"0";"0";"0";"0";"8,1";"0,04";"0,04";"18,22";"0";"13550496350";"01.10.2026 2:53:14";"";"";"";"0";"0";"0"
"MN7000";"Минск РИЦ";"512933";"11706408";"4";"Горячая вода";"";"410";"УП ""МИНСКВОДОКАНАЛ""";"УП ""МИНСКВОДОКАНАЛ""";"4";"";"01.04.2016";"01.01.2100";"2,0248";"2";"4,05";"4,05";"0";"0";"0";"0";"4,06";"0,07";"0,07";"8,11";"0";"13571168168";"03.10.2026 18:45:33";"";"";"";"3";"0";"0"
"MN7000";"Минск РИЦ";"804080";"19750848";"4";"Горячая вода";"";"410";"УП ""МИНСКВОДОКАНАЛ""";"УП ""МИНСКВОДОКАНАЛ""";"4";"";"01.04.2016";"01.01.2100";"2,0248";"3,54";"7,17";"7,17";"0";"0";"-0,72";"0";"6,45";"0";"0";"12,9";"0";"13562160967";"03.10.2026 3:11:31";"";"";"";"0";"0";"0"
"MN7000";"Минск РИЦ";"111810";"1244305";"5";"Водоотведение";"";"410";"УП ""МИНСКВОДОКАНАЛ""";"УП ""МИНСКВОДОКАНАЛ""";"5";"";"01.04.2016";"01.01.2100";"1,1295";"8";"9,04";"9,04";"0";"0";"0";"0";"3,29";"0,8";"0,8";"9,04";"0";"13568599253";"03.10.2026 12:46:45";"";"";"";"0";"3,29";"0"
"MN7000";"Минск РИЦ";"955409";"31301563";"5";"Водоотведение";"";"410";"УП ""МИНСКВОДОКАНАЛ""";"УП ""МИНСКВОДОКАНАЛ""";"5";"";"01.09.2019";"01.01.2100";"1,1295";"4";"4,52";"4,52";"0";"0";"0";"0";"4,66";"1,18";"1,18";"7,51";"0";"13566015098";"03.10.2026 9:05:19";"";"";"";"2";"1,67";"0"
"MN7000";"Минск РИЦ";"382652";"9457607";"5";"Водоотведение";"";"410";"УП ""МИНСКВОДОКАНАЛ""";"УП ""МИНСКВОДОКАНАЛ""";"5";"";"01.04.2016";"01.01.2100";"1,1295";"3,3333333333";"3,76";"3,76";"0";"0";"0";"0";"6,26";"1,37";"1,37";"10,02";"0";"13564138780";"03.10.2026 6:56:22";"";"";"";"0";"0";"0"
"MN7000";"Минск РИЦ";"161306";"297228";"5";"Водоотведение";"";"410";"УП ""МИНСКВОДОКАНАЛ""";"УП ""МИНСКВОДОКАНАЛ""";"5";"";"01.04.2016";"01.01.2100";"1,1295";"0";"0";"0";"0";"0";"0";"0";"0";"0";"0";"0";"0";"13561447557";"03.10.2026 1:18:56";"";"";"";"0";"0";"0"
"MN7000";"Минск РИЦ";"1019451";"40465808";"5";"Водоотведение";"";"410";"УП ""МИНСКВОДОКАНАЛ""";"УП ""МИНСКВОДОКАНАЛ""";"5";"";"01.06.2024";"01.01.2100";"1,1295";"8,86";"10,01";"10,01";"0";"0";"-14,74";"0";"11,05";"0";"0";"6,32";"0";"13561688547";"03.10.2026 1:18:56";"";"";"";"0";"0";"0"
"MN7000";"Минск РИЦ";"490081";"41503198";"5";"Водоотведение";"";"410";"УП ""МИНСКВОДОКАНАЛ""";"УП ""МИНСКВОДОКАНАЛ""";"5";"";"01.10.2024";"01.01.2100";"1,1295";"0";"0";"0";"0";"0";"0";"0";"0";"0";"0";"0";"0";"13571626371";"03.10.2026 18:45:33";"";"";"";"0";"0";"0"
"MN7000";"Минск РИЦ";"512933";"11729744";"5";"Водоотведение";"";"410";"УП ""МИНСКВОДОКАНАЛ""";"УП ""МИНСКВОДОКАНАЛ""";"5";"";"01.04.2016";"01.01.2100";"1,1295";"6";"6,78";"6,78";"0";"0";"0";"0";"7,92";"0,08";"0,08";"14,7";"0";"13571171615";"03.10.2026 18:45:33";"";"";"";"3";"0";"0"
"MN7000";"Минск РИЦ";"784573";"41353374";"5";"Водоотведение";"";"410";"УП ""МИНСКВОДОКАНАЛ""";"УП ""МИНСКВОДОКАНАЛ""";"5";"";"01.09.2024";"01.01.2100";"1,1295";"0";"0";"0";"0";"0";"0";"0";"0";"0";"0";"0";"0";"13566163982";"03.10.2026 9:05:19";"";"";"";"0";"0";"0"
"MN7000";"Минск РИЦ";"1069422";"44344372";"5";"Водоотведение";"";"410";"УП ""МИНСКВОДОКАНАЛ""";"УП ""МИНСКВОДОКАНАЛ""";"5";"";"11.06.2026";"01.01.2100";"1,1295";"0";"0";"0";"0";"0";"0";"0";"0";"0";"0";"0";"0";"13562771686";"03.10.2026 4:21:30";"";"";"";"0";"0";"0"
"MN7000";"Минск РИЦ";"189861";"1329763";"5";"Водоотведение";"";"410";"УП ""МИНСКВОДОКАНАЛ""";"УП ""МИНСКВОДОКАНАЛ""";"5";"";"01.04.2016";"01.01.2100";"1,1295";"5";"5,65";"5,65";"0";"0";"0";"0";"16,95";"1,6";"1,6";"11,87";"0";"13568609981";"03.10.2026 12:46:45";"";"";"";"5";"10,73";"0"
"MN7000";"Минск РИЦ";"139085";"2380822";"5";"Водоотведение";"";"410";"УП ""МИНСКВОДОКАНАЛ""";"УП ""МИНСКВОДОКАНАЛ""";"5";"";"01.04.2016";"01.01.2100";"1,1295";"20";"22,59";"22,59";"0";"0";"0";"0";"22,59";"0,18";"0,18";"45,18";"0";"13568724878";"03.10.2026 12:46:45";"";"";"";"0";"0";"0"
"MN7000";"Минск РИЦ";"811665";"19537063";"5";"Водоотведение";"";"410";"УП ""МИНСКВОДОКАНАЛ""";"УП ""МИНСКВОДОКАНАЛ""";"5";"";"01.04.2016";"01.01.2100";"1,1295";"0";"0";"0";"0";"0";"0";"0";"0";"0";"0";"0";"0";"13565854694";"03.10.2026 9:05:19";"";"";"";"0";"0";"0"
"MN7000";"Минск РИЦ";"1035981";"42672451";"5";"Водоотведение";"";"410";"УП ""МИНСКВОДОКАНАЛ""";"УП ""МИНСКВОДОКАНАЛ""";"5";"";"01.05.2025";"01.01.2100";"1,1295";"12";"13,55";"13,55";"0";"0";"0";"0";"0,54";"0";"0";"14,09";"0";"13564382362";"03.10.2026 6:56:22";"";"";"";"0";"0";"0"
"MN7000";"Минск РИЦ";"231798";"3626305";"5";"Водоотведение";"";"410";"УП ""МИНСКВОДОКАНАЛ""";"УП ""МИНСКВОДОКАНАЛ""";"5";"";"01.04.2016";"01.01.2100";"1,1295";"8";"9,04";"9,04";"0";"0";"0";"0";"9,04";"0,03";"0,03";"18,08";"0";"13550496347";"01.10.2026 2:53:14";"";"";"";"0";"0";"0"
"MN7000";"Минск РИЦ";"365553";"9442242";"5";"Водоотведение";"";"410";"УП ""МИНСКВОДОКАНАЛ""";"УП ""МИНСКВОДОКАНАЛ""";"5";"";"01.04.2016";"01.01.2100";"1,1295";"4";"4,52";"4,52";"0";"0";"0";"0";"2,32";"0,2";"0,2";"6,84";"0";"13563721629";"03.10.2026 6:36:14";"";"";"";"0";"0";"0"
"MN7000";"Минск РИЦ";"804080";"19756221";"5";"Водоотведение";"";"410";"УП ""МИНСКВОДОКАНАЛ""";"УП ""МИНСКВОДОКАНАЛ""";"5";"";"01.04.2016";"01.01.2100";"1,1295";"10,56";"11,93";"11,93";"0";"0";"-0,4";"0";"11,53";"0";"0";"23,06";"0";"13562161625";"03.10.2026 3:11:31";"";"";"";"0";"0";"0"
"MN7000";"Минск РИЦ";"580893";"13741591";"5";"Водоотведение";"";"410";"УП ""МИНСКВОДОКАНАЛ""";"УП ""МИНСКВОДОКАНАЛ""";"5";"";"01.04.2016";"01.01.2100";"1,1295";"6,5";"7,34";"7,34";"0";"0";"0";"0";"14,8";"0,26";"0,14";"14,43";"0";"13560524725";"02.10.2026 16:51:10";"";"";"";"0";"7,71";"0,12"
"MN7000";"Минск РИЦ";"192685";"304625";"5";"Водоотведение";"";"410";"УП ""МИНСКВОДОКАНАЛ""";"УП ""МИНСКВОДОКАНАЛ""";"5";"";"01.04.2016";"01.01.2100";"1,1295";"23,88";"26,97";"26,97";"0";"0";"0";"0";"52,68";"5,82";"5,82";"49,88";"0";"13561448583";"03.10.2026 1:18:56";"";"";"";"0";"29,77";"0"
"MN7000";"Минск РИЦ";"814107";"20049488";"5";"Водоотведение";"";"410";"УП ""МИНСКВОДОКАНАЛ""";"УП ""МИНСКВОДОКАНАЛ""";"5";"";"01.04.2016";"01.01.2100";"1,1295";"11,13";"12,57";"12,57";"0";"0";"0";"0";"25,13";"0,25";"0,25";"23,58";"0";"13562189372";"03.10.2026 3:11:31";"";"";"";"0";"14,12";"0"
"MN7000";"Минск РИЦ";"798773";"41948627";"5";"Водоотведение";"";"410";"УП ""МИНСКВОДОКАНАЛ""";"УП ""МИНСКВОДОКАНАЛ""";"5";"";"01.11.2024";"01.01.2100";"1,1295";"3";"3,39";"3,39";"0";"0";"0";"0";"5,65";"0,04";"0,04";"6,78";"0";"13562352422";"03.10.2026 3:11:31";"";"";"";"0";"2,26";"0"
"MN7000";"Минск РИЦ";"524245";"12596480";"5";"Водоотведение";"";"410";"УП ""МИНСКВОДОКАНАЛ""";"УП ""МИНСКВОДОКАНАЛ""";"5";"";"01.04.2016";"01.01.2100";"1,1295";"3";"3,39";"3,39";"0";"0";"0";"0";"27,32";"0";"0";"30,7";"0";"13571720395";"04.10.2026 21:26:31";"";"";"";"0";"0,01";"0"
"MN7000";"Минск РИЦ";"490418";"11342036";"5";"Водоотведение";"";"410";"УП ""МИНСКВОДОКАНАЛ""";"УП ""МИНСКВОДОКАНАЛ""";"5";"";"01.04.2016";"01.01.2100";"1,1295";"0,77";"0,87";"0,87";"0";"0";"0";"0";"1,73";"0";"0";"2,6";"0";"13571119921";"03.10.2026 18:45:33";"";"";"";"0";"0";"0"
"MN7000";"Минск РИЦ";"811865";"41359958";"5";"Водоотведение";"";"410";"УП ""МИНСКВОДОКАНАЛ""";"УП ""МИНСКВОДОКАНАЛ""";"5";"";"01.09.2024";"01.01.2100";"1,1295";"0";"0";"0";"0";"0";"0";"0";"0";"0";"0";"0";"0";"13566168854";"03.10.2026 9:05:19";"";"";"";"0";"0";"0"
"MN7000";"Минск РИЦ";"232534";"3121938";"5";"Водоотведение";"";"410";"УП ""МИНСКВОДОКАНАЛ""";"УП ""МИНСКВОДОКАНАЛ""";"5";"";"01.04.2016";"01.01.2100";"1,1295";"0";"0";"0";"0";"0";"0";"0";"0";"0";"0";"0";"0";"13550477213";"01.10.2026 2:53:14";"";"";"";"0";"0";"0"
"MN7000";"Минск РИЦ";"207130";"3476391";"5";"Водоотведение";"";"410";"УП ""МИНСКВОДОКАНАЛ""";"УП ""МИНСКВОДОКАНАЛ""";"5";"";"01.04.2016";"01.01.2100";"1,1295";"5,06";"5,72";"5,72";"0";"0,63";"0";"0";"11,7";"0,26";"0,89";"17,42";"0";"13552591737";"01.10.2026 5:50:15";"";"";"";"0";"0";"0"
"MN7000";"Минск РИЦ";"496122";"41309792";"5";"Водоотведение";"";"410";"УП ""МИНСКВОДОКАНАЛ""";"УП ""МИНСКВОДОКАНАЛ""";"5";"";"01.09.2024";"01.01.2100";"1,1295";"14,86";"16,78";"16,78";"0";"0";"0";"0";"26,79";"0,52";"0,52";"43,57";"0";"13571624578";"03.10.2026 18:45:33";"";"";"";"0";"0";"0"
"MN7000";"Минск РИЦ";"782156";"41420173";"5";"Водоотведение";"";"410";"УП ""МИНСКВОДОКАНАЛ""";"УП ""МИНСКВОДОКАНАЛ""";"5";"";"01.09.2024";"01.01.2100";"1,1295";"15";"16,94";"16,94";"0";"0";"0";"0";"16,94";"0,1";"0,1";"33,88";"0";"13566169420";"03.10.2026 9:05:19";"";"";"";"0";"0";"0"
"MN7000";"Минск РИЦ";"785464";"19187235";"5";"Водоотведение";"";"410";"УП ""МИНСКВОДОКАНАЛ""";"УП ""МИНСКВОДОКАНАЛ""";"5";"";"01.04.2016";"01.01.2100";"1,1295";"0";"0";"0";"0";"0";"0";"0";"32,95";"311,11";"311,11";"32,95";"0";"13565807763";"03.10.2026 9:05:19";"";"";"";"80";"0";"0"
"MN7000";"Минск РИЦ";"986395";"36703888";"5";"Водоотведение";"";"410";"УП ""МИНСКВОДОКАНАЛ""";"УП ""МИНСКВОДОКАНАЛ""";"5";"";"01.09.2021";"01.01.2100";"1,1295";"0";"0";"0";"0";"0";"0";"0";"5,42";"0";"0";"5,42";"0";"13564852585";"03.10.2026 8:35:39";"";"";"";"0";"0";"0"
"MN7000";"Минск РИЦ";"363885";"9228852";"5";"Водоотведение";"";"410";"УП ""МИНСКВОДОКАНАЛ""";"УП ""МИНСКВОДОКАНАЛ""";"5";"";"01.04.2016";"01.01.2100";"1,1295";"13";"14,68";"14,68";"0";"0";"0";"0";"15,59";"0,06";"0,06";"30,27";"0";"13563705521";"03.10.2026 6:36:14";"";"";"";"0";"0";"0"
"MN7000";"Минск РИЦ";"1044522";"43517829";"5";"Водоотведение";"";"410";"УП ""МИНСКВОДОКАНАЛ""";"УП ""МИНСКВОДОКАНАЛ""";"5";"";"02.09.2025";"01.01.2100";"1,1295";"0";"0";"0";"0";"0";"0";"0";"9,77";"0";"0";"9,77";"0";"13560584467";"02.10.2026 17:07:24";"";"";"";"0";"0";"0"
"MN7000";"Минск РИЦ";"1046374";"43598408";"5";"Водоотведение";"";"410";"УП ""МИНСКВОДОКАНАЛ""";"УП ""МИНСКВОДОКАНАЛ""";"5";"";"27.10.2025";"01.01.2100";"1,1295";"1,5";"1,69";"1,69";"0";"0";"0";"0";"6,74";"0,43";"0,31";"2,73";"0";"13563975148";"03.10.2026 6:36:14";"";"";"";"0";"5,7";"0,12"
"MN7000";"Минск РИЦ";"183962";"531556";"5";"Водоотведение";"";"410";"УП ""МИНСКВОДОКАНАЛ""";"УП ""МИНСКВОДОКАНАЛ""";"5";"";"01.04.2016";"01.01.2100";"1,1295";"17,5";"19,77";"19,77";"0";"0";"0";"0";"35,13";"1,65";"0,39";"39,21";"0";"13561460344";"03.10.2026 1:18:56";"";"";"";"0";"15,69";"1,26"
"MN7000";"Минск РИЦ";"529172";"13118217";"5";"Водоотведение";"";"410";"УП ""МИНСКВОДОКАНАЛ""";"УП ""МИНСКВОДОКАНАЛ""";"5";"";"01.04.2016";"01.01.2100";"1,1295";"12,37";"13,97";"13,97";"0";"0";"0";"0";"29,24";"0,38";"0,27";"27,94";"0";"13571752145";"04.10.2026 21:26:31";"";"";"";"0";"15,27";"0,11"
"MN7000";"Минск РИЦ";"988012";"36921390";"5";"Водоотведение";"";"410";"УП ""МИНСКВОДОКАНАЛ""";"УП ""МИНСКВОДОКАНАЛ""";"5";"";"11.11.2021";"01.01.2100";"1,1295";"0";"0";"0";"0";"0";"0,14";"0";"5,41";"0,16";"0,16";"3,02";"0";"13560532744";"02.10.2026 17:07:24";"";"";"";"0";"2,53";"0"
"MN7000";"Минск РИЦ";"178947";"1023252";"5";"Водоотведение";"";"410";"УП ""МИНСКВОДОКАНАЛ""";"УП ""МИНСКВОДОКАНАЛ""";"5";"";"01.04.2016";"01.01.2100";"1,1295";"1,14";"1,29";"1,29";"0";"0";"0";"0";"1,49";"0,65";"0,65";"2,78";"0";"13568575806";"03.10.2026 12:46:45";"";"";"";"0";"0";"0"
"MN7000";"Минск РИЦ";"978101";"32989089";"5";"Водоотведение";"";"410";"УП ""МИНСКВОДОКАНАЛ""";"УП ""МИНСКВОДОКАНАЛ""";"5";"";"01.02.2021";"01.01.2100";"1,1295";"7,4";"8,36";"8,36";"0";"0";"0";"0";"7,45";"0";"0";"15,81";"0";"13568834757";"03.10.2026 12:46:45";"";"";"";"0";"0";"0"
"MN7000";"Минск РИЦ";"576698";"24963271";"5";"Водоотведение";"";"410";"УП ""МИНСКВОДОКАНАЛ""";"УП ""МИНСКВОДОКАНАЛ""";"5";"";"01.08.2017";"01.01.2100";"1,1295";"13";"14,68";"14,68";"0";"0";"0";"0";"14,12";"0";"0";"28,8";"0";"13562762917";"03.10.2026 4:21:30";"";"";"";"0";"0";"0"
"MN7000";"Минск РИЦ";"363561";"9607834";"5";"Водоотведение";"";"410";"УП ""МИНСКВОДОКАНАЛ""";"УП ""МИНСКВОДОКАНАЛ""";"5";"";"01.07.2016";"01.01.2100";"1,1295";"7,56";"8,54";"8,54";"0";"0";"0";"0";"7,44";"0";"0";"15,98";"0";"13560571992";"02.10.2026 17:19:25";"";"";"";"0";"0";"0"
"MN7000";"Минск РИЦ";"767954";"19724394";"5";"Водоотведение";"";"410";"УП ""МИНСКВОДОКАНАЛ""";"УП ""МИНСКВОДОКАНАЛ""";"5";"";"01.04.2016";"01.01.2100";"1,1295";"2,42";"2,73";"2,73";"0";"0";"0";"0";"5,47";"0,05";"0,05";"8,2";"0";"13565880371";"03.10.2026 9:05:19";"";"";"";"0";"0";"0"
"MN7000";"Минск РИЦ";"574329";"26793935";"5";"Водоотведение";"";"410";"УП ""МИНСКВОДОКАНАЛ""";"УП ""МИНСКВОДОКАНАЛ""";"5";"";"01.10.2017";"01.01.2100";"1,1295";"22,5";"25,41";"25,41";"0";"0";"0";"0";"23,72";"0";"0";"49,13";"0";"13562765559";"03.10.2026 4:21:30";"";"";"";"0";"0";"0"
"MN7000";"Минск РИЦ";"547410";"13491511";"5";"Водоотведение";"";"410";"УП ""МИНСКВОДОКАНАЛ""";"УП ""МИНСКВОДОКАНАЛ""";"5";"";"01.04.2016";"01.01.2100";"1,1295";"10";"11,3";"11,3";"0";"0";"0";"0";"35,09";"159,32";"159,32";"46,39";"0";"13571886446";"04.10.2026 21:26:31";"";"";"";"57";"0";"0"
"MN7000";"Минск РИЦ";"1021202";"40823852";"5";"Водоотведение";"";"410";"УП ""МИНСКВОДОКАНАЛ""";"УП ""МИНСКВОДОКАНАЛ""";"5";"";"01.08.2024";"01.01.2100";"1,1295";"25,99";"29,36";"29,36";"0";"0";"0";"0";"21,81";"0";"0";"51,17";"0";"13562770846";"03.10.2026 4:21:30";"";"";"";"0";"0";"0"
"MN7000";"Минск РИЦ";"800695";"19499618";"5";"Водоотведение";"";"410";"УП ""МИНСКВОДОКАНАЛ""";"УП ""МИНСКВОДОКАНАЛ""";"5";"";"01.04.2016";"01.01.2100";"1,1295";"11";"12,42";"12,42";"0";"0";"0";"0";"14,11";"0,16";"0,16";"26,52";"0";"13565849895";"03.10.2026 9:05:19";"";"";"";"0";"0,01";"0"
"MN7000";"Минск РИЦ";"1029793";"42391726";"5";"Водоотведение";"";"410";"УП ""МИНСКВОДОКАНАЛ""";"УП ""МИНСКВОДОКАНАЛ""";"5";"";"01.02.2025";"01.01.2100";"1,1295";"0,788";"0,89";"0,89";"0";"0";"0";"0";"1,79";"0,02";"0,01";"1,92";"0";"13525097720";"25.09.2026 18:13:11";"";"";"";"0";"0,76";"0,01"
"MN7000";"Минск РИЦ";"441130";"9222947";"5";"Водоотведение";"";"410";"УП ""МИНСКВОДОКАНАЛ""";"УП ""МИНСКВОДОКАНАЛ""";"5";"";"01.04.2016";"01.01.2100";"1,1295";"0,79";"0,89";"0,89";"0";"0";"0";"0";"1,07";"0,01";"0,01";"1,96";"0";"13563705102";"03.10.2026 6:36:14";"";"";"";"0";"0";"0"
"MN7000";"Минск РИЦ";"110634";"553179";"5";"Водоотведение";"";"410";"УП ""МИНСКВОДОКАНАЛ""";"УП ""МИНСКВОДОКАНАЛ""";"5";"";"01.04.2016";"01.01.2100";"1,1295";"14";"15,81";"15,81";"0";"0";"0";"0";"18,07";"0";"0";"33,88";"0";"13568516330";"03.10.2026 12:46:45";"";"";"";"0";"0";"0"
"MN7000";"Минск РИЦ";"496968";"11303437";"5";"Водоотведение";"";"410";"УП ""МИНСКВОДОКАНАЛ""";"УП ""МИНСКВОДОКАНАЛ""";"5";"";"01.04.2016";"01.01.2100";"1,1295";"14,5";"16,38";"16,38";"0";"0";"0";"0";"21,46";"0,04";"0,04";"37,84";"0";"13571114750";"03.10.2026 18:45:33";"";"";"";"0";"0";"0"
"MN7000";"Минск РИЦ";"768377";"19107881";"5";"Водоотведение";"";"410";"УП ""МИНСКВОДОКАНАЛ""";"УП ""МИНСКВОДОКАНАЛ""";"5";"";"01.04.2016";"01.01.2100";"1,1295";"18,49";"20,88";"20,88";"0";"0";"0";"0";"41,76";"1,06";"0,69";"41,76";"0";"13565796831";"03.10.2026 9:05:19";"";"";"";"0";"20,88";"0,37"
"MN7000";"Минск РИЦ";"945811";"30647779";"5";"Водоотведение";"";"410";"УП ""МИНСКВОДОКАНАЛ""";"УП ""МИНСКВОДОКАНАЛ""";"5";"";"06.03.2019";"01.01.2100";"1,1295";"0";"0";"0";"0";"0";"0";"0";"34,09";"0,37";"0,26";"19,54";"0";"13560530532";"02.10.2026 17:07:24";"";"";"";"0";"14,55";"0,11"
"MN7000";"Минск РИЦ";"1056919";"43933282";"5";"Водоотведение";"";"410";"УП ""МИНСКВОДОКАНАЛ""";"УП ""МИНСКВОДОКАНАЛ""";"5";"";"27.01.2026";"01.01.2100";"1,1295";"4,662";"5,27";"5,27";"0";"0";"0";"0";"4,45";"0";"0";"5,78";"0";"13561732113";"03.10.2026 1:18:56";"";"";"";"0";"3,94";"0"
"MN7000";"Минск РИЦ";"730750";"40659298";"5";"Водоотведение";"";"410";"УП ""МИНСКВОДОКАНАЛ""";"УП ""МИНСКВОДОКАНАЛ""";"5";"";"01.07.2024";"01.01.2100";"1,1295";"8,45";"9,54";"9,54";"0";"0";"0";"0";"12,42";"0";"0";"21,96";"0";"13549498699";"30.09.2026 23:08:56";"";"";"";"0";"0";"0"
"MN7000";"Минск РИЦ";"103501";"399449";"5";"Водоотведение";"";"410";"УП ""МИНСКВОДОКАНАЛ""";"УП ""МИНСКВОДОКАНАЛ""";"5";"";"01.04.2016";"01.01.2100";"1,1295";"2,59";"2,93";"2,93";"0";"0";"0";"0";"2,93";"0";"0";"5,86";"0";"13567976470";"03.10.2026 12:46:45";"";"";"";"0";"0";"0"
"MN7000";"Минск РИЦ";"580913";"14093302";"5";"Водоотведение";"";"410";"УП ""МИНСКВОДОКАНАЛ""";"УП ""МИНСКВОДОКАНАЛ""";"5";"";"01.04.2016";"01.01.2100";"1,1295";"13,13";"14,83";"14,83";"0";"0";"0";"0";"20,61";"0,52";"0,52";"35,44";"0";"13560536829";"02.10.2026 16:51:10";"";"";"";"0";"0";"0"
"MN7000";"Минск РИЦ";"785382";"20088344";"5";"Водоотведение";"";"410";"УП ""МИНСКВОДОКАНАЛ""";"УП ""МИНСКВОДОКАНАЛ""";"5";"";"01.04.2016";"01.01.2100";"1,1295";"11,98";"13,53";"13,53";"0";"0";"0";"0";"13,53";"0,28";"0,28";"27,06";"0";"13565928789";"03.10.2026 9:05:19";"";"";"";"0";"0";"0"
"MN7000";"Минск РИЦ";"576702";"24964860";"5";"Водоотведение";"";"410";"УП ""МИНСКВОДОКАНАЛ""";"УП ""МИНСКВОДОКАНАЛ""";"5";"";"01.08.2017";"01.01.2100";"1,1295";"0";"0";"0";"0";"0";"0";"0";"59,3";"3,26";"3,26";"59,3";"0";"13562763308";"03.10.2026 4:21:30";"";"";"";"0";"0";"0"
"MN7000";"Минск РИЦ";"952529";"31090826";"5";"Водоотведение";"";"410";"УП ""МИНСКВОДОКАНАЛ""";"УП ""МИНСКВОДОКАНАЛ""";"5";"";"01.07.2019";"01.01.2100";"1,1295";"1,3333333333";"1,51";"1,51";"0";"0";"0";"0";"362,09";"1678,28";"1678,28";"363,6";"0";"13571441817";"03.10.2026 18:45:33";"";"";"";"15";"0";"0"
"MN7000";"Минск РИЦ";"815517";"19375931";"5";"Водоотведение";"";"410";"УП ""МИНСКВОДОКАНАЛ""";"УП ""МИНСКВОДОКАНАЛ""";"5";"";"01.04.2016";"01.01.2100";"1,1295";"2,52";"2,85";"2,85";"0";"0";"0";"0";"5,7";"0,06";"0,05";"5,7";"0";"13562124138";"03.10.2026 3:11:31";"";"";"";"0";"2,85";"0,01"
"MN7000";"Минск РИЦ";"467895";"11986114";"5";"Водоотведение";"";"410";"УП ""МИНСКВОДОКАНАЛ""";"УП ""МИНСКВОДОКАНАЛ""";"5";"";"01.04.2016";"01.01.2100";"1,1295";"7";"7,91";"7,91";"0";"0";"0";"0";"15,82";"0,37";"0,23";"15,82";"0";"13571205350";"03.10.2026 18:45:33";"";"";"";"0";"7,91";"0,14"
"MN7000";"Минск РИЦ";"547226";"13370005";"5";"Водоотведение";"";"410";"УП ""МИНСКВОДОКАНАЛ""";"УП ""МИНСКВОДОКАНАЛ""";"5";"";"01.04.2016";"01.01.2100";"1,1295";"7";"7,91";"7,91";"0";"0";"0";"0";"6,78";"0,11";"0,11";"14,67";"0";"13571878770";"04.10.2026 21:26:31";"";"";"";"0";"0,02";"0"
"MN7000";"Минск РИЦ";"490253";"10708571";"5";"Водоотведение";"";"410";"УП ""МИНСКВОДОКАНАЛ""";"УП ""МИНСКВОДОКАНАЛ""";"5";"";"01.04.2016";"01.01.2100";"1,1295";"15,22";"17,19";"17,19";"0";"0";"0";"0";"45,9";"0,89";"0,89";"34,28";"0";"13571033296";"03.10.2026 18:45:33";"";"";"";"0";"28,81";"0"
"MN7000";"Минск РИЦ";"715445";"17061930";"5";"Водоотведение";"";"410";"УП ""МИНСКВОДОКАНАЛ""";"УП ""МИНСКВОДОКАНАЛ""";"5";"";"01.04.2016";"01.01.2100";"1,1295";"2";"2,26";"2,26";"0";"0";"0";"0";"2,82";"0";"0";"5,08";"0";"13549321393";"30.09.2026 23:08:56";"";"";"";"0";"0";"0"
"MN7000";"Минск РИЦ";"730856";"16874134";"5";"Водоотведение";"";"410";"УП ""МИНСКВОДОКАНАЛ""";"УП ""МИНСКВОДОКАНАЛ""";"5";"";"01.04.2016";"01.01.2100";"1,1295";"18,38";"20,76";"20,76";"0";"0";"0";"0";"11,58";"2,24";"2,24";"32,34";"0";"13549311233";"30.09.2026 23:08:56";"";"";"";"0";"0";"0"
"MN7000";"Минск РИЦ";"1008768";"38950768";"5";"Водоотведение";"";"410";"УП ""МИНСКВОДОКАНАЛ""";"УП ""МИНСКВОДОКАНАЛ""";"5";"";"10.08.2023";"01.01.2100";"1,1295";"0";"0";"0";"0";"0";"0";"0";"2,3";"0,36";"0,36";"2,3";"0";"13560618584";"02.10.2026 17:19:25";"";"";"";"0";"0";"0"
"MN7000";"Минск РИЦ";"1029291";"42383326";"5";"Водоотведение";"";"410";"УП ""МИНСКВОДОКАНАЛ""";"УП ""МИНСКВОДОКАНАЛ""";"5";"";"01.02.2025";"01.01.2100";"1,1295";"0";"0";"0";"0";"0";"0";"0";"0";"0";"0";"0";"0";"13569067694";"03.10.2026 12:46:45";"";"";"";"0";"0";"0"
"MN7000";"Минск РИЦ";"764300";"17245730";"5";"Водоотведение";"";"410";"УП ""МИНСКВОДОКАНАЛ""";"УП ""МИНСКВОДОКАНАЛ""";"5";"";"01.04.2016";"01.01.2100";"1,1295";"9";"10,17";"10,17";"0";"0";"0";"0";"20,34";"0,18";"0,18";"30,51";"0";"13549330017";"30.09.2026 23:08:56";"";"";"";"0";"0";"0"
"MN7000";"Минск РИЦ";"1007147";"38815230";"5";"Водоотведение";"";"410";"УП ""МИНСКВОДОКАНАЛ""";"УП ""МИНСКВОДОКАНАЛ""";"5";"";"21.06.2023";"01.01.2100";"1,1295";"-0,007";"-0,01";"-0,01";"0";"0";"0";"0";"0";"0";"0";"-0,01";"0";"13524846400";"25.09.2026 18:13:11";"";"";"";"0";"0";"0"
"MN7000";"Минск РИЦ";"1018761";"39548383";"5";"Водоотведение";"";"410";"УП ""МИНСКВОДОКАНАЛ""";"УП ""МИНСКВОДОКАНАЛ""";"5";"";"01.05.2024";"01.01.2100";"1,1295";"6";"6,78";"6,78";"0";"0";"0";"0";"6,78";"0";"0";"13,56";"0";"13572001123";"04.10.2026 21:26:31";"";"";"";"0";"0";"0"
"MN7000";"Минск РИЦ";"1021731";"41495628";"5";"Водоотведение";"";"410";"УП ""МИНСКВОДОКАНАЛ""";"УП ""МИНСКВОДОКАНАЛ""";"5";"";"01.09.2024";"01.01.2100";"1,1295";"6,637";"7,5";"7,5";"0";"0";"0";"0";"4,02";"0";"0";"11,52";"0";"13561706939";"03.10.2026 1:18:56";"";"";"";"0";"0";"0"
"MN7000";"Минск РИЦ";"523282";"10308154";"5";"Водоотведение";"";"410";"УП ""МИНСКВОДОКАНАЛ""";"УП ""МИНСКВОДОКАНАЛ""";"5";"";"01.04.2016";"01.01.2100";"1,1295";"5,5";"6,21";"6,21";"0";"0";"0";"0";"6,78";"0,01";"0,01";"12,99";"0";"13570298528";"03.10.2026 16:50:37";"";"";"";"0";"0";"0"
"MN7000";"Минск РИЦ";"952527";"31090776";"5";"Водоотведение";"";"410";"УП ""МИНСКВОДОКАНАЛ""";"УП ""МИНСКВОДОКАНАЛ""";"5";"";"01.07.2019";"01.01.2100";"1,1295";"0";"0";"0";"0";"0";"0";"0";"4,09";"11,27";"11,27";"4,09";"0";"13571441807";"03.10.2026 18:45:33";"";"";"";"15";"0";"0"
"MN7000";"Минск РИЦ";"717059";"40658456";"5";"Водоотведение";"";"410";"УП ""МИНСКВОДОКАНАЛ""";"УП ""МИНСКВОДОКАНАЛ""";"5";"";"01.07.2024";"01.01.2100";"1,1295";"0";"0";"0";"0";"0";"0";"0";"0";"0";"0";"0";"0";"13549498228";"30.09.2026 23:08:56";"";"";"";"0";"0";"0"
"MN7000";"Минск РИЦ";"1022086";"41310688";"5";"Водоотведение";"";"410";"УП ""МИНСКВОДОКАНАЛ""";"УП ""МИНСКВОДОКАНАЛ""";"5";"";"01.09.2024";"01.01.2100";"1,1295";"3,5";"3,95";"3,95";"0";"0";"0";"0";"2,26";"0";"0";"6,21";"0";"13571624938";"03.10.2026 18:45:33";"";"";"";"0";"0";"0"
"MN7000";"Минск РИЦ";"575809";"24973308";"5";"Водоотведение";"";"410";"УП ""МИНСКВОДОКАНАЛ""";"УП ""МИНСКВОДОКАНАЛ""";"5";"";"01.08.2017";"01.01.2100";"1,1295";"25";"28,24";"28,24";"0";"0";"0";"0";"37,27";"1,38";"1,38";"65,51";"0";"13562764443";"03.10.2026 4:21:30";"";"";"";"0";"0";"0"
"MN7000";"Минск РИЦ";"195882";"911017";"5";"Водоотведение";"";"410";"УП ""МИНСКВОДОКАНАЛ""";"УП ""МИНСКВОДОКАНАЛ""";"5";"";"01.04.2016";"01.01.2100";"1,1295";"6,7";"7,57";"7,57";"0";"0";"0";"0";"18,6";"1,08";"1,08";"26,17";"0";"13561480215";"03.10.2026 1:18:56";"";"";"";"0";"0";"0"
"MN7000";"Минск РИЦ";"1021340";"40892040";"5";"Водоотведение";"";"410";"УП ""МИНСКВОДОКАНАЛ""";"УП ""МИНСКВОДОКАНАЛ""";"5";"";"02.08.2024";"01.01.2100";"1,1295";"0";"0";"0";"0";"0";"0";"0";"113,34";"55,83";"55,83";"113,34";"0";"13550665067";"01.10.2026 2:53:14";"";"";"";"12";"0";"0"
"MN7000";"Минск РИЦ";"1011281";"39106779";"5";"Водоотведение";"";"410";"УП ""МИНСКВОДОКАНАЛ""";"УП ""МИНСКВОДОКАНАЛ""";"5";"";"18.10.2023";"01.01.2100";"1,1295";"11,686";"13,2";"13,2";"0";"0";"0";"0";"14,54";"0,8";"0,8";"27,74";"0";"13561678417";"03.10.2026 1:18:56";"";"";"";"0";"0";"0"
"MN7000";"Минск РИЦ";"823237";"20011706";"5";"Водоотведение";"";"410";"УП ""МИНСКВОДОКАНАЛ""";"УП ""МИНСКВОДОКАНАЛ""";"5";"";"01.04.2016";"01.01.2100";"1,1295";"14,32";"16,17";"16,17";"0";"0";"0";"0";"16,5";"0,1";"0,1";"32,67";"0";"13565918799";"03.10.2026 9:05:19";"";"";"";"0";"0";"0"
"MN7000";"Минск РИЦ";"1019839";"40603978";"5";"Водоотведение";"";"410";"УП ""МИНСКВОДОКАНАЛ""";"УП ""МИНСКВОДОКАНАЛ""";"5";"";"01.07.2024";"01.01.2100";"1,1295";"7,512";"8,48";"8,48";"0";"0";"0";"0";"17,83";"0,88";"0,88";"17,15";"0";"13561697989";"03.10.2026 1:18:56";"";"";"";"0";"9,16";"0"
"MN7000";"Минск РИЦ";"745760";"17737486";"5";"Водоотведение";"";"410";"УП ""МИНСКВОДОКАНАЛ""";"УП ""МИНСКВОДОКАНАЛ""";"5";"";"01.04.2016";"01.01.2100";"1,1295";"9,675";"10,93";"10,93";"0";"0";"0";"0";"32,79";"1,65";"1,65";"21,37";"0";"13549354211";"30.09.2026 23:08:56";"";"";"";"0";"22,35";"0"
"MN7000";"Минск РИЦ";"582047";"27429073";"7";"Холодная вода (полив огорода)";"";"410";"УП ""МИНСКВОДОКАНАЛ""";"УП ""МИНСКВОДОКАНАЛ""";"7";"";"01.05.2018";"01.01.2100";"2,0248";"0";"0";"0";"0";"0";"0";"0";"25,1";"242,76";"242,76";"25,1";"0";"13562765709";"03.10.2026 4:21:30";"";"";"";"20";"0";"0"
"MN7000";"Минск РИЦ";"490253";"35116723";"10";"Техобслуживание лифта (кв. м)";"";"9100198";"КУП ""Жилищное коммунальное хозяйство Ленинского района г. Минска""";"КУП ""Жилищное коммунальное хозяйство Ленинского района г. Минска""";"10";"";"01.09.2021";"01.01.2100";"0,1034";"67,7";"7";"7";"0";"0";"0";"0";"14";"0,59";"0,59";"13,96";"0";"13571519926";"03.10.2026 18:45:33";"";"";"";"0";"7,04";"0"
"MN7000";"Минск РИЦ";"1029291";"42383331";"10";"Техобслуживание лифта (кв. м)";"";"270";"КУП ""Жилищное коммунальное хозяйство №1 Московского района г.Минска""";"КУП ""Жилищное коммунальное хозяйство №1 Московского района г.Минска""";"10";"";"01.02.2025";"01.01.2100";"0,1034";"12,33";"1,27";"1,27";"0";"0";"0";"0";"1,27";"0";"0";"2,54";"0";"13569067696";"03.10.2026 12:46:45";"";"";"";"0";"0";"0"
"MN7000";"Минск РИЦ";"178947";"34766447";"10";"Техобслуживание лифта (кв. м)";"";"270";"КУП ""Жилищное коммунальное хозяйство №1 Московского района г.Минска""";"КУП ""Жилищное коммунальное хозяйство №1 Московского района г.Минска""";"10";"";"01.09.2021";"01.01.2100";"0,1034";"34,27";"3,54";"3,54";"0";"0";"0";"0";"3,97";"1,66";"1,66";"7,51";"0";"13568880771";"03.10.2026 12:46:45";"";"";"";"0";"0";"0"
"MN7000";"Минск РИЦ";"1022086";"41310690";"10";"Техобслуживание лифта (кв. м)";"";"9100198";"КУП ""Жилищное коммунальное хозяйство Ленинского района г. Минска""";"КУП ""Жилищное коммунальное хозяйство Ленинского района г. Минска""";"10";"";"01.09.2024";"01.01.2100";"0,1034";"8,3";"0,86";"0,86";"0";"0";"0";"0";"0,86";"0";"0";"1,72";"0";"13571624940";"03.10.2026 18:45:33";"";"";"";"0";"0";"0"
"MN7000";"Минск РИЦ";"768377";"34479797";"10";"Техобслуживание лифта (кв. м)";"";"9100541";"КУП ""Жилищное коммунальное хозяйство Советского района г. Минска""";"КУП ""Жилищное коммунальное хозяйство Советского района г. Минска""";"10";"";"01.09.2021";"01.01.2100";"0,1034";"69,9";"7,23";"7,23";"0";"0";"0";"0";"14,46";"0,37";"0,24";"14,46";"0";"13566091334";"03.10.2026 9:05:19";"";"";"";"0";"7,23";"0,13"
"MN7000";"Минск РИЦ";"467895";"35136541";"10";"Техобслуживание лифта (кв. м)";"";"9100198";"КУП ""Жилищное коммунальное хозяйство Ленинского района г. Минска""";"КУП ""Жилищное коммунальное хозяйство Ленинского района г. Минска""";"10";"";"01.09.2021";"01.01.2100";"0,1034";"67,6";"6,99";"6,99";"0";"0";"0";"0";"13,98";"0,34";"0,21";"13,98";"0";"13571539070";"03.10.2026 18:45:33";"";"";"";"0";"6,99";"0,13"
"MN7000";"Минск РИЦ";"1011281";"39107027";"10";"Техобслуживание лифта (кв. м)";"";"270";"КУП ""Жилищное коммунальное хозяйство №1 Московского района г.Минска""";"КУП ""Жилищное коммунальное хозяйство №1 Московского района г.Минска""";"10";"";"18.10.2023";"01.01.2100";"0,1034";"83,2";"8,6";"8,6";"0";"0";"0";"0";"8,6";"0,52";"0,52";"17,2";"0";"13561678423";"03.10.2026 1:18:56";"";"";"";"0";"0";"0"
"MN7000";"Минск РИЦ";"441130";"35069014";"10";"Техобслуживание лифта (кв. м)";"";"264";"КУП ""Жилищное коммунальное хозяйство Заводского района г.Минска""";"КУП ""Жилищное коммунальное хозяйство Заводского района г.Минска""";"10";"";"01.09.2021";"01.01.2100";"0,1034";"35,7";"3,69";"3,69";"0";"0";"0";"0";"3,69";"0,03";"0,03";"7,38";"0";"13563845523";"03.10.2026 6:36:14";"";"";"";"0";"0";"0"
"MN7000";"Минск РИЦ";"110634";"34754148";"10";"Техобслуживание лифта (кв. м)";"";"270";"КУП ""Жилищное коммунальное хозяйство №1 Московского района г.Минска""";"КУП ""Жилищное коммунальное хозяйство №1 Московского района г.Минска""";"10";"";"01.09.2021";"01.01.2100";"0,1034";"76,3";"7,89";"7,89";"0";"0";"0";"0";"7,89";"0";"0";"15,78";"0";"13568868853";"03.10.2026 12:46:45";"";"";"";"0";"0";"0"
"MN7000";"Минск РИЦ";"1019451";"40465812";"10";"Техобслуживание лифта (кв. м)";"";"270";"КУП ""Жилищное коммунальное хозяйство №1 Московского района г.Минска""";"КУП ""Жилищное коммунальное хозяйство №1 Московского района г.Минска""";"10";"";"01.06.2024";"01.01.2100";"0,1034";"63,2";"6,53";"6,53";"0";"0";"-6,53";"0";"0";"0";"0";"0";"0";"13561688549";"03.10.2026 1:18:56";"";"";"";"0";"0";"0"
"MN7000";"Минск РИЦ";"529172";"36178851";"10";"Техобслуживание лифта (кв. м)";"";"9100330";"КУП ""Жилищное коммунальное хозяйство Октябрьского района г. Минска""";"КУП ""Жилищное коммунальное хозяйство Октябрьского района г. Минска""";"10";"";"01.09.2021";"01.01.2100";"0,1034";"46,3";"4,79";"4,79";"0";"0";"0";"0";"9,58";"0,13";"0,09";"9,58";"0";"13571966253";"04.10.2026 21:26:31";"";"";"";"0";"4,79";"0,04"
"MN7000";"Минск РИЦ";"814107";"34585544";"10";"Техобслуживание лифта (кв. м)";"";"9100541";"КУП ""Жилищное коммунальное хозяйство Советского района г. Минска""";"КУП ""Жилищное коммунальное хозяйство Советского района г. Минска""";"10";"";"01.09.2021";"01.01.2100";"0,1034";"52,5";"5,43";"5,43";"0";"0";"0";"0";"10,86";"0,1";"0,1";"10,86";"0";"13562298162";"03.10.2026 3:11:31";"";"";"";"0";"5,43";"0"
"MN7000";"Минск РИЦ";"1029793";"42391729";"10";"Техобслуживание лифта (кв. м)";"";"70002338";"ТС ""Фарфоровый-1""";"ТС ""Фарфоровый-1""";"10";"";"01.02.2025";"01.01.2100";"0,1034";"98,9";"10,23";"10,23";"0";"0";"0";"0";"20,46";"0,24";"0,18";"20,46";"0";"13525097722";"25.09.2026 18:13:11";"";"";"";"0";"10,23";"0,06"
"MN7000";"Минск РИЦ";"111810";"34765598";"10";"Техобслуживание лифта (кв. м)";"";"270";"КУП ""Жилищное коммунальное хозяйство №1 Московского района г.Минска""";"КУП ""Жилищное коммунальное хозяйство №1 Московского района г.Минска""";"10";"";"01.09.2021";"01.01.2100";"0,1034";"37,8";"3,91";"3,91";"0";"0";"0";"0";"8,33";"0,86";"0,86";"7,06";"0";"13568879964";"03.10.2026 12:46:45";"";"";"";"0";"5,18";"0"
"MN7000";"Минск РИЦ";"580893";"37961841";"10";"Техобслуживание лифта (кв. м)";"";"70002183";"ТС жилого дома 67 корпус 1 по ул.Захарова";"ТС жилого дома 67 корпус 1 по ул.Захарова";"10";"";"01.02.2023";"01.01.2100";"0,1034";"67,4";"6,97";"6,97";"0";"0";"0";"0";"13,52";"0,24";"0,12";"13,7";"0";"13560541313";"02.10.2026 16:51:10";"";"";"";"0";"6,79";"0,12"
"MN7000";"Минск РИЦ";"952529";"35166076";"10";"Техобслуживание лифта (кв. м)";"";"9100198";"КУП ""Жилищное коммунальное хозяйство Ленинского района г. Минска""";"КУП ""Жилищное коммунальное хозяйство Ленинского района г. Минска""";"10";"";"01.09.2021";"01.01.2100";"0,1034";"22,54";"2,33";"2,33";"0";"0";"0";"0";"32,78";"56,63";"56,63";"35,11";"0";"13571547559";"03.10.2026 18:45:33";"";"";"";"33";"0";"0"
"MN7000";"Минск РИЦ";"785382";"34499383";"10";"Техобслуживание лифта (кв. м)";"";"9100541";"КУП ""Жилищное коммунальное хозяйство Советского района г. Минска""";"КУП ""Жилищное коммунальное хозяйство Советского района г. Минска""";"10";"";"01.09.2021";"01.01.2100";"0,1034";"51,24";"5,3";"5,3";"0";"0";"0";"0";"5,3";"0,11";"0,11";"10,6";"0";"13566110463";"03.10.2026 9:05:19";"";"";"";"0";"0";"0"
"MN7000";"Минск РИЦ";"978101";"34806731";"10";"Техобслуживание лифта (кв. м)";"";"270";"КУП ""Жилищное коммунальное хозяйство №1 Московского района г.Минска""";"КУП ""Жилищное коммунальное хозяйство №1 Московского района г.Минска""";"10";"";"01.09.2021";"01.01.2100";"0,1034";"19,2";"1,99";"1,99";"0";"0";"0";"0";"1,99";"0";"0";"3,98";"0";"13568919321";"03.10.2026 12:46:45";"";"";"";"0";"0";"0"
"MN7000";"Минск РИЦ";"715445";"35382597";"10";"Техобслуживание лифта (кв. м)";"";"9100436";"КУП ""ЖКХ Первомайского района г. Минска""";"КУП ""ЖКХ Первомайского района г. Минска""";"10";"";"01.09.2021";"01.01.2100";"0,1034";"53,9";"5,57";"5,57";"0";"0";"0";"0";"5,57";"0";"0";"11,14";"0";"13549451712";"30.09.2026 23:08:56";"";"";"";"0";"0";"0"
"MN7000";"Минск РИЦ";"1019839";"40603981";"10";"Техобслуживание лифта (кв. м)";"";"270";"КУП ""Жилищное коммунальное хозяйство №1 Московского района г.Минска""";"КУП ""Жилищное коммунальное хозяйство №1 Московского района г.Минска""";"10";"";"01.07.2024";"01.01.2100";"0,1034";"65";"6,72";"6,72";"0";"0";"0";"0";"14,41";"0,76";"0,76";"12,68";"0";"13561697991";"03.10.2026 1:18:56";"";"";"";"0";"8,45";"0"
"MN7000";"Минск РИЦ";"952527";"35166072";"10";"Техобслуживание лифта (кв. м)";"";"9100198";"КУП ""Жилищное коммунальное хозяйство Ленинского района г. Минска""";"КУП ""Жилищное коммунальное хозяйство Ленинского района г. Минска""";"10";"";"01.09.2021";"01.01.2100";"0,1034";"22,54";"2,33";"2,33";"0";"0";"0";"0";"33,68";"36,38";"36,38";"34,92";"0";"13571547556";"03.10.2026 18:45:33";"";"";"";"41";"1,09";"0"
"MN7000";"Минск РИЦ";"496968";"35115329";"10";"Техобслуживание лифта (кв. м)";"";"9100198";"КУП ""Жилищное коммунальное хозяйство Ленинского района г. Минска""";"КУП ""Жилищное коммунальное хозяйство Ленинского района г. Минска""";"10";"";"01.09.2021";"01.01.2100";"0,1034";"46,5";"4,81";"4,81";"0";"0";"0";"0";"4,81";"0,01";"0,01";"9,62";"0";"13571518562";"03.10.2026 18:45:33";"";"";"";"0";"0";"0"
"MN7000";"Минск РИЦ";"490418";"35115911";"10";"Техобслуживание лифта (кв. м)";"";"9100198";"КУП ""Жилищное коммунальное хозяйство Ленинского района г. Минска""";"КУП ""Жилищное коммунальное хозяйство Ленинского района г. Минска""";"10";"";"01.09.2021";"01.01.2100";"0,1034";"67,39";"6,97";"6,97";"0";"0";"0";"0";"6,97";"0";"0";"13,94";"0";"13571519131";"03.10.2026 18:45:33";"";"";"";"0";"0";"0"
"MN7000";"Минск РИЦ";"490081";"35115300";"10";"Техобслуживание лифта (кв. м)";"";"9100198";"КУП ""Жилищное коммунальное хозяйство Ленинского района г. Минска""";"КУП ""Жилищное коммунальное хозяйство Ленинского района г. Минска""";"10";"";"01.09.2021";"01.01.2100";"0,1034";"49,15";"5,08";"5,08";"0";"0";"0";"0";"5,08";"0,3";"0,3";"10,16";"0";"13569709770";"03.10.2026 18:45:33";"";"";"";"0";"0";"0"
"MN7000";"Минск РИЦ";"363885";"43699630";"10";"Техобслуживание лифта (кв. м)";"";"264";"КУП ""Жилищное коммунальное хозяйство Заводского района г.Минска""";"КУП ""Жилищное коммунальное хозяйство Заводского района г.Минска""";"10";"";"21.11.2025";"01.01.2100";"0,1034";"57,2";"5,91";"5,91";"0";"0";"0";"0";"5,91";"0,07";"0,07";"11,82";"0";"13563976358";"03.10.2026 6:36:14";"";"";"";"0";"0";"0"
"MN7000";"Минск РИЦ";"1021340";"40895760";"10";"Техобслуживание лифта (кв. м)";"";"286";"КУП ""Жилищное коммунальное хозяйство №2 Фрунзенского района г.Минска""";"КУП ""Жилищное коммунальное хозяйство №2 Фрунзенского района г.Минска""";"10";"";"02.08.2024";"01.01.2100";"0,1034";"31,45";"3,25";"3,25";"0";"0";"0";"0";"30,91";"13,67";"13,67";"34,16";"0";"13550665074";"01.10.2026 2:53:14";"";"";"";"12";"0";"0"
"MN7000";"Минск РИЦ";"496122";"35114173";"10";"Техобслуживание лифта (кв. м)";"";"9100198";"КУП ""Жилищное коммунальное хозяйство Ленинского района г. Минска""";"КУП ""Жилищное коммунальное хозяйство Ленинского района г. Минска""";"10";"";"01.09.2021";"01.01.2100";"0,1034";"32,9";"3,4";"3,4";"0";"0";"0";"0";"3,4";"0,27";"0,27";"6,8";"0";"13571517447";"03.10.2026 18:45:33";"";"";"";"0";"0";"0"
"MN7000";"Минск РИЦ";"785464";"34498734";"10";"Техобслуживание лифта (кв. м)";"";"9100541";"КУП ""Жилищное коммунальное хозяйство Советского района г. Минска""";"КУП ""Жилищное коммунальное хозяйство Советского района г. Минска""";"10";"";"01.09.2021";"01.01.2100";"0,1034";"49,75";"5,14";"5,14";"0";"0";"0";"0";"230,14";"539,93";"539,93";"235,28";"0";"13566109826";"03.10.2026 9:05:19";"";"";"";"57";"0";"0"
"MN7000";"Минск РИЦ";"512933";"35133500";"10";"Техобслуживание лифта (кв. м)";"";"9100198";"КУП ""Жилищное коммунальное хозяйство Ленинского района г. Минска""";"КУП ""Жилищное коммунальное хозяйство Ленинского района г. Минска""";"10";"";"01.09.2021";"01.01.2100";"0,1034";"33";"3,41";"3,41";"0";"0";"0";"0";"3,41";"0,05";"0,05";"6,82";"0";"13569709946";"03.10.2026 18:45:33";"";"";"";"3";"0";"0"
"MN7000";"Минск РИЦ";"1007147";"38815231";"10";"Техобслуживание лифта (кв. м)";"";"70002338";"ТС ""Фарфоровый-1""";"ТС ""Фарфоровый-1""";"10";"";"21.06.2023";"01.01.2100";"0,1034";"93,1";"9,63";"9,63";"0";"0";"0";"0";"9,63";"0";"0";"19,26";"0";"13524846401";"25.09.2026 18:13:11";"";"";"";"0";"0";"0"
"MN7000";"Минск РИЦ";"1018761";"39548385";"10";"Техобслуживание лифта (кв. м)";"";"9100330";"КУП ""Жилищное коммунальное хозяйство Октябрьского района г. Минска""";"КУП ""Жилищное коммунальное хозяйство Октябрьского района г. Минска""";"10";"";"01.05.2024";"01.01.2100";"0,1034";"15,56";"1,61";"1,61";"0";"0";"0";"0";"1,61";"0";"0";"3,22";"0";"13572001125";"04.10.2026 21:26:31";"";"";"";"0";"0";"0"
"MN7000";"Минск РИЦ";"363561";"36671009";"10";"Техобслуживание лифта (кв. м)";"";"9100231";"ТС жилого дома №5Б по ул.Голодеда";"ТС жилого дома №5Б по ул.Голодеда";"10";"";"01.09.2021";"01.01.2100";"0,1034";"60,8";"6,29";"6,29";"0";"0";"0";"0";"6,29";"0";"0";"12,58";"0";"13560609133";"02.10.2026 17:19:25";"";"";"";"0";"0";"0"
"MN7000";"Минск РИЦ";"800695";"34481479";"10";"Техобслуживание лифта (кв. м)";"";"9100541";"КУП ""Жилищное коммунальное хозяйство Советского района г. Минска""";"КУП ""Жилищное коммунальное хозяйство Советского района г. Минска""";"10";"";"01.09.2021";"01.01.2100";"0,1034";"62,9";"6,5";"6,5";"0";"0";"0";"0";"6,5";"0,09";"0,09";"13";"0";"13566092986";"03.10.2026 9:05:19";"";"";"";"0";"0";"0"
"MN7000";"Минск РИЦ";"1021731";"41337389";"10";"Техобслуживание лифта (кв. м)";"";"270";"КУП ""Жилищное коммунальное хозяйство №1 Московского района г.Минска""";"КУП ""Жилищное коммунальное хозяйство №1 Московского района г.Минска""";"10";"";"01.09.2024";"01.01.2100";"0,1034";"89,5";"9,25";"9,25";"0";"0";"0";"0";"9,25";"0";"0";"18,5";"0";"13561701605";"03.10.2026 1:18:56";"";"";"";"0";"0";"0"
"MN7000";"Минск РИЦ";"382652";"35348112";"10";"Техобслуживание лифта (кв. м)";"";"264";"КУП ""Жилищное коммунальное хозяйство Заводского района г.Минска""";"КУП ""Жилищное коммунальное хозяйство Заводского района г.Минска""";"10";"";"01.09.2021";"01.01.2100";"0,1034";"29,05";"3";"3";"0";"0";"0";"0";"5";"1,73";"1,73";"8";"0";"13564298915";"03.10.2026 6:56:22";"";"";"";"0";"0";"0"
"MN7000";"Минск РИЦ";"811865";"34493073";"10";"Техобслуживание лифта (кв. м)";"";"9100541";"КУП ""Жилищное коммунальное хозяйство Советского района г. Минска""";"КУП ""Жилищное коммунальное хозяйство Советского района г. Минска""";"10";"";"01.09.2021";"01.01.2100";"0,1034";"20,72";"2,14";"2,14";"0";"0";"0";"0";"2,14";"0,09";"0,09";"4,27";"0";"13566104323";"03.10.2026 9:05:19";"";"";"";"0";"0,01";"0"
"MN7000";"Минск РИЦ";"365553";"43699427";"10";"Техобслуживание лифта (кв. м)";"";"264";"КУП ""Жилищное коммунальное хозяйство Заводского района г.Минска""";"КУП ""Жилищное коммунальное хозяйство Заводского района г.Минска""";"10";"";"21.11.2025";"01.01.2100";"0,1034";"56,5";"5,84";"5,84";"0";"0";"0";"0";"5,9";"0,4";"0,4";"11,74";"0";"13563976159";"03.10.2026 6:36:14";"";"";"";"0";"0";"0"
"MN7000";"Минск РИЦ";"524245";"36179060";"10";"Техобслуживание лифта (кв. м)";"";"9100330";"КУП ""Жилищное коммунальное хозяйство Октябрьского района г. Минска""";"КУП ""Жилищное коммунальное хозяйство Октябрьского района г. Минска""";"10";"";"01.09.2021";"01.01.2100";"0,1034";"62,68";"6,48";"6,48";"0";"0";"0";"0";"9,78";"0";"0";"16,26";"0";"13571966457";"04.10.2026 21:26:31";"";"";"";"0";"0";"0"
"MN7000";"Минск РИЦ";"103501";"34765534";"10";"Техобслуживание лифта (кв. м)";"";"270";"КУП ""Жилищное коммунальное хозяйство №1 Московского района г.Минска""";"КУП ""Жилищное коммунальное хозяйство №1 Московского района г.Минска""";"10";"";"01.09.2021";"01.01.2100";"0,1034";"63,5";"6,57";"6,57";"0";"0";"0";"0";"6,57";"0";"0";"13,14";"0";"13568879900";"03.10.2026 12:46:45";"";"";"";"0";"0";"0"
"MN7000";"Минск РИЦ";"580913";"37961811";"10";"Техобслуживание лифта (кв. м)";"";"70002183";"ТС жилого дома 67 корпус 1 по ул.Захарова";"ТС жилого дома 67 корпус 1 по ул.Захарова";"10";"";"01.02.2023";"01.01.2100";"0,1034";"106,9";"11,05";"11,05";"0";"0";"0";"0";"11,05";"0,63";"0,63";"22,1";"0";"13560541283";"02.10.2026 16:51:10";"";"";"";"0";"0";"0"
"MN7000";"Минск РИЦ";"784573";"34486792";"10";"Техобслуживание лифта (кв. м)";"";"9100541";"КУП ""Жилищное коммунальное хозяйство Советского района г. Минска""";"КУП ""Жилищное коммунальное хозяйство Советского района г. Минска""";"10";"";"01.09.2021";"01.01.2100";"0,1034";"32,5";"3,36";"3,36";"0";"0";"0";"0";"10,08";"1,2";"0,37";"6,72";"0";"13566098187";"03.10.2026 9:05:19";"";"";"";"0";"6,72";"0,83"
"MN7000";"Минск РИЦ";"1056919";"43933284";"10";"Техобслуживание лифта (кв. м)";"";"270";"КУП ""Жилищное коммунальное хозяйство №1 Московского района г.Минска""";"КУП ""Жилищное коммунальное хозяйство №1 Московского района г.Минска""";"10";"";"27.01.2026";"01.01.2100";"0,1034";"91,1";"9,42";"9,42";"0";"0";"0";"0";"9,42";"0";"0";"10,5";"0";"13561732115";"03.10.2026 1:18:56";"";"";"";"0";"8,34";"0"
"MN7000";"Минск РИЦ";"232534";"40999756";"10";"Техобслуживание лифта (кв. м)";"";"286";"КУП ""Жилищное коммунальное хозяйство №2 Фрунзенского района г.Минска""";"КУП ""Жилищное коммунальное хозяйство №2 Фрунзенского района г.Минска""";"10";"";"01.09.2024";"01.01.2100";"0,1034";"33,9";"3,51";"3,51";"0";"0";"0";"0";"3,51";"0,2";"0,2";"7,02";"0";"13550675612";"01.10.2026 2:53:14";"";"";"";"0";"0";"0"
"MN7000";"Минск РИЦ";"811665";"34486967";"10";"Техобслуживание лифта (кв. м)";"";"9100541";"КУП ""Жилищное коммунальное хозяйство Советского района г. Минска""";"КУП ""Жилищное коммунальное хозяйство Советского района г. Минска""";"10";"";"01.09.2021";"01.01.2100";"0,1034";"32,79";"3,39";"3,39";"0";"0";"0";"0";"3,39";"0,01";"0,01";"6,78";"0";"13566098357";"03.10.2026 9:05:19";"";"";"";"0";"0";"0"
"MN7000";"Минск РИЦ";"767954";"34483552";"10";"Техобслуживание лифта (кв. м)";"";"9100541";"КУП ""Жилищное коммунальное хозяйство Советского района г. Минска""";"КУП ""Жилищное коммунальное хозяйство Советского района г. Минска""";"10";"";"01.09.2021";"01.01.2100";"0,1034";"32,9";"3,4";"3,4";"0";"0";"0";"0";"6,8";"0,07";"0,07";"10,2";"0";"13566095009";"03.10.2026 9:05:19";"";"";"";"0";"0";"0"
"MN7000";"Минск РИЦ";"189861";"34754771";"10";"Техобслуживание лифта (кв. м)";"";"270";"КУП ""Жилищное коммунальное хозяйство №1 Московского района г.Минска""";"КУП ""Жилищное коммунальное хозяйство №1 Московского района г.Минска""";"10";"";"01.09.2021";"01.01.2100";"0,1034";"37";"3,83";"3,83";"0";"0";"0";"0";"11,49";"1,08";"1,08";"8,05";"0";"13568869441";"03.10.2026 12:46:45";"";"";"";"7";"7,27";"0"
"MN7000";"Минск РИЦ";"814107";"41622023";"611";"Электроэнергия на работу лифта";"";"9100541";"КУП ""Жилищное коммунальное хозяйство Советского района г. Минска""";"КУП ""Жилищное коммунальное хозяйство Советского района г. Минска""";"11";"";"01.10.2024";"01.01.2100";"0";"2";"0";"0";"0";"0";"0";"0";"5,58";"0,05";"0,05";"2,78";"0";"13562349840";"03.10.2026 3:11:31";"";"";"";"0";"2,8";"0"
"MN7000";"Минск РИЦ";"441130";"40721461";"611";"Электроэнергия на работу лифта";"";"264";"КУП ""Жилищное коммунальное хозяйство Заводского района г.Минска""";"КУП ""Жилищное коммунальное хозяйство Заводского района г.Минска""";"11";"";"01.07.2024";"01.01.2100";"0";"1";"0";"0";"0";"0";"0";"0";"1,4";"0,02";"0,02";"1,4";"0";"13563955241";"03.10.2026 6:36:14";"";"";"";"0";"0";"0"
"MN7000";"Минск РИЦ";"529172";"42157569";"611";"Электроэнергия на работу лифта";"";"9100330";"КУП ""Жилищное коммунальное хозяйство Октябрьского района г. Минска""";"КУП ""Жилищное коммунальное хозяйство Октябрьского района г. Минска""";"11";"";"01.12.2024";"01.01.2100";"0";"1";"0";"0";"0";"0";"0";"0";"1,83";"0,03";"0,02";"0,67";"0";"13572018816";"04.10.2026 21:26:31";"";"";"";"0";"1,16";"0,01"
"MN7000";"Минск РИЦ";"490253";"40861882";"611";"Электроэнергия на работу лифта";"";"9100198";"КУП ""Жилищное коммунальное хозяйство Ленинского района г. Минска""";"КУП ""Жилищное коммунальное хозяйство Ленинского района г. Минска""";"11";"";"01.08.2024";"01.01.2100";"0";"5";"0";"0";"0";"0";"0";"0";"6,71";"0,3";"0,3";"4,26";"0";"13571621772";"03.10.2026 18:45:33";"";"";"";"0";"2,45";"0"
"MN7000";"Минск РИЦ";"785464";"41597942";"611";"Электроэнергия на работу лифта";"";"9100541";"КУП ""Жилищное коммунальное хозяйство Советского района г. Минска""";"КУП ""Жилищное коммунальное хозяйство Советского района г. Минска""";"11";"";"01.10.2024";"01.01.2100";"0";"1";"0";"0";"0";"0";"0";"0";"19,5";"18,67";"18,67";"19,5";"0";"13566176681";"03.10.2026 9:05:19";"";"";"";"20";"0";"0"
"MN7000";"Минск РИЦ";"580913";"37961886";"611";"Электроэнергия на работу лифта";"";"70002183";"ТС жилого дома 67 корпус 1 по ул.Захарова";"ТС жилого дома 67 корпус 1 по ул.Захарова";"11";"";"01.02.2023";"01.01.2100";"0";"2";"0";"0";"0";"0";"0";"0";"1,81";"0,08";"0,08";"1,81";"0";"13560541357";"02.10.2026 16:51:10";"";"";"";"0";"0";"0"
"MN7000";"Минск РИЦ";"512933";"41691865";"611";"Электроэнергия на работу лифта";"";"9100198";"КУП ""Жилищное коммунальное хозяйство Ленинского района г. Минска""";"КУП ""Жилищное коммунальное хозяйство Ленинского района г. Минска""";"11";"";"01.10.2024";"01.01.2100";"0";"2";"0";"0";"0";"0";"0";"0";"1,77";"0,02";"0,02";"1,77";"0";"13571642773";"03.10.2026 18:45:33";"";"";"";"3";"0";"0"
"MN7000";"Минск РИЦ";"715445";"29988829";"611";"Электроэнергия на работу лифта";"";"9100436";"КУП ""ЖКХ Первомайского района г. Минска""";"КУП ""ЖКХ Первомайского района г. Минска""";"11";"";"01.03.2019";"01.01.2100";"0";"2";"0";"0";"0";"0";"0";"0";"0,75";"0";"0";"0,75";"0";"13549411384";"30.09.2026 23:08:56";"";"";"";"0";"0";"0"
"MN7000";"Минск РИЦ";"811665";"41357078";"611";"Электроэнергия на работу лифта";"";"9100541";"КУП ""Жилищное коммунальное хозяйство Советского района г. Минска""";"КУП ""Жилищное коммунальное хозяйство Советского района г. Минска""";"11";"";"01.09.2024";"01.01.2100";"0";"1";"0";"0";"0";"0";"0";"0";"0,37";"0";"0";"0,37";"0";"13566166391";"03.10.2026 9:05:19";"";"";"";"0";"0";"0"
"MN7000";"Минск РИЦ";"363885";"43744362";"611";"Электроэнергия на работу лифта";"";"264";"КУП ""Жилищное коммунальное хозяйство Заводского района г.Минска""";"КУП ""Жилищное коммунальное хозяйство Заводского района г.Минска""";"11";"";"01.11.2025";"01.01.2100";"0";"2";"0";"0";"0";"0";"0";"0";"1,82";"0,02";"0,02";"1,82";"0";"13563977442";"03.10.2026 6:36:14";"";"";"";"0";"0";"0"
"MN7000";"Минск РИЦ";"1019839";"40603984";"611";"Электроэнергия на работу лифта";"";"270";"КУП ""Жилищное коммунальное хозяйство №1 Московского района г.Минска""";"КУП ""Жилищное коммунальное хозяйство №1 Московского района г.Минска""";"11";"";"01.07.2024";"01.01.2100";"0";"3";"0";"0";"0";"0";"-0,01";"0";"8,28";"0,48";"0,48";"3,38";"0";"13561697993";"03.10.2026 1:18:56";"";"";"";"0";"4,89";"0"
"MN7000";"Минск РИЦ";"1007147";"38815232";"611";"Электроэнергия на работу лифта";"";"70002338";"ТС ""Фарфоровый-1""";"ТС ""Фарфоровый-1""";"11";"";"21.06.2023";"01.01.2100";"0";"1";"0";"0";"0";"0";"0";"0";"1,28";"0";"0";"1,28";"0";"13524846402";"25.09.2026 18:13:11";"";"";"";"0";"0";"0"
"MN7000";"Минск РИЦ";"1021731";"41337723";"611";"Электроэнергия на работу лифта";"";"270";"КУП ""Жилищное коммунальное хозяйство №1 Московского района г.Минска""";"КУП ""Жилищное коммунальное хозяйство №1 Московского района г.Минска""";"11";"";"01.09.2024";"01.01.2100";"0";"1";"0";"0";"0";"0";"0";"0";"1,27";"0";"0";"1,27";"0";"13561701751";"03.10.2026 1:18:56";"";"";"";"0";"0";"0"
"MN7000";"Минск РИЦ";"1018761";"42157536";"611";"Электроэнергия на работу лифта";"";"9100330";"КУП ""Жилищное коммунальное хозяйство Октябрьского района г. Минска""";"КУП ""Жилищное коммунальное хозяйство Октябрьского района г. Минска""";"11";"";"01.12.2024";"01.01.2100";"0";"1";"0";"0";"0";"0";"0";"0";"0,45";"0";"0";"0,45";"0";"13572018783";"04.10.2026 21:26:31";"";"";"";"0";"0";"0"
"MN7000";"Минск РИЦ";"978101";"41478702";"611";"Электроэнергия на работу лифта";"";"270";"КУП ""Жилищное коммунальное хозяйство №1 Московского района г.Минска""";"КУП ""Жилищное коммунальное хозяйство №1 Московского района г.Минска""";"11";"";"01.09.2024";"01.01.2100";"0";"2";"0";"0";"0";"0";"0";"0";"1,92";"0";"0";"1,92";"0";"13569049172";"03.10.2026 12:46:45";"";"";"";"0";"0";"0"
"MN7000";"Минск РИЦ";"1019451";"40465816";"611";"Электроэнергия на работу лифта";"";"270";"КУП ""Жилищное коммунальное хозяйство №1 Московского района г.Минска""";"КУП ""Жилищное коммунальное хозяйство №1 Московского района г.Минска""";"11";"";"01.06.2024";"01.01.2100";"0";"1";"0";"0";"0";"0";"0";"0";"1,27";"0,03";"0,03";"1,27";"0";"13561688551";"03.10.2026 1:18:56";"";"";"";"0";"0";"0"
"MN7000";"Минск РИЦ";"952527";"41694393";"611";"Электроэнергия на работу лифта";"";"9100198";"КУП ""Жилищное коммунальное хозяйство Ленинского района г. Минска""";"КУП ""Жилищное коммунальное хозяйство Ленинского района г. Минска""";"11";"";"01.10.2024";"01.01.2100";"0";"1";"0";"0";"0";"0";"0";"0";"9,64";"7,97";"7,97";"9,33";"0";"13571644961";"03.10.2026 18:45:33";"";"";"";"18";"0,31";"0"
"MN7000";"Минск РИЦ";"232534";"41777104";"611";"Электроэнергия на работу лифта";"";"286";"КУП ""Жилищное коммунальное хозяйство №2 Фрунзенского района г.Минска""";"КУП ""Жилищное коммунальное хозяйство №2 Фрунзенского района г.Минска""";"11";"";"01.10.2024";"01.01.2100";"0";"1";"0";"0";"0";"0";"0";"0";"0,39";"0,02";"0,02";"0,39";"0";"13550700188";"01.10.2026 2:53:14";"";"";"";"0";"0";"0"
"MN7000";"Минск РИЦ";"785382";"40265908";"611";"Электроэнергия на работу лифта";"";"9100541";"КУП ""Жилищное коммунальное хозяйство Советского района г. Минска""";"КУП ""Жилищное коммунальное хозяйство Советского района г. Минска""";"11";"";"01.06.2024";"01.01.2100";"0";"4";"0";"0";"0";"0";"0";"0";"1,18";"0,03";"0,03";"1,18";"0";"13566150156";"03.10.2026 9:05:19";"";"";"";"0";"0";"0"
"MN7000";"Минск РИЦ";"490418";"40861895";"611";"Электроэнергия на работу лифта";"";"9100198";"КУП ""Жилищное коммунальное хозяйство Ленинского района г. Минска""";"КУП ""Жилищное коммунальное хозяйство Ленинского района г. Минска""";"11";"";"01.08.2024";"01.01.2100";"0";"2";"0";"0";"0";"0";"0";"0";"1,72";"0";"0";"1,72";"0";"13571621784";"03.10.2026 18:45:33";"";"";"";"0";"0";"0"
"MN7000";"Минск РИЦ";"952529";"41694497";"611";"Электроэнергия на работу лифта";"";"9100198";"КУП ""Жилищное коммунальное хозяйство Ленинского района г. Минска""";"КУП ""Жилищное коммунальное хозяйство Ленинского района г. Минска""";"11";"";"01.10.2024";"01.01.2100";"0";"2";"0";"0";"0";"0";"0";"0";"27,03";"25,59";"25,59";"27,03";"0";"13571645059";"03.10.2026 18:45:33";"";"";"";"18";"0";"0"
"MN7000";"Минск РИЦ";"496122";"41694356";"611";"Электроэнергия на работу лифта";"";"9100198";"КУП ""Жилищное коммунальное хозяйство Ленинского района г. Минска""";"КУП ""Жилищное коммунальное хозяйство Ленинского района г. Минска""";"11";"";"01.10.2024";"01.01.2100";"0";"1";"0";"0";"0";"0";"0";"0";"0,69";"0,06";"0,06";"0,69";"0";"13571644925";"03.10.2026 18:45:33";"";"";"";"0";"0";"0"
"MN7000";"Минск РИЦ";"811865";"40885580";"611";"Электроэнергия на работу лифта";"";"9100541";"КУП ""Жилищное коммунальное хозяйство Советского района г. Минска""";"КУП ""Жилищное коммунальное хозяйство Советского района г. Минска""";"11";"";"01.08.2024";"01.01.2100";"0";"1";"0";"0";"0";"0";"0";"0";"0,41";"0,02";"0,02";"0,41";"0";"13566162208";"03.10.2026 9:05:19";"";"";"";"0";"0";"0"
"MN7000";"Минск РИЦ";"1021340";"40895762";"611";"Электроэнергия на работу лифта";"";"286";"КУП ""Жилищное коммунальное хозяйство №2 Фрунзенского района г.Минска""";"КУП ""Жилищное коммунальное хозяйство №2 Фрунзенского района г.Минска""";"11";"";"02.08.2024";"01.01.2100";"0";"1";"0";"0";"0";"0";"0";"0";"1,46";"0,67";"0,67";"1,46";"0";"13550665076";"01.10.2026 2:53:14";"";"";"";"9";"0";"0"
"MN7000";"Минск РИЦ";"382652";"41955580";"611";"Электроэнергия на работу лифта";"";"264";"КУП ""Жилищное коммунальное хозяйство Заводского района г.Минска""";"КУП ""Жилищное коммунальное хозяйство Заводского района г.Минска""";"11";"";"01.11.2024";"01.01.2100";"0";"1";"0";"0";"0";"0";"0";"0";"1,87";"0,67";"0,67";"1,87";"0";"13564379059";"03.10.2026 6:56:22";"";"";"";"0";"0";"0"
"MN7000";"Минск РИЦ";"103501";"40782644";"611";"Электроэнергия на работу лифта";"";"270";"КУП ""Жилищное коммунальное хозяйство №1 Московского района г.Минска""";"КУП ""Жилищное коммунальное хозяйство №1 Московского района г.Минска""";"11";"";"01.07.2024";"01.01.2100";"0";"3";"0";"0";"0";"0";"0";"0";"1,58";"0";"0";"1,58";"0";"13569026363";"03.10.2026 12:46:45";"";"";"";"0";"0";"0"
"MN7000";"Минск РИЦ";"467895";"40861863";"611";"Электроэнергия на работу лифта";"";"9100198";"КУП ""Жилищное коммунальное хозяйство Ленинского района г. Минска""";"КУП ""Жилищное коммунальное хозяйство Ленинского района г. Минска""";"11";"";"01.08.2024";"01.01.2100";"0";"2";"0";"0";"0";"0";"0";"0";"2,65";"0,07";"0,04";"1,72";"0";"13571621753";"03.10.2026 18:45:33";"";"";"";"0";"0,93";"0,03"
"MN7000";"Минск РИЦ";"1056919";"43933312";"611";"Электроэнергия на работу лифта";"";"270";"КУП ""Жилищное коммунальное хозяйство №1 Московского района г.Минска""";"КУП ""Жилищное коммунальное хозяйство №1 Московского района г.Минска""";"11";"";"27.01.2026";"01.01.2100";"0";"3";"0";"0";"0";"0";"-0,01";"0";"-21,25";"0";"0";"-0,01";"0";"13561732117";"03.10.2026 1:18:56";"";"";"";"0";"-21,25";"0"
"MN7000";"Минск РИЦ";"767954";"40885489";"611";"Электроэнергия на работу лифта";"";"9100541";"КУП ""Жилищное коммунальное хозяйство Советского района г. Минска""";"КУП ""Жилищное коммунальное хозяйство Советского района г. Минска""";"11";"";"01.08.2024";"01.01.2100";"0";"1";"0";"0";"0";"0";"0";"0";"0,82";"0,01";"0,01";"0,82";"0";"13566162119";"03.10.2026 9:05:19";"";"";"";"0";"0";"0"
"MN7000";"Минск РИЦ";"363561";"29755586";"611";"Электроэнергия на работу лифта";"";"9100231";"ТС жилого дома №5Б по ул.Голодеда";"ТС жилого дома №5Б по ул.Голодеда";"11";"";"01.03.2019";"01.01.2100";"0";"2";"0";"0";"0";"0";"0";"0";"1,42";"0";"0";"1,42";"0";"13560582795";"02.10.2026 17:19:25";"";"";"";"0";"0";"0"
"MN7000";"Минск РИЦ";"490081";"40861657";"611";"Электроэнергия на работу лифта";"";"9100198";"КУП ""Жилищное коммунальное хозяйство Ленинского района г. Минска""";"КУП ""Жилищное коммунальное хозяйство Ленинского района г. Минска""";"11";"";"01.08.2024";"01.01.2100";"0";"1";"0";"0";"0";"0";"0";"0";"0,86";"0,06";"0,06";"0,86";"0";"13571621557";"03.10.2026 18:45:33";"";"";"";"0";"0";"0"
"MN7000";"Минск РИЦ";"800695";"40885365";"611";"Электроэнергия на работу лифта";"";"9100541";"КУП ""Жилищное коммунальное хозяйство Советского района г. Минска""";"КУП ""Жилищное коммунальное хозяйство Советского района г. Минска""";"11";"";"01.08.2024";"01.01.2100";"0";"2";"0";"0";"0";"0";"0";"0";"0,82";"0,01";"0,01";"0,82";"0";"13566161999";"03.10.2026 9:05:19";"";"";"";"0";"0";"0"
"MN7000";"Минск РИЦ";"365553";"43744374";"611";"Электроэнергия на работу лифта";"";"264";"КУП ""Жилищное коммунальное хозяйство Заводского района г.Минска""";"КУП ""Жилищное коммунальное хозяйство Заводского района г.Минска""";"11";"";"01.11.2025";"01.01.2100";"0";"4";"0";"0";"0";"0";"0";"0";"3,68";"0,24";"0,24";"3,68";"0";"13563977454";"03.10.2026 6:36:14";"";"";"";"0";"0";"0"
"MN7000";"Минск РИЦ";"178947";"41469498";"611";"Электроэнергия на работу лифта";"";"270";"КУП ""Жилищное коммунальное хозяйство №1 Московского района г.Минска""";"КУП ""Жилищное коммунальное хозяйство №1 Московского района г.Минска""";"11";"";"01.09.2024";"01.01.2100";"0";"1";"0";"0";"0";"0";"0";"0";"0,58";"0,18";"0,18";"0,58";"0";"13569040750";"03.10.2026 12:46:45";"";"";"";"0";"0";"0"
"MN7000";"Минск РИЦ";"110634";"43370219";"611";"Электроэнергия на работу лифта";"";"270";"КУП ""Жилищное коммунальное хозяйство №1 Московского района г.Минска""";"КУП ""Жилищное коммунальное хозяйство №1 Московского района г.Минска""";"11";"";"01.07.2025";"01.01.2100";"0";"1";"0";"0";"0";"0";"0";"0";"0,62";"0";"0";"0,62";"0";"13569079671";"03.10.2026 12:46:45";"";"";"";"0";"0";"0"
"MN7000";"Минск РИЦ";"1011281";"39107029";"611";"Электроэнергия на работу лифта";"";"270";"КУП ""Жилищное коммунальное хозяйство №1 Московского района г.Минска""";"КУП ""Жилищное коммунальное хозяйство №1 Московского района г.Минска""";"11";"";"18.10.2023";"01.01.2100";"0";"1";"0";"0";"0";"0";"0";"0";"1,27";"0,08";"0,08";"1,27";"0";"13561678424";"03.10.2026 1:18:56";"";"";"";"0";"0";"0"
"MN7000";"Минск РИЦ";"768377";"41633202";"611";"Электроэнергия на работу лифта";"";"9100541";"КУП ""Жилищное коммунальное хозяйство Советского района г. Минска""";"КУП ""Жилищное коммунальное хозяйство Советского района г. Минска""";"11";"";"01.10.2024";"01.01.2100";"0";"3";"0";"0";"0";"0";"0,03";"0";"5,19";"0,1";"0,08";"2,07";"0";"13566178001";"03.10.2026 9:05:19";"";"";"";"0";"3,15";"0,02"
"MN7000";"Минск РИЦ";"1029793";"42391731";"611";"Электроэнергия на работу лифта";"";"70002338";"ТС ""Фарфоровый-1""";"ТС ""Фарфоровый-1""";"11";"";"01.02.2025";"01.01.2100";"0";"1";"0";"0";"0";"0";"0";"0";"2,64";"0,03";"0,02";"1,28";"0";"13525097724";"25.09.2026 18:13:11";"";"";"";"0";"1,36";"0,01"
"MN7000";"Минск РИЦ";"496968";"41694319";"611";"Электроэнергия на работу лифта";"";"9100198";"КУП ""Жилищное коммунальное хозяйство Ленинского района г. Минска""";"КУП ""Жилищное коммунальное хозяйство Ленинского района г. Минска""";"11";"";"01.10.2024";"01.01.2100";"0";"4";"0";"0";"0";"0";"0";"0";"2,75";"0";"0";"2,75";"0";"13571644889";"03.10.2026 18:45:33";"";"";"";"0";"0";"0"
"MN7000";"Минск РИЦ";"1029291";"42383335";"611";"Электроэнергия на работу лифта";"";"270";"КУП ""Жилищное коммунальное хозяйство №1 Московского района г.Минска""";"КУП ""Жилищное коммунальное хозяйство №1 Московского района г.Минска""";"11";"";"01.02.2025";"01.01.2100";"0";"1";"0";"0";"0";"0";"0";"0";"0,72";"0";"0";"0,72";"0";"13569067698";"03.10.2026 12:46:45";"";"";"";"0";"0";"0"
"MN7000";"Минск РИЦ";"1022086";"41310692";"611";"Электроэнергия на работу лифта";"";"9100198";"КУП ""Жилищное коммунальное хозяйство Ленинского района г. Минска""";"КУП ""Жилищное коммунальное хозяйство Ленинского района г. Минска""";"11";"";"01.09.2024";"01.01.2100";"0";"1";"0";"0";"0";"0";"0";"0";"0,86";"0";"0";"0,86";"0";"13571624942";"03.10.2026 18:45:33";"";"";"";"0";"0";"0"
"MN7000";"Минск РИЦ";"784573";"41356812";"611";"Электроэнергия на работу лифта";"";"9100541";"КУП ""Жилищное коммунальное хозяйство Советского района г. Минска""";"КУП ""Жилищное коммунальное хозяйство Советского района г. Минска""";"11";"";"01.09.2024";"01.01.2100";"0";"1";"0";"0";"0";"0";"0";"0";"1,18";"0,17";"0,05";"0,37";"0";"13566166128";"03.10.2026 9:05:19";"";"";"";"0";"0,81";"0,12"
"MN7000";"Минск РИЦ";"189861";"41478774";"611";"Электроэнергия на работу лифта";"";"270";"КУП ""Жилищное коммунальное хозяйство №1 Московского района г.Минска""";"КУП ""Жилищное коммунальное хозяйство №1 Московского района г.Минска""";"11";"";"01.09.2024";"01.01.2100";"0";"2";"0";"0";"0";"0";"0";"0";"5,69";"0,68";"0,68";"2,1";"0";"13569049237";"03.10.2026 12:46:45";"";"";"";"0";"3,59";"0"
"MN7000";"Минск РИЦ";"111810";"41478667";"611";"Электроэнергия на работу лифта";"";"270";"КУП ""Жилищное коммунальное хозяйство №1 Московского района г.Минска""";"КУП ""Жилищное коммунальное хозяйство №1 Московского района г.Минска""";"11";"";"01.09.2024";"01.01.2100";"0";"1";"0";"0";"0";"0";"0";"0";"1,96";"0,26";"0,26";"0,77";"0";"13569049138";"03.10.2026 12:46:45";"";"";"";"0";"1,19";"0"
"MN7000";"Минск РИЦ";"580893";"37961916";"611";"Электроэнергия на работу лифта";"";"70002183";"ТС жилого дома 67 корпус 1 по ул.Захарова";"ТС жилого дома 67 корпус 1 по ул.Захарова";"11";"";"01.02.2023";"01.01.2100";"0";"2";"0";"0";"0";"0";"0";"0";"4,34";"0,1";"0,05";"1,74";"0";"13560541386";"02.10.2026 16:51:10";"";"";"";"0";"2,6";"0,05"
"MN7000";"Минск РИЦ";"524245";"42157574";"611";"Электроэнергия на работу лифта";"";"9100330";"КУП ""Жилищное коммунальное хозяйство Октябрьского района г. Минска""";"КУП ""Жилищное коммунальное хозяйство Октябрьского района г. Минска""";"11";"";"01.12.2024";"01.01.2100";"0";"3";"0";"0";"0";"0";"0";"0";"1,96";"0";"0";"1,96";"0";"13572018821";"04.10.2026 21:26:31";"";"";"";"0";"0";"0"
"MN7000";"Минск РИЦ";"232534";"42975846";"13";"Капремонт";"";"286";"КУП ""Жилищное коммунальное хозяйство №2 Фрунзенского района г.Минска""";"КУП ""Жилищное коммунальное хозяйство №2 Фрунзенского района г.Минска""";"13";"";"01.07.2025";"01.01.2100";"0,2825";"33,9";"9,58";"9,58";"0";"0";"0";"0";"9,58";"0,55";"0,55";"19,16";"0";"13550729409";"01.10.2026 2:53:14";"";"";"";"0";"0";"0"
"MN7000";"Минск РИЦ";"189861";"1329765";"13";"Капремонт";"";"270";"КУП ""Жилищное коммунальное хозяйство №1 Московского района г.Минска""";"КУП ""Жилищное коммунальное хозяйство №1 Московского района г.Минска""";"13";"";"01.04.2010";"01.01.2100";"0,2825";"37";"10,45";"10,45";"0";"0";"0";"0";"31,33";"2,95";"2,95";"21,96";"0";"13568609983";"03.10.2026 12:46:45";"";"";"";"7";"19,82";"0"
"MN7000";"Минск РИЦ";"1056919";"43933313";"13";"Капремонт";"";"270";"КУП ""Жилищное коммунальное хозяйство №1 Московского района г.Минска""";"КУП ""Жилищное коммунальное хозяйство №1 Московского района г.Минска""";"13";"";"27.01.2026";"01.01.2100";"0,2825";"91,1";"25,74";"25,74";"0";"0";"0";"0";"25,74";"0";"0";"28,7";"0";"13561732118";"03.10.2026 1:18:56";"";"";"";"0";"22,78";"0"
"MN7000";"Минск РИЦ";"945811";"30647787";"13";"Капремонт";"";"9100365";"КУП «Минские городские общежития»";"КУП «Минские городские общежития»";"13";"";"06.03.2019";"01.01.2100";"0,2825";"39";"11,02";"11,02";"0";"0";"0";"0";"22,04";"0,3";"0,2";"22,04";"0";"13560530533";"02.10.2026 17:07:24";"";"";"";"0";"11,02";"0,1"
"MN7000";"Минск РИЦ";"952527";"31090786";"13";"Капремонт";"";"9100198";"КУП ""Жилищное коммунальное хозяйство Ленинского района г. Минска""";"КУП ""Жилищное коммунальное хозяйство Ленинского района г. Минска""";"13";"";"01.07.2019";"01.01.2100";"0,2825";"22,54";"6,37";"6,37";"0";"0";"0";"0";"93,71";"128,19";"128,19";"97,04";"0";"13571441808";"03.10.2026 18:45:33";"";"";"";"47";"3,04";"0"
"MN7000";"Минск РИЦ";"122560";"1479662";"13";"Капремонт";"";"270";"КУП ""Жилищное коммунальное хозяйство №1 Московского района г.Минска""";"КУП ""Жилищное коммунальное хозяйство №1 Московского района г.Минска""";"13";"";"01.07.2012";"01.01.2100";"0,2825";"49,7";"14,04";"14,04";"0";"0";"0";"0";"14,04";"0";"0";"28,08";"0";"13561512319";"03.10.2026 1:18:56";"";"";"";"3";"0";"0"
"MN7000";"Минск РИЦ";"523282";"10314949";"13";"Капремонт";"";"9100198";"КУП ""Жилищное коммунальное хозяйство Ленинского района г. Минска""";"КУП ""Жилищное коммунальное хозяйство Ленинского района г. Минска""";"13";"";"01.01.2001";"01.01.2100";"0,2825";"47,1";"13,31";"13,31";"0";"0";"0";"0";"13,31";"0,05";"0,05";"26,62";"0";"13570299386";"03.10.2026 16:50:37";"";"";"";"0";"0";"0"
"MN7000";"Минск РИЦ";"811865";"19285421";"13";"Капремонт";"";"9100541";"КУП ""Жилищное коммунальное хозяйство Советского района г. Минска""";"КУП ""Жилищное коммунальное хозяйство Советского района г. Минска""";"13";"";"01.12.2010";"01.01.2100";"0,2825";"20,72";"5,85";"5,85";"0";"0";"0";"0";"5,85";"0,26";"0,26";"11,67";"0";"13565820743";"03.10.2026 9:05:19";"";"";"";"0";"0,03";"0"
"MN7000";"Минск РИЦ";"955409";"31301584";"13";"Капремонт";"";"9100541";"КУП ""Жилищное коммунальное хозяйство Советского района г. Минска""";"КУП ""Жилищное коммунальное хозяйство Советского района г. Минска""";"13";"";"01.09.2019";"01.01.2100";"0,2825";"23,9";"6,75";"6,75";"0";"0";"0";"0";"27,25";"4,27";"4,27";"28,9";"0";"13566015099";"03.10.2026 9:05:19";"";"";"";"3";"5,1";"0"
"MN7000";"Минск РИЦ";"767954";"19712957";"13";"Капремонт";"";"9100541";"КУП ""Жилищное коммунальное хозяйство Советского района г. Минска""";"КУП ""Жилищное коммунальное хозяйство Советского района г. Минска""";"13";"";"01.12.2000";"01.01.2100";"0,2825";"32,9";"9,29";"9,29";"0";"0";"0";"0";"18,58";"0,18";"0,18";"27,86";"0";"13565878717";"03.10.2026 9:05:19";"";"";"";"0";"0,01";"0"
"MN7000";"Минск РИЦ";"814107";"20025044";"13";"Капремонт";"";"9100541";"КУП ""Жилищное коммунальное хозяйство Советского района г. Минска""";"КУП ""Жилищное коммунальное хозяйство Советского района г. Минска""";"13";"";"01.12.2000";"01.01.2100";"0,2825";"52,5";"14,83";"14,83";"0";"0";"0";"0";"29,66";"0,27";"0,27";"29,66";"0";"13562187140";"03.10.2026 3:11:31";"";"";"";"0";"14,83";"0"
"MN7000";"Минск РИЦ";"815517";"19351392";"13";"Капремонт";"";"9100541";"КУП ""Жилищное коммунальное хозяйство Советского района г. Минска""";"КУП ""Жилищное коммунальное хозяйство Советского района г. Минска""";"13";"";"01.12.2000";"01.01.2100";"0,2825";"42,4";"11,98";"11,98";"0";"0";"0";"0";"23,96";"0,27";"0,24";"23,96";"0";"13562121780";"03.10.2026 3:11:31";"";"";"";"0";"11,98";"0,03"
"MN7000";"Минск РИЦ";"1029291";"42383337";"13";"Капремонт";"";"270";"КУП ""Жилищное коммунальное хозяйство №1 Московского района г.Минска""";"КУП ""Жилищное коммунальное хозяйство №1 Московского района г.Минска""";"13";"";"01.02.2025";"01.01.2100";"0,2825";"12,33";"3,48";"3,48";"0";"0";"0";"0";"3,48";"0";"0";"6,96";"0";"13569067699";"03.10.2026 12:46:45";"";"";"";"0";"0";"0"
"MN7000";"Минск РИЦ";"1021731";"41337852";"13";"Капремонт";"";"270";"КУП ""Жилищное коммунальное хозяйство №1 Московского района г.Минска""";"КУП ""Жилищное коммунальное хозяйство №1 Московского района г.Минска""";"13";"";"01.09.2024";"01.01.2100";"0,2825";"89,5";"25,28";"25,28";"0";"0";"0";"0";"25,28";"0";"0";"50,56";"0";"13561701825";"03.10.2026 1:18:56";"";"";"";"0";"0";"0"
"MN7000";"Минск РИЦ";"178947";"1023254";"13";"Капремонт";"";"270";"КУП ""Жилищное коммунальное хозяйство №1 Московского района г.Минска""";"КУП ""Жилищное коммунальное хозяйство №1 Московского района г.Минска""";"13";"";"01.01.2001";"01.01.2100";"0,2825";"34,27";"9,68";"9,68";"0";"0";"0";"0";"10,87";"4,6";"4,6";"20,55";"0";"13568575808";"03.10.2026 12:46:45";"";"";"";"0";"0";"0"
"MN7000";"Минск РИЦ";"811665";"19528259";"13";"Капремонт";"";"9100541";"КУП ""Жилищное коммунальное хозяйство Советского района г. Минска""";"КУП ""Жилищное коммунальное хозяйство Советского района г. Минска""";"13";"";"01.12.2000";"01.01.2100";"0,2825";"32,79";"9,26";"9,26";"0";"0";"0";"0";"9,26";"0,04";"0,04";"18,52";"0";"13565853396";"03.10.2026 9:05:19";"";"";"";"0";"0";"0"
"MN7000";"Минск РИЦ";"785464";"19195034";"13";"Капремонт";"";"9100541";"КУП ""Жилищное коммунальное хозяйство Советского района г. Минска""";"КУП ""Жилищное коммунальное хозяйство Советского района г. Минска""";"13";"";"01.12.2000";"01.01.2100";"0,2825";"49,75";"14,05";"14,05";"0";"0";"0";"0";"752,35";"2845,08";"2845,08";"766,4";"0";"13565808687";"03.10.2026 9:05:19";"";"";"";"103";"0";"0"
"MN7000";"Минск РИЦ";"1011281";"39107031";"13";"Капремонт";"";"270";"КУП ""Жилищное коммунальное хозяйство №1 Московского района г.Минска""";"КУП ""Жилищное коммунальное хозяйство №1 Московского района г.Минска""";"13";"";"18.10.2023";"01.01.2100";"0,2825";"83,2";"23,5";"23,5";"0";"0";"0";"0";"23,5";"1,41";"1,41";"47";"0";"13561678426";"03.10.2026 1:18:56";"";"";"";"0";"0";"0"
"MN7000";"Минск РИЦ";"1035981";"42672453";"13";"Капремонт";"";"264";"КУП ""Жилищное коммунальное хозяйство Заводского района г.Минска""";"КУП ""Жилищное коммунальное хозяйство Заводского района г.Минска""";"13";"";"01.05.2025";"01.01.2100";"0,2825";"14,6";"4,12";"4,12";"0";"0";"0";"0";"4,12";"0,05";"0,05";"8,24";"0";"13564382364";"03.10.2026 6:56:22";"";"";"";"0";"0";"0"
"MN7000";"Минск РИЦ";"1021340";"42973908";"13";"Капремонт";"";"286";"КУП ""Жилищное коммунальное хозяйство №2 Фрунзенского района г.Минска""";"КУП ""Жилищное коммунальное хозяйство №2 Фрунзенского района г.Минска""";"13";"";"01.07.2025";"01.01.2100";"0,2825";"31,45";"8,88";"8,88";"0";"0";"0";"0";"85,37";"38,21";"38,21";"94,25";"0";"13550727526";"01.10.2026 2:53:14";"";"";"";"9";"0";"0"
"MN7000";"Минск РИЦ";"580893";"37961995";"13";"Капремонт";"";"70002183";"ТС жилого дома 67 корпус 1 по ул.Захарова";"ТС жилого дома 67 корпус 1 по ул.Захарова";"13";"";"01.02.2023";"01.01.2100";"0,2825";"67,4";"19,04";"19,04";"0";"0";"0";"0";"36,93";"0,65";"0,33";"37,42";"0";"13560541464";"02.10.2026 16:51:10";"";"";"";"0";"18,55";"0,32"
"MN7000";"Минск РИЦ";"952529";"31090843";"13";"Капремонт";"";"9100198";"КУП ""Жилищное коммунальное хозяйство Ленинского района г. Минска""";"КУП ""Жилищное коммунальное хозяйство Ленинского района г. Минска""";"13";"";"01.07.2019";"01.01.2100";"0,2825";"22,54";"6,37";"6,37";"0";"0";"0";"0";"106,07";"769,64";"769,64";"112,44";"0";"13571441818";"03.10.2026 18:45:33";"";"";"";"42";"0";"0"
"MN7000";"Минск РИЦ";"764300";"17245732";"13";"Капремонт";"";"9100436";"КУП ""ЖКХ Первомайского района г. Минска""";"КУП ""ЖКХ Первомайского района г. Минска""";"13";"";"01.01.2001";"01.01.2100";"0,2825";"44,1";"12,46";"12,46";"0";"0";"0";"0";"24,92";"0,22";"0,22";"37,38";"0";"13549330019";"30.09.2026 23:08:56";"";"";"";"0";"0";"0"
"MN7000";"Минск РИЦ";"365553";"43699871";"13";"Капремонт";"";"264";"КУП ""Жилищное коммунальное хозяйство Заводского района г.Минска""";"КУП ""Жилищное коммунальное хозяйство Заводского района г.Минска""";"13";"";"21.11.2025";"01.01.2100";"0,2825";"56,5";"15,96";"15,96";"0";"0";"0";"0";"16,12";"1,09";"1,09";"32,08";"0";"13563976484";"03.10.2026 6:36:14";"";"";"";"0";"0";"0"
"MN7000";"Минск РИЦ";"1019451";"40465818";"13";"Капремонт";"";"270";"КУП ""Жилищное коммунальное хозяйство №1 Московского района г.Минска""";"КУП ""Жилищное коммунальное хозяйство №1 Московского района г.Минска""";"13";"";"01.06.2024";"01.01.2100";"0,2825";"63,2";"17,85";"17,85";"0";"0";"0";"0";"17,85";"0,34";"0,34";"35,7";"0";"13561688552";"03.10.2026 1:18:56";"";"";"";"0";"0";"0"
"MN7000";"Минск РИЦ";"782156";"19758577";"13";"Капремонт";"";"9100541";"КУП ""Жилищное коммунальное хозяйство Советского района г. Минска""";"КУП ""Жилищное коммунальное хозяйство Советского района г. Минска""";"13";"";"01.12.2000";"01.01.2100";"0,2825";"53,3";"15,06";"15,06";"0";"0";"0";"0";"15,06";"0,09";"0,09";"30,12";"0";"13565884721";"03.10.2026 9:05:19";"";"";"";"0";"0";"0"
"MN7000";"Минск РИЦ";"195882";"911019";"13";"Капремонт";"";"270";"КУП ""Жилищное коммунальное хозяйство №1 Московского района г.Минска""";"КУП ""Жилищное коммунальное хозяйство №1 Московского района г.Минска""";"13";"";"01.01.2001";"01.01.2100";"0,2825";"44,11";"12,46";"12,46";"0";"0";"0";"0";"30,62";"1,7";"1,7";"43,08";"0";"13561480217";"03.10.2026 1:18:56";"";"";"";"0";"0";"0"
"MN7000";"Минск РИЦ";"382652";"9463497";"13";"Капремонт";"";"264";"КУП ""Жилищное коммунальное хозяйство Заводского района г.Минска""";"КУП ""Жилищное коммунальное хозяйство Заводского района г.Минска""";"13";"";"01.01.2002";"01.01.2100";"0,2825";"29,05";"8,21";"8,21";"0";"0";"0";"0";"13,68";"4,75";"4,75";"21,89";"0";"13564139241";"03.10.2026 6:56:22";"";"";"";"0";"0";"0"
"MN7000";"Минск РИЦ";"496968";"11322889";"13";"Капремонт";"";"9100198";"КУП ""Жилищное коммунальное хозяйство Ленинского района г. Минска""";"КУП ""Жилищное коммунальное хозяйство Ленинского района г. Минска""";"13";"";"01.01.2001";"01.01.2100";"0,2825";"46,5";"13,14";"13,14";"0";"0";"0";"0";"13,14";"0,02";"0,02";"26,28";"0";"13571117471";"03.10.2026 18:45:33";"";"";"";"0";"0";"0"
"MN7000";"Минск РИЦ";"978101";"32989095";"13";"Капремонт";"";"270";"КУП ""Жилищное коммунальное хозяйство №1 Московского района г.Минска""";"КУП ""Жилищное коммунальное хозяйство №1 Московского района г.Минска""";"13";"";"01.02.2021";"01.01.2100";"0,2825";"19,2";"5,42";"5,42";"0";"0";"0";"0";"5,42";"0";"0";"10,84";"0";"13568834758";"03.10.2026 12:46:45";"";"";"";"0";"0";"0"
"MN7000";"Минск РИЦ";"441130";"9229035";"13";"Капремонт";"";"264";"КУП ""Жилищное коммунальное хозяйство Заводского района г.Минска""";"КУП ""Жилищное коммунальное хозяйство Заводского района г.Минска""";"13";"";"15.06.2012";"01.01.2100";"0,2825";"35,7";"10,09";"10,09";"0";"0";"0";"0";"10,09";"0,09";"0,09";"20,18";"0";"13563705527";"03.10.2026 6:36:14";"";"";"";"0";"0";"0"
"MN7000";"Минск РИЦ";"1029793";"42391732";"13";"Капремонт";"";"70002338";"ТС ""Фарфоровый-1""";"ТС ""Фарфоровый-1""";"13";"";"01.02.2025";"01.01.2100";"0,2825";"98,9";"27,94";"27,94";"0";"0";"0";"0";"55,88";"0,67";"0,5";"55,88";"0";"13525097725";"25.09.2026 18:13:11";"";"";"";"0";"27,94";"0,17"
"MN7000";"Минск РИЦ";"715445";"17061932";"13";"Капремонт";"";"9100436";"КУП ""ЖКХ Первомайского района г. Минска""";"КУП ""ЖКХ Первомайского района г. Минска""";"13";"";"01.09.2008";"01.01.2100";"0,2825";"53,9";"15,23";"15,23";"0";"0";"0";"0";"15,23";"0";"0";"30,46";"0";"13549321395";"30.09.2026 23:08:56";"";"";"";"0";"0";"0"
"MN7000";"Минск РИЦ";"103501";"399451";"13";"Капремонт";"";"270";"КУП ""Жилищное коммунальное хозяйство №1 Московского района г.Минска""";"КУП ""Жилищное коммунальное хозяйство №1 Московского района г.Минска""";"13";"";"01.01.2001";"01.01.2100";"0,2825";"63,5";"17,94";"17,94";"0";"0";"0";"0";"17,94";"0";"0";"35,88";"0";"13567976472";"03.10.2026 12:46:45";"";"";"";"0";"0";"0"
"MN7000";"Минск РИЦ";"986395";"36704147";"13";"Капремонт";"";"9100365";"КУП «Минские городские общежития»";"КУП «Минские городские общежития»";"13";"";"01.09.2021";"01.01.2100";"0,2825";"23";"6,5";"6,5";"0";"0";"0";"0";"6,5";"0";"0";"13";"0";"13564852638";"03.10.2026 8:35:39";"";"";"";"0";"0";"0"
"MN7000";"Минск РИЦ";"207130";"43278196";"13";"Капремонт";"";"286";"КУП ""Жилищное коммунальное хозяйство №2 Фрунзенского района г.Минска""";"КУП ""Жилищное коммунальное хозяйство №2 Фрунзенского района г.Минска""";"13";"";"01.07.2025";"01.01.2100";"0,2825";"49,4";"13,96";"13,96";"0";"1,46";"0";"0";"27,92";"1,25";"2,71";"41,88";"0";"13552891856";"01.10.2026 5:50:15";"";"";"";"0";"0";"0"
"MN7000";"Минск РИЦ";"1008768";"43985576";"13";"Капремонт";"";"70003423";"УП ""Ремавтодор Заводского района г.Минска""";"УП ""Ремавтодор Заводского района г.Минска""";"13";"";"01.02.2026";"01.01.2100";"0,2825";"17,8";"5,03";"5,03";"0";"0";"0";"0";"5,03";"0,35";"0,35";"10,06";"0";"13560634704";"02.10.2026 17:19:25";"";"";"";"0";"0";"0"
"MN7000";"Минск РИЦ";"496122";"10591100";"13";"Капремонт";"";"9100198";"КУП ""Жилищное коммунальное хозяйство Ленинского района г. Минска""";"КУП ""Жилищное коммунальное хозяйство Ленинского района г. Минска""";"13";"";"01.01.2001";"01.01.2100";"0,2825";"32,9";"9,29";"9,29";"0";"0";"0";"0";"9,29";"0,73";"0,73";"18,58";"0";"13569704748";"03.10.2026 18:45:33";"";"";"";"0";"0";"0"
"MN7000";"Минск РИЦ";"490418";"11303517";"13";"Капремонт";"";"9100198";"КУП ""Жилищное коммунальное хозяйство Ленинского района г. Минска""";"КУП ""Жилищное коммунальное хозяйство Ленинского района г. Минска""";"13";"";"01.01.2001";"01.01.2100";"0,2825";"67,39";"19,04";"19,04";"0";"0";"0";"0";"19,04";"0";"0";"38,08";"0";"13571114777";"03.10.2026 18:45:33";"";"";"";"0";"0";"0"
"MN7000";"Минск РИЦ";"363885";"43699782";"13";"Капремонт";"";"264";"КУП ""Жилищное коммунальное хозяйство Заводского района г.Минска""";"КУП ""Жилищное коммунальное хозяйство Заводского района г.Минска""";"13";"";"21.11.2025";"01.01.2100";"0,2825";"57,2";"16,16";"16,16";"0";"0";"0";"0";"16,16";"0,19";"0,19";"32,32";"0";"13563976396";"03.10.2026 6:36:14";"";"";"";"0";"0";"0"
"MN7000";"Минск РИЦ";"490081";"11076336";"13";"Капремонт";"";"9100198";"КУП ""Жилищное коммунальное хозяйство Ленинского района г. Минска""";"КУП ""Жилищное коммунальное хозяйство Ленинского района г. Минска""";"13";"";"01.01.2001";"01.01.2100";"0,2825";"49,15";"13,88";"13,88";"0";"0";"0";"0";"13,88";"0,83";"0,83";"27,76";"0";"13571083240";"03.10.2026 18:45:33";"";"";"";"14";"0";"0"
"MN7000";"Минск РИЦ";"1018761";"39548388";"13";"Капремонт";"";"9100330";"КУП ""Жилищное коммунальное хозяйство Октябрьского района г. Минска""";"КУП ""Жилищное коммунальное хозяйство Октябрьского района г. Минска""";"13";"";"01.05.2024";"01.01.2100";"0,2825";"15,56";"4,4";"4,4";"0";"0";"0";"0";"4,4";"0";"0";"8,8";"0";"13572001127";"04.10.2026 21:26:31";"";"";"";"0";"0";"0"
"MN7000";"Минск РИЦ";"800695";"19489082";"13";"Капремонт";"";"9100541";"КУП ""Жилищное коммунальное хозяйство Советского района г. Минска""";"КУП ""Жилищное коммунальное хозяйство Советского района г. Минска""";"13";"";"01.12.2000";"01.01.2100";"0,2825";"62,9";"17,77";"17,77";"0";"0";"0";"0";"17,77";"0,25";"0,25";"35,52";"0";"13565848448";"03.10.2026 9:05:19";"";"";"";"0";"0,02";"0"
"MN7000";"Минск РИЦ";"524245";"12610594";"13";"Капремонт";"";"9100330";"КУП ""Жилищное коммунальное хозяйство Октябрьского района г. Минска""";"КУП ""Жилищное коммунальное хозяйство Октябрьского района г. Минска""";"13";"";"01.03.2014";"01.01.2100";"0,2825";"62,68";"17,71";"17,71";"0";"0";"0";"0";"26,72";"0";"0";"44,42";"0";"13571721242";"04.10.2026 21:26:31";"";"";"";"0";"0,01";"0"
"MN7000";"Минск РИЦ";"717059";"18170049";"13";"Капремонт";"";"9100436";"КУП ""ЖКХ Первомайского района г. Минска""";"КУП ""ЖКХ Первомайского района г. Минска""";"13";"";"01.01.2001";"01.01.2100";"0,2825";"30,9";"8,73";"8,73";"0";"0";"0";"0";"17,76";"1,03";"1,03";"17,52";"0";"13549375973";"30.09.2026 23:08:56";"";"";"";"0";"8,97";"0"
"MN7000";"Минск РИЦ";"580913";"37961961";"13";"Капремонт";"";"70002183";"ТС жилого дома 67 корпус 1 по ул.Захарова";"ТС жилого дома 67 корпус 1 по ул.Захарова";"13";"";"01.02.2023";"01.01.2100";"0,2825";"106,9";"30,2";"30,2";"0";"0";"0";"0";"30,2";"1,72";"1,72";"60,4";"0";"13560541430";"02.10.2026 16:51:10";"";"";"";"0";"0";"0"
"MN7000";"Минск РИЦ";"1007147";"38815233";"13";"Капремонт";"";"70002338";"ТС ""Фарфоровый-1""";"ТС ""Фарфоровый-1""";"13";"";"21.06.2023";"01.01.2100";"0,2825";"93,1";"26,3";"26,3";"0";"0";"0";"0";"26,3";"0";"0";"52,6";"0";"13524846403";"25.09.2026 18:13:11";"";"";"";"0";"0";"0"
"MN7000";"Минск РИЦ";"110634";"553181";"13";"Капремонт";"";"270";"КУП ""Жилищное коммунальное хозяйство №1 Московского района г.Минска""";"КУП ""Жилищное коммунальное хозяйство №1 Московского района г.Минска""";"13";"";"01.01.2015";"01.01.2100";"0,2825";"76,3";"21,55";"21,55";"0";"0";"0";"0";"21,55";"0";"0";"43,1";"0";"13568516332";"03.10.2026 12:46:45";"";"";"";"0";"0";"0"
"MN7000";"Минск РИЦ";"730856";"16874136";"13";"Капремонт";"";"9100436";"КУП ""ЖКХ Первомайского района г. Минска""";"КУП ""ЖКХ Первомайского района г. Минска""";"13";"";"01.01.2001";"01.01.2100";"0,2825";"46,8";"13,22";"13,22";"0";"0";"0";"0";"13,22";"0,99";"0,99";"26,44";"0";"13549311235";"30.09.2026 23:08:56";"";"";"";"0";"0";"0"
"MN7000";"Минск РИЦ";"192685";"304627";"13";"Капремонт";"";"270";"КУП ""Жилищное коммунальное хозяйство №1 Московского района г.Минска""";"КУП ""Жилищное коммунальное хозяйство №1 Московского района г.Минска""";"13";"";"01.01.2001";"01.01.2100";"0,2825";"41,89";"11,83";"11,83";"0";"0";"0";"0";"30,92";"2,36";"2,36";"21,88";"0";"13561448585";"03.10.2026 1:18:56";"";"";"";"0";"20,87";"0"
"MN7000";"Минск РИЦ";"183962";"531558";"13";"Капремонт";"";"270";"КУП ""Жилищное коммунальное хозяйство №1 Московского района г.Минска""";"КУП ""Жилищное коммунальное хозяйство №1 Московского района г.Минска""";"13";"";"01.01.2001";"01.01.2100";"0,2825";"42,97";"12,14";"12,14";"0";"0";"0";"0";"21,85";"1";"0,25";"24,08";"0";"13561460346";"03.10.2026 1:18:56";"";"";"";"0";"9,91";"0,75"
"MN7000";"Минск РИЦ";"798773";"19081183";"13";"Капремонт";"";"9100541";"КУП ""Жилищное коммунальное хозяйство Советского района г. Минска""";"КУП ""Жилищное коммунальное хозяйство Советского района г. Минска""";"13";"";"01.12.2000";"01.01.2100";"0,2825";"29,9";"8,45";"8,45";"0";"0";"0";"0";"16,9";"0,15";"0,15";"16,9";"0";"13562095229";"03.10.2026 3:11:31";"";"";"";"0";"8,45";"0"
"MN7000";"Минск РИЦ";"823237";"19993284";"13";"Капремонт";"";"9100541";"КУП ""Жилищное коммунальное хозяйство Советского района г. Минска""";"КУП ""Жилищное коммунальное хозяйство Советского района г. Минска""";"13";"";"01.12.2000";"01.01.2100";"0,2825";"51,3";"14,49";"14,49";"0";"0";"0";"0";"14,49";"0,09";"0,09";"28,98";"0";"13565916353";"03.10.2026 9:05:19";"";"";"";"0";"0";"0"
"MN7000";"Минск РИЦ";"1044522";"43517831";"13";"Капремонт";"";"9100365";"КУП «Минские городские общежития»";"КУП «Минские городские общежития»";"13";"";"02.09.2025";"01.01.2100";"0,2825";"18,4";"5,2";"5,2";"0";"0";"0";"0";"5,2";"0";"0";"10,4";"0";"13560584469";"02.10.2026 17:07:24";"";"";"";"0";"0";"0"
"MN7000";"Минск РИЦ";"231798";"42976409";"13";"Капремонт";"";"286";"КУП ""Жилищное коммунальное хозяйство №2 Фрунзенского района г.Минска""";"КУП ""Жилищное коммунальное хозяйство №2 Фрунзенского района г.Минска""";"13";"";"01.07.2025";"01.01.2100";"0,2825";"52,03";"14,7";"14,7";"0";"0";"0";"0";"14,7";"0,04";"0,04";"29,4";"0";"13550729956";"01.10.2026 2:53:14";"";"";"";"0";"0";"0"
"MN7000";"Минск РИЦ";"139085";"2380824";"13";"Капремонт";"";"270";"КУП ""Жилищное коммунальное хозяйство №1 Московского района г.Минска""";"КУП ""Жилищное коммунальное хозяйство №1 Московского района г.Минска""";"13";"";"20.08.2015";"01.01.2100";"0,2825";"76,1";"21,5";"21,5";"0";"0";"0";"0";"21,5";"0,23";"0,23";"43";"0";"13568724880";"03.10.2026 12:46:45";"";"";"";"0";"0";"0"
"MN7000";"Минск РИЦ";"804080";"19757206";"13";"Капремонт";"";"9100541";"КУП ""Жилищное коммунальное хозяйство Советского района г. Минска""";"КУП ""Жилищное коммунальное хозяйство Советского района г. Минска""";"13";"";"01.12.2000";"01.01.2100";"0,2825";"29,2";"8,25";"8,25";"0";"0";"0";"0";"8,25";"0";"0";"16,5";"0";"13562161717";"03.10.2026 3:11:31";"";"";"";"0";"0";"0"
"MN7000";"Минск РИЦ";"730750";"17120744";"13";"Капремонт";"";"9100436";"КУП ""ЖКХ Первомайского района г. Минска""";"КУП ""ЖКХ Первомайского района г. Минска""";"13";"";"01.01.2001";"01.01.2100";"0,2825";"84,3";"23,81";"23,81";"0";"0";"0";"0";"23,81";"0";"0";"47,62";"0";"13549323399";"30.09.2026 23:08:56";"";"";"";"7";"0";"0"
"MN7000";"Минск РИЦ";"988012";"36921399";"13";"Капремонт";"";"9100365";"КУП «Минские городские общежития»";"КУП «Минские городские общежития»";"13";"";"11.11.2021";"01.01.2100";"0,2825";"6,27";"1,77";"1,77";"0";"0";"0";"0";"3,54";"0,1";"0,1";"3,47";"0";"13560532747";"02.10.2026 17:07:24";"";"";"";"0";"1,84";"0"
"MN7000";"Минск РИЦ";"768377";"19093279";"13";"Капремонт";"";"9100541";"КУП ""Жилищное коммунальное хозяйство Советского района г. Минска""";"КУП ""Жилищное коммунальное хозяйство Советского района г. Минска""";"13";"";"01.08.2003";"01.01.2100";"0,2825";"69,9";"19,75";"19,75";"0";"0";"0";"0";"39,5";"1,02";"0,66";"39,5";"0";"13565795020";"03.10.2026 9:05:19";"";"";"";"0";"19,75";"0,36"
"MN7000";"Минск РИЦ";"1046374";"43598413";"13";"Капремонт";"";"264";"КУП ""Жилищное коммунальное хозяйство Заводского района г.Минска""";"КУП ""Жилищное коммунальное хозяйство Заводского района г.Минска""";"13";"";"27.10.2025";"01.01.2100";"0,2825";"53,8";"15,2";"15,2";"0";"0";"0";"0";"45,43";"2,44";"1,67";"29,15";"0";"13563975150";"03.10.2026 6:36:14";"";"";"";"0";"31,48";"0,77"
"MN7000";"Минск РИЦ";"547226";"13373588";"13";"Капремонт";"";"9100330";"КУП ""Жилищное коммунальное хозяйство Октябрьского района г. Минска""";"КУП ""Жилищное коммунальное хозяйство Октябрьского района г. Минска""";"13";"";"01.01.2000";"01.01.2100";"0,2825";"48,91";"13,82";"13,82";"0";"0";"0";"0";"13,82";"0,16";"0,16";"27,61";"0";"13571878947";"04.10.2026 21:26:31";"";"";"";"0";"0,03";"0"
"MN7000";"Минск РИЦ";"1019839";"40603985";"13";"Капремонт";"";"270";"КУП ""Жилищное коммунальное хозяйство №1 Московского района г.Минска""";"КУП ""Жилищное коммунальное хозяйство №1 Московского района г.Минска""";"13";"";"01.07.2024";"01.01.2100";"0,2825";"65";"18,36";"18,36";"0";"0";"0";"0";"39,37";"2,09";"2,09";"34,65";"0";"13561697994";"03.10.2026 1:18:56";"";"";"";"0";"23,08";"0"
"MN7000";"Минск РИЦ";"745760";"17737488";"13";"Капремонт";"";"9100436";"КУП ""ЖКХ Первомайского района г. Минска""";"КУП ""ЖКХ Первомайского района г. Минска""";"13";"";"01.06.2014";"01.01.2100";"0,2825";"27,24";"7,7";"7,7";"0";"0";"0";"0";"23,1";"1,17";"1,17";"15,06";"0";"13549354213";"30.09.2026 23:08:56";"";"";"";"0";"15,74";"0"
"MN7000";"Минск РИЦ";"784573";"19548141";"13";"Капремонт";"";"9100541";"КУП ""Жилищное коммунальное хозяйство Советского района г. Минска""";"КУП ""Жилищное коммунальное хозяйство Советского района г. Минска""";"13";"";"01.12.2000";"01.01.2100";"0,2825";"32,5";"9,18";"9,18";"0";"0";"0";"0";"27,54";"3,32";"1,02";"18,36";"0";"13565856366";"03.10.2026 9:05:19";"";"";"";"0";"18,36";"2,3"
"MN7000";"Минск РИЦ";"111810";"1244307";"13";"Капремонт";"";"270";"КУП ""Жилищное коммунальное хозяйство №1 Московского района г.Минска""";"КУП ""Жилищное коммунальное хозяйство №1 Московского района г.Минска""";"13";"";"01.04.2010";"01.01.2100";"0,2825";"37,8";"10,68";"10,68";"0";"0";"0";"0";"22,73";"2,38";"2,38";"19,26";"0";"13568599255";"03.10.2026 12:46:45";"";"";"";"0";"14,15";"0"
"MN7000";"Минск РИЦ";"547410";"13465802";"13";"Капремонт";"";"9100330";"КУП ""Жилищное коммунальное хозяйство Октябрьского района г. Минска""";"КУП ""Жилищное коммунальное хозяйство Октябрьского района г. Минска""";"13";"";"01.07.2001";"01.01.2100";"0,2825";"59,1";"16,7";"16,7";"0";"0";"0";"0";"511,46";"1477,82";"1477,82";"528,16";"0";"13571884891";"04.10.2026 21:26:31";"";"";"";"91";"0";"0"
"MN7000";"Минск РИЦ";"363561";"34390228";"13";"Капремонт";"";"9100231";"ТС жилого дома №5Б по ул.Голодеда";"ТС жилого дома №5Б по ул.Голодеда";"13";"";"01.08.2021";"01.01.2100";"0,2825";"60,8";"17,18";"17,18";"0";"0";"0";"0";"17,18";"0";"0";"34,36";"0";"13560604945";"02.10.2026 17:19:25";"";"";"";"0";"0";"0"
"MN7000";"Минск РИЦ";"785382";"20068909";"13";"Капремонт";"";"9100541";"КУП ""Жилищное коммунальное хозяйство Советского района г. Минска""";"КУП ""Жилищное коммунальное хозяйство Советского района г. Минска""";"13";"";"01.12.2000";"01.01.2100";"0,2825";"51,24";"14,48";"14,48";"0";"0";"0";"0";"14,48";"0,3";"0,3";"28,96";"0";"13565925693";"03.10.2026 9:05:19";"";"";"";"0";"0";"0"
"MN7000";"Минск РИЦ";"512933";"11735714";"13";"Капремонт";"";"9100198";"КУП ""Жилищное коммунальное хозяйство Ленинского района г. Минска""";"КУП ""Жилищное коммунальное хозяйство Ленинского района г. Минска""";"13";"";"01.03.2003";"01.01.2100";"0,2825";"33";"9,32";"9,32";"0";"0";"0";"0";"9,33";"0,14";"0,14";"18,65";"0";"13571172431";"03.10.2026 18:45:33";"";"";"";"3";"0";"0"
"MN7000";"Минск РИЦ";"1022086";"41310693";"13";"Капремонт";"";"9100198";"КУП ""Жилищное коммунальное хозяйство Ленинского района г. Минска""";"КУП ""Жилищное коммунальное хозяйство Ленинского района г. Минска""";"13";"";"01.09.2024";"01.01.2100";"0,2825";"8,3";"2,34";"2,34";"0";"0";"0";"0";"2,34";"0";"0";"4,68";"0";"13571624943";"03.10.2026 18:45:33";"";"";"";"0";"0";"0"
"MN7000";"Минск РИЦ";"490253";"10744324";"13";"Капремонт";"";"9100198";"КУП ""Жилищное коммунальное хозяйство Ленинского района г. Минска""";"КУП ""Жилищное коммунальное хозяйство Ленинского района г. Минска""";"13";"";"01.01.2001";"01.01.2100";"0,2825";"67,7";"19,13";"19,13";"0";"0";"0";"0";"38,26";"1,6";"1,6";"38,15";"0";"13571038198";"03.10.2026 18:45:33";"";"";"";"0";"19,24";"0"
"MN7000";"Минск РИЦ";"529172";"13131293";"13";"Капремонт";"";"9100330";"КУП ""Жилищное коммунальное хозяйство Октябрьского района г. Минска""";"КУП ""Жилищное коммунальное хозяйство Октябрьского района г. Минска""";"13";"";"01.03.2014";"01.01.2100";"0,2825";"46,3";"13,08";"13,08";"0";"0";"0";"0";"26,16";"0,36";"0,24";"26,16";"0";"13571752909";"04.10.2026 21:26:31";"";"";"";"0";"13,08";"0,12"
"MN7000";"Минск РИЦ";"161306";"297230";"13";"Капремонт";"";"270";"КУП ""Жилищное коммунальное хозяйство №1 Московского района г.Минска""";"КУП ""Жилищное коммунальное хозяйство №1 Московского района г.Минска""";"13";"";"01.02.2003";"01.01.2100";"0,2825";"48,4";"13,67";"13,67";"0";"0";"0";"0";"21,91";"1,07";"1,07";"16,64";"0";"13561447559";"03.10.2026 1:18:56";"";"";"";"0";"18,94";"0"
"MN7000";"Минск РИЦ";"467895";"11985241";"13";"Капремонт";"";"9100198";"КУП ""Жилищное коммунальное хозяйство Ленинского района г. Минска""";"КУП ""Жилищное коммунальное хозяйство Ленинского района г. Минска""";"13";"";"01.01.2001";"01.01.2100";"0,2825";"67,6";"19,1";"19,1";"0";"0";"0";"0";"38,2";"0,91";"0,57";"38,2";"0";"13571205264";"03.10.2026 18:45:33";"";"";"";"0";"19,1";"0,34"
"MN7000";"Минск РИЦ";"529172";"23368157";"16";"Обращение с ТКО";"";"9100330";"КУП ""Жилищное коммунальное хозяйство Октябрьского района г. Минска""";"КУП ""Жилищное коммунальное хозяйство Октябрьского района г. Минска""";"16";"";"01.05.2016";"01.01.2100";"21,7526";"0,2093583333";"4,55";"4,55";"0";"0";"0";"0";"20,28";"0,36";"0,24";"11,31";"0";"13571887877";"04.10.2026 21:26:31";"";"";"";"0";"13,52";"0,12"
"MN7000";"Минск РИЦ";"815517";"19359830";"16";"Обращение с ТКО";"";"9100541";"КУП ""Жилищное коммунальное хозяйство Советского района г. Минска""";"КУП ""Жилищное коммунальное хозяйство Советского района г. Минска""";"16";"";"01.05.2016";"01.01.2100";"19,3682";"0,628075";"12,16";"12,16";"0";"0";"0";"0";"24,32";"0,27";"0,23";"24,32";"0";"13562122702";"03.10.2026 3:11:31";"";"";"";"0";"12,16";"0,04"
"MN7000";"Минск РИЦ";"1029793";"42391733";"16";"Обращение с ТКО";"";"70002338";"ТС ""Фарфоровый-1""";"ТС ""Фарфоровый-1""";"16";"";"01.02.2025";"01.01.2100";"19,3682";"0,2093583333";"4,05";"4,05";"0";"0";"0";"0";"8,1";"0,09";"0,07";"8,1";"0";"13525097726";"25.09.2026 18:13:11";"";"";"";"0";"4,05";"0,02"
"MN7000";"Минск РИЦ";"717059";"18170059";"16";"Обращение с ТКО";"";"9100436";"КУП ""ЖКХ Первомайского района г. Минска""";"КУП ""ЖКХ Первомайского района г. Минска""";"16";"";"01.03.2016";"01.01.2100";"19,3682";"0,2093583333";"4,05";"4,05";"0";"0";"0";"0";"8,24";"0,47";"0,47";"8,13";"0";"13549375977";"30.09.2026 23:08:56";"";"";"";"0";"4,16";"0"
"MN7000";"Минск РИЦ";"952527";"31090788";"16";"Обращение с ТКО";"";"9100198";"КУП ""Жилищное коммунальное хозяйство Ленинского района г. Минска""";"КУП ""Жилищное коммунальное хозяйство Ленинского района г. Минска""";"16";"";"01.07.2019";"01.01.2100";"19,3682";"0,2093583333";"4,05";"4,05";"0";"0";"0";"0";"55,59";"59,39";"59,39";"57,88";"0";"13571441809";"03.10.2026 18:45:33";"";"";"";"39";"1,76";"0"
"MN7000";"Минск РИЦ";"1018761";"39548389";"16";"Обращение с ТКО";"";"9100330";"КУП ""Жилищное коммунальное хозяйство Октябрьского района г. Минска""";"КУП ""Жилищное коммунальное хозяйство Октябрьского района г. Минска""";"16";"";"01.05.2024";"01.01.2100";"21,7526";"0,2093583333";"4,55";"4,55";"0";"0";"0";"0";"4,55";"0";"0";"9,1";"0";"13572001128";"04.10.2026 21:26:31";"";"";"";"0";"0";"0"
"MN7000";"Минск РИЦ";"574329";"29026558";"16";"Обращение с ТКО";"";"274";"КУП ""Жилищное коммунальное хозяйство Партизанского района г.Минска""";"КУП ""Жилищное коммунальное хозяйство Партизанского района г.Минска""";"16";"";"01.11.2018";"01.01.2100";"19,3682";"0,4990266667";"9,67";"9,67";"0";"0";"0";"0";"9,67";"0";"0";"19,34";"0";"13562769218";"03.10.2026 4:21:30";"";"";"";"0";"0";"0"
"MN7000";"Минск РИЦ";"804080";"19752522";"16";"Обращение с ТКО";"";"9100541";"КУП ""Жилищное коммунальное хозяйство Советского района г. Минска""";"КУП ""Жилищное коммунальное хозяйство Советского района г. Минска""";"16";"";"01.05.2016";"01.01.2100";"19,3682";"0,4187166667";"8,11";"8,11";"0";"0";"0";"0";"8,11";"0";"0";"16,22";"0";"13562161225";"03.10.2026 3:11:31";"";"";"";"0";"0";"0"
"MN7000";"Минск РИЦ";"512933";"11720984";"16";"Обращение с ТКО";"";"9100198";"КУП ""Жилищное коммунальное хозяйство Ленинского района г. Минска""";"КУП ""Жилищное коммунальное хозяйство Ленинского района г. Минска""";"16";"";"01.05.2016";"01.01.2100";"19,3682";"0,628075";"12,16";"12,16";"0";"0";"0";"0";"12,18";"0,19";"0,19";"24,34";"0";"13571170423";"03.10.2026 18:45:33";"";"";"";"3";"0";"0"
"MN7000";"Минск РИЦ";"1007147";"38815234";"16";"Обращение с ТКО";"";"70002338";"ТС ""Фарфоровый-1""";"ТС ""Фарфоровый-1""";"16";"";"21.06.2023";"01.01.2100";"19,3682";"0,2093583333";"4,05";"4,05";"0";"0";"0";"0";"4,05";"0";"0";"8,1";"0";"13524846404";"25.09.2026 18:13:11";"";"";"";"0";"0";"0"
"MN7000";"Минск РИЦ";"1019451";"40465821";"16";"Обращение с ТКО";"";"270";"КУП ""Жилищное коммунальное хозяйство №1 Московского района г.Минска""";"КУП ""Жилищное коммунальное хозяйство №1 Московского района г.Минска""";"16";"";"01.06.2024";"01.01.2100";"19,3682";"0,2093583333";"4,05";"4,05";"0";"0";"-4,05";"0";"0";"0";"0";"0";"0";"13561688553";"03.10.2026 1:18:56";"";"";"";"0";"0";"0"
"MN7000";"Минск РИЦ";"575809";"29019611";"16";"Обращение с ТКО";"";"274";"КУП ""Жилищное коммунальное хозяйство Партизанского района г.Минска""";"КУП ""Жилищное коммунальное хозяйство Партизанского района г.Минска""";"16";"";"01.11.2018";"01.01.2100";"19,3682";"1,49708";"29";"29";"0";"0";"0";"0";"29";"2,09";"2,09";"58";"0";"13562766009";"03.10.2026 4:21:30";"";"";"";"0";"0";"0"
"MN7000";"Минск РИЦ";"496122";"10613198";"16";"Обращение с ТКО";"";"9100198";"КУП ""Жилищное коммунальное хозяйство Ленинского района г. Минска""";"КУП ""Жилищное коммунальное хозяйство Ленинского района г. Минска""";"16";"";"01.05.2016";"01.01.2100";"19,3682";"0,4187166667";"8,11";"8,11";"0";"0";"0";"0";"8,11";"0,64";"0,64";"16,22";"0";"13571020376";"03.10.2026 18:45:33";"";"";"";"0";"0";"0"
"MN7000";"Минск РИЦ";"1022086";"41310694";"16";"Обращение с ТКО";"";"9100198";"КУП ""Жилищное коммунальное хозяйство Ленинского района г. Минска""";"КУП ""Жилищное коммунальное хозяйство Ленинского района г. Минска""";"16";"";"01.09.2024";"01.01.2100";"19,3682";"0,2093583333";"4,05";"4,05";"0";"0";"0";"0";"4,05";"0";"0";"8,1";"0";"13571624944";"03.10.2026 18:45:33";"";"";"";"0";"0";"0"
"MN7000";"Минск РИЦ";"496968";"11309393";"16";"Обращение с ТКО";"";"9100198";"КУП ""Жилищное коммунальное хозяйство Ленинского района г. Минска""";"КУП ""Жилищное коммунальное хозяйство Ленинского района г. Минска""";"16";"";"01.05.2016";"01.01.2100";"19,3682";"0,8374333333";"16,22";"16,22";"0";"0";"0";"0";"16,22";"0,02";"0,02";"32,44";"0";"13571115556";"03.10.2026 18:45:33";"";"";"";"0";"0";"0"
"MN7000";"Минск РИЦ";"139085";"2380834";"16";"Обращение с ТКО";"";"270";"КУП ""Жилищное коммунальное хозяйство №1 Московского района г.Минска""";"КУП ""Жилищное коммунальное хозяйство №1 Московского района г.Минска""";"16";"";"01.06.2016";"01.01.2100";"21,7526";"1,0467916667";"22,77";"22,77";"0";"0";"0";"0";"22,77";"0,17";"0,17";"45,54";"0";"13568724887";"03.10.2026 12:46:45";"";"";"";"0";"0";"0"
"MN7000";"Минск РИЦ";"382652";"9431581";"16";"Обращение с ТКО";"";"264";"КУП ""Жилищное коммунальное хозяйство Заводского района г.Минска""";"КУП ""Жилищное коммунальное хозяйство Заводского района г.Минска""";"16";"";"01.03.2016";"01.01.2100";"19,3682";"0,2093583333";"4,05";"4,05";"0";"0";"0";"0";"6,75";"3,44";"3,44";"10,8";"0";"13564136836";"03.10.2026 6:56:22";"";"";"";"0";"0";"0"
"MN7000";"Минск РИЦ";"490253";"10740768";"16";"Обращение с ТКО";"";"9100198";"КУП ""Жилищное коммунальное хозяйство Ленинского района г. Минска""";"КУП ""Жилищное коммунальное хозяйство Ленинского района г. Минска""";"16";"";"01.05.2016";"01.01.2100";"19,3682";"1,0467916667";"20,27";"20,27";"0";"0";"0";"0";"40,54";"1,71";"1,71";"40,42";"0";"13571037818";"03.10.2026 18:45:33";"";"";"";"0";"20,39";"0"
"MN7000";"Минск РИЦ";"189861";"1329773";"16";"Обращение с ТКО";"";"270";"КУП ""Жилищное коммунальное хозяйство №1 Московского района г.Минска""";"КУП ""Жилищное коммунальное хозяйство №1 Московского района г.Минска""";"16";"";"01.06.2016";"01.01.2100";"21,7526";"0,4187166667";"9,11";"9,11";"0";"0";"0";"0";"27,32";"2,57";"2,57";"19,15";"0";"13568609989";"03.10.2026 12:46:45";"";"";"";"7";"17,28";"0"
"MN7000";"Минск РИЦ";"730750";"17120754";"16";"Обращение с ТКО";"";"9100436";"КУП ""ЖКХ Первомайского района г. Минска""";"КУП ""ЖКХ Первомайского района г. Минска""";"16";"";"01.03.2016";"01.01.2100";"19,3682";"1,0467916667";"20,27";"20,27";"0";"0";"0";"0";"20,27";"0";"0";"40,54";"0";"13549323403";"30.09.2026 23:08:56";"";"";"";"7";"0";"0"
"MN7000";"Минск РИЦ";"715445";"17061939";"16";"Обращение с ТКО";"";"9100436";"КУП ""ЖКХ Первомайского района г. Минска""";"КУП ""ЖКХ Первомайского района г. Минска""";"16";"";"01.03.2016";"01.01.2100";"19,3682";"0,8374333333";"16,22";"16,22";"0";"0";"0";"0";"16,22";"0";"0";"32,44";"0";"13549321401";"30.09.2026 23:08:56";"";"";"";"0";"0";"0"
"MN7000";"Минск РИЦ";"1029291";"42383338";"16";"Обращение с ТКО";"";"270";"КУП ""Жилищное коммунальное хозяйство №1 Московского района г.Минска""";"КУП ""Жилищное коммунальное хозяйство №1 Московского района г.Минска""";"16";"";"01.02.2025";"01.01.2100";"21,7526";"0,2093583333";"4,55";"4,55";"0";"0";"0";"0";"4,55";"0";"0";"9,1";"0";"13569067700";"03.10.2026 12:46:45";"";"";"";"0";"0";"0"
"MN7000";"Минск РИЦ";"1021340";"40895763";"16";"Обращение с ТКО";"";"286";"КУП ""Жилищное коммунальное хозяйство №2 Фрунзенского района г.Минска""";"КУП ""Жилищное коммунальное хозяйство №2 Фрунзенского района г.Минска""";"16";"";"02.08.2024";"01.01.2100";"21,7526";"0,2093583333";"4,55";"4,55";"0";"0";"0";"0";"18,2";"6,18";"6,18";"22,75";"0";"13550665077";"01.10.2026 2:53:14";"";"";"";"9";"0";"0"
"MN7000";"Минск РИЦ";"582047";"29027435";"16";"Обращение с ТКО";"";"274";"КУП ""Жилищное коммунальное хозяйство Партизанского района г.Минска""";"КУП ""Жилищное коммунальное хозяйство Партизанского района г.Минска""";"16";"";"01.11.2018";"01.01.2100";"19,3682";"0";"0";"0";"0";"0";"0";"0";"0";"606,74";"606,74";"0";"0";"13562770052";"03.10.2026 4:21:30";"";"";"";"58";"0";"0"
"MN7000";"Минск РИЦ";"178947";"1023263";"16";"Обращение с ТКО";"";"270";"КУП ""Жилищное коммунальное хозяйство №1 Московского района г.Минска""";"КУП ""Жилищное коммунальное хозяйство №1 Московского района г.Минска""";"16";"";"01.06.2016";"01.01.2100";"21,7526";"0,2093583333";"4,55";"4,55";"0";"0";"0";"0";"5,11";"1,44";"1,44";"9,66";"0";"13568575814";"03.10.2026 12:46:45";"";"";"";"0";"0";"0"
"MN7000";"Минск РИЦ";"1021202";"40823799";"16";"Обращение с ТКО";"";"274";"КУП ""Жилищное коммунальное хозяйство Партизанского района г.Минска""";"КУП ""Жилищное коммунальное хозяйство Партизанского района г.Минска""";"16";"";"01.08.2024";"01.01.2100";"19,3682";"0,4990266667";"9,67";"9,67";"0";"0";"0";"0";"9,67";"0";"0";"19,34";"0";"13562770842";"03.10.2026 4:21:30";"";"";"";"0";"0";"0"
"MN7000";"Минск РИЦ";"1021731";"41338016";"16";"Обращение с ТКО";"";"270";"КУП ""Жилищное коммунальное хозяйство №1 Московского района г.Минска""";"КУП ""Жилищное коммунальное хозяйство №1 Московского района г.Минска""";"16";"";"01.09.2024";"01.01.2100";"19,3682";"0,2093583333";"4,05";"4,05";"0";"0";"0";"0";"4,05";"0";"0";"8,1";"0";"13561701899";"03.10.2026 1:18:56";"";"";"";"0";"0";"0"
"MN7000";"Минск РИЦ";"576698";"29019679";"16";"Обращение с ТКО";"";"274";"КУП ""Жилищное коммунальное хозяйство Партизанского района г.Минска""";"КУП ""Жилищное коммунальное хозяйство Партизанского района г.Минска""";"16";"";"01.11.2018";"01.01.2100";"19,3682";"0,4990266667";"9,67";"9,67";"0";"0";"0";"0";"9,67";"0";"0";"19,34";"0";"13562766072";"03.10.2026 4:21:30";"";"";"";"0";"0";"0"
"MN7000";"Минск РИЦ";"363885";"43699985";"16";"Обращение с ТКО";"";"264";"КУП ""Жилищное коммунальное хозяйство Заводского района г.Минска""";"КУП ""Жилищное коммунальное хозяйство Заводского района г.Минска""";"16";"";"21.11.2025";"01.01.2100";"19,3682";"0,4187166667";"8,11";"8,11";"0";"0";"0";"0";"8,11";"0,1";"0,1";"16,22";"0";"13563976589";"03.10.2026 6:36:14";"";"";"";"0";"0";"0"
"MN7000";"Минск РИЦ";"576702";"29019680";"16";"Обращение с ТКО";"";"274";"КУП ""Жилищное коммунальное хозяйство Партизанского района г.Минска""";"КУП ""Жилищное коммунальное хозяйство Партизанского района г.Минска""";"16";"";"01.11.2018";"01.01.2100";"19,3682";"0,74854";"14,5";"14,5";"0";"0";"0";"0";"14,5";"0,57";"0,57";"29";"0";"13562766073";"03.10.2026 4:21:30";"";"";"";"0";"0";"0"
"MN7000";"Минск РИЦ";"800695";"19510972";"16";"Обращение с ТКО";"";"9100541";"КУП ""Жилищное коммунальное хозяйство Советского района г. Минска""";"КУП ""Жилищное коммунальное хозяйство Советского района г. Минска""";"16";"";"01.05.2016";"01.01.2100";"21,7526";"0,4187166667";"9,11";"9,11";"0";"0";"0";"0";"9,11";"0,12";"0,12";"18,21";"0";"13565851241";"03.10.2026 9:05:19";"";"";"";"0";"0,01";"0"
"MN7000";"Минск РИЦ";"1019839";"40603987";"16";"Обращение с ТКО";"";"270";"КУП ""Жилищное коммунальное хозяйство №1 Московского района г.Минска""";"КУП ""Жилищное коммунальное хозяйство №1 Московского района г.Минска""";"16";"";"01.07.2024";"01.01.2100";"19,3682";"0,628075";"12,16";"12,16";"0";"0";"0";"0";"26,08";"1,38";"1,38";"22,95";"0";"13561697995";"03.10.2026 1:18:56";"";"";"";"0";"15,29";"0"
"MN7000";"Минск РИЦ";"814107";"20027926";"16";"Обращение с ТКО";"";"9100541";"КУП ""Жилищное коммунальное хозяйство Советского района г. Минска""";"КУП ""Жилищное коммунальное хозяйство Советского района г. Минска""";"16";"";"01.05.2016";"01.01.2100";"19,3682";"0,628075";"12,16";"12,16";"0";"0";"0";"0";"24,32";"0,22";"0,22";"24,32";"0";"13562187431";"03.10.2026 3:11:31";"";"";"";"0";"12,16";"0"
"MN7000";"Минск РИЦ";"768377";"19099246";"16";"Обращение с ТКО";"";"9100541";"КУП ""Жилищное коммунальное хозяйство Советского района г. Минска""";"КУП ""Жилищное коммунальное хозяйство Советского района г. Минска""";"16";"";"01.05.2016";"01.01.2100";"19,3682";"0,628075";"12,16";"12,16";"0";"0";"0";"0";"24,32";"0,62";"0,4";"24,32";"0";"13565795841";"03.10.2026 9:05:19";"";"";"";"0";"12,16";"0,22"
"MN7000";"Минск РИЦ";"988012";"36921401";"16";"Обращение с ТКО";"";"9100365";"КУП «Минские городские общежития»";"КУП «Минские городские общежития»";"16";"";"11.11.2021";"01.01.2100";"19,3682";"0,2093583333";"4,05";"4,05";"0";"0";"0";"0";"8,1";"0,23";"0,23";"7,95";"0";"13560532748";"02.10.2026 17:07:24";"";"";"";"0";"4,2";"0"
"MN7000";"Минск РИЦ";"183962";"531565";"16";"Обращение с ТКО";"";"270";"КУП ""Жилищное коммунальное хозяйство №1 Московского района г.Минска""";"КУП ""Жилищное коммунальное хозяйство №1 Московского района г.Минска""";"16";"";"01.06.2016";"01.01.2100";"19,3682";"0,628075";"12,16";"12,16";"0";"0";"0";"0";"21,89";"1";"0,25";"24,12";"0";"13561460350";"03.10.2026 1:18:56";"";"";"";"0";"9,93";"0,75"
"MN7000";"Минск РИЦ";"580562";"29020127";"16";"Обращение с ТКО";"";"274";"КУП ""Жилищное коммунальное хозяйство Партизанского района г.Минска""";"КУП ""Жилищное коммунальное хозяйство Партизанского района г.Минска""";"16";"";"01.11.2018";"01.01.2100";"19,3682";"0,4990266667";"9,67";"9,67";"0";"0";"0";"0";"9,67";"0";"0";"19,34";"0";"13562766499";"03.10.2026 4:21:30";"";"";"";"0";"0";"0"
"MN7000";"Минск РИЦ";"785382";"20092402";"16";"Обращение с ТКО";"";"9100541";"КУП ""Жилищное коммунальное хозяйство Советского района г. Минска""";"КУП ""Жилищное коммунальное хозяйство Советского района г. Минска""";"16";"";"01.05.2016";"01.01.2100";"19,3682";"0,8374333333";"16,22";"16,22";"0";"0";"0";"0";"16,22";"0,34";"0,34";"32,44";"0";"13565929326";"03.10.2026 9:05:19";"";"";"";"0";"0";"0"
"MN7000";"Минск РИЦ";"823237";"20009392";"16";"Обращение с ТКО";"";"9100541";"КУП ""Жилищное коммунальное хозяйство Советского района г. Минска""";"КУП ""Жилищное коммунальное хозяйство Советского района г. Минска""";"16";"";"01.05.2016";"01.01.2100";"21,7526";"0,4187166667";"9,11";"9,11";"0";"0";"0";"0";"9,11";"0,05";"0,05";"18,22";"0";"13565918453";"03.10.2026 9:05:19";"";"";"";"0";"0";"0"
"MN7000";"Минск РИЦ";"232534";"41005642";"16";"Обращение с ТКО";"";"286";"КУП ""Жилищное коммунальное хозяйство №2 Фрунзенского района г.Минска""";"КУП ""Жилищное коммунальное хозяйство №2 Фрунзенского района г.Минска""";"16";"";"01.09.2024";"01.01.2100";"21,7526";"0,2093583333";"4,55";"4,55";"0";"0";"0";"0";"4,55";"0,26";"0,26";"9,1";"0";"13550681124";"01.10.2026 2:53:14";"";"";"";"0";"0";"0"
"MN7000";"Минск РИЦ";"1011281";"39107033";"16";"Обращение с ТКО";"";"270";"КУП ""Жилищное коммунальное хозяйство №1 Московского района г.Минска""";"КУП ""Жилищное коммунальное хозяйство №1 Московского района г.Минска""";"16";"";"18.10.2023";"01.01.2100";"19,3682";"0,2093583333";"4,05";"4,05";"0";"0";"0";"0";"4,05";"0,24";"0,24";"8,1";"0";"13561678427";"03.10.2026 1:18:56";"";"";"";"0";"0";"0"
"MN7000";"Минск РИЦ";"1008768";"43985752";"16";"Обращение с ТКО";"";"70003423";"УП ""Ремавтодор Заводского района г.Минска""";"УП ""Ремавтодор Заводского района г.Минска""";"16";"";"01.02.2026";"01.01.2100";"19,3682";"0,2093583333";"4,05";"4,05";"0";"0";"0";"0";"4,05";"0,28";"0,28";"8,1";"0";"13560634850";"02.10.2026 17:19:25";"";"";"";"0";"0";"0"
"MN7000";"Минск РИЦ";"952529";"31090846";"16";"Обращение с ТКО";"";"9100198";"КУП ""Жилищное коммунальное хозяйство Ленинского района г. Минска""";"КУП ""Жилищное коммунальное хозяйство Ленинского района г. Минска""";"16";"";"01.07.2019";"01.01.2100";"19,3682";"0,4187166667";"8,11";"8,11";"0";"0";"0";"0";"150,54";"946,38";"946,38";"158,65";"0";"13571441819";"03.10.2026 18:45:33";"";"";"";"42";"0";"0"
"MN7000";"Минск РИЦ";"955409";"31301589";"16";"Обращение с ТКО";"";"9100541";"КУП ""Жилищное коммунальное хозяйство Советского района г. Минска""";"КУП ""Жилищное коммунальное хозяйство Советского района г. Минска""";"16";"";"01.09.2019";"01.01.2100";"19,3682";"0,2093583333";"4,05";"4,05";"0";"0";"0";"0";"16,35";"2,49";"2,49";"17,34";"0";"13566015100";"03.10.2026 9:05:19";"";"";"";"3";"3,06";"0"
"MN7000";"Минск РИЦ";"523282";"41984344";"16";"Обращение с ТКО";"";"9100198";"КУП ""Жилищное коммунальное хозяйство Ленинского района г. Минска""";"КУП ""Жилищное коммунальное хозяйство Ленинского района г. Минска""";"16";"";"01.11.2024";"01.01.2100";"19,3682";"0,8374333333";"16,22";"16,22";"0";"0";"0";"0";"16,22";"0,05";"0,05";"32,44";"0";"13570829621";"03.10.2026 16:50:37";"";"";"";"0";"0";"0"
"MN7000";"Минск РИЦ";"490418";"11314418";"16";"Обращение с ТКО";"";"9100198";"КУП ""Жилищное коммунальное хозяйство Ленинского района г. Минска""";"КУП ""Жилищное коммунальное хозяйство Ленинского района г. Минска""";"16";"";"01.05.2016";"01.01.2100";"19,3682";"0,4187166667";"8,11";"8,11";"0";"0";"0";"0";"8,11";"0";"0";"16,22";"0";"13571116301";"03.10.2026 18:45:33";"";"";"";"0";"0";"0"
"MN7000";"Минск РИЦ";"730856";"16874146";"16";"Обращение с ТКО";"";"9100436";"КУП ""ЖКХ Первомайского района г. Минска""";"КУП ""ЖКХ Первомайского района г. Минска""";"16";"";"01.03.2016";"01.01.2100";"19,3682";"0,4187166667";"8,11";"8,11";"0";"0";"0";"0";"8,11";"0,61";"0,61";"16,22";"0";"13549311241";"30.09.2026 23:08:56";"";"";"";"0";"0";"0"
"MN7000";"Минск РИЦ";"231798";"41017685";"16";"Обращение с ТКО";"";"286";"КУП ""Жилищное коммунальное хозяйство №2 Фрунзенского района г.Минска""";"КУП ""Жилищное коммунальное хозяйство №2 Фрунзенского района г.Минска""";"16";"";"01.09.2024";"01.01.2100";"21,7526";"0,8374333333";"18,22";"18,22";"0";"0";"0";"0";"18,22";"0,05";"0,05";"36,44";"0";"13550692398";"01.10.2026 2:53:14";"";"";"";"0";"0";"0"
"MN7000";"Минск РИЦ";"547410";"23389882";"16";"Обращение с ТКО";"";"9100330";"КУП ""Жилищное коммунальное хозяйство Октябрьского района г. Минска""";"КУП ""Жилищное коммунальное хозяйство Октябрьского района г. Минска""";"16";"";"01.05.2016";"01.01.2100";"19,3682";"0,2093583333";"4,05";"4,05";"0";"0";"0";"0";"178,85";"497,97";"497,97";"182,9";"0";"13571890843";"04.10.2026 21:26:31";"";"";"";"90";"0";"0"
"MN7000";"Минск РИЦ";"1044522";"43517832";"16";"Обращение с ТКО";"";"9100365";"КУП «Минские городские общежития»";"КУП «Минские городские общежития»";"16";"";"02.09.2025";"01.01.2100";"19,3682";"0,4187166667";"8,11";"8,11";"0";"0";"0";"0";"8,11";"0";"0";"16,22";"0";"13560584470";"02.10.2026 17:07:24";"";"";"";"0";"0";"0"
"MN7000";"Минск РИЦ";"103501";"399458";"16";"Обращение с ТКО";"";"270";"КУП ""Жилищное коммунальное хозяйство №1 Московского района г.Минска""";"КУП ""Жилищное коммунальное хозяйство №1 Московского района г.Минска""";"16";"";"01.06.2016";"01.01.2100";"21,7526";"0,628075";"13,66";"13,66";"0";"0";"0";"0";"13,66";"0";"0";"27,32";"0";"13567976476";"03.10.2026 12:46:45";"";"";"";"0";"0";"0"
"MN7000";"Минск РИЦ";"365553";"43700048";"16";"Обращение с ТКО";"";"264";"КУП ""Жилищное коммунальное хозяйство Заводского района г.Минска""";"КУП ""Жилищное коммунальное хозяйство Заводского района г.Минска""";"16";"";"21.11.2025";"01.01.2100";"19,3682";"0,8374333333";"16,22";"16,22";"0";"0";"0";"0";"16,37";"1,07";"1,07";"32,59";"0";"13563976651";"03.10.2026 6:36:14";"";"";"";"0";"0";"0"
"MN7000";"Минск РИЦ";"582026";"29020464";"16";"Обращение с ТКО";"";"274";"КУП ""Жилищное коммунальное хозяйство Партизанского района г.Минска""";"КУП ""Жилищное коммунальное хозяйство Партизанского района г.Минска""";"16";"";"01.11.2018";"01.01.2100";"19,3682";"1,2475666667";"24,16";"24,16";"0";"0";"0";"0";"24,16";"2,53";"2,53";"48,32";"0";"13562766824";"03.10.2026 4:21:30";"";"";"";"4";"0";"0"
"MN7000";"Минск РИЦ";"580913";"37962040";"16";"Обращение с ТКО";"";"70002183";"ТС жилого дома 67 корпус 1 по ул.Захарова";"ТС жилого дома 67 корпус 1 по ул.Захарова";"16";"";"01.02.2023";"01.01.2100";"19,3682";"0,4187166667";"8,11";"8,11";"0";"0";"0";"0";"8,11";"0,28";"0,28";"16,22";"0";"13560541507";"02.10.2026 16:51:10";"";"";"";"0";"0";"0"
"MN7000";"Минск РИЦ";"798773";"19087721";"16";"Обращение с ТКО";"";"9100541";"КУП ""Жилищное коммунальное хозяйство Советского района г. Минска""";"КУП ""Жилищное коммунальное хозяйство Советского района г. Минска""";"16";"";"01.05.2016";"01.01.2100";"19,3682";"0,4187166667";"8,11";"8,11";"0";"0";"0";"0";"16,22";"0,15";"0,15";"16,22";"0";"13562095915";"03.10.2026 3:11:31";"";"";"";"0";"8,11";"0"
"MN7000";"Минск РИЦ";"141846";"29332011";"16";"Обращение с ТКО";"";"270";"КУП ""Жилищное коммунальное хозяйство №1 Московского района г.Минска""";"КУП ""Жилищное коммунальное хозяйство №1 Московского района г.Минска""";"16";"";"01.01.2019";"01.01.2100";"19,3682";"0,4990266667";"9,67";"9,67";"0";"0";"0";"0";"11,94";"0,33";"0,33";"18,93";"0";"13560515611";"02.10.2026 16:28:57";"";"";"";"0";"2,68";"0"
"MN7000";"Минск РИЦ";"945811";"30647789";"16";"Обращение с ТКО";"";"9100365";"КУП «Минские городские общежития»";"КУП «Минские городские общежития»";"16";"";"06.03.2019";"01.01.2100";"19,3682";"0,8374333333";"16,22";"16,22";"0";"0";"0";"0";"32,44";"0,43";"0,29";"32,44";"0";"13560530534";"02.10.2026 17:07:24";"";"";"";"0";"16,22";"0,14"
"MN7000";"Минск РИЦ";"524245";"23364347";"16";"Обращение с ТКО";"";"9100330";"КУП ""Жилищное коммунальное хозяйство Октябрьского района г. Минска""";"КУП ""Жилищное коммунальное хозяйство Октябрьского района г. Минска""";"16";"";"01.05.2016";"01.01.2100";"21,7526";"0,628075";"13,66";"13,66";"0";"0";"0";"0";"20,6";"0";"0";"34,25";"0";"13571887377";"04.10.2026 21:26:31";"";"";"";"0";"0,01";"0"
"MN7000";"Минск РИЦ";"580893";"37962074";"16";"Обращение с ТКО";"";"70002183";"ТС жилого дома 67 корпус 1 по ул.Захарова";"ТС жилого дома 67 корпус 1 по ул.Захарова";"16";"";"01.02.2023";"01.01.2100";"19,3682";"0,4187166667";"8,11";"8,11";"0";"0";"0";"0";"15,73";"0,28";"0,15";"15,94";"0";"13560541541";"02.10.2026 16:51:10";"";"";"";"0";"7,9";"0,13"
"MN7000";"Минск РИЦ";"1056919";"43933318";"16";"Обращение с ТКО";"";"270";"КУП ""Жилищное коммунальное хозяйство №1 Московского района г.Минска""";"КУП ""Жилищное коммунальное хозяйство №1 Московского района г.Минска""";"16";"";"27.01.2026";"01.01.2100";"19,3682";"0,8374333333";"16,22";"16,22";"0";"0";"0";"0";"-59,81";"0";"0";"16,22";"0";"13561732123";"03.10.2026 1:18:56";"";"";"";"0";"-59,81";"0"
"MN7000";"Минск РИЦ";"767954";"19709921";"16";"Обращение с ТКО";"";"9100541";"КУП ""Жилищное коммунальное хозяйство Советского района г. Минска""";"КУП ""Жилищное коммунальное хозяйство Советского района г. Минска""";"16";"";"01.05.2016";"01.01.2100";"19,3682";"0,628075";"12,16";"12,16";"0";"0";"0";"0";"24,32";"0,24";"0,24";"36,47";"0";"13565878309";"03.10.2026 9:05:19";"";"";"";"0";"0,01";"0"
"MN7000";"Минск РИЦ";"1069422";"44344314";"16";"Обращение с ТКО";"";"274";"КУП ""Жилищное коммунальное хозяйство Партизанского района г.Минска""";"КУП ""Жилищное коммунальное хозяйство Партизанского района г.Минска""";"16";"";"01.06.2026";"01.01.2100";"19,3682";"0,2495133333";"4,83";"4,83";"0";"0";"0";"0";"14,49";"0,63";"0,63";"19,32";"0";"13562771678";"03.10.2026 4:21:30";"";"";"";"0";"0";"0"
"MN7000";"Минск РИЦ";"441130";"9233018";"16";"Обращение с ТКО";"";"264";"КУП ""Жилищное коммунальное хозяйство Заводского района г.Минска""";"КУП ""Жилищное коммунальное хозяйство Заводского района г.Минска""";"16";"";"01.03.2016";"01.01.2100";"21,7526";"0,2093583333";"4,55";"4,55";"0";"0";"0";"0";"4,55";"0,04";"0,04";"9,1";"0";"13563705822";"03.10.2026 6:36:14";"";"";"";"0";"0";"0"
"MN7000";"Минск РИЦ";"811665";"19543898";"16";"Обращение с ТКО";"";"9100541";"КУП ""Жилищное коммунальное хозяйство Советского района г. Минска""";"КУП ""Жилищное коммунальное хозяйство Советского района г. Минска""";"16";"";"01.05.2016";"01.01.2100";"21,7526";"0,2093583333";"4,55";"4,55";"0";"0";"0";"0";"4,55";"0,01";"0,01";"9,1";"0";"13565855721";"03.10.2026 9:05:19";"";"";"";"0";"0";"0"
"MN7000";"Минск РИЦ";"978101";"32989096";"16";"Обращение с ТКО";"";"270";"КУП ""Жилищное коммунальное хозяйство №1 Московского района г.Минска""";"КУП ""Жилищное коммунальное хозяйство №1 Московского района г.Минска""";"16";"";"01.02.2021";"01.01.2100";"21,7526";"0,4187166667";"9,11";"9,11";"0";"0";"0";"0";"9,11";"0";"0";"18,22";"0";"13568834759";"03.10.2026 12:46:45";"";"";"";"0";"0";"0"
"MN7000";"Минск РИЦ";"782156";"19772736";"16";"Обращение с ТКО";"";"9100541";"КУП ""Жилищное коммунальное хозяйство Советского района г. Минска""";"КУП ""Жилищное коммунальное хозяйство Советского района г. Минска""";"16";"";"01.05.2016";"01.01.2100";"19,3682";"1,25615";"24,33";"24,33";"0";"0";"0";"0";"24,33";"0,15";"0,15";"48,66";"0";"13565886801";"03.10.2026 9:05:19";"";"";"";"0";"0";"0"
"MN7000";"Минск РИЦ";"764300";"17245742";"16";"Обращение с ТКО";"";"9100436";"КУП ""ЖКХ Первомайского района г. Минска""";"КУП ""ЖКХ Первомайского района г. Минска""";"16";"";"01.03.2016";"01.01.2100";"19,3682";"0,628075";"12,16";"12,16";"0";"0";"0";"0";"24,32";"0,22";"0,22";"36,48";"0";"13549330025";"30.09.2026 23:08:56";"";"";"";"0";"0";"0"
"MN7000";"Минск РИЦ";"785464";"19169906";"16";"Обращение с ТКО";"";"9100541";"КУП ""Жилищное коммунальное хозяйство Советского района г. Минска""";"КУП ""Жилищное коммунальное хозяйство Советского района г. Минска""";"16";"";"01.05.2016";"01.01.2100";"19,3682";"0,2093583333";"4,05";"4,05";"0";"0";"0";"0";"160,39";"598,76";"598,76";"164,44";"0";"13565805159";"03.10.2026 9:05:19";"";"";"";"103";"0";"0"
"MN7000";"Минск РИЦ";"986395";"36704620";"16";"Обращение с ТКО";"";"9100365";"КУП «Минские городские общежития»";"КУП «Минские городские общежития»";"16";"";"01.09.2021";"01.01.2100";"19,3682";"0,2093583333";"4,05";"4,05";"0";"0";"0";"0";"3,92";"0";"0";"7,97";"0";"13564852746";"03.10.2026 8:35:39";"";"";"";"0";"0";"0"
"MN7000";"Минск РИЦ";"811865";"19286925";"16";"Обращение с ТКО";"";"9100541";"КУП ""Жилищное коммунальное хозяйство Советского района г. Минска""";"КУП ""Жилищное коммунальное хозяйство Советского района г. Минска""";"16";"";"01.05.2016";"01.01.2100";"21,7526";"0,2093583333";"4,55";"4,55";"0";"0";"0";"0";"4,55";"0,2";"0,2";"9,09";"0";"13565820949";"03.10.2026 9:05:19";"";"";"";"0";"0,01";"0"
"MN7000";"Минск РИЦ";"161306";"297237";"16";"Обращение с ТКО";"";"270";"КУП ""Жилищное коммунальное хозяйство №1 Московского района г.Минска""";"КУП ""Жилищное коммунальное хозяйство №1 Московского района г.Минска""";"16";"";"01.06.2016";"01.01.2100";"19,3682";"0,2093583333";"4,05";"4,05";"0";"0";"0";"0";"6,49";"0,29";"0,29";"4,93";"0";"13561447562";"03.10.2026 1:18:56";"";"";"";"0";"5,61";"0"
"MN7000";"Минск РИЦ";"784573";"19550274";"16";"Обращение с ТКО";"";"9100541";"КУП ""Жилищное коммунальное хозяйство Советского района г. Минска""";"КУП ""Жилищное коммунальное хозяйство Советского района г. Минска""";"16";"";"01.05.2016";"01.01.2100";"21,7526";"0,2093583333";"4,55";"4,55";"0";"0";"0";"0";"13,65";"1,62";"0,5";"9,1";"0";"13565856705";"03.10.2026 9:05:19";"";"";"";"0";"9,1";"1,12"
"MN7000";"Минск РИЦ";"574320";"29026555";"16";"Обращение с ТКО";"";"274";"КУП ""Жилищное коммунальное хозяйство Партизанского района г.Минска""";"КУП ""Жилищное коммунальное хозяйство Партизанского района г.Минска""";"16";"";"01.11.2018";"01.01.2100";"19,3682";"1,2475666667";"24,16";"24,16";"0";"0";"0";"0";"24,16";"0,31";"0,31";"32,95";"0";"13562769215";"03.10.2026 4:21:30";"";"";"";"0";"15,37";"0"
"MN7000";"Минск РИЦ";"547226";"23362395";"16";"Обращение с ТКО";"";"9100330";"КУП ""Жилищное коммунальное хозяйство Октябрьского района г. Минска""";"КУП ""Жилищное коммунальное хозяйство Октябрьского района г. Минска""";"16";"";"01.05.2016";"01.01.2100";"19,3682";"0,2093583333";"4,05";"4,05";"0";"0";"0";"0";"4,05";"0,06";"0,06";"8,09";"0";"13571887098";"04.10.2026 21:26:31";"";"";"";"0";"0,01";"0"
"MN7000";"Минск РИЦ";"580579";"29020136";"16";"Обращение с ТКО";"";"274";"КУП ""Жилищное коммунальное хозяйство Партизанского района г.Минска""";"КУП ""Жилищное коммунальное хозяйство Партизанского района г.Минска""";"16";"";"01.11.2018";"01.01.2100";"19,3682";"0,2495133333";"4,83";"4,83";"0";"0";"0";"0";"4,83";"0";"0";"8,34";"0";"13562766507";"03.10.2026 4:21:30";"";"";"";"0";"1,32";"0"
"MN7000";"Минск РИЦ";"579551";"29026925";"16";"Обращение с ТКО";"";"274";"КУП ""Жилищное коммунальное хозяйство Партизанского района г.Минска""";"КУП ""Жилищное коммунальное хозяйство Партизанского района г.Минска""";"16";"";"01.11.2018";"01.01.2100";"19,3682";"0,9980533333";"19,33";"19,33";"0";"0";"0";"0";"19,33";"0";"0";"38,66";"0";"13562769567";"03.10.2026 4:21:30";"";"";"";"0";"0";"0"
"MN7000";"Минск РИЦ";"195882";"911029";"16";"Обращение с ТКО";"";"270";"КУП ""Жилищное коммунальное хозяйство №1 Московского района г.Минска""";"КУП ""Жилищное коммунальное хозяйство №1 Московского района г.Минска""";"16";"";"01.06.2016";"01.01.2100";"19,3682";"0,628075";"12,16";"12,16";"0";"0";"0";"0";"29,88";"0,83";"0,83";"42,04";"0";"13561480221";"03.10.2026 1:18:56";"";"";"";"0";"0";"0"
"MN7000";"Минск РИЦ";"122560";"1479664";"16";"Обращение с ТКО";"";"270";"КУП ""Жилищное коммунальное хозяйство №1 Московского района г.Минска""";"КУП ""Жилищное коммунальное хозяйство №1 Московского района г.Минска""";"16";"";"01.06.2016";"01.01.2100";"19,3682";"0,4187166667";"8,11";"8,11";"0";"0";"0";"0";"8,11";"0";"0";"16,22";"0";"13561512320";"03.10.2026 1:18:56";"";"";"";"3";"0";"0"
"MN7000";"Минск РИЦ";"105252";"29331955";"16";"Обращение с ТКО";"";"270";"КУП ""Жилищное коммунальное хозяйство №1 Московского района г.Минска""";"КУП ""Жилищное коммунальное хозяйство №1 Московского района г.Минска""";"16";"";"01.01.2019";"01.01.2100";"19,3682";"0,2495133333";"4,83";"4,83";"0";"0";"0";"0";"4,83";"0";"0";"9,66";"0";"13560515563";"02.10.2026 16:28:57";"";"";"";"0";"0";"0"
"MN7000";"Минск РИЦ";"110634";"553190";"16";"Обращение с ТКО";"";"270";"КУП ""Жилищное коммунальное хозяйство №1 Московского района г.Минска""";"КУП ""Жилищное коммунальное хозяйство №1 Московского района г.Минска""";"16";"";"01.06.2016";"01.01.2100";"21,7526";"0,2093583333";"4,55";"4,55";"0";"0";"0";"0";"4,55";"0";"0";"9,1";"0";"13568516339";"03.10.2026 12:46:45";"";"";"";"0";"0";"0"
"MN7000";"Минск РИЦ";"192685";"304619";"16";"Обращение с ТКО";"";"270";"КУП ""Жилищное коммунальное хозяйство №1 Московского района г.Минска""";"КУП ""Жилищное коммунальное хозяйство №1 Московского района г.Минска""";"16";"";"01.06.2016";"01.01.2100";"19,3682";"0,4187166667";"8,11";"8,11";"0";"0";"0";"0";"21,19";"1,62";"1,62";"15";"0";"13561448579";"03.10.2026 1:18:56";"";"";"";"0";"14,3";"0"
"MN7000";"Минск РИЦ";"745760";"17737496";"16";"Обращение с ТКО";"";"9100436";"КУП ""ЖКХ Первомайского района г. Минска""";"КУП ""ЖКХ Первомайского района г. Минска""";"16";"";"01.03.2016";"01.01.2100";"19,3682";"0,4187166667";"8,11";"8,11";"0";"0";"0";"0";"24,33";"1,22";"1,22";"15,86";"0";"13549354218";"30.09.2026 23:08:56";"";"";"";"0";"16,58";"0"
"MN7000";"Минск РИЦ";"111810";"1244315";"16";"Обращение с ТКО";"";"270";"КУП ""Жилищное коммунальное хозяйство №1 Московского района г.Минска""";"КУП ""Жилищное коммунальное хозяйство №1 Московского района г.Минска""";"16";"";"01.06.2016";"01.01.2100";"21,7526";"0,2093583333";"4,55";"4,55";"0";"0";"0";"0";"9,69";"1,01";"1,01";"8,21";"0";"13568599261";"03.10.2026 12:46:45";"";"";"";"0";"6,03";"0"
"MN7000";"Минск РИЦ";"1046374";"43598414";"16";"Обращение с ТКО";"";"264";"КУП ""Жилищное коммунальное хозяйство Заводского района г.Минска""";"КУП ""Жилищное коммунальное хозяйство Заводского района г.Минска""";"16";"";"27.10.2025";"01.01.2100";"19,3682";"0,2093583333";"4,05";"4,05";"0";"0";"0";"0";"12,1";"0,64";"0,44";"7,77";"0";"13563975151";"03.10.2026 6:36:14";"";"";"";"0";"8,38";"0,2"
"MN7000";"Минск РИЦ";"467895";"11964105";"16";"Обращение с ТКО";"";"9100198";"КУП ""Жилищное коммунальное хозяйство Ленинского района г. Минска""";"КУП ""Жилищное коммунальное хозяйство Ленинского района г. Минска""";"16";"";"01.05.2016";"01.01.2100";"19,3682";"0,4187166667";"8,11";"8,11";"0";"0";"0";"0";"16,22";"0,4";"0,25";"16,22";"0";"13571202535";"03.10.2026 18:45:33";"";"";"";"0";"8,11";"0,15"
"MN7000";"Минск РИЦ";"363561";"34390743";"16";"Обращение с ТКО";"";"9100231";"ТС жилого дома №5Б по ул.Голодеда";"ТС жилого дома №5Б по ул.Голодеда";"16";"";"01.08.2021";"01.01.2100";"19,3682";"0,4187166667";"8,11";"8,11";"0";"0";"0";"0";"8,11";"0";"0";"16,22";"0";"13560605074";"02.10.2026 17:19:25";"";"";"";"0";"0";"0"
"MN7000";"Минск РИЦ";"490081";"11084600";"16";"Обращение с ТКО";"";"9100198";"КУП ""Жилищное коммунальное хозяйство Ленинского района г. Минска""";"КУП ""Жилищное коммунальное хозяйство Ленинского района г. Минска""";"16";"";"01.05.2016";"01.01.2100";"19,3682";"0,2093583333";"4,05";"4,05";"0";"0";"0";"0";"4,05";"0,24";"0,24";"8,1";"0";"13569705426";"03.10.2026 18:45:33";"";"";"";"14";"0";"0"
"MN7000";"Минск РИЦ";"573306";"29020555";"16";"Обращение с ТКО";"";"274";"КУП ""Жилищное коммунальное хозяйство Партизанского района г.Минска""";"КУП ""Жилищное коммунальное хозяйство Партизанского района г.Минска""";"16";"";"01.11.2018";"01.01.2100";"19,3682";"0,2495133333";"4,83";"4,83";"0";"0";"0";"0";"4,83";"0";"0";"9,66";"0";"13562766913";"03.10.2026 4:21:30";"";"";"";"0";"0";"0"
"MN7000";"Минск РИЦ";"1035981";"42672455";"16";"Обращение с ТКО";"";"264";"КУП ""Жилищное коммунальное хозяйство Заводского района г.Минска""";"КУП ""Жилищное коммунальное хозяйство Заводского района г.Минска""";"16";"";"01.05.2025";"01.01.2100";"19,3682";"0,2093583333";"4,05";"4,05";"0";"0";"0";"0";"4,05";"0,05";"0,05";"8,1";"0";"13564382365";"03.10.2026 6:56:22";"";"";"";"0";"0";"0"
"MN7000";"Минск РИЦ";"1017261";"39472444";"16";"Обращение с ТКО";"";"274";"КУП ""Жилищное коммунальное хозяйство Партизанского района г.Минска""";"КУП ""Жилищное коммунальное хозяйство Партизанского района г.Минска""";"16";"";"01.04.2024";"01.01.2100";"19,3682";"0,2495133333";"4,83";"4,83";"0";"0";"0";"0";"24,15";"36,8";"36,8";"28,98";"0";"13562770741";"03.10.2026 4:21:30";"";"";"";"18";"0";"0"
"MN7000";"Минск РИЦ";"207130";"41287732";"16";"Обращение с ТКО";"";"286";"КУП ""Жилищное коммунальное хозяйство №2 Фрунзенского района г.Минска""";"КУП ""Жилищное коммунальное хозяйство №2 Фрунзенского района г.Минска""";"16";"";"01.09.2024";"01.01.2100";"19,3682";"0,4187166667";"8,11";"8,11";"0";"0,85";"0";"0";"16,22";"0,72";"1,57";"24,33";"0";"13552822938";"01.10.2026 5:50:15";"";"";"";"0";"0";"0"
"MN7000";"Минск РИЦ";"1046374";"43598416";"22";"Отопление";"";"401";"ГП ""МИНСККОММУНТЕПЛОСЕТЬ""";"ГП ""МИНСККОММУНТЕПЛОСЕТЬ""";"22";"";"27.10.2025";"01.01.2100";"29,2224";"0";"0";"0";"0";"0";"0";"0";"0";"0,02";"0";"0";"0";"13563975153";"03.10.2026 6:36:14";"";"";"";"0";"0";"0,02"
"MN7000";"Минск РИЦ";"547410";"28602904";"22";"Отопление";"";"9100330";"КУП ""Жилищное коммунальное хозяйство Октябрьского района г. Минска""";"КУП ""Жилищное коммунальное хозяйство Октябрьского района г. Минска""";"22";"";"01.10.2018";"01.01.2100";"29,2224";"0";"0";"0";"0";"0";"0";"0";"426,85";"1479,39";"1479,39";"426,85";"0";"13571917117";"04.10.2026 21:26:31";"";"";"";"60";"0";"0"
"MN7000";"Минск РИЦ";"547226";"28604380";"22";"Отопление";"";"9100330";"КУП ""Жилищное коммунальное хозяйство Октябрьского района г. Минска""";"КУП ""Жилищное коммунальное хозяйство Октябрьского района г. Минска""";"22";"";"01.10.2018";"01.01.2100";"29,2224";"0";"0";"0";"0";"0";"0";"0";"0";"0";"0";"0";"0";"13571917705";"04.10.2026 21:26:31";"";"";"";"0";"0";"0"
"MN7000";"Минск РИЦ";"467895";"28384220";"22";"Отопление";"";"9100198";"КУП ""Жилищное коммунальное хозяйство Ленинского района г. Минска""";"КУП ""Жилищное коммунальное хозяйство Ленинского района г. Минска""";"22";"";"01.10.2018";"01.01.2100";"29,2224";"0";"0";"0";"0";"0";"0";"0";"0";"0";"0";"0";"0";"13571396410";"03.10.2026 18:45:33";"";"";"";"0";"0";"0"
"MN7000";"Минск РИЦ";"110634";"553183";"22";"Отопление";"";"401";"ГП ""МИНСККОММУНТЕПЛОСЕТЬ""";"ГП ""МИНСККОММУНТЕПЛОСЕТЬ""";"22";"";"01.01.2015";"01.01.2100";"29,2224";"0";"0";"0";"0";"0";"0";"0";"0";"0";"0";"0";"0";"13568516333";"03.10.2026 12:46:45";"";"";"";"0";"0";"0"
"MN7000";"Минск РИЦ";"978101";"32989097";"22";"Отопление";"";"401";"ГП ""МИНСККОММУНТЕПЛОСЕТЬ""";"ГП ""МИНСККОММУНТЕПЛОСЕТЬ""";"22";"";"01.02.2021";"01.01.2100";"29,2224";"0";"0";"0";"0";"0";"0";"0";"0";"0";"0";"0";"0";"13568834760";"03.10.2026 12:46:45";"";"";"";"0";"0";"0"
"MN7000";"Минск РИЦ";"363561";"9579060";"22";"Отопление";"";"401";"ГП ""МИНСККОММУНТЕПЛОСЕТЬ""";"ГП ""МИНСККОММУНТЕПЛОСЕТЬ""";"22";"";"01.08.2016";"01.01.2100";"29,2224";"0";"0";"0";"0";"0";"0";"0";"0";"0";"0";"0";"0";"13560571792";"02.10.2026 17:19:25";"";"";"";"0";"0";"0"
"MN7000";"Минск РИЦ";"1022086";"41310696";"22";"Отопление";"";"9100198";"КУП ""Жилищное коммунальное хозяйство Ленинского района г. Минска""";"КУП ""Жилищное коммунальное хозяйство Ленинского района г. Минска""";"22";"";"01.09.2024";"01.01.2100";"29,2224";"0";"0";"0";"0";"0";"0";"0";"0";"0";"0";"0";"0";"13571624946";"03.10.2026 18:45:33";"";"";"";"0";"0";"0"
"MN7000";"Минск РИЦ";"952529";"32612985";"22";"Отопление";"";"9100198";"КУП ""Жилищное коммунальное хозяйство Ленинского района г. Минска""";"КУП ""Жилищное коммунальное хозяйство Ленинского района г. Минска""";"22";"";"01.09.2020";"01.01.2100";"29,2224";"0";"0";"0";"0";"0";"0";"0";"153,55";"496,34";"496,34";"153,55";"0";"13571462728";"03.10.2026 18:45:33";"";"";"";"28";"0";"0"
"MN7000";"Минск РИЦ";"1035981";"42672457";"22";"Отопление";"";"264";"КУП ""Жилищное коммунальное хозяйство Заводского района г.Минска""";"КУП ""Жилищное коммунальное хозяйство Заводского района г.Минска""";"22";"";"01.05.2025";"01.01.2100";"29,2224";"0";"0";"0";"0";"0";"0";"0";"0";"0";"0";"0";"0";"13564382367";"03.10.2026 6:56:22";"";"";"";"0";"0";"0"
"MN7000";"Минск РИЦ";"231798";"3626292";"22";"Отопление";"";"401";"ГП ""МИНСККОММУНТЕПЛОСЕТЬ""";"ГП ""МИНСККОММУНТЕПЛОСЕТЬ""";"22";"";"01.01.2001";"01.01.2100";"29,2224";"0";"0";"0";"0";"0";"0";"0";"0";"0";"0";"0";"0";"13550496340";"01.10.2026 2:53:14";"";"";"";"0";"0";"0"
"MN7000";"Минск РИЦ";"804080";"32043295";"22";"Отопление";"";"9100541";"КУП ""Жилищное коммунальное хозяйство Советского района г. Минска""";"КУП ""Жилищное коммунальное хозяйство Советского района г. Минска""";"22";"";"01.03.2020";"01.01.2100";"29,2224";"0";"0";"0";"0";"0";"0";"0";"0";"0";"0";"0";"0";"13562252027";"03.10.2026 3:11:31";"";"";"";"0";"0";"0"
"MN7000";"Минск РИЦ";"988012";"36921408";"22";"Отопление";"";"9100365";"КУП «Минские городские общежития»";"КУП «Минские городские общежития»";"22";"";"11.11.2021";"01.01.2100";"29,2224";"0";"0";"0";"0";"0";"0";"0";"0";"0";"0";"0";"0";"13560532749";"02.10.2026 17:07:24";"";"";"";"0";"0";"0"
"MN7000";"Минск РИЦ";"717059";"18170050";"22";"Отопление";"";"401";"ГП ""МИНСККОММУНТЕПЛОСЕТЬ""";"ГП ""МИНСККОММУНТЕПЛОСЕТЬ""";"22";"";"01.02.2013";"01.01.2100";"29,2224";"0";"0";"0";"0";"0";"0";"0";"0";"0";"0";"0";"0";"13549375974";"30.09.2026 23:08:56";"";"";"";"0";"0";"0"
"MN7000";"Минск РИЦ";"1018761";"39548391";"22";"Отопление";"";"9100330";"КУП ""Жилищное коммунальное хозяйство Октябрьского района г. Минска""";"КУП ""Жилищное коммунальное хозяйство Октябрьского района г. Минска""";"22";"";"01.05.2024";"01.01.2100";"29,2224";"0";"0";"0";"0";"0";"0";"0";"0";"0";"0";"0";"0";"13572001130";"04.10.2026 21:26:31";"";"";"";"0";"0";"0"
"MN7000";"Минск РИЦ";"1019839";"40603990";"22";"Отопление";"";"401";"ГП ""МИНСККОММУНТЕПЛОСЕТЬ""";"ГП ""МИНСККОММУНТЕПЛОСЕТЬ""";"22";"";"01.07.2024";"01.01.2100";"29,2224";"0";"0";"0";"0";"0";"0";"0";"0";"0";"0";"0";"0";"13561697997";"03.10.2026 1:18:56";"";"";"";"0";"0";"0"
"MN7000";"Минск РИЦ";"441130";"9257707";"22";"Отопление";"";"401";"ГП ""МИНСККОММУНТЕПЛОСЕТЬ""";"ГП ""МИНСККОММУНТЕПЛОСЕТЬ""";"22";"";"15.06.2012";"01.01.2100";"29,2224";"0";"0";"0";"0";"0";"0";"0";"0";"0";"0";"0";"0";"13563707570";"03.10.2026 6:36:14";"";"";"";"0";"0";"0"
"MN7000";"Минск РИЦ";"529172";"28696828";"22";"Отопление";"";"9100330";"КУП ""Жилищное коммунальное хозяйство Октябрьского района г. Минска""";"КУП ""Жилищное коммунальное хозяйство Октябрьского района г. Минска""";"22";"";"01.10.2018";"01.01.2100";"29,2224";"0";"0";"0";"0";"0";"0";"0";"0";"0";"0";"0";"0";"13571922599";"04.10.2026 21:26:31";"";"";"";"0";"0";"0"
"MN7000";"Минск РИЦ";"382652";"31694338";"22";"Отопление";"";"264";"КУП ""Жилищное коммунальное хозяйство Заводского района г.Минска""";"КУП ""Жилищное коммунальное хозяйство Заводского района г.Минска""";"22";"";"01.12.2019";"01.01.2100";"29,2224";"0";"0";"0";"0";"0";"0";"0";"0";"5,45";"5,45";"0";"0";"13564244972";"03.10.2026 6:56:22";"";"";"";"0";"0";"0"
"MN7000";"Минск РИЦ";"207130";"41260796";"22";"Отопление";"";"286";"КУП ""Жилищное коммунальное хозяйство №2 Фрунзенского района г.Минска""";"КУП ""Жилищное коммунальное хозяйство №2 Фрунзенского района г.Минска""";"22";"";"01.09.2024";"01.01.2100";"29,2224";"0";"0";"0";"0";"0";"0";"0";"0";"0,71";"0,71";"0";"0";"13552797301";"01.10.2026 5:50:15";"";"";"";"0";"0";"0"
"MN7000";"Минск РИЦ";"178947";"1023255";"22";"Отопление";"";"401";"ГП ""МИНСККОММУНТЕПЛОСЕТЬ""";"ГП ""МИНСККОММУНТЕПЛОСЕТЬ""";"22";"";"01.01.2001";"01.01.2100";"29,2224";"0";"0";"0";"0";"0";"0";"0";"0";"7,16";"7,16";"0";"0";"13568575809";"03.10.2026 12:46:45";"";"";"";"0";"0";"0"
"MN7000";"Минск РИЦ";"798773";"32043285";"22";"Отопление";"";"9100541";"КУП ""Жилищное коммунальное хозяйство Советского района г. Минска""";"КУП ""Жилищное коммунальное хозяйство Советского района г. Минска""";"22";"";"01.03.2020";"01.01.2100";"29,2224";"0";"0";"0";"0";"0";"0";"0";"0";"0";"0";"0";"0";"13562252017";"03.10.2026 3:11:31";"";"";"";"0";"0";"0"
"MN7000";"Минск РИЦ";"730856";"16874137";"22";"Отопление";"";"401";"ГП ""МИНСККОММУНТЕПЛОСЕТЬ""";"ГП ""МИНСККОММУНТЕПЛОСЕТЬ""";"22";"";"01.02.2013";"01.01.2100";"29,2224";"0";"0";"0";"0";"0";"0";"0";"0";"0";"0";"0";"0";"13549311236";"30.09.2026 23:08:56";"";"";"";"0";"0";"0"
"MN7000";"Минск РИЦ";"823237";"28363227";"22";"Отопление";"";"9100541";"КУП ""Жилищное коммунальное хозяйство Советского района г. Минска""";"КУП ""Жилищное коммунальное хозяйство Советского района г. Минска""";"22";"";"01.10.2018";"01.01.2100";"29,2224";"0";"0";"0";"0";"0";"0";"0";"0";"0";"0";"0";"0";"13565980347";"03.10.2026 9:05:19";"";"";"";"0";"0";"0"
"MN7000";"Минск РИЦ";"814107";"37971433";"22";"Отопление";"";"9100541";"КУП ""Жилищное коммунальное хозяйство Советского района г. Минска""";"КУП ""Жилищное коммунальное хозяйство Советского района г. Минска""";"22";"";"01.02.2023";"01.01.2100";"29,2224";"0";"0";"0";"0";"0";"1,37";"0";"0";"0";"0";"1,37";"0";"13562314994";"03.10.2026 3:11:31";"";"";"";"0";"0";"0"
"MN7000";"Минск РИЦ";"1011281";"39160853";"22";"Отопление";"";"401";"ГП ""МИНСККОММУНТЕПЛОСЕТЬ""";"ГП ""МИНСККОММУНТЕПЛОСЕТЬ""";"22";"";"01.11.2023";"01.01.2100";"29,2224";"0";"0";"0";"0";"0";"0";"0";"0";"0";"0";"0";"0";"13561683279";"03.10.2026 1:18:56";"";"";"";"0";"0";"0"
"MN7000";"Минск РИЦ";"715445";"17061933";"22";"Отопление";"";"401";"ГП ""МИНСККОММУНТЕПЛОСЕТЬ""";"ГП ""МИНСККОММУНТЕПЛОСЕТЬ""";"22";"";"01.02.2013";"01.01.2100";"29,2224";"0";"0";"0";"0";"0";"0";"0";"0";"0,01";"0,01";"0";"0";"13549321396";"30.09.2026 23:08:56";"";"";"";"0";"0";"0"
"MN7000";"Минск РИЦ";"800695";"31321536";"22";"Отопление";"";"9100541";"КУП ""Жилищное коммунальное хозяйство Советского района г. Минска""";"КУП ""Жилищное коммунальное хозяйство Советского района г. Минска""";"22";"";"01.09.2019";"01.01.2100";"29,2224";"0";"0";"0";"0";"0";"0";"0";"0";"0,07";"0,07";"0";"0";"13566018340";"03.10.2026 9:05:19";"";"";"";"0";"0";"0"
"MN7000";"Минск РИЦ";"785382";"28356504";"22";"Отопление";"";"9100541";"КУП ""Жилищное коммунальное хозяйство Советского района г. Минска""";"КУП ""Жилищное коммунальное хозяйство Советского района г. Минска""";"22";"";"01.10.2018";"01.01.2100";"29,2224";"0";"0";"0";"0";"0";"0";"0";"0";"0,14";"0,14";"0";"0";"13565977812";"03.10.2026 9:05:19";"";"";"";"0";"0";"0"
"MN7000";"Минск РИЦ";"161306";"31232168";"22";"Отопление";"";"270";"КУП ""Жилищное коммунальное хозяйство №1 Московского района г.Минска""";"КУП ""Жилищное коммунальное хозяйство №1 Московского района г.Минска""";"22";"";"01.08.2019";"01.01.2100";"29,2224";"0";"0";"0";"0";"0";"0";"0";"0";"1,42";"1,42";"0";"0";"13561610952";"03.10.2026 1:18:56";"";"";"";"0";"0";"0"
"MN7000";"Минск РИЦ";"782156";"28375927";"22";"Отопление";"";"9100541";"КУП ""Жилищное коммунальное хозяйство Советского района г. Минска""";"КУП ""Жилищное коммунальное хозяйство Советского района г. Минска""";"22";"";"01.10.2018";"01.01.2100";"29,2224";"0";"0";"0";"0";"0";"0";"0";"0";"0";"0";"0";"0";"13565987221";"03.10.2026 9:05:19";"";"";"";"0";"0";"0"
"MN7000";"Минск РИЦ";"365553";"43744883";"22";"Отопление";"";"264";"КУП ""Жилищное коммунальное хозяйство Заводского района г.Минска""";"КУП ""Жилищное коммунальное хозяйство Заводского района г.Минска""";"22";"";"01.11.2025";"01.01.2100";"29,2224";"0";"0";"0";"0";"0";"0";"0";"0";"0,8";"0,8";"0";"0";"13563977785";"03.10.2026 6:36:14";"";"";"";"0";"0";"0"
"MN7000";"Минск РИЦ";"192685";"28583378";"22";"Отопление";"";"270";"КУП ""Жилищное коммунальное хозяйство №1 Московского района г.Минска""";"КУП ""Жилищное коммунальное хозяйство №1 Московского района г.Минска""";"22";"";"01.10.2018";"01.01.2100";"29,2224";"0";"0";"0";"0";"0";"0";"0";"0";"0,68";"0,68";"0";"0";"13561592373";"03.10.2026 1:18:56";"";"";"";"0";"0";"0"
"MN7000";"Минск РИЦ";"183962";"30593762";"22";"Отопление";"";"270";"КУП ""Жилищное коммунальное хозяйство №1 Московского района г.Минска""";"КУП ""Жилищное коммунальное хозяйство №1 Московского района г.Минска""";"22";"";"01.03.2019";"01.01.2100";"29,2224";"0";"0";"0";"0";"0";"0";"0";"0,05";"0,11";"0,01";"0,05";"0";"13561605849";"03.10.2026 1:18:56";"";"";"";"0";"0";"0,1"
"MN7000";"Минск РИЦ";"955409";"31301598";"22";"Отопление";"";"9100541";"КУП ""Жилищное коммунальное хозяйство Советского района г. Минска""";"КУП ""Жилищное коммунальное хозяйство Советского района г. Минска""";"22";"";"01.09.2019";"01.01.2100";"29,2224";"0";"0";"0";"0";"0";"0";"0";"0,38";"3,13";"3,13";"0";"0";"13566015101";"03.10.2026 9:05:19";"";"";"";"0";"0,38";"0"
"MN7000";"Минск РИЦ";"768377";"32140663";"22";"Отопление";"";"9100541";"КУП ""Жилищное коммунальное хозяйство Советского района г. Минска""";"КУП ""Жилищное коммунальное хозяйство Советского района г. Минска""";"22";"";"01.04.2020";"01.01.2100";"29,2224";"0";"0";"0";"0";"0";"0,02";"0";"0,72";"0";"0";"0,73";"0";"13566038894";"03.10.2026 9:05:19";"";"";"";"0";"0,01";"0"
"MN7000";"Минск РИЦ";"1029793";"42391735";"22";"Отопление";"";"70002338";"ТС ""Фарфоровый-1""";"ТС ""Фарфоровый-1""";"22";"";"01.02.2025";"01.01.2100";"29,2224";"0";"0";"0";"0";"0";"0";"0";"0";"0";"0";"0";"0";"13525097728";"25.09.2026 18:13:11";"";"";"";"0";"0";"0"
"MN7000";"Минск РИЦ";"1029291";"42383340";"22";"Отопление";"";"401";"ГП ""МИНСККОММУНТЕПЛОСЕТЬ""";"ГП ""МИНСККОММУНТЕПЛОСЕТЬ""";"22";"";"01.02.2025";"01.01.2100";"29,2224";"0";"0";"0";"0";"0";"0";"0";"47,01";"0";"0";"47,01";"0";"13569067702";"03.10.2026 12:46:45";"";"";"";"0";"0";"0"
"MN7000";"Минск РИЦ";"1056919";"43933314";"22";"Отопление";"";"401";"ГП ""МИНСККОММУНТЕПЛОСЕТЬ""";"ГП ""МИНСККОММУНТЕПЛОСЕТЬ""";"22";"";"27.01.2026";"01.01.2100";"29,2224";"0";"0";"0";"0";"0";"0";"0";"0";"0";"0";"0";"0";"13561732119";"03.10.2026 1:18:56";"";"";"";"0";"0";"0"
"MN7000";"Минск РИЦ";"490081";"28384385";"22";"Отопление";"";"9100198";"КУП ""Жилищное коммунальное хозяйство Ленинского района г. Минска""";"КУП ""Жилищное коммунальное хозяйство Ленинского района г. Минска""";"22";"";"01.10.2018";"01.01.2100";"29,2224";"0";"0";"0";"0";"0";"0";"0";"0";"0";"0";"0";"0";"13571396571";"03.10.2026 18:45:33";"";"";"";"12";"0";"0"
"MN7000";"Минск РИЦ";"139085";"2380825";"22";"Отопление";"";"401";"ГП ""МИНСККОММУНТЕПЛОСЕТЬ""";"ГП ""МИНСККОММУНТЕПЛОСЕТЬ""";"22";"";"01.09.2015";"01.01.2100";"29,2224";"0";"0";"0";"0";"0";"0";"0";"0";"0";"0";"0";"0";"13568724881";"03.10.2026 12:46:45";"";"";"";"0";"0";"0"
"MN7000";"Минск РИЦ";"811865";"31321749";"22";"Отопление";"";"9100541";"КУП ""Жилищное коммунальное хозяйство Советского района г. Минска""";"КУП ""Жилищное коммунальное хозяйство Советского района г. Минска""";"22";"";"01.09.2019";"01.01.2100";"29,2224";"0";"0";"0";"0";"0";"0";"0";"0";"0";"0";"0";"0";"13566018549";"03.10.2026 9:05:19";"";"";"";"0";"0";"0"
"MN7000";"Минск РИЦ";"524245";"28696495";"22";"Отопление";"";"9100330";"КУП ""Жилищное коммунальное хозяйство Октябрьского района г. Минска""";"КУП ""Жилищное коммунальное хозяйство Октябрьского района г. Минска""";"22";"";"01.10.2018";"01.01.2100";"29,2224";"0";"0";"0";"0";"0";"0";"0";"0";"0";"0";"0";"0";"13571922275";"04.10.2026 21:26:31";"";"";"";"0";"0";"0"
"MN7000";"Минск РИЦ";"784573";"32141396";"22";"Отопление";"";"9100541";"КУП ""Жилищное коммунальное хозяйство Советского района г. Минска""";"КУП ""Жилищное коммунальное хозяйство Советского района г. Минска""";"22";"";"01.04.2020";"01.01.2100";"29,2224";"0";"0";"0";"0";"0";"0";"0";"0";"2,58";"0";"0";"0";"13566039579";"03.10.2026 9:05:19";"";"";"";"0";"0";"2,58"
"MN7000";"Минск РИЦ";"1044522";"43517834";"22";"Отопление";"";"9100365";"КУП «Минские городские общежития»";"КУП «Минские городские общежития»";"22";"";"02.09.2025";"01.01.2100";"29,2224";"0";"0";"0";"0";"0";"0";"0";"0";"0";"0";"0";"0";"13560584472";"02.10.2026 17:07:24";"";"";"";"0";"0";"0"
"MN7000";"Минск РИЦ";"811665";"32141303";"22";"Отопление";"";"9100541";"КУП ""Жилищное коммунальное хозяйство Советского района г. Минска""";"КУП ""Жилищное коммунальное хозяйство Советского района г. Минска""";"22";"";"01.04.2020";"01.01.2100";"29,2224";"0";"0";"0";"0";"0";"0";"0";"0";"0";"0";"0";"0";"13566039487";"03.10.2026 9:05:19";"";"";"";"0";"0";"0"
"MN7000";"Минск РИЦ";"1019451";"40465825";"22";"Отопление";"";"401";"ГП ""МИНСККОММУНТЕПЛОСЕТЬ""";"ГП ""МИНСККОММУНТЕПЛОСЕТЬ""";"22";"";"01.06.2024";"01.01.2100";"29,2224";"0";"0";"0";"0";"0";"0";"0";"0";"0";"0";"0";"0";"13561688555";"03.10.2026 1:18:56";"";"";"";"0";"0";"0"
"MN7000";"Минск РИЦ";"745760";"17737489";"22";"Отопление";"";"401";"ГП ""МИНСККОММУНТЕПЛОСЕТЬ""";"ГП ""МИНСККОММУНТЕПЛОСЕТЬ""";"22";"";"01.06.2014";"01.01.2100";"29,2224";"0";"0";"0";"0";"0";"0";"0";"0";"0,04";"0,04";"0";"0";"13549354214";"30.09.2026 23:08:56";"";"";"";"0";"0";"0"
"MN7000";"Минск РИЦ";"523282";"28289447";"22";"Отопление";"";"9100198";"КУП ""Жилищное коммунальное хозяйство Ленинского района г. Минска""";"КУП ""Жилищное коммунальное хозяйство Ленинского района г. Минска""";"22";"";"01.10.2018";"01.01.2100";"29,2224";"0";"0";"0";"0";"0";"0";"0";"0";"0,05";"0,05";"0";"0";"13570557394";"03.10.2026 16:50:37";"";"";"";"0";"0";"0"
"MN7000";"Минск РИЦ";"580893";"37962153";"22";"Отопление";"";"70002183";"ТС жилого дома 67 корпус 1 по ул.Захарова";"ТС жилого дома 67 корпус 1 по ул.Захарова";"22";"";"01.02.2023";"01.01.2100";"29,2224";"0";"0";"0";"0";"0";"0";"0";"3,12";"0,93";"0,06";"0";"0";"13560541618";"02.10.2026 16:51:10";"";"";"";"0";"3,12";"0,87"
"MN7000";"Минск РИЦ";"189861";"1329766";"22";"Отопление";"";"401";"ГП ""МИНСККОММУНТЕПЛОСЕТЬ""";"ГП ""МИНСККОММУНТЕПЛОСЕТЬ""";"22";"";"01.12.2011";"01.01.2100";"29,2224";"0";"0";"0";"0";"0";"0";"0";"0,05";"1,16";"1,16";"0,01";"0";"13568609984";"03.10.2026 12:46:45";"";"";"";"7";"0,04";"0"
"MN7000";"Минск РИЦ";"195882";"28591295";"22";"Отопление";"";"270";"КУП ""Жилищное коммунальное хозяйство №1 Московского района г.Минска""";"КУП ""Жилищное коммунальное хозяйство №1 Московского района г.Минска""";"22";"";"01.10.2018";"01.01.2100";"29,2224";"0";"0";"0";"0";"0";"0";"0";"0";"4,73";"4,73";"0";"0";"13561593691";"03.10.2026 1:18:56";"";"";"";"0";"0";"0"
"MN7000";"Минск РИЦ";"103501";"40085349";"22";"Отопление";"";"401";"ГП ""МИНСККОММУНТЕПЛОСЕТЬ""";"ГП ""МИНСККОММУНТЕПЛОСЕТЬ""";"22";"";"01.06.2024";"01.01.2100";"29,2224";"0";"0";"0";"0";"0";"0";"0";"0";"0";"0";"0";"0";"13568965046";"03.10.2026 12:46:45";"";"";"";"0";"0";"0"
"MN7000";"Минск РИЦ";"580913";"37962119";"22";"Отопление";"";"70002183";"ТС жилого дома 67 корпус 1 по ул.Захарова";"ТС жилого дома 67 корпус 1 по ул.Захарова";"22";"";"01.02.2023";"01.01.2100";"29,2224";"0";"0";"0";"0";"0";"0";"0";"0";"3,51";"3,51";"0";"0";"13560541584";"02.10.2026 16:51:10";"";"";"";"0";"0";"0"
"MN7000";"Минск РИЦ";"731412";"17923900";"22";"Отопление";"";"401";"ГП ""МИНСККОММУНТЕПЛОСЕТЬ""";"ГП ""МИНСККОММУНТЕПЛОСЕТЬ""";"22";"";"01.02.2013";"01.01.2100";"29,2224";"0";"0";"0";"0";"0";"0";"0";"0";"0";"0";"0";"0";"13549298909";"30.09.2026 23:08:56";"";"";"";"0";"0";"0"
"MN7000";"Минск РИЦ";"952527";"32612984";"22";"Отопление";"";"9100198";"КУП ""Жилищное коммунальное хозяйство Ленинского района г. Минска""";"КУП ""Жилищное коммунальное хозяйство Ленинского района г. Минска""";"22";"";"01.09.2020";"01.01.2100";"29,2224";"0";"0";"0";"0";"0";"0";"0";"0";"14,57";"14,57";"0";"0";"13571462727";"03.10.2026 18:45:33";"";"";"";"13";"0";"0"
"MN7000";"Минск РИЦ";"730750";"17120745";"22";"Отопление";"";"401";"ГП ""МИНСККОММУНТЕПЛОСЕТЬ""";"ГП ""МИНСККОММУНТЕПЛОСЕТЬ""";"22";"";"01.02.2013";"01.01.2100";"29,2224";"0";"0";"0";"0";"0";"0";"0";"0";"0";"0";"0";"0";"13549323400";"30.09.2026 23:08:56";"";"";"";"6";"0";"0"
"MN7000";"Минск РИЦ";"490418";"28384264";"22";"Отопление";"";"9100198";"КУП ""Жилищное коммунальное хозяйство Ленинского района г. Минска""";"КУП ""Жилищное коммунальное хозяйство Ленинского района г. Минска""";"22";"";"01.10.2018";"01.01.2100";"29,2224";"0";"0";"0";"0";"0";"0";"0";"0";"0";"0";"0";"0";"13571396453";"03.10.2026 18:45:33";"";"";"";"0";"0";"0"
"MN7000";"Минск РИЦ";"945811";"30647791";"22";"Отопление";"";"9100365";"КУП «Минские городские общежития»";"КУП «Минские городские общежития»";"22";"";"06.03.2019";"01.01.2100";"29,2224";"0";"0";"0";"0";"0";"0";"0";"0";"0";"0";"0";"0";"13560530536";"02.10.2026 17:07:24";"";"";"";"0";"0";"0"
"MN7000";"Минск РИЦ";"496968";"32612657";"22";"Отопление";"";"9100198";"КУП ""Жилищное коммунальное хозяйство Ленинского района г. Минска""";"КУП ""Жилищное коммунальное хозяйство Ленинского района г. Минска""";"22";"";"01.09.2020";"01.01.2100";"29,2224";"0";"0";"0";"0";"0";"0";"0";"0";"0,03";"0,03";"0";"0";"13571462416";"03.10.2026 18:45:33";"";"";"";"0";"0";"0"
"MN7000";"Минск РИЦ";"111810";"1244308";"22";"Отопление";"";"401";"ГП ""МИНСККОММУНТЕПЛОСЕТЬ""";"ГП ""МИНСККОММУНТЕПЛОСЕТЬ""";"22";"";"01.12.2011";"01.01.2100";"29,2224";"0";"0";"0";"0";"0";"0";"0";"0";"0";"0";"0";"0";"13568599256";"03.10.2026 12:46:45";"";"";"";"0";"0";"0"
"MN7000";"Минск РИЦ";"986395";"36705882";"22";"Отопление";"";"9100365";"КУП «Минские городские общежития»";"КУП «Минские городские общежития»";"22";"";"01.09.2021";"01.01.2100";"29,2224";"0";"0";"0";"0";"0";"0";"0";"0";"0";"0";"0";"0";"13564852960";"03.10.2026 8:35:39";"";"";"";"0";"0";"0"
"MN7000";"Минск РИЦ";"490253";"28384333";"22";"Отопление";"";"9100198";"КУП ""Жилищное коммунальное хозяйство Ленинского района г. Минска""";"КУП ""Жилищное коммунальное хозяйство Ленинского района г. Минска""";"22";"";"01.10.2018";"01.01.2100";"29,2224";"0";"0";"0";"0";"0";"0";"0";"0";"0,09";"0,09";"0";"0";"13571396520";"03.10.2026 18:45:33";"";"";"";"0";"0";"0"
"MN7000";"Минск РИЦ";"232534";"3121924";"22";"Отопление";"";"401";"ГП ""МИНСККОММУНТЕПЛОСЕТЬ""";"ГП ""МИНСККОММУНТЕПЛОСЕТЬ""";"22";"";"01.10.2013";"01.01.2100";"29,2224";"0";"0";"0";"0";"0";"0";"0";"0";"0";"0";"0";"0";"13550477206";"01.10.2026 2:53:14";"";"";"";"0";"0";"0"
"MN7000";"Минск РИЦ";"1007147";"38815235";"22";"Отопление";"";"70002338";"ТС ""Фарфоровый-1""";"ТС ""Фарфоровый-1""";"22";"";"21.06.2023";"01.01.2100";"29,2224";"0";"0";"0";"0";"0";"0";"0";"0";"0";"0";"0";"0";"13524846405";"25.09.2026 18:13:11";"";"";"";"0";"0";"0"
"MN7000";"Минск РИЦ";"1021340";"40895410";"22";"Отопление";"";"401";"ГП ""МИНСККОММУНТЕПЛОСЕТЬ""";"ГП ""МИНСККОММУНТЕПЛОСЕТЬ""";"22";"";"02.08.2024";"01.01.2100";"29,2224";"0";"0";"0";"0";"0";"0";"0";"115";"64,03";"64,03";"115";"0";"13550665069";"01.10.2026 2:53:14";"";"";"";"10";"0";"0"
"MN7000";"Минск РИЦ";"767954";"31321680";"22";"Отопление";"";"9100541";"КУП ""Жилищное коммунальное хозяйство Советского района г. Минска""";"КУП ""Жилищное коммунальное хозяйство Советского района г. Минска""";"22";"";"01.09.2019";"01.01.2100";"29,2224";"0";"0";"0";"0";"0";"0";"0";"0";"0,03";"0,03";"0";"0";"13566018481";"03.10.2026 9:05:19";"";"";"";"0";"0";"0"
"MN7000";"Минск РИЦ";"1008768";"43986211";"22";"Отопление";"";"70003423";"УП ""Ремавтодор Заводского района г.Минска""";"УП ""Ремавтодор Заводского района г.Минска""";"22";"";"01.02.2026";"01.01.2100";"29,2224";"0";"0";"0";"0";"0";"0";"0";"0";"0,03";"0,03";"0";"0";"13560635009";"02.10.2026 17:19:25";"";"";"";"0";"0";"0"
"MN7000";"Минск РИЦ";"496122";"32612722";"22";"Отопление";"";"9100198";"КУП ""Жилищное коммунальное хозяйство Ленинского района г. Минска""";"КУП ""Жилищное коммунальное хозяйство Ленинского района г. Минска""";"22";"";"01.09.2020";"01.01.2100";"29,2224";"0";"0";"0";"0";"0";"0";"0";"0";"0,07";"0,07";"0";"0";"13571462476";"03.10.2026 18:45:33";"";"";"";"0";"0";"0"
"MN7000";"Минск РИЦ";"512933";"44397430";"22";"Отопление";"";"9100198";"КУП ""Жилищное коммунальное хозяйство Ленинского района г. Минска""";"КУП ""Жилищное коммунальное хозяйство Ленинского района г. Минска""";"22";"";"01.06.2026";"01.01.2100";"29,2224";"0";"0";"0";"0";"0";"0";"0";"0";"0";"0";"0";"0";"13571685950";"03.10.2026 18:45:33";"";"";"";"0";"0";"0"
"MN7000";"Минск РИЦ";"764300";"17245733";"22";"Отопление";"";"401";"ГП ""МИНСККОММУНТЕПЛОСЕТЬ""";"ГП ""МИНСККОММУНТЕПЛОСЕТЬ""";"22";"";"01.02.2013";"01.01.2100";"29,2224";"0";"0";"0";"0";"0";"0";"0";"0";"0";"0";"0";"0";"13549330020";"30.09.2026 23:08:56";"";"";"";"0";"0";"0"
"MN7000";"Минск РИЦ";"815517";"28331007";"22";"Отопление";"";"9100541";"КУП ""Жилищное коммунальное хозяйство Советского района г. Минска""";"КУП ""Жилищное коммунальное хозяйство Советского района г. Минска""";"22";"";"01.10.2018";"01.01.2100";"29,2224";"0";"0";"0";"0";"0";"0";"0";"0";"0";"0";"0";"0";"13562227358";"03.10.2026 3:11:31";"";"";"";"0";"0";"0"
"MN7000";"Минск РИЦ";"785464";"31789085";"22";"Отопление";"";"9100541";"КУП ""Жилищное коммунальное хозяйство Советского района г. Минска""";"КУП ""Жилищное коммунальное хозяйство Советского района г. Минска""";"22";"";"01.01.2020";"01.01.2100";"29,2224";"0";"0";"0";"0";"0";"0";"0";"498,63";"2557,21";"2557,21";"498,63";"0";"13566028468";"03.10.2026 9:05:19";"";"";"";"36";"0";"0"
"MN7000";"Минск РИЦ";"1021731";"41585774";"22";"Отопление";"";"401";"ГП ""МИНСККОММУНТЕПЛОСЕТЬ""";"ГП ""МИНСККОММУНТЕПЛОСЕТЬ""";"22";"";"01.10.2024";"01.01.2100";"29,2224";"0";"0";"0";"0";"0";"0";"0";"0";"0";"0";"0";"0";"13561707689";"03.10.2026 1:18:56";"";"";"";"0";"0";"0"
"MN7000";"Минск РИЦ";"363885";"43744847";"22";"Отопление";"";"264";"КУП ""Жилищное коммунальное хозяйство Заводского района г.Минска""";"КУП ""Жилищное коммунальное хозяйство Заводского района г.Минска""";"22";"";"01.11.2025";"01.01.2100";"29,2224";"0";"0";"0";"0";"0";"0";"0";"0";"0,17";"0,17";"0";"0";"13563977749";"03.10.2026 6:36:14";"";"";"";"0";"0";"0"
"MN7000";"Минск РИЦ";"547226";"28604775";"23";"Подогрев воды";"";"9100330";"КУП ""Жилищное коммунальное хозяйство Октябрьского района г. Минска""";"КУП ""Жилищное коммунальное хозяйство Октябрьского района г. Минска""";"23";"";"01.10.2018";"01.01.2100";"29,2224";"0";"0";"0";"0";"0";"0";"0";"6,21";"0,09";"0,09";"6,2";"0";"13571918081";"04.10.2026 21:26:31";"";"";"";"0";"0,01";"0"
"MN7000";"Минск РИЦ";"580893";"37962232";"23";"Подогрев воды";"";"70002183";"ТС жилого дома 67 корпус 1 по ул.Захарова";"ТС жилого дома 67 корпус 1 по ул.Захарова";"23";"";"01.02.2023";"01.01.2100";"29,2224";"0";"0";"0";"0";"0";"0";"0";"16,84";"0,34";"0,17";"7,63";"0";"13560541695";"02.10.2026 16:51:10";"";"";"";"0";"9,21";"0,17"
"MN7000";"Минск РИЦ";"988012";"36921411";"23";"Подогрев воды";"";"9100365";"КУП «Минские городские общежития»";"КУП «Минские городские общежития»";"23";"";"11.11.2021";"01.01.2100";"29,2224";"0";"0";"0";"0";"0";"0,13";"0";"3,32";"0,1";"0,1";"1,76";"0";"13560532750";"02.10.2026 17:07:24";"";"";"";"0";"1,69";"0"
"MN7000";"Минск РИЦ";"207130";"41245945";"23";"Подогрев воды";"";"286";"КУП ""Жилищное коммунальное хозяйство №2 Фрунзенского района г.Минска""";"КУП ""Жилищное коммунальное хозяйство №2 Фрунзенского района г.Минска""";"23";"";"01.09.2024";"01.01.2100";"29,2224";"0";"0";"0";"0";"0,38";"0";"0";"6,95";"0,36";"0,74";"6,95";"0";"13552783036";"01.10.2026 5:50:15";"";"";"";"0";"0";"0"
"MN7000";"Минск РИЦ";"715445";"40288705";"23";"Подогрев воды";"";"401";"ГП ""МИНСККОММУНТЕПЛОСЕТЬ""";"ГП ""МИНСККОММУНТЕПЛОСЕТЬ""";"23";"";"01.06.2024";"01.01.2100";"29,2224";"0";"0";"0";"0";"0";"0,12";"0";"1,58";"0";"0";"1,7";"0";"13549489122";"30.09.2026 23:08:56";"";"";"";"0";"0";"0"
"MN7000";"Минск РИЦ";"523282";"28289539";"23";"Подогрев воды";"";"9100198";"КУП ""Жилищное коммунальное хозяйство Ленинского района г. Минска""";"КУП ""Жилищное коммунальное хозяйство Ленинского района г. Минска""";"23";"";"01.10.2018";"01.01.2100";"29,2224";"0";"0";"0";"0";"0";"0";"0";"4,14";"0,01";"0,01";"4,14";"0";"13570557478";"03.10.2026 16:50:37";"";"";"";"0";"0";"0"
"MN7000";"Минск РИЦ";"103501";"40102368";"23";"Подогрев воды";"";"401";"ГП ""МИНСККОММУНТЕПЛОСЕТЬ""";"ГП ""МИНСККОММУНТЕПЛОСЕТЬ""";"23";"";"01.06.2024";"01.01.2100";"29,2224";"0";"0";"0";"0";"0";"0,01";"0";"0";"0";"0";"0,01";"0";"13568981011";"03.10.2026 12:46:45";"";"";"";"0";"0";"0"
"MN7000";"Минск РИЦ";"1007147";"38815236";"23";"Подогрев воды";"";"70002338";"ТС ""Фарфоровый-1""";"ТС ""Фарфоровый-1""";"23";"";"21.06.2023";"01.01.2100";"29,2224";"0";"0";"0";"0";"0";"0";"0";"0";"0";"0";"0";"0";"13524846406";"25.09.2026 18:13:11";"";"";"";"0";"0";"0"
"MN7000";"Минск РИЦ";"955409";"31301618";"23";"Подогрев воды";"";"9100541";"КУП ""Жилищное коммунальное хозяйство Советского района г. Минска""";"КУП ""Жилищное коммунальное хозяйство Советского района г. Минска""";"23";"";"01.09.2019";"01.01.2100";"29,2224";"0";"0";"0";"0";"0";"0";"0";"5,42";"2,01";"2,01";"3,05";"0";"13566015102";"03.10.2026 9:05:19";"";"";"";"2";"2,37";"0"
"MN7000";"Минск РИЦ";"1019451";"40465828";"23";"Подогрев воды";"";"401";"ГП ""МИНСККОММУНТЕПЛОСЕТЬ""";"ГП ""МИНСККОММУНТЕПЛОСЕТЬ""";"23";"";"01.06.2024";"01.01.2100";"29,2224";"0";"0";"0";"0";"0";"-10,13";"0";"4,1";"0,01";"0,01";"-6,03";"0";"13561688557";"03.10.2026 1:18:56";"";"";"";"0";"0";"0"
"MN7000";"Минск РИЦ";"730750";"40292648";"23";"Подогрев воды";"";"401";"ГП ""МИНСККОММУНТЕПЛОСЕТЬ""";"ГП ""МИНСККОММУНТЕПЛОСЕТЬ""";"23";"";"01.06.2024";"01.01.2100";"29,2224";"0";"0";"0";"0";"0";"0";"0";"17,72";"0";"0";"17,72";"0";"13549492365";"30.09.2026 23:08:56";"";"";"";"0";"0";"0"
"MN7000";"Минск РИЦ";"496968";"32613099";"23";"Подогрев воды";"";"9100198";"КУП ""Жилищное коммунальное хозяйство Ленинского района г. Минска""";"КУП ""Жилищное коммунальное хозяйство Ленинского района г. Минска""";"23";"";"01.09.2020";"01.01.2100";"29,2224";"0";"0";"0";"0";"0";"0,21";"0";"14,78";"0,03";"0,03";"14,99";"0";"13571462840";"03.10.2026 18:45:33";"";"";"";"0";"0";"0"
"MN7000";"Минск РИЦ";"952529";"32613427";"23";"Подогрев воды";"";"9100198";"КУП ""Жилищное коммунальное хозяйство Ленинского района г. Минска""";"КУП ""Жилищное коммунальное хозяйство Ленинского района г. Минска""";"23";"";"01.09.2020";"01.01.2100";"29,2224";"0";"0";"0";"0";"0";"0,04";"0";"293,42";"654,59";"654,59";"293,46";"0";"13571463151";"03.10.2026 18:45:33";"";"";"";"18";"0";"0"
"MN7000";"Минск РИЦ";"1021340";"40895412";"23";"Подогрев воды";"";"401";"ГП ""МИНСККОММУНТЕПЛОСЕТЬ""";"ГП ""МИНСККОММУНТЕПЛОСЕТЬ""";"23";"";"02.08.2024";"01.01.2100";"29,2224";"0";"0";"0";"0";"0";"0,05";"0";"88,51";"48,32";"48,32";"88,56";"0";"13550665071";"01.10.2026 2:53:14";"";"";"";"12";"0";"0"
"MN7000";"Минск РИЦ";"1019839";"40603992";"23";"Подогрев воды";"";"401";"ГП ""МИНСККОММУНТЕПЛОСЕТЬ""";"ГП ""МИНСККОММУНТЕПЛОСЕТЬ""";"23";"";"01.07.2024";"01.01.2100";"29,2224";"0";"0";"0";"0";"0";"0";"0";"21,13";"0,99";"0,99";"13,1";"0";"13561697999";"03.10.2026 1:18:56";"";"";"";"0";"8,03";"0"
"MN7000";"Минск РИЦ";"189861";"40132130";"23";"Подогрев воды";"";"401";"ГП ""МИНСККОММУНТЕПЛОСЕТЬ""";"ГП ""МИНСККОММУНТЕПЛОСЕТЬ""";"23";"";"01.06.2024";"01.01.2100";"29,2224";"0";"0";"0";"0";"0";"0";"0";"18,72";"1,6";"1,6";"6,29";"0";"13569009760";"03.10.2026 12:46:45";"";"";"";"0";"12,43";"0"
"MN7000";"Минск РИЦ";"490253";"28384830";"23";"Подогрев воды";"";"9100198";"КУП ""Жилищное коммунальное хозяйство Ленинского района г. Минска""";"КУП ""Жилищное коммунальное хозяйство Ленинского района г. Минска""";"23";"";"01.10.2018";"01.01.2100";"29,2224";"0";"0";"0";"0";"0";"0";"0";"27";"0,6";"0,6";"9,73";"0";"13571396998";"03.10.2026 18:45:33";"";"";"";"0";"17,27";"0"
"MN7000";"Минск РИЦ";"580913";"37962198";"23";"Подогрев воды";"";"70002183";"ТС жилого дома 67 корпус 1 по ул.Захарова";"ТС жилого дома 67 корпус 1 по ул.Захарова";"23";"";"01.02.2023";"01.01.2100";"29,2224";"0";"0";"0";"0";"0";"0";"0";"20,43";"0,75";"0,75";"20,43";"0";"13560541662";"02.10.2026 16:51:10";"";"";"";"0";"0";"0"
"MN7000";"Минск РИЦ";"1044522";"43517836";"23";"Подогрев воды";"";"9100365";"КУП «Минские городские общежития»";"КУП «Минские городские общежития»";"23";"";"02.09.2025";"01.01.2100";"29,2224";"0";"0";"0";"0";"0";"0";"0";"4,32";"0";"0";"4,32";"0";"13560584474";"02.10.2026 17:07:24";"";"";"";"0";"0";"0"
"MN7000";"Минск РИЦ";"767954";"31321979";"23";"Подогрев воды";"";"9100541";"КУП ""Жилищное коммунальное хозяйство Советского района г. Минска""";"КУП ""Жилищное коммунальное хозяйство Советского района г. Минска""";"23";"";"01.09.2019";"01.01.2100";"29,2224";"0";"0";"0";"0";"0";"0,61";"0";"8,59";"0,09";"0,09";"9,2";"0";"13566018771";"03.10.2026 9:05:19";"";"";"";"0";"0";"0"
"MN7000";"Минск РИЦ";"717059";"40288933";"23";"Подогрев воды";"";"401";"ГП ""МИНСККОММУНТЕПЛОСЕТЬ""";"ГП ""МИНСККОММУНТЕПЛОСЕТЬ""";"23";"";"01.06.2024";"01.01.2100";"29,2224";"0";"0";"0";"0";"0";"0";"0";"0";"0";"0";"0";"0";"13549489320";"30.09.2026 23:08:56";"";"";"";"0";"0";"0"
"MN7000";"Минск РИЦ";"178947";"40126578";"23";"Подогрев воды";"";"401";"ГП ""МИНСККОММУНТЕПЛОСЕТЬ""";"ГП ""МИНСККОММУНТЕПЛОСЕТЬ""";"23";"";"01.06.2024";"01.01.2100";"29,2224";"0";"0";"0";"0";"0";"0";"0";"1,04";"0,66";"0,66";"1,04";"0";"13569004393";"03.10.2026 12:46:45";"";"";"";"0";"0";"0"
"MN7000";"Минск РИЦ";"945811";"30647792";"23";"Подогрев воды";"";"9100365";"КУП «Минские городские общежития»";"КУП «Минские городские общежития»";"23";"";"06.03.2019";"01.01.2100";"29,2224";"0";"0";"0";"0";"0";"0";"0";"17,92";"0,24";"0,17";"8,64";"0";"13560530537";"02.10.2026 17:07:24";"";"";"";"0";"9,28";"0,07"
"MN7000";"Минск РИЦ";"1046374";"43598418";"23";"Подогрев воды";"";"401";"ГП ""МИНСККОММУНТЕПЛОСЕТЬ""";"ГП ""МИНСККОММУНТЕПЛОСЕТЬ""";"23";"";"27.10.2025";"01.01.2100";"29,2224";"0";"0";"0";"0";"0";"0";"0";"5,52";"0,31";"0,22";"1,02";"0";"13563975155";"03.10.2026 6:36:14";"";"";"";"0";"4,5";"0,09"
"MN7000";"Минск РИЦ";"1011281";"39161091";"23";"Подогрев воды";"";"401";"ГП ""МИНСККОММУНТЕПЛОСЕТЬ""";"ГП ""МИНСККОММУНТЕПЛОСЕТЬ""";"23";"";"01.11.2023";"01.01.2100";"29,2224";"0";"0";"0";"0";"0";"0";"0";"13,05";"0,64";"0,64";"13,05";"0";"13561683311";"03.10.2026 1:18:56";"";"";"";"0";"0";"0"
"MN7000";"Минск РИЦ";"782156";"28376159";"23";"Подогрев воды";"";"9100541";"КУП ""Жилищное коммунальное хозяйство Советского района г. Минска""";"КУП ""Жилищное коммунальное хозяйство Советского района г. Минска""";"23";"";"01.10.2018";"01.01.2100";"29,2224";"0";"0";"0";"0";"0";"0";"0";"10,35";"0,08";"0,08";"10,35";"0";"13565987415";"03.10.2026 9:05:19";"";"";"";"0";"0";"0"
"MN7000";"Минск РИЦ";"952527";"32613426";"23";"Подогрев воды";"";"9100198";"КУП ""Жилищное коммунальное хозяйство Ленинского района г. Минска""";"КУП ""Жилищное коммунальное хозяйство Ленинского района г. Минска""";"23";"";"01.09.2020";"01.01.2100";"29,2224";"0";"0";"0";"0";"0";"0";"0";"3,22";"12,94";"12,94";"3,22";"0";"13571463150";"03.10.2026 18:45:33";"";"";"";"18";"0";"0"
"MN7000";"Минск РИЦ";"490081";"28384882";"23";"Подогрев воды";"";"9100198";"КУП ""Жилищное коммунальное хозяйство Ленинского района г. Минска""";"КУП ""Жилищное коммунальное хозяйство Ленинского района г. Минска""";"23";"";"01.10.2018";"01.01.2100";"29,2224";"0";"0";"0";"0";"0";"0";"0";"8,11";"0,49";"0,49";"8,11";"0";"13571397049";"03.10.2026 18:45:33";"";"";"";"12";"0";"0"
"MN7000";"Минск РИЦ";"785382";"28356737";"23";"Подогрев воды";"";"9100541";"КУП ""Жилищное коммунальное хозяйство Советского района г. Минска""";"КУП ""Жилищное коммунальное хозяйство Советского района г. Минска""";"23";"";"01.10.2018";"01.01.2100";"29,2224";"0";"0";"0";"0";"0";"0";"0";"7,91";"0,11";"0,11";"7,91";"0";"13565978037";"03.10.2026 9:05:19";"";"";"";"0";"0";"0"
"MN7000";"Минск РИЦ";"441130";"39863158";"23";"Подогрев воды";"";"401";"ГП ""МИНСККОММУНТЕПЛОСЕТЬ""";"ГП ""МИНСККОММУНТЕПЛОСЕТЬ""";"23";"";"01.06.2024";"01.01.2100";"29,2224";"0";"0";"0";"0";"0";"0";"0";"0,56";"0";"0";"0,56";"0";"13563918469";"03.10.2026 6:36:14";"";"";"";"0";"0";"0"
"MN7000";"Минск РИЦ";"764300";"40297603";"23";"Подогрев воды";"";"401";"ГП ""МИНСККОММУНТЕПЛОСЕТЬ""";"ГП ""МИНСККОММУНТЕПЛОСЕТЬ""";"23";"";"01.06.2024";"01.01.2100";"29,2224";"0";"0";"0";"0";"0";"0";"0";"13,84";"0,12";"0,12";"13,84";"0";"13549496619";"30.09.2026 23:08:56";"";"";"";"0";"0";"0"
"MN7000";"Минск РИЦ";"529172";"28697265";"23";"Подогрев воды";"";"9100330";"КУП ""Жилищное коммунальное хозяйство Октябрьского района г. Минска""";"КУП ""Жилищное коммунальное хозяйство Октябрьского района г. Минска""";"23";"";"01.10.2018";"01.01.2100";"29,2224";"0";"0";"0";"0";"0";"1,09";"0";"34,63";"0,53";"0,39";"13,97";"0";"13571923025";"04.10.2026 21:26:31";"";"";"";"0";"21,75";"0,14"
"MN7000";"Минск РИЦ";"814107";"37971528";"23";"Подогрев воды";"";"9100541";"КУП ""Жилищное коммунальное хозяйство Советского района г. Минска""";"КУП ""Жилищное коммунальное хозяйство Советского района г. Минска""";"23";"";"01.02.2023";"01.01.2100";"29,2224";"0";"0";"0";"0";"0";"2,29";"0";"17,79";"0,19";"0,19";"9,43";"0";"13562315085";"03.10.2026 3:11:31";"";"";"";"0";"10,65";"0"
"MN7000";"Минск РИЦ";"1029793";"42391738";"23";"Подогрев воды";"";"70002338";"ТС ""Фарфоровый-1""";"ТС ""Фарфоровый-1""";"23";"";"01.02.2025";"01.01.2100";"29,2224";"0";"0";"0";"0";"0";"0";"0";"0";"0";"0";"0";"0";"13525097730";"25.09.2026 18:13:11";"";"";"";"0";"0";"0"
"MN7000";"Минск РИЦ";"231798";"39632315";"23";"Подогрев воды";"";"401";"ГП ""МИНСККОММУНТЕПЛОСЕТЬ""";"ГП ""МИНСККОММУНТЕПЛОСЕТЬ""";"23";"";"01.06.2024";"01.01.2100";"29,2224";"0";"0";"0";"0";"0";"6,3";"0";"11,81";"0,05";"0,05";"18,11";"0";"13550644240";"01.10.2026 2:53:14";"";"";"";"0";"0";"0"
"MN7000";"Минск РИЦ";"195882";"28591247";"23";"Подогрев воды";"";"270";"КУП ""Жилищное коммунальное хозяйство №1 Московского района г.Минска""";"КУП ""Жилищное коммунальное хозяйство №1 Московского района г.Минска""";"23";"";"01.10.2018";"01.01.2100";"29,2224";"0";"0";"0";"0";"0";"0,4";"0";"16,64";"1,07";"1,07";"17,04";"0";"13561593645";"03.10.2026 1:18:56";"";"";"";"0";"0";"0"
"MN7000";"Минск РИЦ";"139085";"40114972";"23";"Подогрев воды";"";"401";"ГП ""МИНСККОММУНТЕПЛОСЕТЬ""";"ГП ""МИНСККОММУНТЕПЛОСЕТЬ""";"23";"";"01.06.2024";"01.01.2100";"29,2224";"0";"0";"0";"0";"0";"0";"0";"21,8";"0,11";"0,11";"21,8";"0";"13568993165";"03.10.2026 12:46:45";"";"";"";"0";"0";"0"
"MN7000";"Минск РИЦ";"183962";"30593643";"23";"Подогрев воды";"";"270";"КУП ""Жилищное коммунальное хозяйство №1 Московского района г.Минска""";"КУП ""Жилищное коммунальное хозяйство №1 Московского района г.Минска""";"23";"";"01.03.2019";"01.01.2100";"29,2224";"0";"0";"0";"0";"0";"0,2";"0";"72,34";"1,86";"0,68";"39,14";"0";"13561605738";"03.10.2026 1:18:56";"";"";"";"0";"33,4";"1,18"
"MN7000";"Минск РИЦ";"745760";"40294351";"23";"Подогрев воды";"";"401";"ГП ""МИНСККОММУНТЕПЛОСЕТЬ""";"ГП ""МИНСККОММУНТЕПЛОСЕТЬ""";"23";"";"01.06.2024";"01.01.2100";"29,2224";"0";"0";"0";"0";"0";"0";"0";"35,16";"1,67";"1,67";"12,22";"0";"13549493824";"30.09.2026 23:08:56";"";"";"";"0";"22,94";"0"
"MN7000";"Минск РИЦ";"768377";"32140722";"23";"Подогрев воды";"";"9100541";"КУП ""Жилищное коммунальное хозяйство Советского района г. Минска""";"КУП ""Жилищное коммунальное хозяйство Советского района г. Минска""";"23";"";"01.04.2020";"01.01.2100";"29,2224";"0";"0";"0";"0";"0";"0,12";"0";"29,09";"0,6";"0,42";"14,27";"0";"13566038951";"03.10.2026 9:05:19";"";"";"";"0";"14,94";"0,18"
"MN7000";"Минск РИЦ";"111810";"40106286";"23";"Подогрев воды";"";"401";"ГП ""МИНСККОММУНТЕПЛОСЕТЬ""";"ГП ""МИНСККОММУНТЕПЛОСЕТЬ""";"23";"";"01.06.2024";"01.01.2100";"29,2224";"0";"0";"0";"0";"0";"0";"0";"0";"0";"0";"0";"0";"13568984765";"03.10.2026 12:46:45";"";"";"";"0";"0";"0"
"MN7000";"Минск РИЦ";"1018761";"39548393";"23";"Подогрев воды";"";"9100330";"КУП ""Жилищное коммунальное хозяйство Октябрьского района г. Минска""";"КУП ""Жилищное коммунальное хозяйство Октябрьского района г. Минска""";"23";"";"01.05.2024";"01.01.2100";"29,2224";"0";"0";"0";"0";"0";"0,48";"0";"6,6";"0";"0";"7,08";"0";"13572001132";"04.10.2026 21:26:31";"";"";"";"0";"0";"0"
"MN7000";"Минск РИЦ";"1022086";"41310698";"23";"Подогрев воды";"";"9100198";"КУП ""Жилищное коммунальное хозяйство Ленинского района г. Минска""";"КУП ""Жилищное коммунальное хозяйство Ленинского района г. Минска""";"23";"";"01.09.2024";"01.01.2100";"29,2224";"0";"0";"0";"0";"0";"0";"0";"1,01";"0";"0";"1,01";"0";"13571624948";"03.10.2026 18:45:33";"";"";"";"0";"0";"0"
"MN7000";"Минск РИЦ";"978101";"32989098";"23";"Подогрев воды";"";"401";"ГП ""МИНСККОММУНТЕПЛОСЕТЬ""";"ГП ""МИНСККОММУНТЕПЛОСЕТЬ""";"23";"";"01.02.2021";"01.01.2100";"29,2224";"0";"0";"0";"0";"0";"0";"0";"5,4";"0";"0";"5,4";"0";"13568834761";"03.10.2026 12:46:45";"";"";"";"0";"0";"0"
"MN7000";"Минск РИЦ";"363885";"43745123";"23";"Подогрев воды";"";"264";"КУП ""Жилищное коммунальное хозяйство Заводского района г.Минска""";"КУП ""Жилищное коммунальное хозяйство Заводского района г.Минска""";"23";"";"01.11.2025";"01.01.2100";"29,2224";"0";"0";"0";"0";"0";"0";"0";"12,84";"0,05";"0,05";"12,84";"0";"13563977976";"03.10.2026 6:36:14";"";"";"";"0";"0";"0"
"MN7000";"Минск РИЦ";"547410";"28602991";"23";"Подогрев воды";"";"9100330";"КУП ""Жилищное коммунальное хозяйство Октябрьского района г. Минска""";"КУП ""Жилищное коммунальное хозяйство Октябрьского района г. Минска""";"23";"";"01.10.2018";"01.01.2100";"29,2224";"0";"0";"0";"0";"0";"0";"0";"68,79";"179,36";"179,36";"68,79";"0";"13571917199";"04.10.2026 21:26:31";"";"";"";"59";"0";"0"
"MN7000";"Минск РИЦ";"1029291";"42383342";"23";"Подогрев воды";"";"401";"ГП ""МИНСККОММУНТЕПЛОСЕТЬ""";"ГП ""МИНСККОММУНТЕПЛОСЕТЬ""";"23";"";"01.02.2025";"01.01.2100";"29,2224";"0";"0";"0";"0";"0";"0";"0";"0";"0";"0";"0";"0";"13569067704";"03.10.2026 12:46:45";"";"";"";"0";"0";"0"
"MN7000";"Минск РИЦ";"512933";"44398603";"23";"Подогрев воды";"";"9100198";"КУП ""Жилищное коммунальное хозяйство Ленинского района г. Минска""";"КУП ""Жилищное коммунальное хозяйство Ленинского района г. Минска""";"23";"";"01.06.2026";"01.01.2100";"29,2224";"0";"0";"0";"0";"0";"0";"0";"4,26";"0,04";"0,04";"4,26";"0";"13571687091";"03.10.2026 18:45:33";"";"";"";"0";"0";"0"
"MN7000";"Минск РИЦ";"365553";"43745159";"23";"Подогрев воды";"";"264";"КУП ""Жилищное коммунальное хозяйство Заводского района г.Минска""";"КУП ""Жилищное коммунальное хозяйство Заводского района г.Минска""";"23";"";"01.11.2025";"01.01.2100";"29,2224";"0";"0";"0";"0";"0";"0";"0";"1,77";"0,18";"0,18";"1,77";"0";"13563978012";"03.10.2026 6:36:14";"";"";"";"0";"0";"0"
"MN7000";"Минск РИЦ";"798773";"32043367";"23";"Подогрев воды";"";"9100541";"КУП ""Жилищное коммунальное хозяйство Советского района г. Минска""";"КУП ""Жилищное коммунальное хозяйство Советского района г. Минска""";"23";"";"01.03.2020";"01.01.2100";"29,2224";"0";"0";"0";"0";"0";"0";"0";"3,93";"0,04";"0,04";"1,72";"0";"13562252094";"03.10.2026 3:11:31";"";"";"";"0";"2,21";"0"
"MN7000";"Минск РИЦ";"784573";"32141657";"23";"Подогрев воды";"";"9100541";"КУП ""Жилищное коммунальное хозяйство Советского района г. Минска""";"КУП ""Жилищное коммунальное хозяйство Советского района г. Минска""";"23";"";"01.04.2020";"01.01.2100";"29,2224";"0";"0";"0";"0";"0";"1,02";"0";"27,12";"2,81";"0,57";"12,44";"0";"13566039835";"03.10.2026 9:05:19";"";"";"";"0";"15,7";"2,24"
"MN7000";"Минск РИЦ";"1056919";"43933316";"23";"Подогрев воды";"";"401";"ГП ""МИНСККОММУНТЕПЛОСЕТЬ""";"ГП ""МИНСККОММУНТЕПЛОСЕТЬ""";"23";"";"27.01.2026";"01.01.2100";"29,2224";"0";"0";"0";"0";"0";"0";"0";"1,69";"0";"0";"0,19";"0";"13561732121";"03.10.2026 1:18:56";"";"";"";"0";"1,5";"0"
"MN7000";"Минск РИЦ";"800695";"31321835";"23";"Подогрев воды";"";"9100541";"КУП ""Жилищное коммунальное хозяйство Советского района г. Минска""";"КУП ""Жилищное коммунальное хозяйство Советского района г. Минска""";"23";"";"01.09.2019";"01.01.2100";"29,2224";"0";"0";"0";"0";"0";"1,66";"0";"7,62";"0,14";"0,14";"9,28";"0";"13566018630";"03.10.2026 9:05:19";"";"";"";"0";"0";"0"
"MN7000";"Минск РИЦ";"496122";"32613164";"23";"Подогрев воды";"";"9100198";"КУП ""Жилищное коммунальное хозяйство Ленинского района г. Минска""";"КУП ""Жилищное коммунальное хозяйство Ленинского района г. Минска""";"23";"";"01.09.2020";"01.01.2100";"29,2224";"0";"0";"0";"0";"0";"0,16";"0";"13,26";"0,51";"0,51";"13,42";"0";"13571462900";"03.10.2026 18:45:33";"";"";"";"0";"0";"0"
"MN7000";"Минск РИЦ";"1021731";"41586001";"23";"Подогрев воды";"";"401";"ГП ""МИНСККОММУНТЕПЛОСЕТЬ""";"ГП ""МИНСККОММУНТЕПЛОСЕТЬ""";"23";"";"01.10.2024";"01.01.2100";"29,2224";"0";"0";"0";"0";"0";"0";"0";"6,59";"0";"0";"6,59";"0";"13561707838";"03.10.2026 1:18:56";"";"";"";"0";"0";"0"
"MN7000";"Минск РИЦ";"785464";"31789404";"23";"Подогрев воды";"";"9100541";"КУП ""Жилищное коммунальное хозяйство Советского района г. Минска""";"КУП ""Жилищное коммунальное хозяйство Советского района г. Минска""";"23";"";"01.01.2020";"01.01.2100";"29,2224";"0";"0";"0";"0";"0";"0";"0";"20,32";"197,78";"197,78";"20,32";"0";"13566028772";"03.10.2026 9:05:19";"";"";"";"51";"0";"0"
"MN7000";"Минск РИЦ";"363561";"39938668";"23";"Подогрев воды";"";"401";"ГП ""МИНСККОММУНТЕПЛОСЕТЬ""";"ГП ""МИНСККОММУНТЕПЛОСЕТЬ""";"23";"";"01.06.2024";"01.01.2100";"29,2224";"0";"0";"0";"0";"0";"0";"0";"5,61";"0";"0";"5,61";"0";"13560627172";"02.10.2026 17:19:25";"";"";"";"0";"0";"0"
"MN7000";"Минск РИЦ";"110634";"40106108";"23";"Подогрев воды";"";"401";"ГП ""МИНСККОММУНТЕПЛОСЕТЬ""";"ГП ""МИНСККОММУНТЕПЛОСЕТЬ""";"23";"";"01.06.2024";"01.01.2100";"29,2224";"0";"0";"0";"0";"0";"0";"0";"9,35";"0";"0";"9,35";"0";"13568984598";"03.10.2026 12:46:45";"";"";"";"0";"0";"0"
"MN7000";"Минск РИЦ";"811865";"31322048";"23";"Подогрев воды";"";"9100541";"КУП ""Жилищное коммунальное хозяйство Советского района г. Минска""";"КУП ""Жилищное коммунальное хозяйство Советского района г. Минска""";"23";"";"01.09.2019";"01.01.2100";"29,2224";"0";"0";"0";"0";"0";"0";"0";"0";"0";"0";"0";"0";"13566018839";"03.10.2026 9:05:19";"";"";"";"0";"0";"0"
"MN7000";"Минск РИЦ";"811665";"32141574";"23";"Подогрев воды";"";"9100541";"КУП ""Жилищное коммунальное хозяйство Советского района г. Минска""";"КУП ""Жилищное коммунальное хозяйство Советского района г. Минска""";"23";"";"01.04.2020";"01.01.2100";"29,2224";"0";"0";"0";"0";"0";"0";"0";"0";"0";"0";"0";"0";"13566039753";"03.10.2026 9:05:19";"";"";"";"0";"0";"0"
"MN7000";"Минск РИЦ";"467895";"28384717";"23";"Подогрев воды";"";"9100198";"КУП ""Жилищное коммунальное хозяйство Ленинского района г. Минска""";"КУП ""Жилищное коммунальное хозяйство Ленинского района г. Минска""";"23";"";"01.10.2018";"01.01.2100";"29,2224";"0";"0";"0";"0";"0";"0";"0";"8,54";"0,21";"0,13";"4,03";"0";"13571396888";"03.10.2026 18:45:33";"";"";"";"0";"4,51";"0,08"
"MN7000";"Минск РИЦ";"524245";"28696932";"23";"Подогрев воды";"";"9100330";"КУП ""Жилищное коммунальное хозяйство Октябрьского района г. Минска""";"КУП ""Жилищное коммунальное хозяйство Октябрьского района г. Минска""";"23";"";"01.10.2018";"01.01.2100";"29,2224";"0";"0";"0";"0";"0";"1,3";"0";"36,85";"0";"0";"38,14";"0";"13571922699";"04.10.2026 21:26:31";"";"";"";"0";"0,01";"0"
"MN7000";"Минск РИЦ";"730856";"26961148";"23";"Подогрев воды";"";"401";"ГП ""МИНСККОММУНТЕПЛОСЕТЬ""";"ГП ""МИНСККОММУНТЕПЛОСЕТЬ""";"23";"";"01.11.2017";"01.01.2100";"29,2224";"0";"0";"0";"0";"0";"0";"0";"1,37";"1,97";"1,97";"1,37";"0";"13549403140";"30.09.2026 23:08:56";"";"";"";"0";"0";"0"
"MN7000";"Минск РИЦ";"382652";"31694387";"23";"Подогрев воды";"";"264";"КУП ""Жилищное коммунальное хозяйство Заводского района г.Минска""";"КУП ""Жилищное коммунальное хозяйство Заводского района г.Минска""";"23";"";"01.12.2019";"01.01.2100";"29,2224";"0";"0";"0";"0";"0";"0";"0";"4,65";"1,22";"1,22";"4,65";"0";"13564245020";"03.10.2026 6:56:22";"";"";"";"0";"0";"0"
"MN7000";"Минск РИЦ";"986395";"36706033";"23";"Подогрев воды";"";"9100365";"КУП «Минские городские общежития»";"КУП «Минские городские общежития»";"23";"";"01.09.2021";"01.01.2100";"29,2224";"0";"0";"0";"0";"0";"0";"0";"2,02";"0";"0";"2,02";"0";"13564853013";"03.10.2026 8:35:39";"";"";"";"0";"0";"0"
"MN7000";"Минск РИЦ";"1035981";"42672459";"23";"Подогрев воды";"";"264";"КУП ""Жилищное коммунальное хозяйство Заводского района г.Минска""";"КУП ""Жилищное коммунальное хозяйство Заводского района г.Минска""";"23";"";"01.05.2025";"01.01.2100";"29,2224";"0";"0";"0";"0";"0";"0";"0";"0,79";"0,01";"0,01";"0,79";"0";"13564382369";"03.10.2026 6:56:22";"";"";"";"0";"0";"0"
"MN7000";"Минск РИЦ";"823237";"28362647";"23";"Подогрев воды";"";"9100541";"КУП ""Жилищное коммунальное хозяйство Советского района г. Минска""";"КУП ""Жилищное коммунальное хозяйство Советского района г. Минска""";"23";"";"01.10.2018";"01.01.2100";"29,2224";"0";"0";"0";"0";"0";"0";"0";"24,95";"0,17";"0,17";"24,95";"0";"13565979825";"03.10.2026 9:05:19";"";"";"";"0";"0";"0"
"MN7000";"Минск РИЦ";"804080";"32043377";"23";"Подогрев воды";"";"9100541";"КУП ""Жилищное коммунальное хозяйство Советского района г. Минска""";"КУП ""Жилищное коммунальное хозяйство Советского района г. Минска""";"23";"";"01.03.2020";"01.01.2100";"29,2224";"0";"0";"0";"0";"0";"0";"0";"3,64";"0";"0";"3,64";"0";"13562252104";"03.10.2026 3:11:31";"";"";"";"0";"0";"0"
"MN7000";"Минск РИЦ";"490418";"28384761";"23";"Подогрев воды";"";"9100198";"КУП ""Жилищное коммунальное хозяйство Ленинского района г. Минска""";"КУП ""Жилищное коммунальное хозяйство Ленинского района г. Минска""";"23";"";"01.10.2018";"01.01.2100";"29,2224";"0";"0";"0";"0";"0";"0";"0";"1,08";"0";"0";"1,08";"0";"13571396931";"03.10.2026 18:45:33";"";"";"";"0";"0";"0"
"MN7000";"Минск РИЦ";"232534";"39633755";"23";"Подогрев воды";"";"401";"ГП ""МИНСККОММУНТЕПЛОСЕТЬ""";"ГП ""МИНСККОММУНТЕПЛОСЕТЬ""";"23";"";"01.06.2024";"01.01.2100";"29,2224";"0";"0";"0";"0";"0";"0";"0";"0";"0";"0";"0";"0";"13550645628";"01.10.2026 2:53:14";"";"";"";"0";"0";"0"
"MN7000";"Минск РИЦ";"1008768";"43986430";"23";"Подогрев воды";"";"70003423";"УП ""Ремавтодор Заводского района г.Минска""";"УП ""Ремавтодор Заводского района г.Минска""";"23";"";"01.02.2026";"01.01.2100";"29,2224";"0";"0";"0";"0";"0";"0";"0";"1,4";"0,36";"0,36";"1,4";"0";"13560635181";"02.10.2026 17:19:25";"";"";"";"0";"0";"0"
"MN7000";"Минск РИЦ";"815517";"28330945";"23";"Подогрев воды";"";"9100541";"КУП ""Жилищное коммунальное хозяйство Советского района г. Минска""";"КУП ""Жилищное коммунальное хозяйство Советского района г. Минска""";"23";"";"01.10.2018";"01.01.2100";"29,2224";"0";"0";"0";"0";"0";"0";"0";"10,06";"0,11";"0,1";"4,87";"0";"13562227300";"03.10.2026 3:11:31";"";"";"";"0";"5,19";"0,01"
"MN7000";"Минск РИЦ";"811865";"41421688";"24";"Холодная вода по ЭОЗ";"";"410";"УП ""МИНСКВОДОКАНАЛ""";"УП ""МИНСКВОДОКАНАЛ""";"24";"";"01.09.2024";"01.01.2100";"2,0248";"8,1";"16,4";"16,4";"0";"0";"0";"0";"16,95";"0,72";"0,72";"33,29";"0";"13566170540";"03.10.2026 9:05:19";"";"";"";"0";"0,06";"0"
"MN7000";"Минск РИЦ";"1021202";"40823851";"24";"Холодная вода по ЭОЗ";"";"410";"УП ""МИНСКВОДОКАНАЛ""";"УП ""МИНСКВОДОКАНАЛ""";"24";"";"01.08.2024";"01.01.2100";"2,0248";"0";"0";"0";"0";"0";"0";"0";"0";"0";"0";"0";"0";"13562770845";"03.10.2026 4:21:30";"";"";"";"0";"0";"0"
"MN7000";"Минск РИЦ";"363885";"9264803";"24";"Холодная вода по ЭОЗ";"";"410";"УП ""МИНСКВОДОКАНАЛ""";"УП ""МИНСКВОДОКАНАЛ""";"24";"";"01.04.2016";"01.01.2100";"2,0248";"0";"0";"0";"0";"0";"0";"0";"0";"0";"0";"0";"0";"13563708161";"03.10.2026 6:36:14";"";"";"";"0";"0";"0"
"MN7000";"Минск РИЦ";"798773";"39382059";"24";"Холодная вода по ЭОЗ";"";"410";"УП ""МИНСКВОДОКАНАЛ""";"УП ""МИНСКВОДОКАНАЛ""";"24";"";"01.02.2024";"01.01.2100";"2,0248";"0";"0";"0";"0";"0";"0";"0";"0";"0";"0";"0";"0";"13562329822";"03.10.2026 3:11:31";"";"";"";"0";"0";"0"
"MN7000";"Минск РИЦ";"580893";"13743260";"24";"Холодная вода по ЭОЗ";"";"410";"УП ""МИНСКВОДОКАНАЛ""";"УП ""МИНСКВОДОКАНАЛ""";"24";"";"01.04.2016";"01.01.2100";"2,0248";"0";"0";"0";"0";"0";"0";"0";"0";"0";"0";"0";"0";"13560524734";"02.10.2026 16:51:10";"";"";"";"0";"0";"0"
"MN7000";"Минск РИЦ";"986395";"36745155";"24";"Холодная вода по ЭОЗ";"";"410";"УП ""МИНСКВОДОКАНАЛ""";"УП ""МИНСКВОДОКАНАЛ""";"24";"";"01.09.2021";"01.01.2100";"2,0248";"0";"0";"0";"0";"0";"0";"0";"0";"0";"0";"0";"0";"13564853334";"03.10.2026 8:35:39";"";"";"";"0";"0";"0"
"MN7000";"Минск РИЦ";"579551";"24962940";"24";"Холодная вода по ЭОЗ";"";"410";"УП ""МИНСКВОДОКАНАЛ""";"УП ""МИНСКВОДОКАНАЛ""";"24";"";"01.08.2017";"01.01.2100";"2,0248";"0";"0";"0";"0";"0";"0";"0";"0";"0";"0";"0";"0";"13562762834";"03.10.2026 4:21:30";"";"";"";"0";"0";"0"
"MN7000";"Минск РИЦ";"580579";"25016678";"24";"Холодная вода по ЭОЗ";"";"410";"УП ""МИНСКВОДОКАНАЛ""";"УП ""МИНСКВОДОКАНАЛ""";"24";"";"01.08.2017";"01.01.2100";"2,0248";"0";"0";"0";"0";"0";"0";"0";"0";"0";"0";"0";"0";"13562765110";"03.10.2026 4:21:30";"";"";"";"0";"0";"0"
"MN7000";"Минск РИЦ";"575809";"24973313";"24";"Холодная вода по ЭОЗ";"";"410";"УП ""МИНСКВОДОКАНАЛ""";"УП ""МИНСКВОДОКАНАЛ""";"24";"";"01.08.2017";"01.01.2100";"2,0248";"0";"0";"0";"0";"0";"0";"0";"0";"0";"0";"0";"0";"13562764444";"03.10.2026 4:21:30";"";"";"";"0";"0";"0"
"MN7000";"Минск РИЦ";"490418";"11346038";"24";"Холодная вода по ЭОЗ";"";"410";"УП ""МИНСКВОДОКАНАЛ""";"УП ""МИНСКВОДОКАНАЛ""";"24";"";"01.04.2016";"01.01.2100";"2,0248";"0";"0";"0";"0";"0";"0";"0";"0";"0";"0";"0";"0";"13571120391";"03.10.2026 18:45:33";"";"";"";"0";"0";"0"
"MN7000";"Минск РИЦ";"574329";"41940024";"24";"Холодная вода по ЭОЗ";"";"410";"УП ""МИНСКВОДОКАНАЛ""";"УП ""МИНСКВОДОКАНАЛ""";"24";"";"01.11.2024";"01.01.2100";"2,0248";"0";"0";"0";"0";"0";"0";"0";"0";"0";"0";"0";"0";"13562771264";"03.10.2026 4:21:30";"";"";"";"0";"0";"0"
"MN7000";"Минск РИЦ";"580913";"14093604";"24";"Холодная вода по ЭОЗ";"";"410";"УП ""МИНСКВОДОКАНАЛ""";"УП ""МИНСКВОДОКАНАЛ""";"24";"";"01.04.2016";"01.01.2100";"2,0248";"0";"0";"0";"0";"0";"0";"0";"0";"0";"0";"0";"0";"13560536830";"02.10.2026 16:51:10";"";"";"";"0";"0";"0"
"MN7000";"Минск РИЦ";"730856";"16874142";"24";"Холодная вода по ЭОЗ";"";"410";"УП ""МИНСКВОДОКАНАЛ""";"УП ""МИНСКВОДОКАНАЛ""";"24";"";"01.04.2016";"01.01.2100";"2,0248";"0";"0";"0";"0";"0";"0";"0";"0";"0";"0";"0";"0";"13549311239";"30.09.2026 23:08:56";"";"";"";"0";"0";"0"
"MN7000";"Минск РИЦ";"441130";"9260038";"24";"Холодная вода по ЭОЗ";"";"410";"УП ""МИНСКВОДОКАНАЛ""";"УП ""МИНСКВОДОКАНАЛ""";"24";"";"01.04.2016";"01.01.2100";"2,0248";"0";"0";"0";"0";"0";"0";"0";"0";"0";"0";"0";"0";"13563707730";"03.10.2026 6:36:14";"";"";"";"0";"0";"0"
"MN7000";"Минск РИЦ";"105252";"42152273";"24";"Холодная вода по ЭОЗ";"";"410";"УП ""МИНСКВОДОКАНАЛ""";"УП ""МИНСКВОДОКАНАЛ""";"24";"";"01.12.2024";"01.01.2100";"2,0248";"0";"0";"0";"0";"0";"0";"0";"0";"0";"0";"0";"0";"13560515706";"02.10.2026 16:28:57";"";"";"";"0";"0";"0"
"MN7000";"Минск РИЦ";"576702";"24964862";"24";"Холодная вода по ЭОЗ";"";"410";"УП ""МИНСКВОДОКАНАЛ""";"УП ""МИНСКВОДОКАНАЛ""";"24";"";"01.08.2017";"01.01.2100";"2,0248";"0";"0";"0";"0";"0";"0";"0";"0";"0";"0";"0";"0";"13562763309";"03.10.2026 4:21:30";"";"";"";"0";"0";"0"
"MN7000";"Минск РИЦ";"1035981";"42672448";"24";"Холодная вода по ЭОЗ";"";"410";"УП ""МИНСКВОДОКАНАЛ""";"УП ""МИНСКВОДОКАНАЛ""";"24";"";"01.05.2025";"01.01.2100";"2,0248";"0";"0";"0";"0";"0";"0";"0";"0";"0";"0";"0";"0";"13564382359";"03.10.2026 6:56:22";"";"";"";"0";"0";"0"
"MN7000";"Минск РИЦ";"952527";"31090799";"24";"Холодная вода по ЭОЗ";"";"410";"УП ""МИНСКВОДОКАНАЛ""";"УП ""МИНСКВОДОКАНАЛ""";"24";"";"01.07.2019";"01.01.2100";"2,0248";"0";"0";"0";"0";"0";"0";"0";"0";"0";"0";"0";"0";"13571441810";"03.10.2026 18:45:33";"";"";"";"0";"0";"0"
"MN7000";"Минск РИЦ";"110634";"553186";"24";"Холодная вода по ЭОЗ";"";"410";"УП ""МИНСКВОДОКАНАЛ""";"УП ""МИНСКВОДОКАНАЛ""";"24";"";"01.04.2016";"01.01.2100";"2,0248";"0";"0";"0";"0";"0";"0";"0";"0";"0";"0";"0";"0";"13568516336";"03.10.2026 12:46:45";"";"";"";"0";"0";"0"
"MN7000";"Минск РИЦ";"192685";"304631";"24";"Холодная вода по ЭОЗ";"";"410";"УП ""МИНСКВОДОКАНАЛ""";"УП ""МИНСКВОДОКАНАЛ""";"24";"";"01.04.2016";"01.01.2100";"2,0248";"0";"0";"0";"0";"0";"0";"0";"0";"0";"0";"0";"0";"13561448587";"03.10.2026 1:18:56";"";"";"";"0";"0";"0"
"MN7000";"Минск РИЦ";"784573";"41421301";"24";"Холодная вода по ЭОЗ";"";"410";"УП ""МИНСКВОДОКАНАЛ""";"УП ""МИНСКВОДОКАНАЛ""";"24";"";"01.09.2024";"01.01.2100";"2,0248";"8,1";"16,4";"16,4";"0";"0";"0";"0";"50,3";"6";"1,84";"33,35";"0";"13566170161";"03.10.2026 9:05:19";"";"";"";"0";"33,35";"4,16"
"MN7000";"Минск РИЦ";"547226";"13356703";"24";"Холодная вода по ЭОЗ";"";"410";"УП ""МИНСКВОДОКАНАЛ""";"УП ""МИНСКВОДОКАНАЛ""";"24";"";"01.04.2016";"01.01.2100";"2,0248";"0";"0";"0";"0";"0";"0";"0";"0";"0";"0";"0";"0";"13571877935";"04.10.2026 21:26:31";"";"";"";"0";"0";"0"
"MN7000";"Минск РИЦ";"1019451";"40465802";"24";"Холодная вода по ЭОЗ";"";"410";"УП ""МИНСКВОДОКАНАЛ""";"УП ""МИНСКВОДОКАНАЛ""";"24";"";"01.06.2024";"01.01.2100";"2,0248";"0";"0";"0";"0";"0";"20,25";"0";"2,02";"0,03";"0,03";"22,27";"0";"13561688544";"03.10.2026 1:18:56";"";"";"";"0";"0";"0"
"MN7000";"Минск РИЦ";"139085";"2380828";"24";"Холодная вода по ЭОЗ";"";"410";"УП ""МИНСКВОДОКАНАЛ""";"УП ""МИНСКВОДОКАНАЛ""";"24";"";"01.04.2016";"01.01.2100";"2,0248";"0";"0";"0";"0";"0";"0";"0";"0";"0";"0";"0";"0";"13568724884";"03.10.2026 12:46:45";"";"";"";"0";"0";"0"
"MN7000";"Минск РИЦ";"745760";"17737493";"24";"Холодная вода по ЭОЗ";"";"410";"УП ""МИНСКВОДОКАНАЛ""";"УП ""МИНСКВОДОКАНАЛ""";"24";"";"01.04.2016";"01.01.2100";"2,0248";"0";"0";"0";"0";"0";"0";"0";"0";"0";"0";"0";"0";"13549354217";"30.09.2026 23:08:56";"";"";"";"0";"0";"0"
"MN7000";"Минск РИЦ";"195882";"911023";"24";"Холодная вода по ЭОЗ";"";"410";"УП ""МИНСКВОДОКАНАЛ""";"УП ""МИНСКВОДОКАНАЛ""";"24";"";"01.04.2016";"01.01.2100";"2,0248";"0";"0";"0";"0";"0";"0";"0";"0";"0";"0";"0";"0";"13561480219";"03.10.2026 1:18:56";"";"";"";"0";"0";"0"
"MN7000";"Минск РИЦ";"955409";"31301620";"24";"Холодная вода по ЭОЗ";"";"410";"УП ""МИНСКВОДОКАНАЛ""";"УП ""МИНСКВОДОКАНАЛ""";"24";"";"01.09.2019";"01.01.2100";"2,0248";"0";"0";"0";"0";"0";"0";"0";"0";"0";"0";"0";"0";"13566015103";"03.10.2026 9:05:19";"";"";"";"0";"0";"0"
"MN7000";"Минск РИЦ";"800695";"19485750";"24";"Холодная вода по ЭОЗ";"";"410";"УП ""МИНСКВОДОКАНАЛ""";"УП ""МИНСКВОДОКАНАЛ""";"24";"";"01.04.2016";"01.01.2100";"2,0248";"0";"0";"0";"0";"0";"0";"0";"0";"0";"0";"0";"0";"13565847978";"03.10.2026 9:05:19";"";"";"";"0";"0";"0"
"MN7000";"Минск РИЦ";"547410";"13490738";"24";"Холодная вода по ЭОЗ";"";"410";"УП ""МИНСКВОДОКАНАЛ""";"УП ""МИНСКВОДОКАНАЛ""";"24";"";"01.04.2016";"01.01.2100";"2,0248";"0";"0";"0";"0";"0";"0";"0";"0";"0,49";"0,49";"0";"0";"13571886420";"04.10.2026 21:26:31";"";"";"";"4";"0";"0"
"MN7000";"Минск РИЦ";"1022086";"41310685";"24";"Холодная вода по ЭОЗ";"";"410";"УП ""МИНСКВОДОКАНАЛ""";"УП ""МИНСКВОДОКАНАЛ""";"24";"";"01.09.2024";"01.01.2100";"2,0248";"0";"0";"0";"0";"0";"0";"0";"0";"0";"0";"0";"0";"13571624935";"03.10.2026 18:45:33";"";"";"";"0";"0";"0"
"MN7000";"Минск РИЦ";"1044522";"43517756";"24";"Холодная вода по ЭОЗ";"";"410";"УП ""МИНСКВОДОКАНАЛ""";"УП ""МИНСКВОДОКАНАЛ""";"24";"";"02.09.2025";"01.01.2100";"2,0248";"0";"0";"0";"0";"0";"0";"0";"0";"0";"0";"0";"0";"13560584464";"02.10.2026 17:07:24";"";"";"";"0";"0";"0"
"MN7000";"Минск РИЦ";"1046374";"43598400";"24";"Холодная вода по ЭОЗ";"";"410";"УП ""МИНСКВОДОКАНАЛ""";"УП ""МИНСКВОДОКАНАЛ""";"24";"";"27.10.2025";"01.01.2100";"2,0248";"0";"0";"0";"0";"0";"0";"0";"0";"0";"0";"0";"0";"13563573157";"03.10.2026 6:36:14";"";"";"";"0";"0";"0"
"MN7000";"Минск РИЦ";"1069422";"44344369";"24";"Холодная вода по ЭОЗ";"";"410";"УП ""МИНСКВОДОКАНАЛ""";"УП ""МИНСКВОДОКАНАЛ""";"24";"";"11.06.2026";"01.01.2100";"2,0248";"0,61";"1,24";"1,24";"0";"0";"0";"0";"3,71";"0,14";"0,14";"4,95";"0";"13562771685";"03.10.2026 4:21:30";"";"";"";"0";"0";"0"
"MN7000";"Минск РИЦ";"978101";"32989099";"24";"Холодная вода по ЭОЗ";"";"410";"УП ""МИНСКВОДОКАНАЛ""";"УП ""МИНСКВОДОКАНАЛ""";"24";"";"01.02.2021";"01.01.2100";"2,0248";"0";"0";"0";"0";"0";"0";"0";"0";"0";"0";"0";"0";"13568834762";"03.10.2026 12:46:45";"";"";"";"0";"0";"0"
"MN7000";"Минск РИЦ";"767954";"19714830";"24";"Холодная вода по ЭОЗ";"";"410";"УП ""МИНСКВОДОКАНАЛ""";"УП ""МИНСКВОДОКАНАЛ""";"24";"";"01.04.2016";"01.01.2100";"2,0248";"0";"0";"0";"0";"0";"0";"0";"0";"0";"0";"0";"0";"13565878996";"03.10.2026 9:05:19";"";"";"";"0";"0";"0"
"MN7000";"Минск РИЦ";"189861";"1329769";"24";"Холодная вода по ЭОЗ";"";"410";"УП ""МИНСКВОДОКАНАЛ""";"УП ""МИНСКВОДОКАНАЛ""";"24";"";"01.04.2016";"01.01.2100";"2,0248";"0";"0";"0";"0";"0";"0";"0";"0";"0";"0";"0";"0";"13568609987";"03.10.2026 12:46:45";"";"";"";"0";"0";"0"
"MN7000";"Минск РИЦ";"764300";"17245738";"24";"Холодная вода по ЭОЗ";"";"410";"УП ""МИНСКВОДОКАНАЛ""";"УП ""МИНСКВОДОКАНАЛ""";"24";"";"01.04.2016";"01.01.2100";"2,0248";"0";"0";"0";"0";"0";"0";"0";"0";"0";"0";"0";"0";"13549330023";"30.09.2026 23:08:56";"";"";"";"0";"0";"0"
"MN7000";"Минск РИЦ";"823237";"20006782";"24";"Холодная вода по ЭОЗ";"";"410";"УП ""МИНСКВОДОКАНАЛ""";"УП ""МИНСКВОДОКАНАЛ""";"24";"";"01.04.2016";"01.01.2100";"2,0248";"0";"0";"0";"0";"0";"0";"0";"0";"0";"0";"0";"0";"13565918076";"03.10.2026 9:05:19";"";"";"";"0";"0";"0"
"MN7000";"Минск РИЦ";"1021731";"41495125";"24";"Холодная вода по ЭОЗ";"";"410";"УП ""МИНСКВОДОКАНАЛ""";"УП ""МИНСКВОДОКАНАЛ""";"24";"";"01.09.2024";"01.01.2100";"2,0248";"0";"0";"0";"0";"0";"0";"0";"0";"0";"0";"0";"0";"13561706646";"03.10.2026 1:18:56";"";"";"";"0";"0";"0"
"MN7000";"Минск РИЦ";"103501";"399454";"24";"Холодная вода по ЭОЗ";"";"410";"УП ""МИНСКВОДОКАНАЛ""";"УП ""МИНСКВОДОКАНАЛ""";"24";"";"01.04.2016";"01.01.2100";"2,0248";"0";"0";"0";"0";"0";"0";"0";"0";"0";"0";"0";"0";"13567976474";"03.10.2026 12:46:45";"";"";"";"0";"0";"0"
"MN7000";"Минск РИЦ";"811665";"19544537";"24";"Холодная вода по ЭОЗ";"";"410";"УП ""МИНСКВОДОКАНАЛ""";"УП ""МИНСКВОДОКАНАЛ""";"24";"";"01.04.2016";"01.01.2100";"2,0248";"1,72";"3,48";"3,48";"0";"0";"0";"0";"3,77";"0,04";"0,04";"7,25";"0";"13565855821";"03.10.2026 9:05:19";"";"";"";"0";"0";"0"
"MN7000";"Минск РИЦ";"365553";"9435188";"24";"Холодная вода по ЭОЗ";"";"410";"УП ""МИНСКВОДОКАНАЛ""";"УП ""МИНСКВОДОКАНАЛ""";"24";"";"01.04.2016";"01.01.2100";"2,0248";"0";"0";"0";"0";"0";"0";"0";"0";"0";"0";"0";"0";"13563721113";"03.10.2026 6:36:14";"";"";"";"0";"0";"0"
"MN7000";"Минск РИЦ";"1056919";"43933279";"24";"Холодная вода по ЭОЗ";"";"410";"УП ""МИНСКВОДОКАНАЛ""";"УП ""МИНСКВОДОКАНАЛ""";"24";"";"27.01.2026";"01.01.2100";"2,0248";"0";"0";"0";"0";"0";"0";"0";"0";"0";"0";"0";"0";"13561732110";"03.10.2026 1:18:56";"";"";"";"0";"0";"0"
"MN7000";"Минск РИЦ";"804080";"19756702";"24";"Холодная вода по ЭОЗ";"";"410";"УП ""МИНСКВОДОКАНАЛ""";"УП ""МИНСКВОДОКАНАЛ""";"24";"";"01.04.2016";"01.01.2100";"2,0248";"0";"0";"0";"0";"0";"0";"0";"0";"0";"0";"0";"0";"13562161668";"03.10.2026 3:11:31";"";"";"";"0";"0";"0"
"MN7000";"Минск РИЦ";"945811";"30647793";"24";"Холодная вода по ЭОЗ";"";"410";"УП ""МИНСКВОДОКАНАЛ""";"УП ""МИНСКВОДОКАНАЛ""";"24";"";"06.03.2019";"01.01.2100";"2,0248";"0";"0";"0";"0";"0";"0";"0";"0";"0";"0";"0";"0";"13560530538";"02.10.2026 17:07:24";"";"";"";"0";"0";"0"
"MN7000";"Минск РИЦ";"576698";"24963270";"24";"Холодная вода по ЭОЗ";"";"410";"УП ""МИНСКВОДОКАНАЛ""";"УП ""МИНСКВОДОКАНАЛ""";"24";"";"01.08.2017";"01.01.2100";"2,0248";"0";"0";"0";"0";"0";"0";"0";"0";"0";"0";"0";"0";"13562762916";"03.10.2026 4:21:30";"";"";"";"0";"0";"0"
"MN7000";"Минск РИЦ";"1018761";"39548380";"24";"Холодная вода по ЭОЗ";"";"410";"УП ""МИНСКВОДОКАНАЛ""";"УП ""МИНСКВОДОКАНАЛ""";"24";"";"01.05.2024";"01.01.2100";"2,0248";"0";"0";"0";"0";"0";"0";"0";"0";"0";"0";"0";"0";"13572001120";"04.10.2026 21:26:31";"";"";"";"0";"0";"0"
"MN7000";"Минск РИЦ";"815517";"19378114";"24";"Холодная вода по ЭОЗ";"";"410";"УП ""МИНСКВОДОКАНАЛ""";"УП ""МИНСКВОДОКАНАЛ""";"24";"";"01.04.2016";"01.01.2100";"2,0248";"0";"0";"0";"0";"0";"0";"0";"0";"0";"0";"0";"0";"13562124369";"03.10.2026 3:11:31";"";"";"";"0";"0";"0"
"MN7000";"Минск РИЦ";"1029793";"42391723";"24";"Холодная вода по ЭОЗ";"";"410";"УП ""МИНСКВОДОКАНАЛ""";"УП ""МИНСКВОДОКАНАЛ""";"24";"";"01.02.2025";"01.01.2100";"2,0248";"0";"0";"0";"0";"0";"0";"0";"0";"0";"0";"0";"0";"13525097717";"25.09.2026 18:13:11";"";"";"";"0";"0";"0"
"MN7000";"Минск РИЦ";"178947";"1023258";"24";"Холодная вода по ЭОЗ";"";"410";"УП ""МИНСКВОДОКАНАЛ""";"УП ""МИНСКВОДОКАНАЛ""";"24";"";"01.04.2016";"01.01.2100";"2,0248";"0";"0";"0";"0";"0";"0";"0";"0";"0,25";"0,25";"0";"0";"13568575812";"03.10.2026 12:46:45";"";"";"";"0";"0";"0"
"MN7000";"Минск РИЦ";"782156";"41422402";"24";"Холодная вода по ЭОЗ";"";"410";"УП ""МИНСКВОДОКАНАЛ""";"УП ""МИНСКВОДОКАНАЛ""";"24";"";"01.09.2024";"01.01.2100";"2,0248";"0";"0";"0";"0";"0";"0";"0";"0";"0";"0";"0";"0";"13566171127";"03.10.2026 9:05:19";"";"";"";"0";"0";"0"
"MN7000";"Минск РИЦ";"111810";"1244311";"24";"Холодная вода по ЭОЗ";"";"410";"УП ""МИНСКВОДОКАНАЛ""";"УП ""МИНСКВОДОКАНАЛ""";"24";"";"01.04.2016";"01.01.2100";"2,0248";"0";"0";"0";"0";"0";"0";"0";"0";"0";"0";"0";"0";"13568599259";"03.10.2026 12:46:45";"";"";"";"0";"0";"0"
"MN7000";"Минск РИЦ";"731412";"40654999";"24";"Холодная вода по ЭОЗ";"";"410";"УП ""МИНСКВОДОКАНАЛ""";"УП ""МИНСКВОДОКАНАЛ""";"24";"";"01.07.2024";"01.01.2100";"2,0248";"0";"0";"0";"0";"0";"0";"0";"0";"0";"0";"0";"0";"13549497468";"30.09.2026 23:08:56";"";"";"";"0";"0";"0"
"MN7000";"Минск РИЦ";"490253";"10749382";"24";"Холодная вода по ЭОЗ";"";"410";"УП ""МИНСКВОДОКАНАЛ""";"УП ""МИНСКВОДОКАНАЛ""";"24";"";"01.04.2016";"01.01.2100";"2,0248";"0";"0";"0";"0";"0";"0";"0";"0";"0";"0";"0";"0";"13571038727";"03.10.2026 18:45:33";"";"";"";"0";"0";"0"
"MN7000";"Минск РИЦ";"512933";"11728015";"24";"Холодная вода по ЭОЗ";"";"410";"УП ""МИНСКВОДОКАНАЛ""";"УП ""МИНСКВОДОКАНАЛ""";"24";"";"01.04.2016";"01.01.2100";"2,0248";"0";"0";"0";"0";"0";"0";"0";"0";"0";"0";"0";"0";"13571171365";"03.10.2026 18:45:33";"";"";"";"0";"0";"0"
"MN7000";"Минск РИЦ";"785464";"19195635";"24";"Холодная вода по ЭОЗ";"";"410";"УП ""МИНСКВОДОКАНАЛ""";"УП ""МИНСКВОДОКАНАЛ""";"24";"";"01.04.2016";"01.01.2100";"2,0248";"0";"0";"0";"0";"0";"0";"0";"0";"0,58";"0,58";"0";"0";"13565808828";"03.10.2026 9:05:19";"";"";"";"3";"0";"0"
"MN7000";"Минск РИЦ";"1019839";"40603975";"24";"Холодная вода по ЭОЗ";"";"410";"УП ""МИНСКВОДОКАНАЛ""";"УП ""МИНСКВОДОКАНАЛ""";"24";"";"01.07.2024";"01.01.2100";"2,0248";"0";"0";"0";"0";"0";"0";"0";"0";"0";"0";"0";"0";"13561697986";"03.10.2026 1:18:56";"";"";"";"0";"0";"0"
"MN7000";"Минск РИЦ";"582026";"24993889";"24";"Холодная вода по ЭОЗ";"";"410";"УП ""МИНСКВОДОКАНАЛ""";"УП ""МИНСКВОДОКАНАЛ""";"24";"";"01.08.2017";"01.01.2100";"2,0248";"0";"0";"0";"0";"0";"0";"0";"0";"0";"0";"0";"0";"13562764593";"03.10.2026 4:21:30";"";"";"";"2";"0";"0"
"MN7000";"Минск РИЦ";"580562";"25017074";"24";"Холодная вода по ЭОЗ";"";"410";"УП ""МИНСКВОДОКАНАЛ""";"УП ""МИНСКВОДОКАНАЛ""";"24";"";"01.08.2017";"01.01.2100";"2,0248";"0";"0";"0";"0";"0";"0";"0";"0";"0";"0";"0";"0";"13562765263";"03.10.2026 4:21:30";"";"";"";"0";"0";"0"
"MN7000";"Минск РИЦ";"523282";"10297220";"24";"Холодная вода по ЭОЗ";"";"410";"УП ""МИНСКВОДОКАНАЛ""";"УП ""МИНСКВОДОКАНАЛ""";"24";"";"01.04.2016";"01.01.2100";"2,0248";"0";"0";"0";"0";"0";"0";"0";"0";"0";"0";"0";"0";"13570297331";"03.10.2026 16:50:37";"";"";"";"0";"0";"0"
"MN7000";"Минск РИЦ";"1011281";"39106781";"24";"Холодная вода по ЭОЗ";"";"410";"УП ""МИНСКВОДОКАНАЛ""";"УП ""МИНСКВОДОКАНАЛ""";"24";"";"18.10.2023";"01.01.2100";"2,0248";"0";"0";"0";"0";"0";"0";"0";"0";"0";"0";"0";"0";"13561678418";"03.10.2026 1:18:56";"";"";"";"0";"0";"0"
"MN7000";"Минск РИЦ";"952529";"31090857";"24";"Холодная вода по ЭОЗ";"";"410";"УП ""МИНСКВОДОКАНАЛ""";"УП ""МИНСКВОДОКАНАЛ""";"24";"";"01.07.2019";"01.01.2100";"2,0248";"0";"0";"0";"0";"0";"0";"0";"0";"347,72";"347,72";"0";"0";"13571441820";"03.10.2026 18:45:33";"";"";"";"0";"0";"0"
"MN7000";"Минск РИЦ";"122560";"41887394";"24";"Холодная вода по ЭОЗ";"";"410";"УП ""МИНСКВОДОКАНАЛ""";"УП ""МИНСКВОДОКАНАЛ""";"24";"";"01.11.2024";"01.01.2100";"2,0248";"0";"0";"0";"0";"0";"0";"0";"0";"0";"0";"0";"0";"13561709005";"03.10.2026 1:18:56";"";"";"";"0";"0";"0"
"MN7000";"Минск РИЦ";"717059";"40654899";"24";"Холодная вода по ЭОЗ";"";"410";"УП ""МИНСКВОДОКАНАЛ""";"УП ""МИНСКВОДОКАНАЛ""";"24";"";"01.07.2024";"01.01.2100";"2,0248";"0";"0";"0";"0";"0";"0";"0";"0";"0";"0";"0";"0";"13549497376";"30.09.2026 23:08:56";"";"";"";"0";"0";"0"
"MN7000";"Минск РИЦ";"814107";"20054962";"24";"Холодная вода по ЭОЗ";"";"410";"УП ""МИНСКВОДОКАНАЛ""";"УП ""МИНСКВОДОКАНАЛ""";"24";"";"01.04.2016";"01.01.2100";"2,0248";"0";"0";"0";"0";"0";"0";"0";"0";"0";"0";"0";"0";"13562189918";"03.10.2026 3:11:31";"";"";"";"0";"0";"0"
"MN7000";"Минск РИЦ";"768377";"19091004";"24";"Холодная вода по ЭОЗ";"";"410";"УП ""МИНСКВОДОКАНАЛ""";"УП ""МИНСКВОДОКАНАЛ""";"24";"";"01.04.2016";"01.01.2100";"2,0248";"0";"0";"0";"0";"0";"0";"0";"0";"0";"0";"0";"0";"13565794692";"03.10.2026 9:05:19";"";"";"";"0";"0";"0"
"MN7000";"Минск РИЦ";"529172";"13131528";"24";"Холодная вода по ЭОЗ";"";"410";"УП ""МИНСКВОДОКАНАЛ""";"УП ""МИНСКВОДОКАНАЛ""";"24";"";"01.04.2016";"01.01.2100";"2,0248";"0";"0";"0";"0";"0";"0";"0";"0";"0";"0";"0";"0";"13571752935";"04.10.2026 21:26:31";"";"";"";"0";"0";"0"
"MN7000";"Минск РИЦ";"785382";"20073927";"24";"Холодная вода по ЭОЗ";"";"410";"УП ""МИНСКВОДОКАНАЛ""";"УП ""МИНСКВОДОКАНАЛ""";"24";"";"01.04.2016";"01.01.2100";"2,0248";"0";"0";"0";"0";"0";"0";"0";"0";"0";"0";"0";"0";"13565926490";"03.10.2026 9:05:19";"";"";"";"0";"0";"0"
"MN7000";"Минск РИЦ";"1021340";"40892037";"24";"Холодная вода по ЭОЗ";"";"410";"УП ""МИНСКВОДОКАНАЛ""";"УП ""МИНСКВОДОКАНАЛ""";"24";"";"02.08.2024";"01.01.2100";"2,0248";"0";"0";"0";"0";"0";"0";"0";"0";"0";"0";"0";"0";"13550665064";"01.10.2026 2:53:14";"";"";"";"0";"0";"0"
"MN7000";"Минск РИЦ";"232534";"3121929";"24";"Холодная вода по ЭОЗ";"";"410";"УП ""МИНСКВОДОКАНАЛ""";"УП ""МИНСКВОДОКАНАЛ""";"24";"";"01.04.2016";"01.01.2100";"2,0248";"1,62";"3,28";"3,28";"0";"0";"0";"0";"3,28";"0,19";"0,19";"6,56";"0";"13550477209";"01.10.2026 2:53:14";"";"";"";"0";"0";"0"
"MN7000";"Минск РИЦ";"496122";"41308147";"24";"Холодная вода по ЭОЗ";"";"410";"УП ""МИНСКВОДОКАНАЛ""";"УП ""МИНСКВОДОКАНАЛ""";"24";"";"01.09.2024";"01.01.2100";"2,0248";"0";"0";"0";"0";"0";"0";"0";"0";"0";"0";"0";"0";"13571623860";"03.10.2026 18:45:33";"";"";"";"0";"0";"0"
"MN7000";"Минск РИЦ";"231798";"3626296";"24";"Холодная вода по ЭОЗ";"";"410";"УП ""МИНСКВОДОКАНАЛ""";"УП ""МИНСКВОДОКАНАЛ""";"24";"";"01.04.2016";"01.01.2100";"2,0248";"0";"0";"0";"0";"0";"0";"0";"0";"0";"0";"0";"0";"13550496343";"01.10.2026 2:53:14";"";"";"";"0";"0";"0"
"MN7000";"Минск РИЦ";"467895";"11951865";"24";"Холодная вода по ЭОЗ";"";"410";"УП ""МИНСКВОДОКАНАЛ""";"УП ""МИНСКВОДОКАНАЛ""";"24";"";"01.04.2016";"01.01.2100";"2,0248";"0";"0";"0";"0";"0";"0";"0";"0";"0";"0";"0";"0";"13571200989";"03.10.2026 18:45:33";"";"";"";"0";"0";"0"
"MN7000";"Минск РИЦ";"382652";"9453331";"24";"Холодная вода по ЭОЗ";"";"410";"УП ""МИНСКВОДОКАНАЛ""";"УП ""МИНСКВОДОКАНАЛ""";"24";"";"01.04.2016";"01.01.2100";"2,0248";"0";"0";"0";"0";"0";"0";"0";"0";"0";"0";"0";"0";"13564138469";"03.10.2026 6:56:22";"";"";"";"0";"0";"0"
"MN7000";"Минск РИЦ";"496968";"11308074";"24";"Холодная вода по ЭОЗ";"";"410";"УП ""МИНСКВОДОКАНАЛ""";"УП ""МИНСКВОДОКАНАЛ""";"24";"";"01.04.2016";"01.01.2100";"2,0248";"0";"0";"0";"0";"0";"0";"0";"0";"0";"0";"0";"0";"13571115395";"03.10.2026 18:45:33";"";"";"";"0";"0";"0"
"MN7000";"Минск РИЦ";"988012";"36921412";"24";"Холодная вода по ЭОЗ";"";"410";"УП ""МИНСКВОДОКАНАЛ""";"УП ""МИНСКВОДОКАНАЛ""";"24";"";"11.11.2021";"01.01.2100";"2,0248";"0";"0";"0";"0";"0";"0";"0";"0";"0";"0";"0";"0";"13560532751";"02.10.2026 17:07:24";"";"";"";"0";"0";"0"
"MN7000";"Минск РИЦ";"524245";"12601619";"24";"Холодная вода по ЭОЗ";"";"410";"УП ""МИНСКВОДОКАНАЛ""";"УП ""МИНСКВОДОКАНАЛ""";"24";"";"01.04.2016";"01.01.2100";"2,0248";"0";"0";"0";"0";"0";"0";"0";"0";"0";"0";"0";"0";"13571720723";"04.10.2026 21:26:31";"";"";"";"0";"0";"0"
"MN7000";"Минск РИЦ";"582047";"41935330";"24";"Холодная вода по ЭОЗ";"";"410";"УП ""МИНСКВОДОКАНАЛ""";"УП ""МИНСКВОДОКАНАЛ""";"24";"";"01.11.2024";"01.01.2100";"2,0248";"5,4";"10,93";"10,93";"0";"0";"0";"0";"22,6";"1,68";"1,68";"33,53";"0";"13562770957";"03.10.2026 4:21:30";"";"";"";"0";"0";"0"
"MN7000";"Минск РИЦ";"1029291";"42383321";"24";"Холодная вода по ЭОЗ";"";"410";"УП ""МИНСКВОДОКАНАЛ""";"УП ""МИНСКВОДОКАНАЛ""";"24";"";"01.02.2025";"01.01.2100";"2,0248";"0";"0";"0";"0";"0";"0";"0";"0";"0";"0";"0";"0";"13569067691";"03.10.2026 12:46:45";"";"";"";"0";"0";"0"
"MN7000";"Минск РИЦ";"363561";"9575258";"24";"Холодная вода по ЭОЗ";"";"410";"УП ""МИНСКВОДОКАНАЛ""";"УП ""МИНСКВОДОКАНАЛ""";"24";"";"01.07.2016";"01.01.2100";"2,0248";"0";"0";"0";"0";"0";"0";"0";"0";"0";"0";"0";"0";"13560571770";"02.10.2026 17:19:25";"";"";"";"0";"0";"0"
"MN7000";"Минск РИЦ";"1008768";"38950779";"24";"Холодная вода по ЭОЗ";"";"410";"УП ""МИНСКВОДОКАНАЛ""";"УП ""МИНСКВОДОКАНАЛ""";"24";"";"10.08.2023";"01.01.2100";"2,0248";"0";"0";"0";"0";"0";"0";"0";"0";"0";"0";"0";"0";"13560618585";"02.10.2026 17:19:25";"";"";"";"0";"0";"0"
"MN7000";"Минск РИЦ";"1007147";"38815237";"24";"Холодная вода по ЭОЗ";"";"410";"УП ""МИНСКВОДОКАНАЛ""";"УП ""МИНСКВОДОКАНАЛ""";"24";"";"21.06.2023";"01.01.2100";"2,0248";"0";"0";"0";"0";"0";"0";"0";"0";"0";"0";"0";"0";"13524846407";"25.09.2026 18:13:11";"";"";"";"0";"0";"0"
"MN7000";"Минск РИЦ";"490081";"41500596";"24";"Холодная вода по ЭОЗ";"";"410";"УП ""МИНСКВОДОКАНАЛ""";"УП ""МИНСКВОДОКАНАЛ""";"24";"";"01.10.2024";"01.01.2100";"2,0248";"8,1";"16,4";"16,4";"0";"0";"0";"0";"16,95";"0,98";"0,98";"33,35";"0";"13571625767";"03.10.2026 18:45:33";"";"";"";"0";"0";"0"
"MN7000";"Минск РИЦ";"715445";"17061936";"24";"Холодная вода по ЭОЗ";"";"410";"УП ""МИНСКВОДОКАНАЛ""";"УП ""МИНСКВОДОКАНАЛ""";"24";"";"01.04.2016";"01.01.2100";"2,0248";"0";"0";"0";"0";"0";"0";"0";"0";"0";"0";"0";"0";"13549321399";"30.09.2026 23:08:56";"";"";"";"0";"0";"0"
"MN7000";"Минск РИЦ";"207130";"3476384";"24";"Холодная вода по ЭОЗ";"";"410";"УП ""МИНСКВОДОКАНАЛ""";"УП ""МИНСКВОДОКАНАЛ""";"24";"";"01.04.2016";"01.01.2100";"2,0248";"0";"0";"0";"0";"0";"0";"0";"0";"0";"0";"0";"0";"13552591734";"01.10.2026 5:50:15";"";"";"";"0";"0";"0"
"MN7000";"Минск РИЦ";"730750";"40655513";"24";"Холодная вода по ЭОЗ";"";"410";"УП ""МИНСКВОДОКАНАЛ""";"УП ""МИНСКВОДОКАНАЛ""";"24";"";"01.07.2024";"01.01.2100";"2,0248";"0";"0";"0";"0";"0";"0";"0";"0";"0";"0";"0";"0";"13549497892";"30.09.2026 23:08:56";"";"";"";"0";"0";"0"
"MN7000";"Минск РИЦ";"141846";"42153343";"24";"Холодная вода по ЭОЗ";"";"410";"УП ""МИНСКВОДОКАНАЛ""";"УП ""МИНСКВОДОКАНАЛ""";"24";"";"01.12.2024";"01.01.2100";"2,0248";"0";"0";"0";"0";"0";"0";"0";"0";"0";"0";"0";"0";"13560515731";"02.10.2026 16:28:57";"";"";"";"0";"0";"0"
"MN7000";"Минск РИЦ";"161306";"297234";"24";"Холодная вода по ЭОЗ";"";"410";"УП ""МИНСКВОДОКАНАЛ""";"УП ""МИНСКВОДОКАНАЛ""";"24";"";"01.04.2016";"01.01.2100";"2,0248";"0";"0";"0";"0";"0";"0";"0";"0";"0";"0";"0";"0";"13561447561";"03.10.2026 1:18:56";"";"";"";"0";"0";"0"
"MN7000";"Минск РИЦ";"183962";"531561";"24";"Холодная вода по ЭОЗ";"";"410";"УП ""МИНСКВОДОКАНАЛ""";"УП ""МИНСКВОДОКАНАЛ""";"24";"";"01.04.2016";"01.01.2100";"2,0248";"0";"0";"0";"0";"0";"0";"0";"0";"0";"0";"0";"0";"13561460348";"03.10.2026 1:18:56";"";"";"";"0";"0";"0"
"MN7000";"Минск РИЦ";"110634";"561863";"25";"Горячая вода по ЭОЗ";"";"410";"УП ""МИНСКВОДОКАНАЛ""";"УП ""МИНСКВОДОКАНАЛ""";"25";"";"01.04.2016";"01.01.2100";"2,0248";"0";"0";"0";"0";"0";"0";"0";"0";"0";"0";"0";"0";"13568518096";"03.10.2026 12:46:45";"";"";"";"0";"0";"0"
"MN7000";"Минск РИЦ";"382652";"9477814";"25";"Горячая вода по ЭОЗ";"";"410";"УП ""МИНСКВОДОКАНАЛ""";"УП ""МИНСКВОДОКАНАЛ""";"25";"";"01.04.2016";"01.01.2100";"2,0248";"0";"0";"0";"0";"0";"0";"0";"0";"0";"0";"0";"0";"13564140622";"03.10.2026 6:56:22";"";"";"";"0";"0";"0"
"MN7000";"Минск РИЦ";"580913";"14079154";"25";"Горячая вода по ЭОЗ";"";"410";"УП ""МИНСКВОДОКАНАЛ""";"УП ""МИНСКВОДОКАНАЛ""";"25";"";"01.04.2016";"01.01.2100";"2,0248";"0";"0";"0";"0";"0";"0";"0";"0";"0";"0";"0";"0";"13560536782";"02.10.2026 16:51:10";"";"";"";"0";"0";"0"
"MN7000";"Минск РИЦ";"1019451";"40465806";"25";"Горячая вода по ЭОЗ";"";"410";"УП ""МИНСКВОДОКАНАЛ""";"УП ""МИНСКВОДОКАНАЛ""";"25";"";"01.06.2024";"01.01.2100";"2,0248";"0";"0";"0";"0";"0";"6,18";"0";"4,6";"0,11";"0,11";"10,78";"0";"13561688546";"03.10.2026 1:18:56";"";"";"";"0";"0";"0"
"MN7000";"Минск РИЦ";"1029793";"42391725";"25";"Горячая вода по ЭОЗ";"";"410";"УП ""МИНСКВОДОКАНАЛ""";"УП ""МИНСКВОДОКАНАЛ""";"25";"";"01.02.2025";"01.01.2100";"2,0248";"0";"0";"0";"0";"0";"0";"0";"0";"0";"0";"0";"0";"13525097719";"25.09.2026 18:13:11";"";"";"";"0";"0";"0"
"MN7000";"Минск РИЦ";"139085";"2392953";"25";"Горячая вода по ЭОЗ";"";"410";"УП ""МИНСКВОДОКАНАЛ""";"УП ""МИНСКВОДОКАНАЛ""";"25";"";"01.04.2016";"01.01.2100";"2,0248";"0";"0";"0";"0";"0";"0";"0";"0";"0";"0";"0";"0";"13568726948";"03.10.2026 12:46:45";"";"";"";"0";"0";"0"
"MN7000";"Минск РИЦ";"782156";"19750806";"25";"Горячая вода по ЭОЗ";"";"410";"УП ""МИНСКВОДОКАНАЛ""";"УП ""МИНСКВОДОКАНАЛ""";"25";"";"01.04.2016";"01.01.2100";"2,0248";"0";"0";"0";"0";"0";"0";"0";"0";"0";"0";"0";"0";"13565883492";"03.10.2026 9:05:19";"";"";"";"0";"0";"0"
"MN7000";"Минск РИЦ";"529172";"13114684";"25";"Горячая вода по ЭОЗ";"";"410";"УП ""МИНСКВОДОКАНАЛ""";"УП ""МИНСКВОДОКАНАЛ""";"25";"";"01.04.2016";"01.01.2100";"2,0248";"0";"0";"0";"0";"0";"0";"0";"0";"0";"0";"0";"0";"13571751898";"04.10.2026 21:26:31";"";"";"";"0";"0";"0"
"MN7000";"Минск РИЦ";"195882";"853333";"25";"Горячая вода по ЭОЗ";"";"410";"УП ""МИНСКВОДОКАНАЛ""";"УП ""МИНСКВОДОКАНАЛ""";"25";"";"01.04.2016";"01.01.2100";"2,0248";"0";"0";"0";"0";"0";"0";"0";"0";"0";"0";"0";"0";"13561477214";"03.10.2026 1:18:56";"";"";"";"0";"0";"0"
"MN7000";"Минск РИЦ";"952529";"31090864";"25";"Горячая вода по ЭОЗ";"";"410";"УП ""МИНСКВОДОКАНАЛ""";"УП ""МИНСКВОДОКАНАЛ""";"25";"";"01.07.2019";"01.01.2100";"2,0248";"0";"0";"0";"0";"0";"0";"0";"0";"513,6";"513,6";"0";"0";"13571441821";"03.10.2026 18:45:33";"";"";"";"0";"0";"0"
"MN7000";"Минск РИЦ";"232534";"3121949";"25";"Горячая вода по ЭОЗ";"";"410";"УП ""МИНСКВОДОКАНАЛ""";"УП ""МИНСКВОДОКАНАЛ""";"25";"";"01.04.2016";"01.01.2100";"2,0248";"7,26";"14,7";"14,7";"0";"0";"0";"0";"10,49";"1,09";"1,09";"25,19";"0";"13550477218";"01.10.2026 2:53:14";"";"";"";"0";"0";"0"
"MN7000";"Минск РИЦ";"823237";"19976407";"25";"Горячая вода по ЭОЗ";"";"410";"УП ""МИНСКВОДОКАНАЛ""";"УП ""МИНСКВОДОКАНАЛ""";"25";"";"01.04.2016";"01.01.2100";"2,0248";"0";"0";"0";"0";"0";"0";"0";"0";"0";"0";"0";"0";"13565913989";"03.10.2026 9:05:19";"";"";"";"0";"0";"0"
"MN7000";"Минск РИЦ";"945811";"30647794";"25";"Горячая вода по ЭОЗ";"";"410";"УП ""МИНСКВОДОКАНАЛ""";"УП ""МИНСКВОДОКАНАЛ""";"25";"";"06.03.2019";"01.01.2100";"2,0248";"0";"0";"0";"0";"0";"0";"0";"0";"0";"0";"0";"0";"13560530539";"02.10.2026 17:07:24";"";"";"";"0";"0";"0"
"MN7000";"Минск РИЦ";"785464";"19167651";"25";"Горячая вода по ЭОЗ";"";"410";"УП ""МИНСКВОДОКАНАЛ""";"УП ""МИНСКВОДОКАНАЛ""";"25";"";"01.04.2016";"01.01.2100";"2,0248";"0";"0";"0";"0";"0";"0";"0";"0";"0,12";"0,12";"0";"0";"13565804645";"03.10.2026 9:05:19";"";"";"";"2";"0";"0"
"MN7000";"Минск РИЦ";"523282";"10286449";"25";"Горячая вода по ЭОЗ";"";"410";"УП ""МИНСКВОДОКАНАЛ""";"УП ""МИНСКВОДОКАНАЛ""";"25";"";"01.04.2016";"01.01.2100";"2,0248";"0";"0";"0";"0";"0";"0";"0";"0";"0";"0";"0";"0";"13570295609";"03.10.2026 16:50:37";"";"";"";"0";"0";"0"
"MN7000";"Минск РИЦ";"178947";"1004134";"25";"Горячая вода по ЭОЗ";"";"410";"УП ""МИНСКВОДОКАНАЛ""";"УП ""МИНСКВОДОКАНАЛ""";"25";"";"01.04.2016";"01.01.2100";"2,0248";"0";"0";"0";"0";"0";"0";"0";"0";"0,14";"0,14";"0";"0";"13568572469";"03.10.2026 12:46:45";"";"";"";"0";"0";"0"
"MN7000";"Минск РИЦ";"103501";"411100";"25";"Горячая вода по ЭОЗ";"";"410";"УП ""МИНСКВОДОКАНАЛ""";"УП ""МИНСКВОДОКАНАЛ""";"25";"";"01.04.2016";"01.01.2100";"2,0248";"0";"0";"0";"0";"0";"0";"0";"0";"0";"0";"0";"0";"13567932076";"03.10.2026 12:46:45";"";"";"";"0";"0";"0"
"MN7000";"Минск РИЦ";"547410";"13463728";"25";"Горячая вода по ЭОЗ";"";"410";"УП ""МИНСКВОДОКАНАЛ""";"УП ""МИНСКВОДОКАНАЛ""";"25";"";"01.04.2016";"01.01.2100";"2,0248";"0";"0";"0";"0";"0";"0";"0";"0";"0,51";"0,51";"0";"0";"13571884745";"04.10.2026 21:26:31";"";"";"";"4";"0";"0"
"MN7000";"Минск РИЦ";"189861";"1326522";"25";"Горячая вода по ЭОЗ";"";"410";"УП ""МИНСКВОДОКАНАЛ""";"УП ""МИНСКВОДОКАНАЛ""";"25";"";"01.04.2016";"01.01.2100";"2,0248";"0";"0";"0";"0";"0";"0";"0";"0";"0";"0";"0";"0";"13568609398";"03.10.2026 12:46:45";"";"";"";"0";"0";"0"
"MN7000";"Минск РИЦ";"784573";"19525866";"25";"Горячая вода по ЭОЗ";"";"410";"УП ""МИНСКВОДОКАНАЛ""";"УП ""МИНСКВОДОКАНАЛ""";"25";"";"01.04.2016";"01.01.2100";"2,0248";"3,9";"7,9";"7,9";"0";"0";"0";"0";"20,79";"2,5";"0,57";"16,06";"0";"13565852842";"03.10.2026 9:05:19";"";"";"";"0";"12,63";"1,93"
"MN7000";"Минск РИЦ";"815517";"19344694";"25";"Горячая вода по ЭОЗ";"";"410";"УП ""МИНСКВОДОКАНАЛ""";"УП ""МИНСКВОДОКАНАЛ""";"25";"";"01.04.2016";"01.01.2100";"2,0248";"0";"0";"0";"0";"0";"0";"0";"0";"0";"0";"0";"0";"13562120860";"03.10.2026 3:11:31";"";"";"";"0";"0";"0"
"MN7000";"Минск РИЦ";"785382";"20066379";"25";"Горячая вода по ЭОЗ";"";"410";"УП ""МИНСКВОДОКАНАЛ""";"УП ""МИНСКВОДОКАНАЛ""";"25";"";"01.04.2016";"01.01.2100";"2,0248";"0";"0";"0";"0";"0";"0";"0";"0";"0";"0";"0";"0";"13565925198";"03.10.2026 9:05:19";"";"";"";"0";"0";"0"
"MN7000";"Минск РИЦ";"547226";"13346724";"25";"Горячая вода по ЭОЗ";"";"410";"УП ""МИНСКВОДОКАНАЛ""";"УП ""МИНСКВОДОКАНАЛ""";"25";"";"01.04.2016";"01.01.2100";"2,0248";"0";"0";"0";"0";"0";"0";"0";"0";"0";"0";"0";"0";"13571877257";"04.10.2026 21:26:31";"";"";"";"0";"0";"0"
"MN7000";"Минск РИЦ";"111810";"1249006";"25";"Горячая вода по ЭОЗ";"";"410";"УП ""МИНСКВОДОКАНАЛ""";"УП ""МИНСКВОДОКАНАЛ""";"25";"";"01.04.2016";"01.01.2100";"2,0248";"0";"0";"0";"0";"0";"0";"0";"0";"0";"0";"0";"0";"13568600201";"03.10.2026 12:46:45";"";"";"";"0";"0";"0"
"MN7000";"Минск РИЦ";"811665";"19526586";"25";"Горячая вода по ЭОЗ";"";"410";"УП ""МИНСКВОДОКАНАЛ""";"УП ""МИНСКВОДОКАНАЛ""";"25";"";"01.04.2016";"01.01.2100";"2,0248";"1,36";"2,75";"2,75";"0";"0";"0";"0";"1,8";"0,01";"0,01";"4,55";"0";"13565852996";"03.10.2026 9:05:19";"";"";"";"0";"0";"0"
"MN7000";"Минск РИЦ";"496122";"10582741";"25";"Горячая вода по ЭОЗ";"";"410";"УП ""МИНСКВОДОКАНАЛ""";"УП ""МИНСКВОДОКАНАЛ""";"25";"";"01.04.2016";"01.01.2100";"2,0248";"0";"0";"0";"0";"0";"0";"0";"0";"0";"0";"0";"0";"13571015528";"03.10.2026 18:45:33";"";"";"";"0";"0";"0"
"MN7000";"Минск РИЦ";"730750";"17107065";"25";"Горячая вода по ЭОЗ";"";"410";"УП ""МИНСКВОДОКАНАЛ""";"УП ""МИНСКВОДОКАНАЛ""";"25";"";"01.04.2016";"01.01.2100";"2,0248";"0";"0";"0";"0";"0";"0";"0";"0";"0";"0";"0";"0";"13549323154";"30.09.2026 23:08:56";"";"";"";"0";"0";"0"
"MN7000";"Минск РИЦ";"804080";"19750849";"25";"Горячая вода по ЭОЗ";"";"410";"УП ""МИНСКВОДОКАНАЛ""";"УП ""МИНСКВОДОКАНАЛ""";"25";"";"01.04.2016";"01.01.2100";"2,0248";"0";"0";"0";"0";"0";"0";"0";"0";"0";"0";"0";"0";"13562160968";"03.10.2026 3:11:31";"";"";"";"0";"0";"0"
"MN7000";"Минск РИЦ";"365553";"9471056";"25";"Горячая вода по ЭОЗ";"";"410";"УП ""МИНСКВОДОКАНАЛ""";"УП ""МИНСКВОДОКАНАЛ""";"25";"";"01.04.2016";"01.01.2100";"2,0248";"0";"0";"0";"0";"0";"0";"0";"0";"0";"0";"0";"0";"13563723827";"03.10.2026 6:36:14";"";"";"";"0";"0";"0"
"MN7000";"Минск РИЦ";"1029291";"42383324";"25";"Горячая вода по ЭОЗ";"";"410";"УП ""МИНСКВОДОКАНАЛ""";"УП ""МИНСКВОДОКАНАЛ""";"25";"";"01.02.2025";"01.01.2100";"2,0248";"0";"0";"0";"0";"0";"0";"0";"0";"0";"0";"0";"0";"13569067693";"03.10.2026 12:46:45";"";"";"";"0";"0";"0"
"MN7000";"Минск РИЦ";"767954";"19706889";"25";"Горячая вода по ЭОЗ";"";"410";"УП ""МИНСКВОДОКАНАЛ""";"УП ""МИНСКВОДОКАНАЛ""";"25";"";"01.04.2016";"01.01.2100";"2,0248";"0";"0";"0";"0";"0";"0";"0";"0";"0";"0";"0";"0";"13565877815";"03.10.2026 9:05:19";"";"";"";"0";"0";"0"
"MN7000";"Минск РИЦ";"798773";"19078022";"25";"Горячая вода по ЭОЗ";"";"410";"УП ""МИНСКВОДОКАНАЛ""";"УП ""МИНСКВОДОКАНАЛ""";"25";"";"01.04.2016";"01.01.2100";"2,0248";"0";"0";"0";"0";"0";"0";"0";"0";"0";"0";"0";"0";"13562094712";"03.10.2026 3:11:31";"";"";"";"0";"0";"0"
"MN7000";"Минск РИЦ";"1044522";"43517828";"25";"Горячая вода по ЭОЗ";"";"410";"УП ""МИНСКВОДОКАНАЛ""";"УП ""МИНСКВОДОКАНАЛ""";"25";"";"02.09.2025";"01.01.2100";"2,0248";"0";"0";"0";"0";"0";"0";"0";"0";"0";"0";"0";"0";"13560584466";"02.10.2026 17:07:24";"";"";"";"0";"0";"0"
"MN7000";"Минск РИЦ";"814107";"20020713";"25";"Горячая вода по ЭОЗ";"";"410";"УП ""МИНСКВОДОКАНАЛ""";"УП ""МИНСКВОДОКАНАЛ""";"25";"";"01.04.2016";"01.01.2100";"2,0248";"0";"0";"0";"0";"0";"0";"0";"0";"0";"0";"0";"0";"13562186605";"03.10.2026 3:11:31";"";"";"";"0";"0";"0"
"MN7000";"Минск РИЦ";"441130";"9269755";"25";"Горячая вода по ЭОЗ";"";"410";"УП ""МИНСКВОДОКАНАЛ""";"УП ""МИНСКВОДОКАНАЛ""";"25";"";"01.04.2016";"01.01.2100";"2,0248";"0";"0";"0";"0";"0";"0";"0";"0";"0";"0";"0";"0";"13563708660";"03.10.2026 6:36:14";"";"";"";"0";"0";"0"
"MN7000";"Минск РИЦ";"231798";"3626313";"25";"Горячая вода по ЭОЗ";"";"410";"УП ""МИНСКВОДОКАНАЛ""";"УП ""МИНСКВОДОКАНАЛ""";"25";"";"01.04.2016";"01.01.2100";"2,0248";"0";"0";"0";"0";"0";"0";"0";"0";"0";"0";"0";"0";"13550496351";"01.10.2026 2:53:14";"";"";"";"0";"0";"0"
"MN7000";"Минск РИЦ";"978101";"32989100";"25";"Горячая вода по ЭОЗ";"";"410";"УП ""МИНСКВОДОКАНАЛ""";"УП ""МИНСКВОДОКАНАЛ""";"25";"";"01.02.2021";"01.01.2100";"2,0248";"0";"0";"0";"0";"0";"0";"0";"0";"0";"0";"0";"0";"13568569096";"03.10.2026 12:46:45";"";"";"";"0";"0";"0"
"MN7000";"Минск РИЦ";"207130";"3476399";"25";"Горячая вода по ЭОЗ";"";"410";"УП ""МИНСКВОДОКАНАЛ""";"УП ""МИНСКВОДОКАНАЛ""";"25";"";"01.04.2016";"01.01.2100";"2,0248";"0";"0";"0";"0";"0";"0";"0";"0";"0";"0";"0";"0";"13552591741";"01.10.2026 5:50:15";"";"";"";"0";"0";"0"
"MN7000";"Минск РИЦ";"524245";"12581838";"25";"Горячая вода по ЭОЗ";"";"410";"УП ""МИНСКВОДОКАНАЛ""";"УП ""МИНСКВОДОКАНАЛ""";"25";"";"01.04.2016";"01.01.2100";"2,0248";"0";"0";"0";"0";"0";"0";"0";"0";"0";"0";"0";"0";"13571719413";"04.10.2026 21:26:31";"";"";"";"0";"0";"0"
"MN7000";"Минск РИЦ";"363885";"9266414";"25";"Горячая вода по ЭОЗ";"";"410";"УП ""МИНСКВОДОКАНАЛ""";"УП ""МИНСКВОДОКАНАЛ""";"25";"";"01.04.2016";"01.01.2100";"2,0248";"0";"0";"0";"0";"0";"0";"0";"0";"0";"0";"0";"0";"13563708314";"03.10.2026 6:36:14";"";"";"";"0";"0";"0"
"MN7000";"Минск РИЦ";"715445";"17043192";"25";"Горячая вода по ЭОЗ";"";"410";"УП ""МИНСКВОДОКАНАЛ""";"УП ""МИНСКВОДОКАНАЛ""";"25";"";"01.04.2016";"01.01.2100";"2,0248";"0";"0";"0";"0";"0";"0";"0";"0";"0";"0";"0";"0";"13549319860";"30.09.2026 23:08:56";"";"";"";"0";"0";"0"
"MN7000";"Минск РИЦ";"512933";"11706407";"25";"Горячая вода по ЭОЗ";"";"410";"УП ""МИНСКВОДОКАНАЛ""";"УП ""МИНСКВОДОКАНАЛ""";"25";"";"01.04.2016";"01.01.2100";"2,0248";"0";"0";"0";"0";"0";"0";"0";"0";"0";"0";"0";"0";"13571168167";"03.10.2026 18:45:33";"";"";"";"0";"0";"0"
"MN7000";"Минск РИЦ";"363561";"9607720";"25";"Горячая вода по ЭОЗ";"";"410";"УП ""МИНСКВОДОКАНАЛ""";"УП ""МИНСКВОДОКАНАЛ""";"25";"";"01.07.2016";"01.01.2100";"2,0248";"0";"0";"0";"0";"0";"0";"0";"0";"0";"0";"0";"0";"13560571990";"02.10.2026 17:19:25";"";"";"";"0";"0";"0"
"MN7000";"Минск РИЦ";"768377";"19079012";"25";"Горячая вода по ЭОЗ";"";"410";"УП ""МИНСКВОДОКАНАЛ""";"УП ""МИНСКВОДОКАНАЛ""";"25";"";"01.04.2016";"01.01.2100";"2,0248";"0";"0";"0";"0";"0";"0";"0";"0";"0";"0";"0";"0";"13565792916";"03.10.2026 9:05:19";"";"";"";"0";"0";"0"
"MN7000";"Минск РИЦ";"1021340";"40892039";"25";"Горячая вода по ЭОЗ";"";"410";"УП ""МИНСКВОДОКАНАЛ""";"УП ""МИНСКВОДОКАНАЛ""";"25";"";"02.08.2024";"01.01.2100";"2,0248";"0";"0";"0";"0";"0";"0";"0";"0";"0";"0";"0";"0";"13550665066";"01.10.2026 2:53:14";"";"";"";"0";"0";"0"
"MN7000";"Минск РИЦ";"1035981";"42672450";"25";"Горячая вода по ЭОЗ";"";"410";"УП ""МИНСКВОДОКАНАЛ""";"УП ""МИНСКВОДОКАНАЛ""";"25";"";"01.05.2025";"01.01.2100";"2,0248";"0";"0";"0";"0";"0";"0";"0";"0";"0";"0";"0";"0";"13564382361";"03.10.2026 6:56:22";"";"";"";"0";"0";"0"
"MN7000";"Минск РИЦ";"1022086";"41310687";"25";"Горячая вода по ЭОЗ";"";"410";"УП ""МИНСКВОДОКАНАЛ""";"УП ""МИНСКВОДОКАНАЛ""";"25";"";"01.09.2024";"01.01.2100";"2,0248";"0";"0";"0";"0";"0";"0";"0";"0";"0";"0";"0";"0";"13571624937";"03.10.2026 18:45:33";"";"";"";"0";"0";"0"
"MN7000";"Минск РИЦ";"730856";"26960608";"25";"Горячая вода по ЭОЗ";"";"410";"УП ""МИНСКВОДОКАНАЛ""";"УП ""МИНСКВОДОКАНАЛ""";"25";"";"01.11.2017";"01.01.2100";"2,0248";"0";"0";"0";"0";"0";"0";"0";"0";"0";"0";"0";"0";"13549402966";"30.09.2026 23:08:56";"";"";"";"0";"0";"0"
"MN7000";"Минск РИЦ";"1011281";"39106782";"25";"Горячая вода по ЭОЗ";"";"410";"УП ""МИНСКВОДОКАНАЛ""";"УП ""МИНСКВОДОКАНАЛ""";"25";"";"18.10.2023";"01.01.2100";"2,0248";"0";"0";"0";"0";"0";"0";"0";"0";"0";"0";"0";"0";"13561678419";"03.10.2026 1:18:56";"";"";"";"0";"0";"0"
"MN7000";"Минск РИЦ";"955409";"31301622";"25";"Горячая вода по ЭОЗ";"";"410";"УП ""МИНСКВОДОКАНАЛ""";"УП ""МИНСКВОДОКАНАЛ""";"25";"";"01.09.2019";"01.01.2100";"2,0248";"0";"0";"0";"0";"0";"0";"0";"0";"0";"0";"0";"0";"13566015104";"03.10.2026 9:05:19";"";"";"";"0";"0";"0"
"MN7000";"Минск РИЦ";"811865";"19256412";"25";"Горячая вода по ЭОЗ";"";"410";"УП ""МИНСКВОДОКАНАЛ""";"УП ""МИНСКВОДОКАНАЛ""";"25";"";"01.04.2016";"01.01.2100";"2,0248";"3,9";"7,9";"7,9";"0";"0";"0";"0";"8,16";"0,2";"0,2";"16,03";"0";"13565816574";"03.10.2026 9:05:19";"";"";"";"0";"0,03";"0"
"MN7000";"Минск РИЦ";"1019839";"40603977";"25";"Горячая вода по ЭОЗ";"";"410";"УП ""МИНСКВОДОКАНАЛ""";"УП ""МИНСКВОДОКАНАЛ""";"25";"";"01.07.2024";"01.01.2100";"2,0248";"0";"0";"0";"0";"0";"0";"0";"0";"0";"0";"0";"0";"13561697988";"03.10.2026 1:18:56";"";"";"";"0";"0";"0"
"MN7000";"Минск РИЦ";"496968";"11301870";"25";"Горячая вода по ЭОЗ";"";"410";"УП ""МИНСКВОДОКАНАЛ""";"УП ""МИНСКВОДОКАНАЛ""";"25";"";"01.04.2016";"01.01.2100";"2,0248";"0";"0";"0";"0";"0";"0";"0";"0";"0";"0";"0";"0";"13571114389";"03.10.2026 18:45:33";"";"";"";"0";"0";"0"
"MN7000";"Минск РИЦ";"490081";"11065145";"25";"Горячая вода по ЭОЗ";"";"410";"УП ""МИНСКВОДОКАНАЛ""";"УП ""МИНСКВОДОКАНАЛ""";"25";"";"01.04.2016";"01.01.2100";"2,0248";"3,9";"7,9";"7,9";"0";"0";"0";"0";"8,16";"0,47";"0,47";"16,06";"0";"13571081269";"03.10.2026 18:45:33";"";"";"";"0";"0";"0"
"MN7000";"Минск РИЦ";"800695";"19482216";"25";"Горячая вода по ЭОЗ";"";"410";"УП ""МИНСКВОДОКАНАЛ""";"УП ""МИНСКВОДОКАНАЛ""";"25";"";"01.04.2016";"01.01.2100";"2,0248";"0";"0";"0";"0";"0";"0";"0";"0";"0";"0";"0";"0";"13565847335";"03.10.2026 9:05:19";"";"";"";"0";"0";"0"
"MN7000";"Минск РИЦ";"1008768";"38950780";"25";"Горячая вода по ЭОЗ";"";"410";"УП ""МИНСКВОДОКАНАЛ""";"УП ""МИНСКВОДОКАНАЛ""";"25";"";"10.08.2023";"01.01.2100";"2,0248";"0";"0";"0";"0";"0";"0";"0";"0";"0";"0";"0";"0";"13560618586";"02.10.2026 17:19:25";"";"";"";"0";"0";"0"
"MN7000";"Минск РИЦ";"952527";"31090800";"25";"Горячая вода по ЭОЗ";"";"410";"УП ""МИНСКВОДОКАНАЛ""";"УП ""МИНСКВОДОКАНАЛ""";"25";"";"01.07.2019";"01.01.2100";"2,0248";"0";"0";"0";"0";"0";"0";"0";"0";"0";"0";"0";"0";"13569708990";"03.10.2026 18:45:33";"";"";"";"0";"0";"0"
"MN7000";"Минск РИЦ";"764300";"17227263";"25";"Горячая вода по ЭОЗ";"";"410";"УП ""МИНСКВОДОКАНАЛ""";"УП ""МИНСКВОДОКАНАЛ""";"25";"";"01.04.2016";"01.01.2100";"2,0248";"0";"0";"0";"0";"0";"0";"0";"0";"0";"0";"0";"0";"13549328276";"30.09.2026 23:08:56";"";"";"";"0";"0";"0"
"MN7000";"Минск РИЦ";"1018761";"39548382";"25";"Горячая вода по ЭОЗ";"";"410";"УП ""МИНСКВОДОКАНАЛ""";"УП ""МИНСКВОДОКАНАЛ""";"25";"";"01.05.2024";"01.01.2100";"2,0248";"0";"0";"0";"0";"0";"0";"0";"0";"0";"0";"0";"0";"13572001122";"04.10.2026 21:26:31";"";"";"";"0";"0";"0"
"MN7000";"Минск РИЦ";"490253";"10706818";"25";"Горячая вода по ЭОЗ";"";"410";"УП ""МИНСКВОДОКАНАЛ""";"УП ""МИНСКВОДОКАНАЛ""";"25";"";"01.04.2016";"01.01.2100";"2,0248";"0";"0";"0";"0";"0";"0";"0";"0";"0";"0";"0";"0";"13571032961";"03.10.2026 18:45:33";"";"";"";"0";"0";"0"
"MN7000";"Минск РИЦ";"986395";"36745301";"25";"Горячая вода по ЭОЗ";"";"410";"УП ""МИНСКВОДОКАНАЛ""";"УП ""МИНСКВОДОКАНАЛ""";"25";"";"01.09.2021";"01.01.2100";"2,0248";"0";"0";"0";"0";"0";"0";"0";"0";"0";"0";"0";"0";"13564853387";"03.10.2026 8:35:39";"";"";"";"0";"0";"0"
"MN7000";"Минск РИЦ";"1007147";"38815238";"25";"Горячая вода по ЭОЗ";"";"410";"УП ""МИНСКВОДОКАНАЛ""";"УП ""МИНСКВОДОКАНАЛ""";"25";"";"21.06.2023";"01.01.2100";"2,0248";"0";"0";"0";"0";"0";"0";"0";"0";"0";"0";"0";"0";"13524846408";"25.09.2026 18:13:11";"";"";"";"0";"0";"0"
"MN7000";"Минск РИЦ";"580893";"13738446";"25";"Горячая вода по ЭОЗ";"";"410";"УП ""МИНСКВОДОКАНАЛ""";"УП ""МИНСКВОДОКАНАЛ""";"25";"";"01.04.2016";"01.01.2100";"2,0248";"0";"0";"0";"0";"0";"0";"0";"0";"0";"0";"0";"0";"13560524703";"02.10.2026 16:51:10";"";"";"";"0";"0";"0"
"MN7000";"Минск РИЦ";"1056919";"43933281";"25";"Горячая вода по ЭОЗ";"";"410";"УП ""МИНСКВОДОКАНАЛ""";"УП ""МИНСКВОДОКАНАЛ""";"25";"";"27.01.2026";"01.01.2100";"2,0248";"0";"0";"0";"0";"0";"0";"0";"0";"0";"0";"0";"0";"13561732112";"03.10.2026 1:18:56";"";"";"";"0";"0";"0"
"MN7000";"Минск РИЦ";"717059";"18153865";"25";"Горячая вода по ЭОЗ";"";"410";"УП ""МИНСКВОДОКАНАЛ""";"УП ""МИНСКВОДОКАНАЛ""";"25";"";"01.04.2016";"01.01.2100";"2,0248";"0";"0";"0";"0";"0";"0";"0";"0";"0";"0";"0";"0";"13549375103";"30.09.2026 23:08:56";"";"";"";"0";"0";"0"
"MN7000";"Минск РИЦ";"1046374";"43598407";"25";"Горячая вода по ЭОЗ";"";"410";"УП ""МИНСКВОДОКАНАЛ""";"УП ""МИНСКВОДОКАНАЛ""";"25";"";"27.10.2025";"01.01.2100";"2,0248";"0";"0";"0";"0";"0";"0";"0";"0";"0";"0";"0";"0";"13563975147";"03.10.2026 6:36:14";"";"";"";"0";"0";"0"
"MN7000";"Минск РИЦ";"1021731";"41495377";"25";"Горячая вода по ЭОЗ";"";"410";"УП ""МИНСКВОДОКАНАЛ""";"УП ""МИНСКВОДОКАНАЛ""";"25";"";"01.09.2024";"01.01.2100";"2,0248";"0";"0";"0";"0";"0";"0";"0";"0";"0";"0";"0";"0";"13561706793";"03.10.2026 1:18:56";"";"";"";"0";"0";"0"
"MN7000";"Минск РИЦ";"467895";"11945180";"25";"Горячая вода по ЭОЗ";"";"410";"УП ""МИНСКВОДОКАНАЛ""";"УП ""МИНСКВОДОКАНАЛ""";"25";"";"01.04.2016";"01.01.2100";"2,0248";"0";"0";"0";"0";"0";"0";"0";"0";"0";"0";"0";"0";"13571200085";"03.10.2026 18:45:33";"";"";"";"0";"0";"0"
"MN7000";"Минск РИЦ";"183962";"469833";"25";"Горячая вода по ЭОЗ";"";"410";"УП ""МИНСКВОДОКАНАЛ""";"УП ""МИНСКВОДОКАНАЛ""";"25";"";"01.04.2016";"01.01.2100";"2,0248";"0";"0";"0";"0";"0";"0";"0";"0";"0";"0";"0";"0";"13561457078";"03.10.2026 1:18:56";"";"";"";"0";"0";"0"
"MN7000";"Минск РИЦ";"745760";"17722755";"25";"Горячая вода по ЭОЗ";"";"410";"УП ""МИНСКВОДОКАНАЛ""";"УП ""МИНСКВОДОКАНАЛ""";"25";"";"01.04.2016";"01.01.2100";"2,0248";"0";"0";"0";"0";"0";"0";"0";"0";"0";"0";"0";"0";"13549353659";"30.09.2026 23:08:56";"";"";"";"0";"0";"0"
"MN7000";"Минск РИЦ";"988012";"36921416";"25";"Горячая вода по ЭОЗ";"";"410";"УП ""МИНСКВОДОКАНАЛ""";"УП ""МИНСКВОДОКАНАЛ""";"25";"";"11.11.2021";"01.01.2100";"2,0248";"0";"0";"0";"0";"0";"0";"0";"0";"0";"0";"0";"0";"13560532752";"02.10.2026 17:07:24";"";"";"";"0";"0";"0"
"MN7000";"Минск РИЦ";"490418";"11298652";"25";"Горячая вода по ЭОЗ";"";"410";"УП ""МИНСКВОДОКАНАЛ""";"УП ""МИНСКВОДОКАНАЛ""";"25";"";"01.04.2016";"01.01.2100";"2,0248";"0";"0";"0";"0";"0";"0";"0";"0";"0";"0";"0";"0";"13571113548";"03.10.2026 18:45:33";"";"";"";"0";"0";"0"
"MN7000";"Минск РИЦ";"811865";"41359959";"26";"Водоотведение по ЭОЗ";"";"410";"УП ""МИНСКВОДОКАНАЛ""";"УП ""МИНСКВОДОКАНАЛ""";"26";"";"01.09.2024";"01.01.2100";"1,1295";"12";"13,55";"13,55";"0";"0";"0";"0";"14,01";"0,51";"0,51";"27,51";"0";"13566168855";"03.10.2026 9:05:19";"";"";"";"0";"0,05";"0"
"MN7000";"Минск РИЦ";"730750";"40659299";"26";"Водоотведение по ЭОЗ";"";"410";"УП ""МИНСКВОДОКАНАЛ""";"УП ""МИНСКВОДОКАНАЛ""";"26";"";"01.07.2024";"01.01.2100";"1,1295";"0";"0";"0";"0";"0";"0";"0";"0";"0";"0";"0";"0";"13549498700";"30.09.2026 23:08:56";"";"";"";"0";"0";"0"
"MN7000";"Минск РИЦ";"782156";"41420174";"26";"Водоотведение по ЭОЗ";"";"410";"УП ""МИНСКВОДОКАНАЛ""";"УП ""МИНСКВОДОКАНАЛ""";"26";"";"01.09.2024";"01.01.2100";"1,1295";"0";"0";"0";"0";"0";"0";"0";"0";"0";"0";"0";"0";"13566169421";"03.10.2026 9:05:19";"";"";"";"0";"0";"0"
"MN7000";"Минск РИЦ";"1046374";"43598410";"26";"Водоотведение по ЭОЗ";"";"410";"УП ""МИНСКВОДОКАНАЛ""";"УП ""МИНСКВОДОКАНАЛ""";"26";"";"27.10.2025";"01.01.2100";"1,1295";"0";"0";"0";"0";"0";"0";"0";"0";"0";"0";"0";"0";"13563975149";"03.10.2026 6:36:14";"";"";"";"0";"0";"0"
"MN7000";"Минск РИЦ";"524245";"12592951";"26";"Водоотведение по ЭОЗ";"";"410";"УП ""МИНСКВОДОКАНАЛ""";"УП ""МИНСКВОДОКАНАЛ""";"26";"";"01.04.2016";"01.01.2100";"1,1295";"0";"0";"0";"0";"0";"0";"0";"0";"0";"0";"0";"0";"13571720137";"04.10.2026 21:26:31";"";"";"";"0";"0";"0"
"MN7000";"Минск РИЦ";"231798";"3626306";"26";"Водоотведение по ЭОЗ";"";"410";"УП ""МИНСКВОДОКАНАЛ""";"УП ""МИНСКВОДОКАНАЛ""";"26";"";"01.04.2016";"01.01.2100";"1,1295";"0";"0";"0";"0";"0";"0";"0";"0";"0";"0";"0";"0";"13550496348";"01.10.2026 2:53:14";"";"";"";"0";"0";"0"
"MN7000";"Минск РИЦ";"576702";"24964865";"26";"Водоотведение по ЭОЗ";"";"410";"УП ""МИНСКВОДОКАНАЛ""";"УП ""МИНСКВОДОКАНАЛ""";"26";"";"01.08.2017";"01.01.2100";"1,1295";"0";"0";"0";"0";"0";"0";"0";"0";"0";"0";"0";"0";"13562763310";"03.10.2026 4:21:30";"";"";"";"0";"0";"0"
"MN7000";"Минск РИЦ";"1029291";"42383328";"26";"Водоотведение по ЭОЗ";"";"410";"УП ""МИНСКВОДОКАНАЛ""";"УП ""МИНСКВОДОКАНАЛ""";"26";"";"01.02.2025";"01.01.2100";"1,1295";"0";"0";"0";"0";"0";"0";"0";"0";"0";"0";"0";"0";"13569067695";"03.10.2026 12:46:45";"";"";"";"0";"0";"0"
"MN7000";"Минск РИЦ";"580893";"13740173";"26";"Водоотведение по ЭОЗ";"";"410";"УП ""МИНСКВОДОКАНАЛ""";"УП ""МИНСКВОДОКАНАЛ""";"26";"";"01.04.2016";"01.01.2100";"1,1295";"0";"0";"0";"0";"0";"0";"0";"0";"0";"0";"0";"0";"13560524713";"02.10.2026 16:51:10";"";"";"";"0";"0";"0"
"MN7000";"Минск РИЦ";"955409";"31301624";"26";"Водоотведение по ЭОЗ";"";"410";"УП ""МИНСКВОДОКАНАЛ""";"УП ""МИНСКВОДОКАНАЛ""";"26";"";"01.09.2019";"01.01.2100";"1,1295";"0";"0";"0";"0";"0";"0";"0";"0";"0";"0";"0";"0";"13566015105";"03.10.2026 9:05:19";"";"";"";"0";"0";"0"
"MN7000";"Минск РИЦ";"496968";"11322693";"26";"Водоотведение по ЭОЗ";"";"410";"УП ""МИНСКВОДОКАНАЛ""";"УП ""МИНСКВОДОКАНАЛ""";"26";"";"01.04.2016";"01.01.2100";"1,1295";"0";"0";"0";"0";"0";"0";"0";"0";"0";"0";"0";"0";"13571117440";"03.10.2026 18:45:33";"";"";"";"0";"0";"0"
"MN7000";"Минск РИЦ";"467895";"11963207";"26";"Водоотведение по ЭОЗ";"";"410";"УП ""МИНСКВОДОКАНАЛ""";"УП ""МИНСКВОДОКАНАЛ""";"26";"";"01.04.2016";"01.01.2100";"1,1295";"0";"0";"0";"0";"0";"0";"0";"0";"0";"0";"0";"0";"13571202372";"03.10.2026 18:45:33";"";"";"";"0";"0";"0"
"MN7000";"Минск РИЦ";"1056919";"43933283";"26";"Водоотведение по ЭОЗ";"";"410";"УП ""МИНСКВОДОКАНАЛ""";"УП ""МИНСКВОДОКАНАЛ""";"26";"";"27.01.2026";"01.01.2100";"1,1295";"0";"0";"0";"0";"0";"0";"0";"0";"0";"0";"0";"0";"13561732114";"03.10.2026 1:18:56";"";"";"";"0";"0";"0"
"MN7000";"Минск РИЦ";"945811";"30647796";"26";"Водоотведение по ЭОЗ";"";"410";"УП ""МИНСКВОДОКАНАЛ""";"УП ""МИНСКВОДОКАНАЛ""";"26";"";"06.03.2019";"01.01.2100";"1,1295";"0";"0";"0";"0";"0";"0";"0";"0";"0";"0";"0";"0";"13560530540";"02.10.2026 17:07:24";"";"";"";"0";"0";"0"
"MN7000";"Минск РИЦ";"986395";"36745447";"26";"Водоотведение по ЭОЗ";"";"410";"УП ""МИНСКВОДОКАНАЛ""";"УП ""МИНСКВОДОКАНАЛ""";"26";"";"01.09.2021";"01.01.2100";"1,1295";"0";"0";"0";"0";"0";"0";"0";"0";"0";"0";"0";"0";"13564853441";"03.10.2026 8:35:39";"";"";"";"0";"0";"0"
"MN7000";"Минск РИЦ";"363561";"9567504";"26";"Водоотведение по ЭОЗ";"";"410";"УП ""МИНСКВОДОКАНАЛ""";"УП ""МИНСКВОДОКАНАЛ""";"26";"";"01.07.2016";"01.01.2100";"1,1295";"0";"0";"0";"0";"0";"0";"0";"0";"0";"0";"0";"0";"13560571721";"02.10.2026 17:19:25";"";"";"";"0";"0";"0"
"MN7000";"Минск РИЦ";"441130";"9227907";"26";"Водоотведение по ЭОЗ";"";"410";"УП ""МИНСКВОДОКАНАЛ""";"УП ""МИНСКВОДОКАНАЛ""";"26";"";"01.04.2016";"01.01.2100";"1,1295";"0";"0";"0";"0";"0";"0";"0";"0";"0";"0";"0";"0";"13563705460";"03.10.2026 6:36:14";"";"";"";"0";"0";"0"
"MN7000";"Минск РИЦ";"784573";"41353375";"26";"Водоотведение по ЭОЗ";"";"410";"УП ""МИНСКВОДОКАНАЛ""";"УП ""МИНСКВОДОКАНАЛ""";"26";"";"01.09.2024";"01.01.2100";"1,1295";"12";"13,55";"13,55";"0";"0";"0";"0";"39,67";"4,73";"1,33";"27,56";"0";"13566163983";"03.10.2026 9:05:19";"";"";"";"0";"25,66";"3,4"
"MN7000";"Минск РИЦ";"767954";"19718634";"26";"Водоотведение по ЭОЗ";"";"410";"УП ""МИНСКВОДОКАНАЛ""";"УП ""МИНСКВОДОКАНАЛ""";"26";"";"01.04.2016";"01.01.2100";"1,1295";"0";"0";"0";"0";"0";"0";"0";"0";"0";"0";"0";"0";"13565879557";"03.10.2026 9:05:19";"";"";"";"0";"0";"0"
"MN7000";"Минск РИЦ";"192685";"304626";"26";"Водоотведение по ЭОЗ";"";"410";"УП ""МИНСКВОДОКАНАЛ""";"УП ""МИНСКВОДОКАНАЛ""";"26";"";"01.04.2016";"01.01.2100";"1,1295";"0";"0";"0";"0";"0";"0";"0";"0";"0";"0";"0";"0";"13561448584";"03.10.2026 1:18:56";"";"";"";"0";"0";"0"
"MN7000";"Минск РИЦ";"1021202";"40823855";"26";"Водоотведение по ЭОЗ";"";"410";"УП ""МИНСКВОДОКАНАЛ""";"УП ""МИНСКВОДОКАНАЛ""";"26";"";"01.08.2024";"01.01.2100";"1,1295";"0";"0";"0";"0";"0";"0";"0";"0";"0";"0";"0";"0";"13562770847";"03.10.2026 4:21:30";"";"";"";"0";"0";"0"
"MN7000";"Минск РИЦ";"764300";"17245731";"26";"Водоотведение по ЭОЗ";"";"410";"УП ""МИНСКВОДОКАНАЛ""";"УП ""МИНСКВОДОКАНАЛ""";"26";"";"01.04.2016";"01.01.2100";"1,1295";"0";"0";"0";"0";"0";"0";"0";"0";"0";"0";"0";"0";"13549330018";"30.09.2026 23:08:56";"";"";"";"0";"0";"0"
"MN7000";"Минск РИЦ";"111810";"1244306";"26";"Водоотведение по ЭОЗ";"";"410";"УП ""МИНСКВОДОКАНАЛ""";"УП ""МИНСКВОДОКАНАЛ""";"26";"";"01.04.2016";"01.01.2100";"1,1295";"0";"0";"0";"0";"0";"0";"0";"0";"0";"0";"0";"0";"13568599254";"03.10.2026 12:46:45";"";"";"";"0";"0";"0"
"MN7000";"Минск РИЦ";"110634";"553180";"26";"Водоотведение по ЭОЗ";"";"410";"УП ""МИНСКВОДОКАНАЛ""";"УП ""МИНСКВОДОКАНАЛ""";"26";"";"01.04.2016";"01.01.2100";"1,1295";"0";"0";"0";"0";"0";"0";"0";"0";"0";"0";"0";"0";"13568516331";"03.10.2026 12:46:45";"";"";"";"0";"0";"0"
"MN7000";"Минск РИЦ";"161306";"297229";"26";"Водоотведение по ЭОЗ";"";"410";"УП ""МИНСКВОДОКАНАЛ""";"УП ""МИНСКВОДОКАНАЛ""";"26";"";"01.04.2016";"01.01.2100";"1,1295";"0";"0";"0";"0";"0";"0";"0";"0";"0";"0";"0";"0";"13561447558";"03.10.2026 1:18:56";"";"";"";"0";"0";"0"
"MN7000";"Минск РИЦ";"103501";"399450";"26";"Водоотведение по ЭОЗ";"";"410";"УП ""МИНСКВОДОКАНАЛ""";"УП ""МИНСКВОДОКАНАЛ""";"26";"";"01.04.2016";"01.01.2100";"1,1295";"0";"0";"0";"0";"0";"0";"0";"0";"0";"0";"0";"0";"13567976471";"03.10.2026 12:46:45";"";"";"";"0";"0";"0"
"MN7000";"Минск РИЦ";"547226";"13377088";"26";"Водоотведение по ЭОЗ";"";"410";"УП ""МИНСКВОДОКАНАЛ""";"УП ""МИНСКВОДОКАНАЛ""";"26";"";"01.04.2016";"01.01.2100";"1,1295";"0";"0";"0";"0";"0";"0";"0";"0";"0";"0";"0";"0";"13571879108";"04.10.2026 21:26:31";"";"";"";"0";"0";"0"
"MN7000";"Минск РИЦ";"730856";"16874135";"26";"Водоотведение по ЭОЗ";"";"410";"УП ""МИНСКВОДОКАНАЛ""";"УП ""МИНСКВОДОКАНАЛ""";"26";"";"01.04.2016";"01.01.2100";"1,1295";"0";"0";"0";"0";"0";"0";"0";"0";"0";"0";"0";"0";"13549311234";"30.09.2026 23:08:56";"";"";"";"0";"0";"0"
"MN7000";"Минск РИЦ";"952527";"31090801";"26";"Водоотведение по ЭОЗ";"";"410";"УП ""МИНСКВОДОКАНАЛ""";"УП ""МИНСКВОДОКАНАЛ""";"26";"";"01.07.2019";"01.01.2100";"1,1295";"0";"0";"0";"0";"0";"0";"0";"0";"0";"0";"0";"0";"13571441811";"03.10.2026 18:45:33";"";"";"";"0";"0";"0"
"MN7000";"Минск РИЦ";"715445";"17061931";"26";"Водоотведение по ЭОЗ";"";"410";"УП ""МИНСКВОДОКАНАЛ""";"УП ""МИНСКВОДОКАНАЛ""";"26";"";"01.04.2016";"01.01.2100";"1,1295";"0";"0";"0";"0";"0";"0";"0";"0";"0";"0";"0";"0";"13549321394";"30.09.2026 23:08:56";"";"";"";"0";"0";"0"
"MN7000";"Минск РИЦ";"1008768";"38950782";"26";"Водоотведение по ЭОЗ";"";"410";"УП ""МИНСКВОДОКАНАЛ""";"УП ""МИНСКВОДОКАНАЛ""";"26";"";"10.08.2023";"01.01.2100";"1,1295";"0";"0";"0";"0";"0";"0";"0";"0";"0";"0";"0";"0";"13560618587";"02.10.2026 17:19:25";"";"";"";"0";"0";"0"
"MN7000";"Минск РИЦ";"1019451";"40465810";"26";"Водоотведение по ЭОЗ";"";"410";"УП ""МИНСКВОДОКАНАЛ""";"УП ""МИНСКВОДОКАНАЛ""";"26";"";"01.06.2024";"01.01.2100";"1,1295";"0";"0";"0";"0";"0";"14,74";"0";"3,69";"0,07";"0,07";"18,43";"0";"13561688548";"03.10.2026 1:18:56";"";"";"";"0";"0";"0"
"MN7000";"Минск РИЦ";"811665";"19545188";"26";"Водоотведение по ЭОЗ";"";"410";"УП ""МИНСКВОДОКАНАЛ""";"УП ""МИНСКВОДОКАНАЛ""";"26";"";"01.04.2016";"01.01.2100";"1,1295";"3,08";"3,48";"3,48";"0";"0";"0";"0";"3,11";"0,03";"0,03";"6,59";"0";"13565855923";"03.10.2026 9:05:19";"";"";"";"0";"0";"0"
"MN7000";"Минск РИЦ";"363885";"9261612";"26";"Водоотведение по ЭОЗ";"";"410";"УП ""МИНСКВОДОКАНАЛ""";"УП ""МИНСКВОДОКАНАЛ""";"26";"";"01.04.2016";"01.01.2100";"1,1295";"0";"0";"0";"0";"0";"0";"0";"0";"0";"0";"0";"0";"13563707848";"03.10.2026 6:36:14";"";"";"";"0";"0";"0"
"MN7000";"Минск РИЦ";"1011281";"39106784";"26";"Водоотведение по ЭОЗ";"";"410";"УП ""МИНСКВОДОКАНАЛ""";"УП ""МИНСКВОДОКАНАЛ""";"26";"";"18.10.2023";"01.01.2100";"1,1295";"0";"0";"0";"0";"0";"0";"0";"0";"0";"0";"0";"0";"13561678420";"03.10.2026 1:18:56";"";"";"";"0";"0";"0"
"MN7000";"Минск РИЦ";"804080";"19785231";"26";"Водоотведение по ЭОЗ";"";"410";"УП ""МИНСКВОДОКАНАЛ""";"УП ""МИНСКВОДОКАНАЛ""";"26";"";"01.04.2016";"01.01.2100";"1,1295";"0";"0";"0";"0";"0";"0";"0";"0";"0";"0";"0";"0";"13562164498";"03.10.2026 3:11:31";"";"";"";"0";"0";"0"
"MN7000";"Минск РИЦ";"800695";"19492709";"26";"Водоотведение по ЭОЗ";"";"410";"УП ""МИНСКВОДОКАНАЛ""";"УП ""МИНСКВОДОКАНАЛ""";"26";"";"01.04.2016";"01.01.2100";"1,1295";"0";"0";"0";"0";"0";"0";"0";"0";"0";"0";"0";"0";"13565848967";"03.10.2026 9:05:19";"";"";"";"0";"0";"0"
"MN7000";"Минск РИЦ";"768377";"19095638";"26";"Водоотведение по ЭОЗ";"";"410";"УП ""МИНСКВОДОКАНАЛ""";"УП ""МИНСКВОДОКАНАЛ""";"26";"";"01.04.2016";"01.01.2100";"1,1295";"0";"0";"0";"0";"0";"0";"0";"0";"0";"0";"0";"0";"13565795355";"03.10.2026 9:05:19";"";"";"";"0";"0";"0"
"MN7000";"Минск РИЦ";"512933";"11715803";"26";"Водоотведение по ЭОЗ";"";"410";"УП ""МИНСКВОДОКАНАЛ""";"УП ""МИНСКВОДОКАНАЛ""";"26";"";"01.04.2016";"01.01.2100";"1,1295";"0";"0";"0";"0";"0";"0";"0";"0";"0";"0";"0";"0";"13571169708";"03.10.2026 18:45:33";"";"";"";"0";"0";"0"
"MN7000";"Минск РИЦ";"574329";"26793940";"26";"Водоотведение по ЭОЗ";"";"410";"УП ""МИНСКВОДОКАНАЛ""";"УП ""МИНСКВОДОКАНАЛ""";"26";"";"01.10.2017";"01.01.2100";"1,1295";"0";"0";"0";"0";"0";"0";"0";"0";"0";"0";"0";"0";"13562765560";"03.10.2026 4:21:30";"";"";"";"0";"0";"0"
"MN7000";"Минск РИЦ";"717059";"40658457";"26";"Водоотведение по ЭОЗ";"";"410";"УП ""МИНСКВОДОКАНАЛ""";"УП ""МИНСКВОДОКАНАЛ""";"26";"";"01.07.2024";"01.01.2100";"1,1295";"0";"0";"0";"0";"0";"0";"0";"0";"0";"0";"0";"0";"13549498229";"30.09.2026 23:08:56";"";"";"";"0";"0";"0"
"MN7000";"Минск РИЦ";"139085";"2380823";"26";"Водоотведение по ЭОЗ";"";"410";"УП ""МИНСКВОДОКАНАЛ""";"УП ""МИНСКВОДОКАНАЛ""";"26";"";"01.04.2016";"01.01.2100";"1,1295";"0";"0";"0";"0";"0";"0";"0";"0";"0";"0";"0";"0";"13568724879";"03.10.2026 12:46:45";"";"";"";"0";"0";"0"
"MN7000";"Минск РИЦ";"798773";"41948628";"26";"Водоотведение по ЭОЗ";"";"410";"УП ""МИНСКВОДОКАНАЛ""";"УП ""МИНСКВОДОКАНАЛ""";"26";"";"01.11.2024";"01.01.2100";"1,1295";"0";"0";"0";"0";"0";"0";"0";"0";"0";"0";"0";"0";"13562352423";"03.10.2026 3:11:31";"";"";"";"0";"0";"0"
"MN7000";"Минск РИЦ";"490253";"10733739";"26";"Водоотведение по ЭОЗ";"";"410";"УП ""МИНСКВОДОКАНАЛ""";"УП ""МИНСКВОДОКАНАЛ""";"26";"";"01.04.2016";"01.01.2100";"1,1295";"0";"0";"0";"0";"0";"0";"0";"0";"0";"0";"0";"0";"13571036734";"03.10.2026 18:45:33";"";"";"";"0";"0";"0"
"MN7000";"Минск РИЦ";"815517";"19349146";"26";"Водоотведение по ЭОЗ";"";"410";"УП ""МИНСКВОДОКАНАЛ""";"УП ""МИНСКВОДОКАНАЛ""";"26";"";"01.04.2016";"01.01.2100";"1,1295";"0";"0";"0";"0";"0";"0";"0";"0";"0";"0";"0";"0";"13562121570";"03.10.2026 3:11:31";"";"";"";"0";"0";"0"
"MN7000";"Минск РИЦ";"1035981";"42672452";"26";"Водоотведение по ЭОЗ";"";"410";"УП ""МИНСКВОДОКАНАЛ""";"УП ""МИНСКВОДОКАНАЛ""";"26";"";"01.05.2025";"01.01.2100";"1,1295";"0";"0";"0";"0";"0";"0";"0";"0";"0";"0";"0";"0";"13564382363";"03.10.2026 6:56:22";"";"";"";"0";"0";"0"
"MN7000";"Минск РИЦ";"1021340";"40892041";"26";"Водоотведение по ЭОЗ";"";"410";"УП ""МИНСКВОДОКАНАЛ""";"УП ""МИНСКВОДОКАНАЛ""";"26";"";"02.08.2024";"01.01.2100";"1,1295";"0";"0";"0";"0";"0";"0";"0";"0";"0";"0";"0";"0";"13550665068";"01.10.2026 2:53:14";"";"";"";"0";"0";"0"
"MN7000";"Минск РИЦ";"785382";"20076149";"26";"Водоотведение по ЭОЗ";"";"410";"УП ""МИНСКВОДОКАНАЛ""";"УП ""МИНСКВОДОКАНАЛ""";"26";"";"01.04.2016";"01.01.2100";"1,1295";"0";"0";"0";"0";"0";"0";"0";"0";"0";"0";"0";"0";"13565926863";"03.10.2026 9:05:19";"";"";"";"0";"0";"0"
"MN7000";"Минск РИЦ";"988012";"36921421";"26";"Водоотведение по ЭОЗ";"";"410";"УП ""МИНСКВОДОКАНАЛ""";"УП ""МИНСКВОДОКАНАЛ""";"26";"";"11.11.2021";"01.01.2100";"1,1295";"0";"0";"0";"0";"0";"0";"0";"0";"0";"0";"0";"0";"13560532753";"02.10.2026 17:07:24";"";"";"";"0";"0";"0"
"MN7000";"Минск РИЦ";"382652";"9432839";"26";"Водоотведение по ЭОЗ";"";"410";"УП ""МИНСКВОДОКАНАЛ""";"УП ""МИНСКВОДОКАНАЛ""";"26";"";"01.04.2016";"01.01.2100";"1,1295";"0";"0";"0";"0";"0";"0";"0";"0";"0";"0";"0";"0";"13564136935";"03.10.2026 6:56:22";"";"";"";"0";"0";"0"
"MN7000";"Минск РИЦ";"575809";"24973315";"26";"Водоотведение по ЭОЗ";"";"410";"УП ""МИНСКВОДОКАНАЛ""";"УП ""МИНСКВОДОКАНАЛ""";"26";"";"01.08.2017";"01.01.2100";"1,1295";"0";"0";"0";"0";"0";"0";"0";"0";"0";"0";"0";"0";"13562764445";"03.10.2026 4:21:30";"";"";"";"0";"0";"0"
"MN7000";"Минск РИЦ";"576698";"24963273";"26";"Водоотведение по ЭОЗ";"";"410";"УП ""МИНСКВОДОКАНАЛ""";"УП ""МИНСКВОДОКАНАЛ""";"26";"";"01.08.2017";"01.01.2100";"1,1295";"0";"0";"0";"0";"0";"0";"0";"0";"0";"0";"0";"0";"13562762919";"03.10.2026 4:21:30";"";"";"";"0";"0";"0"
"MN7000";"Минск РИЦ";"814107";"20057454";"26";"Водоотведение по ЭОЗ";"";"410";"УП ""МИНСКВОДОКАНАЛ""";"УП ""МИНСКВОДОКАНАЛ""";"26";"";"01.04.2016";"01.01.2100";"1,1295";"0";"0";"0";"0";"0";"0";"0";"0";"0";"0";"0";"0";"13562190172";"03.10.2026 3:11:31";"";"";"";"0";"0";"0"
"MN7000";"Минск РИЦ";"1018761";"39548384";"26";"Водоотведение по ЭОЗ";"";"410";"УП ""МИНСКВОДОКАНАЛ""";"УП ""МИНСКВОДОКАНАЛ""";"26";"";"01.05.2024";"01.01.2100";"1,1295";"0";"0";"0";"0";"0";"0";"0";"0";"0";"0";"0";"0";"13572001124";"04.10.2026 21:26:31";"";"";"";"0";"0";"0"
"MN7000";"Минск РИЦ";"1021731";"41495629";"26";"Водоотведение по ЭОЗ";"";"410";"УП ""МИНСКВОДОКАНАЛ""";"УП ""МИНСКВОДОКАНАЛ""";"26";"";"01.09.2024";"01.01.2100";"1,1295";"0";"0";"0";"0";"0";"0";"0";"0";"0";"0";"0";"0";"13561706940";"03.10.2026 1:18:56";"";"";"";"0";"0";"0"
"MN7000";"Минск РИЦ";"547410";"13482200";"26";"Водоотведение по ЭОЗ";"";"410";"УП ""МИНСКВОДОКАНАЛ""";"УП ""МИНСКВОДОКАНАЛ""";"26";"";"01.04.2016";"01.01.2100";"1,1295";"0";"0";"0";"0";"0";"0";"0";"0";"0,67";"0,67";"0";"0";"13571696905";"04.10.2026 21:26:31";"";"";"";"4";"0";"0"
"MN7000";"Минск РИЦ";"1069422";"44344376";"26";"Водоотведение по ЭОЗ";"";"410";"УП ""МИНСКВОДОКАНАЛ""";"УП ""МИНСКВОДОКАНАЛ""";"26";"";"11.06.2026";"01.01.2100";"1,1295";"0,61";"0,69";"0,69";"0";"0";"0";"0";"2,07";"0,08";"0,08";"2,76";"0";"13562771687";"03.10.2026 4:21:30";"";"";"";"0";"0";"0"
"MN7000";"Минск РИЦ";"823237";"19985260";"26";"Водоотведение по ЭОЗ";"";"410";"УП ""МИНСКВОДОКАНАЛ""";"УП ""МИНСКВОДОКАНАЛ""";"26";"";"01.04.2016";"01.01.2100";"1,1295";"0";"0";"0";"0";"0";"0";"0";"0";"0";"0";"0";"0";"13565915329";"03.10.2026 9:05:19";"";"";"";"0";"0";"0"
"MN7000";"Минск РИЦ";"365553";"9425562";"26";"Водоотведение по ЭОЗ";"";"410";"УП ""МИНСКВОДОКАНАЛ""";"УП ""МИНСКВОДОКАНАЛ""";"26";"";"01.04.2016";"01.01.2100";"1,1295";"0";"0";"0";"0";"0";"0";"0";"0";"0";"0";"0";"0";"13563720416";"03.10.2026 6:36:14";"";"";"";"0";"0";"0"
"MN7000";"Минск РИЦ";"496122";"41309793";"26";"Водоотведение по ЭОЗ";"";"410";"УП ""МИНСКВОДОКАНАЛ""";"УП ""МИНСКВОДОКАНАЛ""";"26";"";"01.09.2024";"01.01.2100";"1,1295";"0";"0";"0";"0";"0";"0";"0";"0";"0";"0";"0";"0";"13571624579";"03.10.2026 18:45:33";"";"";"";"0";"0";"0"
"MN7000";"Минск РИЦ";"490418";"11331161";"26";"Водоотведение по ЭОЗ";"";"410";"УП ""МИНСКВОДОКАНАЛ""";"УП ""МИНСКВОДОКАНАЛ""";"26";"";"01.04.2016";"01.01.2100";"1,1295";"0";"0";"0";"0";"0";"0";"0";"0";"0";"0";"0";"0";"13571118548";"03.10.2026 18:45:33";"";"";"";"0";"0";"0"
"MN7000";"Минск РИЦ";"189861";"1329764";"26";"Водоотведение по ЭОЗ";"";"410";"УП ""МИНСКВОДОКАНАЛ""";"УП ""МИНСКВОДОКАНАЛ""";"26";"";"01.04.2016";"01.01.2100";"1,1295";"0";"0";"0";"0";"0";"0";"0";"0";"0";"0";"0";"0";"13568609982";"03.10.2026 12:46:45";"";"";"";"0";"0";"0"
"MN7000";"Минск РИЦ";"178947";"1023253";"26";"Водоотведение по ЭОЗ";"";"410";"УП ""МИНСКВОДОКАНАЛ""";"УП ""МИНСКВОДОКАНАЛ""";"26";"";"01.04.2016";"01.01.2100";"1,1295";"0";"0";"0";"0";"0";"0";"0";"0";"0,23";"0,23";"0";"0";"13568575807";"03.10.2026 12:46:45";"";"";"";"0";"0";"0"
"MN7000";"Минск РИЦ";"1029793";"42391727";"26";"Водоотведение по ЭОЗ";"";"410";"УП ""МИНСКВОДОКАНАЛ""";"УП ""МИНСКВОДОКАНАЛ""";"26";"";"01.02.2025";"01.01.2100";"1,1295";"0";"0";"0";"0";"0";"0";"0";"0";"0";"0";"0";"0";"13525097721";"25.09.2026 18:13:11";"";"";"";"0";"0";"0"
"MN7000";"Минск РИЦ";"232534";"3121939";"26";"Водоотведение по ЭОЗ";"";"410";"УП ""МИНСКВОДОКАНАЛ""";"УП ""МИНСКВОДОКАНАЛ""";"26";"";"01.04.2016";"01.01.2100";"1,1295";"8,88";"10,03";"10,03";"0";"0";"0";"0";"7,68";"0,71";"0,71";"17,71";"0";"13550477214";"01.10.2026 2:53:14";"";"";"";"0";"0";"0"
"MN7000";"Минск РИЦ";"490081";"41503199";"26";"Водоотведение по ЭОЗ";"";"410";"УП ""МИНСКВОДОКАНАЛ""";"УП ""МИНСКВОДОКАНАЛ""";"26";"";"01.10.2024";"01.01.2100";"1,1295";"12";"13,55";"13,55";"0";"0";"0";"0";"14,01";"0,81";"0,81";"27,56";"0";"13571626372";"03.10.2026 18:45:33";"";"";"";"0";"0";"0"
"MN7000";"Минск РИЦ";"785464";"19197840";"26";"Водоотведение по ЭОЗ";"";"410";"УП ""МИНСКВОДОКАНАЛ""";"УП ""МИНСКВОДОКАНАЛ""";"26";"";"01.04.2016";"01.01.2100";"1,1295";"0";"0";"0";"0";"0";"0";"0";"0";"0,52";"0,52";"0";"0";"13565809094";"03.10.2026 9:05:19";"";"";"";"3";"0";"0"
"MN7000";"Минск РИЦ";"745760";"17737487";"26";"Водоотведение по ЭОЗ";"";"410";"УП ""МИНСКВОДОКАНАЛ""";"УП ""МИНСКВОДОКАНАЛ""";"26";"";"01.04.2016";"01.01.2100";"1,1295";"0";"0";"0";"0";"0";"0";"0";"0";"0";"0";"0";"0";"13549354212";"30.09.2026 23:08:56";"";"";"";"0";"0";"0"
"MN7000";"Минск РИЦ";"952529";"31090868";"26";"Водоотведение по ЭОЗ";"";"410";"УП ""МИНСКВОДОКАНАЛ""";"УП ""МИНСКВОДОКАНАЛ""";"26";"";"01.07.2019";"01.01.2100";"1,1295";"0";"0";"0";"0";"0";"0";"0";"0";"573,08";"573,08";"0";"0";"13571441822";"03.10.2026 18:45:33";"";"";"";"0";"0";"0"
"MN7000";"Минск РИЦ";"195882";"911018";"26";"Водоотведение по ЭОЗ";"";"410";"УП ""МИНСКВОДОКАНАЛ""";"УП ""МИНСКВОДОКАНАЛ""";"26";"";"01.04.2016";"01.01.2100";"1,1295";"0";"0";"0";"0";"0";"0";"0";"0";"0";"0";"0";"0";"13561480216";"03.10.2026 1:18:56";"";"";"";"0";"0";"0"
"MN7000";"Минск РИЦ";"207130";"3476392";"26";"Водоотведение по ЭОЗ";"";"410";"УП ""МИНСКВОДОКАНАЛ""";"УП ""МИНСКВОДОКАНАЛ""";"26";"";"01.04.2016";"01.01.2100";"1,1295";"0";"0";"0";"0";"0";"0";"0";"0";"0";"0";"0";"0";"13552591738";"01.10.2026 5:50:15";"";"";"";"0";"0";"0"
"MN7000";"Минск РИЦ";"978101";"32989101";"26";"Водоотведение по ЭОЗ";"";"410";"УП ""МИНСКВОДОКАНАЛ""";"УП ""МИНСКВОДОКАНАЛ""";"26";"";"01.02.2021";"01.01.2100";"1,1295";"0";"0";"0";"0";"0";"0";"0";"0";"0";"0";"0";"0";"13568834763";"03.10.2026 12:46:45";"";"";"";"0";"0";"0"
"MN7000";"Минск РИЦ";"529172";"13121163";"26";"Водоотведение по ЭОЗ";"";"410";"УП ""МИНСКВОДОКАНАЛ""";"УП ""МИНСКВОДОКАНАЛ""";"26";"";"01.04.2016";"01.01.2100";"1,1295";"0";"0";"0";"0";"0";"0";"0";"0";"0";"0";"0";"0";"13571752314";"04.10.2026 21:26:31";"";"";"";"0";"0";"0"
"MN7000";"Минск РИЦ";"1007147";"38815239";"26";"Водоотведение по ЭОЗ";"";"410";"УП ""МИНСКВОДОКАНАЛ""";"УП ""МИНСКВОДОКАНАЛ""";"26";"";"21.06.2023";"01.01.2100";"1,1295";"0";"0";"0";"0";"0";"0";"0";"0";"0";"0";"0";"0";"13524846409";"25.09.2026 18:13:11";"";"";"";"0";"0";"0"
"MN7000";"Минск РИЦ";"1044522";"43517830";"26";"Водоотведение по ЭОЗ";"";"410";"УП ""МИНСКВОДОКАНАЛ""";"УП ""МИНСКВОДОКАНАЛ""";"26";"";"02.09.2025";"01.01.2100";"1,1295";"0";"0";"0";"0";"0";"0";"0";"0";"0";"0";"0";"0";"13560584468";"02.10.2026 17:07:24";"";"";"";"0";"0";"0"
"MN7000";"Минск РИЦ";"183962";"531557";"26";"Водоотведение по ЭОЗ";"";"410";"УП ""МИНСКВОДОКАНАЛ""";"УП ""МИНСКВОДОКАНАЛ""";"26";"";"01.04.2016";"01.01.2100";"1,1295";"0";"0";"0";"0";"0";"0";"0";"0";"0";"0";"0";"0";"13561460345";"03.10.2026 1:18:56";"";"";"";"0";"0";"0"
"MN7000";"Минск РИЦ";"580913";"14090674";"26";"Водоотведение по ЭОЗ";"";"410";"УП ""МИНСКВОДОКАНАЛ""";"УП ""МИНСКВОДОКАНАЛ""";"26";"";"01.04.2016";"01.01.2100";"1,1295";"0";"0";"0";"0";"0";"0";"0";"0";"0";"0";"0";"0";"13560536818";"02.10.2026 16:51:10";"";"";"";"0";"0";"0"
"MN7000";"Минск РИЦ";"523282";"10309268";"26";"Водоотведение по ЭОЗ";"";"410";"УП ""МИНСКВОДОКАНАЛ""";"УП ""МИНСКВОДОКАНАЛ""";"26";"";"01.04.2016";"01.01.2100";"1,1295";"0";"0";"0";"0";"0";"0";"0";"0";"0";"0";"0";"0";"13570298676";"03.10.2026 16:50:37";"";"";"";"0";"0";"0"
"MN7000";"Минск РИЦ";"1019839";"40603980";"26";"Водоотведение по ЭОЗ";"";"410";"УП ""МИНСКВОДОКАНАЛ""";"УП ""МИНСКВОДОКАНАЛ""";"26";"";"01.07.2024";"01.01.2100";"1,1295";"0";"0";"0";"0";"0";"0";"0";"0";"0";"0";"0";"0";"13561697990";"03.10.2026 1:18:56";"";"";"";"0";"0";"0"
"MN7000";"Минск РИЦ";"1022086";"41310689";"26";"Водоотведение по ЭОЗ";"";"410";"УП ""МИНСКВОДОКАНАЛ""";"УП ""МИНСКВОДОКАНАЛ""";"26";"";"01.09.2024";"01.01.2100";"1,1295";"0";"0";"0";"0";"0";"0";"0";"0";"0";"0";"0";"0";"13571624939";"03.10.2026 18:45:33";"";"";"";"0";"0";"0"
"MN7000";"Минск РИЦ";"1007147";"38815240";"27";"Отопление по ЭОЗ";"";"70002338";"ТС ""Фарфоровый-1""";"ТС ""Фарфоровый-1""";"27";"";"21.06.2023";"01.01.2100";"147,48";"0";"0";"0";"0";"0";"0";"0";"0";"0";"0";"0";"0";"13524846410";"25.09.2026 18:13:11";"";"";"";"0";"0";"0"
"MN7000";"Минск РИЦ";"952527";"32613869";"27";"Отопление по ЭОЗ";"";"9100198";"КУП ""Жилищное коммунальное хозяйство Ленинского района г. Минска""";"КУП ""Жилищное коммунальное хозяйство Ленинского района г. Минска""";"27";"";"01.09.2020";"01.01.2100";"147,48";"0";"0";"0";"0";"0";"0";"0";"464,16";"535,15";"535,15";"464,16";"0";"13571463574";"03.10.2026 18:45:33";"";"";"";"16";"0";"0"
"MN7000";"Минск РИЦ";"1044522";"43517835";"27";"Отопление по ЭОЗ";"";"9100365";"КУП «Минские городские общежития»";"КУП «Минские городские общежития»";"27";"";"02.09.2025";"01.01.2100";"147,48";"0";"0";"0";"0";"0";"0";"0";"0";"0";"0";"0";"0";"13560584473";"02.10.2026 17:07:24";"";"";"";"0";"0";"0"
"MN7000";"Минск РИЦ";"231798";"3626293";"27";"Отопление по ЭОЗ";"";"401";"ГП ""МИНСККОММУНТЕПЛОСЕТЬ""";"ГП ""МИНСККОММУНТЕПЛОСЕТЬ""";"27";"";"01.01.2001";"01.01.2100";"147,48";"0";"0";"0";"0";"0";"0";"0";"0";"0";"0";"0";"0";"13550496341";"01.10.2026 2:53:14";"";"";"";"0";"0";"0"
"MN7000";"Минск РИЦ";"103501";"40085350";"27";"Отопление по ЭОЗ";"";"401";"ГП ""МИНСККОММУНТЕПЛОСЕТЬ""";"ГП ""МИНСККОММУНТЕПЛОСЕТЬ""";"27";"";"01.06.2024";"01.01.2100";"147,48";"0";"0";"0";"0";"0";"0";"0";"0";"0";"0";"0";"0";"13568965047";"03.10.2026 12:46:45";"";"";"";"0";"0";"0"
"MN7000";"Минск РИЦ";"764300";"17245734";"27";"Отопление по ЭОЗ";"";"401";"ГП ""МИНСККОММУНТЕПЛОСЕТЬ""";"ГП ""МИНСККОММУНТЕПЛОСЕТЬ""";"27";"";"01.02.2013";"01.01.2100";"147,48";"0";"0";"0";"0";"0";"0";"0";"0";"0";"0";"0";"0";"13549330021";"30.09.2026 23:08:56";"";"";"";"0";"0";"0"
"MN7000";"Минск РИЦ";"529172";"28697702";"27";"Отопление по ЭОЗ";"";"9100330";"КУП ""Жилищное коммунальное хозяйство Октябрьского района г. Минска""";"КУП ""Жилищное коммунальное хозяйство Октябрьского района г. Минска""";"27";"";"01.10.2018";"01.01.2100";"147,48";"0";"0";"0";"0";"0";"0";"0";"0";"0";"0";"0";"0";"13571923450";"04.10.2026 21:26:31";"";"";"";"0";"0";"0"
"MN7000";"Минск РИЦ";"178947";"1023256";"27";"Отопление по ЭОЗ";"";"401";"ГП ""МИНСККОММУНТЕПЛОСЕТЬ""";"ГП ""МИНСККОММУНТЕПЛОСЕТЬ""";"27";"";"01.01.2001";"01.01.2100";"147,48";"0";"0";"0";"0";"0";"0";"0";"0";"11,28";"11,28";"0";"0";"13568575810";"03.10.2026 12:46:45";"";"";"";"0";"0";"0"
"MN7000";"Минск РИЦ";"496968";"32613542";"27";"Отопление по ЭОЗ";"";"9100198";"КУП ""Жилищное коммунальное хозяйство Ленинского района г. Минска""";"КУП ""Жилищное коммунальное хозяйство Ленинского района г. Минска""";"27";"";"01.09.2020";"01.01.2100";"147,48";"0";"0";"0";"0";"0";"0";"0";"0";"0";"0";"0";"0";"13571463263";"03.10.2026 18:45:33";"";"";"";"0";"0";"0"
"MN7000";"Минск РИЦ";"745760";"17737490";"27";"Отопление по ЭОЗ";"";"401";"ГП ""МИНСККОММУНТЕПЛОСЕТЬ""";"ГП ""МИНСККОММУНТЕПЛОСЕТЬ""";"27";"";"01.06.2014";"01.01.2100";"147,48";"0";"0";"0";"0";"0";"0";"0";"0";"0";"0";"0";"0";"13549354215";"30.09.2026 23:08:56";"";"";"";"0";"0";"0"
"MN7000";"Минск РИЦ";"441130";"9261474";"27";"Отопление по ЭОЗ";"";"401";"ГП ""МИНСККОММУНТЕПЛОСЕТЬ""";"ГП ""МИНСККОММУНТЕПЛОСЕТЬ""";"27";"";"15.06.2012";"01.01.2100";"147,48";"0";"0";"0";"0";"0";"0";"0";"0";"0";"0";"0";"0";"13563707836";"03.10.2026 6:36:14";"";"";"";"0";"0";"0"
"MN7000";"Минск РИЦ";"988012";"36921426";"27";"Отопление по ЭОЗ";"";"9100365";"КУП «Минские городские общежития»";"КУП «Минские городские общежития»";"27";"";"11.11.2021";"01.01.2100";"147,48";"0";"0";"0";"0";"0";"0";"0";"0";"0";"0";"0";"0";"13560532754";"02.10.2026 17:07:24";"";"";"";"0";"0";"0"
"MN7000";"Минск РИЦ";"782156";"28376423";"27";"Отопление по ЭОЗ";"";"9100541";"КУП ""Жилищное коммунальное хозяйство Советского района г. Минска""";"КУП ""Жилищное коммунальное хозяйство Советского района г. Минска""";"27";"";"01.10.2018";"01.01.2100";"147,48";"0";"0";"0";"0";"0";"0";"0";"0";"0";"0";"0";"0";"13565987608";"03.10.2026 9:05:19";"";"";"";"0";"0";"0"
"MN7000";"Минск РИЦ";"195882";"28591199";"27";"Отопление по ЭОЗ";"";"270";"КУП ""Жилищное коммунальное хозяйство №1 Московского района г.Минска""";"КУП ""Жилищное коммунальное хозяйство №1 Московского района г.Минска""";"27";"";"01.10.2018";"01.01.2100";"147,48";"0";"0";"0";"0";"0";"0";"0";"0";"0";"0";"0";"0";"13561593600";"03.10.2026 1:18:56";"";"";"";"0";"0";"0"
"MN7000";"Минск РИЦ";"524245";"28697369";"27";"Отопление по ЭОЗ";"";"9100330";"КУП ""Жилищное коммунальное хозяйство Октябрьского района г. Минска""";"КУП ""Жилищное коммунальное хозяйство Октябрьского района г. Минска""";"27";"";"01.10.2018";"01.01.2100";"147,48";"0";"0";"0";"0";"0";"0";"0";"0";"0";"0";"0";"0";"13571923125";"04.10.2026 21:26:31";"";"";"";"0";"0";"0"
"MN7000";"Минск РИЦ";"811665";"32141786";"27";"Отопление по ЭОЗ";"";"9100541";"КУП ""Жилищное коммунальное хозяйство Советского района г. Минска""";"КУП ""Жилищное коммунальное хозяйство Советского района г. Минска""";"27";"";"01.04.2020";"01.01.2100";"147,48";"0";"0";"0";"0";"0";"0";"0";"0";"0";"0";"0";"0";"13566039962";"03.10.2026 9:05:19";"";"";"";"0";"0";"0"
"MN7000";"Минск РИЦ";"1056919";"43933315";"27";"Отопление по ЭОЗ";"";"401";"ГП ""МИНСККОММУНТЕПЛОСЕТЬ""";"ГП ""МИНСККОММУНТЕПЛОСЕТЬ""";"27";"";"27.01.2026";"01.01.2100";"147,48";"0";"0";"0";"0";"0";"0";"0";"0";"0";"0";"0";"0";"13561732120";"03.10.2026 1:18:56";"";"";"";"0";"0";"0"
"MN7000";"Минск РИЦ";"823237";"28362067";"27";"Отопление по ЭОЗ";"";"9100541";"КУП ""Жилищное коммунальное хозяйство Советского района г. Минска""";"КУП ""Жилищное коммунальное хозяйство Советского района г. Минска""";"27";"";"01.10.2018";"01.01.2100";"147,48";"0";"0";"0";"0";"0";"0";"0";"0";"0";"0";"0";"0";"13565979304";"03.10.2026 9:05:19";"";"";"";"0";"0";"0"
"MN7000";"Минск РИЦ";"1046374";"43598417";"27";"Отопление по ЭОЗ";"";"401";"ГП ""МИНСККОММУНТЕПЛОСЕТЬ""";"ГП ""МИНСККОММУНТЕПЛОСЕТЬ""";"27";"";"27.10.2025";"01.01.2100";"147,48";"0";"0";"0";"0";"0";"0";"0";"0";"0";"0";"0";"0";"13563975154";"03.10.2026 6:36:14";"";"";"";"0";"0";"0"
"MN7000";"Минск РИЦ";"111810";"1244309";"27";"Отопление по ЭОЗ";"";"401";"ГП ""МИНСККОММУНТЕПЛОСЕТЬ""";"ГП ""МИНСККОММУНТЕПЛОСЕТЬ""";"27";"";"01.12.2011";"01.01.2100";"147,48";"0";"0";"0";"0";"0";"0";"0";"0,29";"3,14";"3,14";"0,02";"0";"13568599257";"03.10.2026 12:46:45";"";"";"";"0";"0,27";"0"
"MN7000";"Минск РИЦ";"1011281";"39161250";"27";"Отопление по ЭОЗ";"";"401";"ГП ""МИНСККОММУНТЕПЛОСЕТЬ""";"ГП ""МИНСККОММУНТЕПЛОСЕТЬ""";"27";"";"01.11.2023";"01.01.2100";"147,48";"0";"0";"0";"0";"0";"0";"0";"0";"0";"0";"0";"0";"13561683344";"03.10.2026 1:18:56";"";"";"";"0";"0";"0"
"MN7000";"Минск РИЦ";"467895";"28385358";"27";"Отопление по ЭОЗ";"";"9100198";"КУП ""Жилищное коммунальное хозяйство Ленинского района г. Минска""";"КУП ""Жилищное коммунальное хозяйство Ленинского района г. Минска""";"27";"";"01.10.2018";"01.01.2100";"147,48";"0";"0";"0";"0";"0";"0";"0";"0";"0";"0";"0";"0";"13571397366";"03.10.2026 18:45:33";"";"";"";"0";"0";"0"
"MN7000";"Минск РИЦ";"1021731";"41585775";"27";"Отопление по ЭОЗ";"";"401";"ГП ""МИНСККОММУНТЕПЛОСЕТЬ""";"ГП ""МИНСККОММУНТЕПЛОСЕТЬ""";"27";"";"01.10.2024";"01.01.2100";"147,48";"0";"0";"0";"0";"0";"0";"0";"0";"0";"0";"0";"0";"13561707690";"03.10.2026 1:18:56";"";"";"";"0";"0";"0"
"MN7000";"Минск РИЦ";"547226";"28605170";"27";"Отопление по ЭОЗ";"";"9100330";"КУП ""Жилищное коммунальное хозяйство Октябрьского района г. Минска""";"КУП ""Жилищное коммунальное хозяйство Октябрьского района г. Минска""";"27";"";"01.10.2018";"01.01.2100";"147,48";"0";"0";"0";"0";"0";"0";"0";"0";"0";"0";"0";"0";"13571918457";"04.10.2026 21:26:31";"";"";"";"0";"0";"0"
"MN7000";"Минск РИЦ";"1022086";"41310697";"27";"Отопление по ЭОЗ";"";"9100198";"КУП ""Жилищное коммунальное хозяйство Ленинского района г. Минска""";"КУП ""Жилищное коммунальное хозяйство Ленинского района г. Минска""";"27";"";"01.09.2024";"01.01.2100";"147,48";"0";"0";"0";"0";"0";"0";"0";"0";"0";"0";"0";"0";"13571624947";"03.10.2026 18:45:33";"";"";"";"0";"0";"0"
"MN7000";"Минск РИЦ";"547410";"28603078";"27";"Отопление по ЭОЗ";"";"9100330";"КУП ""Жилищное коммунальное хозяйство Октябрьского района г. Минска""";"КУП ""Жилищное коммунальное хозяйство Октябрьского района г. Минска""";"27";"";"01.10.2018";"01.01.2100";"147,48";"0";"0";"0";"0";"0";"0";"0";"0";"0";"0";"0";"0";"13571917280";"04.10.2026 21:26:31";"";"";"";"0";"0";"0"
"MN7000";"Минск РИЦ";"804080";"32043460";"27";"Отопление по ЭОЗ";"";"9100541";"КУП ""Жилищное коммунальное хозяйство Советского района г. Минска""";"КУП ""Жилищное коммунальное хозяйство Советского района г. Минска""";"27";"";"01.03.2020";"01.01.2100";"147,48";"0";"0";"0";"0";"0";"0";"0";"0";"0";"0";"0";"0";"13562252181";"03.10.2026 3:11:31";"";"";"";"0";"0";"0"
"MN7000";"Минск РИЦ";"1018761";"39548392";"27";"Отопление по ЭОЗ";"";"9100330";"КУП ""Жилищное коммунальное хозяйство Октябрьского района г. Минска""";"КУП ""Жилищное коммунальное хозяйство Октябрьского района г. Минска""";"27";"";"01.05.2024";"01.01.2100";"147,48";"0";"0";"0";"0";"0";"0";"0";"0";"0";"0";"0";"0";"13572001131";"04.10.2026 21:26:31";"";"";"";"0";"0";"0"
"MN7000";"Минск РИЦ";"952529";"32613870";"27";"Отопление по ЭОЗ";"";"9100198";"КУП ""Жилищное коммунальное хозяйство Ленинского района г. Минска""";"КУП ""Жилищное коммунальное хозяйство Ленинского района г. Минска""";"27";"";"01.09.2020";"01.01.2100";"147,48";"0";"0";"0";"0";"0";"0";"0";"0";"0";"0";"0";"0";"13571463575";"03.10.2026 18:45:33";"";"";"";"0";"0";"0"
"MN7000";"Минск РИЦ";"139085";"2380826";"27";"Отопление по ЭОЗ";"";"401";"ГП ""МИНСККОММУНТЕПЛОСЕТЬ""";"ГП ""МИНСККОММУНТЕПЛОСЕТЬ""";"27";"";"01.09.2015";"01.01.2100";"147,48";"0";"0";"0";"0";"0";"0";"0";"0";"0";"0";"0";"0";"13568724882";"03.10.2026 12:46:45";"";"";"";"0";"0";"0"
"MN7000";"Минск РИЦ";"232534";"3121925";"27";"Отопление по ЭОЗ";"";"401";"ГП ""МИНСККОММУНТЕПЛОСЕТЬ""";"ГП ""МИНСККОММУНТЕПЛОСЕТЬ""";"27";"";"01.10.2013";"01.01.2100";"147,48";"0";"0";"0";"0";"0";"0";"0";"0";"0";"0";"0";"0";"13550477207";"01.10.2026 2:53:14";"";"";"";"0";"0";"0"
"MN7000";"Минск РИЦ";"731412";"17923901";"27";"Отопление по ЭОЗ";"";"401";"ГП ""МИНСККОММУНТЕПЛОСЕТЬ""";"ГП ""МИНСККОММУНТЕПЛОСЕТЬ""";"27";"";"01.02.2013";"01.01.2100";"147,48";"0";"0";"0";"0";"0";"0";"0";"0";"0";"0";"0";"0";"13549364191";"30.09.2026 23:08:56";"";"";"";"0";"0";"0"
"MN7000";"Минск РИЦ";"730750";"17120746";"27";"Отопление по ЭОЗ";"";"401";"ГП ""МИНСККОММУНТЕПЛОСЕТЬ""";"ГП ""МИНСККОММУНТЕПЛОСЕТЬ""";"27";"";"01.02.2013";"01.01.2100";"147,48";"0";"0";"0";"0";"0";"0";"0";"0";"0";"0";"0";"0";"13549323401";"30.09.2026 23:08:56";"";"";"";"0";"0";"0"
"MN7000";"Минск РИЦ";"365553";"43744884";"27";"Отопление по ЭОЗ";"";"264";"КУП ""Жилищное коммунальное хозяйство Заводского района г.Минска""";"КУП ""Жилищное коммунальное хозяйство Заводского района г.Минска""";"27";"";"01.11.2025";"01.01.2100";"147,48";"0";"0";"0";"0";"0";"0";"0";"0";"0";"0";"0";"0";"13563977786";"03.10.2026 6:36:14";"";"";"";"0";"0";"0"
"MN7000";"Минск РИЦ";"490253";"28385471";"27";"Отопление по ЭОЗ";"";"9100198";"КУП ""Жилищное коммунальное хозяйство Ленинского района г. Минска""";"КУП ""Жилищное коммунальное хозяйство Ленинского района г. Минска""";"27";"";"01.10.2018";"01.01.2100";"147,48";"0";"0";"0";"0";"0";"0";"0";"0";"0";"0";"0";"0";"13571397476";"03.10.2026 18:45:33";"";"";"";"0";"0";"0"
"MN7000";"Минск РИЦ";"512933";"44397668";"27";"Отопление по ЭОЗ";"";"9100198";"КУП ""Жилищное коммунальное хозяйство Ленинского района г. Минска""";"КУП ""Жилищное коммунальное хозяйство Ленинского района г. Минска""";"27";"";"01.06.2026";"01.01.2100";"147,48";"0";"0";"0";"0";"0";"0";"0";"0";"0";"0";"0";"0";"13571686184";"03.10.2026 18:45:33";"";"";"";"0";"0";"0"
"MN7000";"Минск РИЦ";"490081";"28385536";"27";"Отопление по ЭОЗ";"";"9100198";"КУП ""Жилищное коммунальное хозяйство Ленинского района г. Минска""";"КУП ""Жилищное коммунальное хозяйство Ленинского района г. Минска""";"27";"";"01.10.2018";"01.01.2100";"147,48";"0";"0";"0";"0";"0";"0";"0";"0";"0";"0";"0";"0";"13571397526";"03.10.2026 18:45:33";"";"";"";"0";"0";"0"
"MN7000";"Минск РИЦ";"811865";"31322347";"27";"Отопление по ЭОЗ";"";"9100541";"КУП ""Жилищное коммунальное хозяйство Советского района г. Минска""";"КУП ""Жилищное коммунальное хозяйство Советского района г. Минска""";"27";"";"01.09.2019";"01.01.2100";"147,48";"0";"0";"0";"0";"0";"0";"0";"0";"0";"0";"0";"0";"13566019129";"03.10.2026 9:05:19";"";"";"";"0";"0";"0"
"MN7000";"Минск РИЦ";"1029793";"42391737";"27";"Отопление по ЭОЗ";"";"70002338";"ТС ""Фарфоровый-1""";"ТС ""Фарфоровый-1""";"27";"";"01.02.2025";"01.01.2100";"147,48";"0";"0";"0";"0";"0";"0";"0";"0";"0";"0";"0";"0";"13525097729";"25.09.2026 18:13:11";"";"";"";"0";"0";"0"
"MN7000";"Минск РИЦ";"382652";"31694439";"27";"Отопление по ЭОЗ";"";"264";"КУП ""Жилищное коммунальное хозяйство Заводского района г.Минска""";"КУП ""Жилищное коммунальное хозяйство Заводского района г.Минска""";"27";"";"01.12.2019";"01.01.2100";"147,48";"0";"0";"0";"0";"0";"0";"0";"0";"0";"0";"0";"0";"13564245067";"03.10.2026 6:56:22";"";"";"";"0";"0";"0"
"MN7000";"Минск РИЦ";"161306";"31232069";"27";"Отопление по ЭОЗ";"";"270";"КУП ""Жилищное коммунальное хозяйство №1 Московского района г.Минска""";"КУП ""Жилищное коммунальное хозяйство №1 Московского района г.Минска""";"27";"";"01.08.2019";"01.01.2100";"147,48";"0";"0";"0";"0";"0";"0";"0";"0";"2,51";"2,51";"0";"0";"13561610862";"03.10.2026 1:18:56";"";"";"";"0";"0";"0"
"MN7000";"Минск РИЦ";"784573";"32141883";"27";"Отопление по ЭОЗ";"";"9100541";"КУП ""Жилищное коммунальное хозяйство Советского района г. Минска""";"КУП ""Жилищное коммунальное хозяйство Советского района г. Минска""";"27";"";"01.04.2020";"01.01.2100";"147,48";"0";"0";"0";"0";"0";"0";"0";"0";"0";"0";"0";"0";"13566040057";"03.10.2026 9:05:19";"";"";"";"0";"0";"0"
"MN7000";"Минск РИЦ";"715445";"17061934";"27";"Отопление по ЭОЗ";"";"401";"ГП ""МИНСККОММУНТЕПЛОСЕТЬ""";"ГП ""МИНСККОММУНТЕПЛОСЕТЬ""";"27";"";"01.02.2013";"01.01.2100";"147,48";"0";"0";"0";"0";"0";"0";"0";"0";"0";"0";"0";"0";"13549321397";"30.09.2026 23:08:56";"";"";"";"0";"0";"0"
"MN7000";"Минск РИЦ";"768377";"32140810";"27";"Отопление по ЭОЗ";"";"9100541";"КУП ""Жилищное коммунальное хозяйство Советского района г. Минска""";"КУП ""Жилищное коммунальное хозяйство Советского района г. Минска""";"27";"";"01.04.2020";"01.01.2100";"147,48";"0";"0";"0";"0";"0";"0";"0";"0";"0";"0";"0";"0";"13566039033";"03.10.2026 9:05:19";"";"";"";"0";"0";"0"
"MN7000";"Минск РИЦ";"717059";"18170051";"27";"Отопление по ЭОЗ";"";"401";"ГП ""МИНСККОММУНТЕПЛОСЕТЬ""";"ГП ""МИНСККОММУНТЕПЛОСЕТЬ""";"27";"";"01.02.2013";"01.01.2100";"147,48";"0";"0";"0";"0";"0";"0";"0";"0";"0";"0";"0";"0";"13549375975";"30.09.2026 23:08:56";"";"";"";"0";"0";"0"
"MN7000";"Минск РИЦ";"986395";"36706180";"27";"Отопление по ЭОЗ";"";"9100365";"КУП «Минские городские общежития»";"КУП «Минские городские общежития»";"27";"";"01.09.2021";"01.01.2100";"147,48";"0";"0";"0";"0";"0";"0";"0";"0";"0";"0";"0";"0";"13564853067";"03.10.2026 8:35:39";"";"";"";"0";"0";"0"
"MN7000";"Минск РИЦ";"814107";"37971623";"27";"Отопление по ЭОЗ";"";"9100541";"КУП ""Жилищное коммунальное хозяйство Советского района г. Минска""";"КУП ""Жилищное коммунальное хозяйство Советского района г. Минска""";"27";"";"01.02.2023";"01.01.2100";"147,48";"0";"0";"0";"0";"0";"0";"0";"0";"0";"0";"0";"0";"13562315176";"03.10.2026 3:11:31";"";"";"";"0";"0";"0"
"MN7000";"Минск РИЦ";"955409";"31301625";"27";"Отопление по ЭОЗ";"";"9100541";"КУП ""Жилищное коммунальное хозяйство Советского района г. Минска""";"КУП ""Жилищное коммунальное хозяйство Советского района г. Минска""";"27";"";"01.09.2019";"01.01.2100";"147,48";"0";"0";"0";"0";"0";"0";"0";"0";"0";"0";"0";"0";"13566015106";"03.10.2026 9:05:19";"";"";"";"0";"0";"0"
"MN7000";"Минск РИЦ";"730856";"16874138";"27";"Отопление по ЭОЗ";"";"401";"ГП ""МИНСККОММУНТЕПЛОСЕТЬ""";"ГП ""МИНСККОММУНТЕПЛОСЕТЬ""";"27";"";"01.02.2013";"01.01.2100";"147,48";"0";"0";"0";"0";"0";"0";"0";"0";"0";"0";"0";"0";"13549311237";"30.09.2026 23:08:56";"";"";"";"0";"0";"0"
"MN7000";"Минск РИЦ";"798773";"32043450";"27";"Отопление по ЭОЗ";"";"9100541";"КУП ""Жилищное коммунальное хозяйство Советского района г. Минска""";"КУП ""Жилищное коммунальное хозяйство Советского района г. Минска""";"27";"";"01.03.2020";"01.01.2100";"147,48";"0";"0";"0";"0";"0";"0";"0";"0";"0";"0";"0";"0";"13562252171";"03.10.2026 3:11:31";"";"";"";"0";"0";"0"
"MN7000";"Минск РИЦ";"207130";"41254692";"27";"Отопление по ЭОЗ";"";"286";"КУП ""Жилищное коммунальное хозяйство №2 Фрунзенского района г.Минска""";"КУП ""Жилищное коммунальное хозяйство №2 Фрунзенского района г.Минска""";"27";"";"01.09.2024";"01.01.2100";"147,48";"0";"0";"0";"0";"0";"0";"0";"0";"0";"0";"0";"0";"13552791429";"01.10.2026 5:50:15";"";"";"";"0";"0";"0"
"MN7000";"Минск РИЦ";"1019451";"40465827";"27";"Отопление по ЭОЗ";"";"401";"ГП ""МИНСККОММУНТЕПЛОСЕТЬ""";"ГП ""МИНСККОММУНТЕПЛОСЕТЬ""";"27";"";"01.06.2024";"01.01.2100";"147,48";"0";"0";"0";"0";"0";"0";"0";"0";"0,13";"0,13";"0";"0";"13561688556";"03.10.2026 1:18:56";"";"";"";"0";"0";"0"
"MN7000";"Минск РИЦ";"363885";"43744848";"27";"Отопление по ЭОЗ";"";"264";"КУП ""Жилищное коммунальное хозяйство Заводского района г.Минска""";"КУП ""Жилищное коммунальное хозяйство Заводского района г.Минска""";"27";"";"01.11.2025";"01.01.2100";"147,48";"0";"0";"0";"0";"0";"0";"0";"0";"0";"0";"0";"0";"13563977750";"03.10.2026 6:36:14";"";"";"";"0";"0";"0"
"MN7000";"Минск РИЦ";"183962";"30593523";"27";"Отопление по ЭОЗ";"";"270";"КУП ""Жилищное коммунальное хозяйство №1 Московского района г.Минска""";"КУП ""Жилищное коммунальное хозяйство №1 Московского района г.Минска""";"27";"";"01.03.2019";"01.01.2100";"147,48";"0";"0";"0";"0";"0";"0";"0";"0";"0";"0";"0";"0";"13561605627";"03.10.2026 1:18:56";"";"";"";"0";"0";"0"
"MN7000";"Минск РИЦ";"978101";"32989103";"27";"Отопление по ЭОЗ";"";"401";"ГП ""МИНСККОММУНТЕПЛОСЕТЬ""";"ГП ""МИНСККОММУНТЕПЛОСЕТЬ""";"27";"";"01.02.2021";"01.01.2100";"147,48";"0";"0";"0";"0";"0";"0";"0";"0";"0";"0";"0";"0";"13568834764";"03.10.2026 12:46:45";"";"";"";"0";"0";"0"
"MN7000";"Минск РИЦ";"523282";"28289900";"27";"Отопление по ЭОЗ";"";"9100198";"КУП ""Жилищное коммунальное хозяйство Ленинского района г. Минска""";"КУП ""Жилищное коммунальное хозяйство Ленинского района г. Минска""";"27";"";"01.10.2018";"01.01.2100";"147,48";"0";"0";"0";"0";"0";"0";"0";"0";"0";"0";"0";"0";"13570279425";"03.10.2026 16:50:37";"";"";"";"0";"0";"0"
"MN7000";"Минск РИЦ";"1029291";"42383341";"27";"Отопление по ЭОЗ";"";"401";"ГП ""МИНСККОММУНТЕПЛОСЕТЬ""";"ГП ""МИНСККОММУНТЕПЛОСЕТЬ""";"27";"";"01.02.2025";"01.01.2100";"147,48";"0";"0";"0";"0";"0";"0";"0";"0";"0";"0";"0";"0";"13569067703";"03.10.2026 12:46:45";"";"";"";"0";"0";"0"
"MN7000";"Минск РИЦ";"767954";"31322278";"27";"Отопление по ЭОЗ";"";"9100541";"КУП ""Жилищное коммунальное хозяйство Советского района г. Минска""";"КУП ""Жилищное коммунальное хозяйство Советского района г. Минска""";"27";"";"01.09.2019";"01.01.2100";"147,48";"0";"0";"0";"0";"0";"0";"0";"0";"0";"0";"0";"0";"13566019061";"03.10.2026 9:05:19";"";"";"";"0";"0";"0"
"MN7000";"Минск РИЦ";"192685";"28583458";"27";"Отопление по ЭОЗ";"";"270";"КУП ""Жилищное коммунальное хозяйство №1 Московского района г.Минска""";"КУП ""Жилищное коммунальное хозяйство №1 Московского района г.Минска""";"27";"";"01.10.2018";"01.01.2100";"147,48";"0";"0";"0";"0";"0";"0";"0";"0";"0";"0";"0";"0";"13561592450";"03.10.2026 1:18:56";"";"";"";"0";"0";"0"
"MN7000";"Минск РИЦ";"1021340";"40895411";"27";"Отопление по ЭОЗ";"";"401";"ГП ""МИНСККОММУНТЕПЛОСЕТЬ""";"ГП ""МИНСККОММУНТЕПЛОСЕТЬ""";"27";"";"02.08.2024";"01.01.2100";"147,48";"0";"0";"0";"0";"0";"0";"0";"0";"0";"0";"0";"0";"13550665070";"01.10.2026 2:53:14";"";"";"";"0";"0";"0"
"MN7000";"Минск РИЦ";"785382";"28357004";"27";"Отопление по ЭОЗ";"";"9100541";"КУП ""Жилищное коммунальное хозяйство Советского района г. Минска""";"КУП ""Жилищное коммунальное хозяйство Советского района г. Минска""";"27";"";"01.10.2018";"01.01.2100";"147,48";"0";"0";"0";"0";"0";"0";"0";"0";"0";"0";"0";"0";"13565978294";"03.10.2026 9:05:19";"";"";"";"0";"0";"0"
"MN7000";"Минск РИЦ";"1008768";"43986271";"27";"Отопление по ЭОЗ";"";"70003423";"УП ""Ремавтодор Заводского района г.Минска""";"УП ""Ремавтодор Заводского района г.Минска""";"27";"";"01.02.2026";"01.01.2100";"147,48";"0";"0";"0";"0";"0";"0";"0";"0";"0";"0";"0";"0";"13560635059";"02.10.2026 17:19:25";"";"";"";"0";"0";"0"
"MN7000";"Минск РИЦ";"815517";"28330883";"27";"Отопление по ЭОЗ";"";"9100541";"КУП ""Жилищное коммунальное хозяйство Советского района г. Минска""";"КУП ""Жилищное коммунальное хозяйство Советского района г. Минска""";"27";"";"01.10.2018";"01.01.2100";"147,48";"0";"0";"0";"0";"0";"0";"0";"0";"0";"0";"0";"0";"13562227241";"03.10.2026 3:11:31";"";"";"";"0";"0";"0"
"MN7000";"Минск РИЦ";"490418";"28385402";"27";"Отопление по ЭОЗ";"";"9100198";"КУП ""Жилищное коммунальное хозяйство Ленинского района г. Минска""";"КУП ""Жилищное коммунальное хозяйство Ленинского района г. Минска""";"27";"";"01.10.2018";"01.01.2100";"147,48";"0";"0";"0";"0";"0";"0";"0";"0";"0";"0";"0";"0";"13571397408";"03.10.2026 18:45:33";"";"";"";"0";"0";"0"
"MN7000";"Минск РИЦ";"110634";"553184";"27";"Отопление по ЭОЗ";"";"401";"ГП ""МИНСККОММУНТЕПЛОСЕТЬ""";"ГП ""МИНСККОММУНТЕПЛОСЕТЬ""";"27";"";"01.01.2015";"01.01.2100";"147,48";"0";"0";"0";"0";"0";"0";"0";"0";"0";"0";"0";"0";"13568516334";"03.10.2026 12:46:45";"";"";"";"0";"0";"0"
"MN7000";"Минск РИЦ";"800695";"31322134";"27";"Отопление по ЭОЗ";"";"9100541";"КУП ""Жилищное коммунальное хозяйство Советского района г. Минска""";"КУП ""Жилищное коммунальное хозяйство Советского района г. Минска""";"27";"";"01.09.2019";"01.01.2100";"147,48";"0";"0";"0";"0";"0";"0";"0";"0";"0";"0";"0";"0";"13566018920";"03.10.2026 9:05:19";"";"";"";"0";"0";"0"
"MN7000";"Минск РИЦ";"363561";"9581737";"27";"Отопление по ЭОЗ";"";"401";"ГП ""МИНСККОММУНТЕПЛОСЕТЬ""";"ГП ""МИНСККОММУНТЕПЛОСЕТЬ""";"27";"";"01.08.2016";"01.01.2100";"147,48";"0";"0";"0";"0";"0";"0";"0";"0";"0";"0";"0";"0";"13560571808";"02.10.2026 17:19:25";"";"";"";"0";"0";"0"
"MN7000";"Минск РИЦ";"1035981";"42672458";"27";"Отопление по ЭОЗ";"";"264";"КУП ""Жилищное коммунальное хозяйство Заводского района г.Минска""";"КУП ""Жилищное коммунальное хозяйство Заводского района г.Минска""";"27";"";"01.05.2025";"01.01.2100";"147,48";"0";"0";"0";"0";"0";"0";"0";"0";"0";"0";"0";"0";"13564382368";"03.10.2026 6:56:22";"";"";"";"0";"0";"0"
"MN7000";"Минск РИЦ";"496122";"32613607";"27";"Отопление по ЭОЗ";"";"9100198";"КУП ""Жилищное коммунальное хозяйство Ленинского района г. Минска""";"КУП ""Жилищное коммунальное хозяйство Ленинского района г. Минска""";"27";"";"01.09.2020";"01.01.2100";"147,48";"0";"0";"0";"0";"0";"0";"0";"0";"0";"0";"0";"0";"13571463323";"03.10.2026 18:45:33";"";"";"";"0";"0";"0"
"MN7000";"Минск РИЦ";"580893";"37962311";"27";"Отопление по ЭОЗ";"";"70002183";"ТС жилого дома 67 корпус 1 по ул.Захарова";"ТС жилого дома 67 корпус 1 по ул.Захарова";"27";"";"01.02.2023";"01.01.2100";"147,48";"0";"0";"0";"0";"0";"0";"0";"0";"0";"0";"0";"0";"13560541772";"02.10.2026 16:51:10";"";"";"";"0";"0";"0"
"MN7000";"Минск РИЦ";"189861";"1329767";"27";"Отопление по ЭОЗ";"";"401";"ГП ""МИНСККОММУНТЕПЛОСЕТЬ""";"ГП ""МИНСККОММУНТЕПЛОСЕТЬ""";"27";"";"01.12.2011";"01.01.2100";"147,48";"0";"0";"0";"0";"0";"0";"0";"0";"0";"0";"0";"0";"13568609985";"03.10.2026 12:46:45";"";"";"";"0";"0";"0"
"MN7000";"Минск РИЦ";"785464";"31789724";"27";"Отопление по ЭОЗ";"";"9100541";"КУП ""Жилищное коммунальное хозяйство Советского района г. Минска""";"КУП ""Жилищное коммунальное хозяйство Советского района г. Минска""";"27";"";"01.01.2020";"01.01.2100";"147,48";"0";"0";"0";"0";"0";"0";"0";"1765,9";"1959,79";"1959,79";"1765,9";"0";"13566029076";"03.10.2026 9:05:19";"";"";"";"16";"0";"0"
"MN7000";"Минск РИЦ";"580913";"37962277";"27";"Отопление по ЭОЗ";"";"70002183";"ТС жилого дома 67 корпус 1 по ул.Захарова";"ТС жилого дома 67 корпус 1 по ул.Захарова";"27";"";"01.02.2023";"01.01.2100";"147,48";"0";"0";"0";"0";"0";"0";"0";"0";"0";"0";"0";"0";"13560541739";"02.10.2026 16:51:10";"";"";"";"0";"0";"0"
"MN7000";"Минск РИЦ";"1019839";"40603991";"27";"Отопление по ЭОЗ";"";"401";"ГП ""МИНСККОММУНТЕПЛОСЕТЬ""";"ГП ""МИНСККОММУНТЕПЛОСЕТЬ""";"27";"";"01.07.2024";"01.01.2100";"147,48";"0";"0";"0";"0";"0";"0";"0";"0,01";"0";"0";"0";"0";"13561697998";"03.10.2026 1:18:56";"";"";"";"0";"0,01";"0"
"MN7000";"Минск РИЦ";"945811";"30647797";"27";"Отопление по ЭОЗ";"";"9100365";"КУП «Минские городские общежития»";"КУП «Минские городские общежития»";"27";"";"06.03.2019";"01.01.2100";"147,48";"0";"0";"0";"0";"0";"0";"0";"0";"0";"0";"0";"0";"13560530541";"02.10.2026 17:07:24";"";"";"";"0";"0";"0"
"MN7000";"Минск РИЦ";"111810";"40106287";"28";"Подогрев воды по ЭОЗ";"";"401";"ГП ""МИНСККОММУНТЕПЛОСЕТЬ""";"ГП ""МИНСККОММУНТЕПЛОСЕТЬ""";"28";"";"01.06.2024";"01.01.2100";"147,48";"0";"0";"0";"0";"0";"0";"0";"29,49";"8,94";"8,94";"0,24";"0";"13568984766";"03.10.2026 12:46:45";"";"";"";"0";"29,25";"0"
"MN7000";"Минск РИЦ";"1022086";"41310699";"28";"Подогрев воды по ЭОЗ";"";"9100198";"КУП ""Жилищное коммунальное хозяйство Ленинского района г. Минска""";"КУП ""Жилищное коммунальное хозяйство Ленинского района г. Минска""";"28";"";"01.09.2024";"01.01.2100";"147,48";"0";"0";"0";"0";"0";"0";"0";"0";"0";"0";"0";"0";"13571624949";"03.10.2026 18:45:33";"";"";"";"0";"0";"0"
"MN7000";"Минск РИЦ";"1018761";"39548394";"28";"Подогрев воды по ЭОЗ";"";"9100330";"КУП ""Жилищное коммунальное хозяйство Октябрьского района г. Минска""";"КУП ""Жилищное коммунальное хозяйство Октябрьского района г. Минска""";"28";"";"01.05.2024";"01.01.2100";"147,48";"0";"0";"0";"0";"0";"0";"0";"0";"0";"0";"0";"0";"13572001133";"04.10.2026 21:26:31";"";"";"";"0";"0";"0"
"MN7000";"Минск РИЦ";"811665";"32142057";"28";"Подогрев воды по ЭОЗ";"";"9100541";"КУП ""Жилищное коммунальное хозяйство Советского района г. Минска""";"КУП ""Жилищное коммунальное хозяйство Советского района г. Минска""";"28";"";"01.04.2020";"01.01.2100";"147,48";"0";"0";"0";"0";"0";"2,16";"0";"12,73";"0,08";"0,08";"14,89";"0";"13566040222";"03.10.2026 9:05:19";"";"";"";"0";"0";"0"
"MN7000";"Минск РИЦ";"945811";"30647798";"28";"Подогрев воды по ЭОЗ";"";"9100365";"КУП «Минские городские общежития»";"КУП «Минские городские общежития»";"28";"";"06.03.2019";"01.01.2100";"147,48";"0";"0";"0";"0";"0";"0";"0";"0";"0";"0";"0";"0";"13560530542";"02.10.2026 17:07:24";"";"";"";"0";"0";"0"
"MN7000";"Минск РИЦ";"1046374";"43598440";"28";"Подогрев воды по ЭОЗ";"";"401";"ГП ""МИНСККОММУНТЕПЛОСЕТЬ""";"ГП ""МИНСККОММУНТЕПЛОСЕТЬ""";"28";"";"27.10.2025";"01.01.2100";"147,48";"0";"0";"0";"0";"0";"0";"0";"0";"0";"0";"0";"0";"13563975156";"03.10.2026 6:36:14";"";"";"";"0";"0";"0"
"MN7000";"Минск РИЦ";"490081";"28386164";"28";"Подогрев воды по ЭОЗ";"";"9100198";"КУП ""Жилищное коммунальное хозяйство Ленинского района г. Минска""";"КУП ""Жилищное коммунальное хозяйство Ленинского района г. Минска""";"28";"";"01.10.2018";"01.01.2100";"147,48";"0";"0";"0";"0";"0";"0";"0";"0";"0";"0";"0";"0";"13571398005";"03.10.2026 18:45:33";"";"";"";"0";"0";"0"
"MN7000";"Минск РИЦ";"103501";"40102369";"28";"Подогрев воды по ЭОЗ";"";"401";"ГП ""МИНСККОММУНТЕПЛОСЕТЬ""";"ГП ""МИНСККОММУНТЕПЛОСЕТЬ""";"28";"";"01.06.2024";"01.01.2100";"147,48";"0";"0";"0";"0";"0";"0,64";"0";"6,6";"0";"0";"7,24";"0";"13568981012";"03.10.2026 12:46:45";"";"";"";"0";"0";"0"
"MN7000";"Минск РИЦ";"441130";"39863159";"28";"Подогрев воды по ЭОЗ";"";"401";"ГП ""МИНСККОММУНТЕПЛОСЕТЬ""";"ГП ""МИНСККОММУНТЕПЛОСЕТЬ""";"28";"";"01.06.2024";"01.01.2100";"147,48";"0";"0";"0";"0";"0";"0";"0";"0";"0";"0";"0";"0";"13563918470";"03.10.2026 6:36:14";"";"";"";"0";"0";"0"
"MN7000";"Минск РИЦ";"207130";"41234146";"28";"Подогрев воды по ЭОЗ";"";"286";"КУП ""Жилищное коммунальное хозяйство №2 Фрунзенского района г.Минска""";"КУП ""Жилищное коммунальное хозяйство №2 Фрунзенского района г.Минска""";"28";"";"01.09.2024";"01.01.2100";"147,48";"0";"0";"0";"0";"0";"0";"0";"0";"0";"0";"0";"0";"13552771665";"01.10.2026 5:50:15";"";"";"";"0";"0";"0"
"MN7000";"Минск РИЦ";"811865";"31322647";"28";"Подогрев воды по ЭОЗ";"";"9100541";"КУП ""Жилищное коммунальное хозяйство Советского района г. Минска""";"КУП ""Жилищное коммунальное хозяйство Советского района г. Минска""";"28";"";"01.09.2019";"01.01.2100";"147,48";"0";"0";"0";"0";"0";"6,86";"0";"48,15";"0,71";"0,71";"54,83";"0";"13566019419";"03.10.2026 9:05:19";"";"";"";"0";"0,18";"0"
"MN7000";"Минск РИЦ";"490253";"28386112";"28";"Подогрев воды по ЭОЗ";"";"9100198";"КУП ""Жилищное коммунальное хозяйство Ленинского района г. Минска""";"КУП ""Жилищное коммунальное хозяйство Ленинского района г. Минска""";"28";"";"01.10.2018";"01.01.2100";"147,48";"0";"0";"0";"0";"0";"0";"0";"0";"0";"0";"0";"0";"13571397954";"03.10.2026 18:45:33";"";"";"";"0";"0";"0"
"MN7000";"Минск РИЦ";"467895";"28385999";"28";"Подогрев воды по ЭОЗ";"";"9100198";"КУП ""Жилищное коммунальное хозяйство Ленинского района г. Минска""";"КУП ""Жилищное коммунальное хозяйство Ленинского района г. Минска""";"28";"";"01.10.2018";"01.01.2100";"147,48";"0";"0";"0";"0";"0";"0";"0";"0";"0";"0";"0";"0";"13571397845";"03.10.2026 18:45:33";"";"";"";"0";"0";"0"
"MN7000";"Минск РИЦ";"1008768";"43986459";"28";"Подогрев воды по ЭОЗ";"";"70003423";"УП ""Ремавтодор Заводского района г.Минска""";"УП ""Ремавтодор Заводского района г.Минска""";"28";"";"01.02.2026";"01.01.2100";"147,48";"0";"0";"0";"0";"0";"0";"0";"0";"0";"0";"0";"0";"13560635203";"02.10.2026 17:19:25";"";"";"";"0";"0";"0"
"MN7000";"Минск РИЦ";"1019839";"40603993";"28";"Подогрев воды по ЭОЗ";"";"401";"ГП ""МИНСККОММУНТЕПЛОСЕТЬ""";"ГП ""МИНСККОММУНТЕПЛОСЕТЬ""";"28";"";"01.07.2024";"01.01.2100";"147,48";"0";"0";"0";"0";"0";"0";"0";"0,03";"0";"0";"0";"0";"13561698000";"03.10.2026 1:18:56";"";"";"";"0";"0,03";"0"
"MN7000";"Минск РИЦ";"815517";"28330821";"28";"Подогрев воды по ЭОЗ";"";"9100541";"КУП ""Жилищное коммунальное хозяйство Советского района г. Минска""";"КУП ""Жилищное коммунальное хозяйство Советского района г. Минска""";"28";"";"01.10.2018";"01.01.2100";"147,48";"0";"0";"0";"0";"0";"0";"0";"0";"0";"0";"0";"0";"13562227182";"03.10.2026 3:11:31";"";"";"";"0";"0";"0"
"MN7000";"Минск РИЦ";"1044522";"43517837";"28";"Подогрев воды по ЭОЗ";"";"9100365";"КУП «Минские городские общежития»";"КУП «Минские городские общежития»";"28";"";"02.09.2025";"01.01.2100";"147,48";"0";"0";"0";"0";"0";"0";"0";"0";"0";"0";"0";"0";"13560584475";"02.10.2026 17:07:24";"";"";"";"0";"0";"0"
"MN7000";"Минск РИЦ";"745760";"40294352";"28";"Подогрев воды по ЭОЗ";"";"401";"ГП ""МИНСККОММУНТЕПЛОСЕТЬ""";"ГП ""МИНСККОММУНТЕПЛОСЕТЬ""";"28";"";"01.06.2024";"01.01.2100";"147,48";"0";"0";"0";"0";"0";"0";"0";"0";"0";"0";"0";"0";"13549493825";"30.09.2026 23:08:56";"";"";"";"0";"0";"0"
"MN7000";"Минск РИЦ";"782156";"28376623";"28";"Подогрев воды по ЭОЗ";"";"9100541";"КУП ""Жилищное коммунальное хозяйство Советского района г. Минска""";"КУП ""Жилищное коммунальное хозяйство Советского района г. Минска""";"28";"";"01.10.2018";"01.01.2100";"147,48";"0";"0";"0";"0";"0";"0";"0";"0";"0";"0";"0";"0";"13565987802";"03.10.2026 9:05:19";"";"";"";"0";"0";"0"
"MN7000";"Минск РИЦ";"1029291";"42383343";"28";"Подогрев воды по ЭОЗ";"";"401";"ГП ""МИНСККОММУНТЕПЛОСЕТЬ""";"ГП ""МИНСККОММУНТЕПЛОСЕТЬ""";"28";"";"01.02.2025";"01.01.2100";"147,48";"0";"0";"0";"0";"0";"0";"0";"0";"0";"0";"0";"0";"13569067705";"03.10.2026 12:46:45";"";"";"";"0";"0";"0"
"MN7000";"Минск РИЦ";"523282";"28553503";"28";"Подогрев воды по ЭОЗ";"";"9100198";"КУП ""Жилищное коммунальное хозяйство Ленинского района г. Минска""";"КУП ""Жилищное коммунальное хозяйство Ленинского района г. Минска""";"28";"";"01.10.2018";"01.01.2100";"147,48";"0";"0";"0";"0";"0";"0";"0";"0";"0";"0";"0";"0";"13570580637";"03.10.2026 16:50:37";"";"";"";"0";"0";"0"
"MN7000";"Минск РИЦ";"547410";"28603165";"28";"Подогрев воды по ЭОЗ";"";"9100330";"КУП ""Жилищное коммунальное хозяйство Октябрьского района г. Минска""";"КУП ""Жилищное коммунальное хозяйство Октябрьского района г. Минска""";"28";"";"01.10.2018";"01.01.2100";"147,48";"0";"0";"0";"0";"0";"0";"0";"0";"0";"0";"0";"0";"13571917361";"04.10.2026 21:26:31";"";"";"";"0";"0";"0"
"MN7000";"Минск РИЦ";"1021731";"41586002";"28";"Подогрев воды по ЭОЗ";"";"401";"ГП ""МИНСККОММУНТЕПЛОСЕТЬ""";"ГП ""МИНСККОММУНТЕПЛОСЕТЬ""";"28";"";"01.10.2024";"01.01.2100";"147,48";"0";"0";"0";"0";"0";"0";"0";"0";"0";"0";"0";"0";"13561707839";"03.10.2026 1:18:56";"";"";"";"0";"0";"0"
"MN7000";"Минск РИЦ";"767954";"31322578";"28";"Подогрев воды по ЭОЗ";"";"9100541";"КУП ""Жилищное коммунальное хозяйство Советского района г. Минска""";"КУП ""Жилищное коммунальное хозяйство Советского района г. Минска""";"28";"";"01.09.2019";"01.01.2100";"147,48";"0";"0";"0";"0";"0";"0";"0";"0";"0";"0";"0";"0";"13566019351";"03.10.2026 9:05:19";"";"";"";"0";"0";"0"
"MN7000";"Минск РИЦ";"496968";"32613984";"28";"Подогрев воды по ЭОЗ";"";"9100198";"КУП ""Жилищное коммунальное хозяйство Ленинского района г. Минска""";"КУП ""Жилищное коммунальное хозяйство Ленинского района г. Минска""";"28";"";"01.09.2020";"01.01.2100";"147,48";"0";"0";"0";"0";"0";"0";"0";"0";"0";"0";"0";"0";"13571463687";"03.10.2026 18:45:33";"";"";"";"0";"0";"0"
"MN7000";"Минск РИЦ";"952527";"32614311";"28";"Подогрев воды по ЭОЗ";"";"9100198";"КУП ""Жилищное коммунальное хозяйство Ленинского района г. Минска""";"КУП ""Жилищное коммунальное хозяйство Ленинского района г. Минска""";"28";"";"01.09.2020";"01.01.2100";"147,48";"0";"0";"0";"0";"0";"0";"0";"0";"0";"0";"0";"0";"13571463997";"03.10.2026 18:45:33";"";"";"";"0";"0";"0"
"MN7000";"Минск РИЦ";"784573";"32142149";"28";"Подогрев воды по ЭОЗ";"";"9100541";"КУП ""Жилищное коммунальное хозяйство Советского района г. Минска""";"КУП ""Жилищное коммунальное хозяйство Советского района г. Минска""";"28";"";"01.04.2020";"01.01.2100";"147,48";"0";"0";"0";"0";"0";"0";"0";"0";"0";"0";"0";"0";"13566040312";"03.10.2026 9:05:19";"";"";"";"0";"0";"0"
"MN7000";"Минск РИЦ";"547226";"28605565";"28";"Подогрев воды по ЭОЗ";"";"9100330";"КУП ""Жилищное коммунальное хозяйство Октябрьского района г. Минска""";"КУП ""Жилищное коммунальное хозяйство Октябрьского района г. Минска""";"28";"";"01.10.2018";"01.01.2100";"147,48";"0";"0";"0";"0";"0";"0";"0";"0";"0";"0";"0";"0";"13571918833";"04.10.2026 21:26:31";"";"";"";"0";"0";"0"
"MN7000";"Минск РИЦ";"365553";"43745160";"28";"Подогрев воды по ЭОЗ";"";"264";"КУП ""Жилищное коммунальное хозяйство Заводского района г.Минска""";"КУП ""Жилищное коммунальное хозяйство Заводского района г.Минска""";"28";"";"01.11.2025";"01.01.2100";"147,48";"0";"0";"0";"0";"0";"0";"0";"0";"0";"0";"0";"0";"13563978013";"03.10.2026 6:36:14";"";"";"";"0";"0";"0"
"MN7000";"Минск РИЦ";"363885";"43745124";"28";"Подогрев воды по ЭОЗ";"";"264";"КУП ""Жилищное коммунальное хозяйство Заводского района г.Минска""";"КУП ""Жилищное коммунальное хозяйство Заводского района г.Минска""";"28";"";"01.11.2025";"01.01.2100";"147,48";"0";"0";"0";"0";"0";"0";"0";"0";"0";"0";"0";"0";"13563977977";"03.10.2026 6:36:14";"";"";"";"0";"0";"0"
"MN7000";"Минск РИЦ";"529172";"28698139";"28";"Подогрев воды по ЭОЗ";"";"9100330";"КУП ""Жилищное коммунальное хозяйство Октябрьского района г. Минска""";"КУП ""Жилищное коммунальное хозяйство Октябрьского района г. Минска""";"28";"";"01.10.2018";"01.01.2100";"147,48";"0";"0";"0";"0";"0";"0";"0";"1,42";"0,03";"0,03";"0";"0";"13571923875";"04.10.2026 21:26:31";"";"";"";"0";"1,42";"0"
"MN7000";"Минск РИЦ";"814107";"37971721";"28";"Подогрев воды по ЭОЗ";"";"9100541";"КУП ""Жилищное коммунальное хозяйство Советского района г. Минска""";"КУП ""Жилищное коммунальное хозяйство Советского района г. Минска""";"28";"";"01.02.2023";"01.01.2100";"147,48";"0";"0";"0";"0";"0";"0";"0";"0";"0";"0";"0";"0";"13562315268";"03.10.2026 3:11:31";"";"";"";"0";"0";"0"
"MN7000";"Минск РИЦ";"804080";"32043543";"28";"Подогрев воды по ЭОЗ";"";"9100541";"КУП ""Жилищное коммунальное хозяйство Советского района г. Минска""";"КУП ""Жилищное коммунальное хозяйство Советского района г. Минска""";"28";"";"01.03.2020";"01.01.2100";"147,48";"0";"0";"0";"0";"0";"0";"0";"0";"0";"0";"0";"0";"13562252259";"03.10.2026 3:11:31";"";"";"";"0";"0";"0"
"MN7000";"Минск РИЦ";"730750";"40292649";"28";"Подогрев воды по ЭОЗ";"";"401";"ГП ""МИНСККОММУНТЕПЛОСЕТЬ""";"ГП ""МИНСККОММУНТЕПЛОСЕТЬ""";"28";"";"01.06.2024";"01.01.2100";"147,48";"0";"0";"0";"0";"0";"0";"0";"0";"0";"0";"0";"0";"13549492366";"30.09.2026 23:08:56";"";"";"";"0";"0";"0"
"MN7000";"Минск РИЦ";"1029793";"42391739";"28";"Подогрев воды по ЭОЗ";"";"70002338";"ТС ""Фарфоровый-1""";"ТС ""Фарфоровый-1""";"28";"";"01.02.2025";"01.01.2100";"147,48";"0";"0";"0";"0";"0";"0";"0";"0";"0";"0";"0";"0";"13525097731";"25.09.2026 18:13:11";"";"";"";"0";"0";"0"
"MN7000";"Минск РИЦ";"178947";"40126579";"28";"Подогрев воды по ЭОЗ";"";"401";"ГП ""МИНСККОММУНТЕПЛОСЕТЬ""";"ГП ""МИНСККОММУНТЕПЛОСЕТЬ""";"28";"";"01.06.2024";"01.01.2100";"147,48";"0";"0";"0";"0";"0";"0";"0";"0";"1,07";"1,07";"0";"0";"13569004394";"03.10.2026 12:46:45";"";"";"";"0";"0";"0"
"MN7000";"Минск РИЦ";"183962";"30593398";"28";"Подогрев воды по ЭОЗ";"";"270";"КУП ""Жилищное коммунальное хозяйство №1 Московского района г.Минска""";"КУП ""Жилищное коммунальное хозяйство №1 Московского района г.Минска""";"28";"";"01.03.2019";"01.01.2100";"147,48";"0";"0";"0";"0";"0";"0";"0";"0";"0";"0";"0";"0";"13561605517";"03.10.2026 1:18:56";"";"";"";"0";"0";"0"
"MN7000";"Минск РИЦ";"232534";"39633756";"28";"Подогрев воды по ЭОЗ";"";"401";"ГП ""МИНСККОММУНТЕПЛОСЕТЬ""";"ГП ""МИНСККОММУНТЕПЛОСЕТЬ""";"28";"";"01.06.2024";"01.01.2100";"147,48";"0";"0";"0";"0";"0";"0,12";"0";"71,8";"3,92";"3,92";"71,92";"0";"13550645629";"01.10.2026 2:53:14";"";"";"";"0";"0";"0"
"MN7000";"Минск РИЦ";"730856";"26961373";"28";"Подогрев воды по ЭОЗ";"";"401";"ГП ""МИНСККОММУНТЕПЛОСЕТЬ""";"ГП ""МИНСККОММУНТЕПЛОСЕТЬ""";"28";"";"01.11.2017";"01.01.2100";"147,48";"0";"0";"0";"0";"0";"0";"0";"0";"0";"0";"0";"0";"13549403226";"30.09.2026 23:08:56";"";"";"";"0";"0";"0"
"MN7000";"Минск РИЦ";"189861";"40132131";"28";"Подогрев воды по ЭОЗ";"";"401";"ГП ""МИНСККОММУНТЕПЛОСЕТЬ""";"ГП ""МИНСККОММУНТЕПЛОСЕТЬ""";"28";"";"01.06.2024";"01.01.2100";"147,48";"0";"0";"0";"0";"0";"0";"0";"0";"0";"0";"0";"0";"13569009761";"03.10.2026 12:46:45";"";"";"";"0";"0";"0"
"MN7000";"Минск РИЦ";"1035981";"42672460";"28";"Подогрев воды по ЭОЗ";"";"264";"КУП ""Жилищное коммунальное хозяйство Заводского района г.Минска""";"КУП ""Жилищное коммунальное хозяйство Заводского района г.Минска""";"28";"";"01.05.2025";"01.01.2100";"147,48";"0";"0";"0";"0";"0";"0";"0";"0";"0";"0";"0";"0";"13564382370";"03.10.2026 6:56:22";"";"";"";"0";"0";"0"
"MN7000";"Минск РИЦ";"382652";"31694490";"28";"Подогрев воды по ЭОЗ";"";"264";"КУП ""Жилищное коммунальное хозяйство Заводского района г.Минска""";"КУП ""Жилищное коммунальное хозяйство Заводского района г.Минска""";"28";"";"01.12.2019";"01.01.2100";"147,48";"0";"0";"0";"0";"0";"0";"0";"0";"0";"0";"0";"0";"13564245115";"03.10.2026 6:56:22";"";"";"";"0";"0";"0"
"MN7000";"Минск РИЦ";"490418";"28386043";"28";"Подогрев воды по ЭОЗ";"";"9100198";"КУП ""Жилищное коммунальное хозяйство Ленинского района г. Минска""";"КУП ""Жилищное коммунальное хозяйство Ленинского района г. Минска""";"28";"";"01.10.2018";"01.01.2100";"147,48";"0";"0";"0";"0";"0";"0";"0";"0";"0";"0";"0";"0";"13571397887";"03.10.2026 18:45:33";"";"";"";"0";"0";"0"
"MN7000";"Минск РИЦ";"1019451";"40465830";"28";"Подогрев воды по ЭОЗ";"";"401";"ГП ""МИНСККОММУНТЕПЛОСЕТЬ""";"ГП ""МИНСККОММУНТЕПЛОСЕТЬ""";"28";"";"01.06.2024";"01.01.2100";"147,48";"0";"0";"0";"0";"0";"51,13";"0";"25,59";"0,88";"0,88";"76,72";"0";"13561688558";"03.10.2026 1:18:56";"";"";"";"0";"0";"0"
"MN7000";"Минск РИЦ";"986395";"36706328";"28";"Подогрев воды по ЭОЗ";"";"9100365";"КУП «Минские городские общежития»";"КУП «Минские городские общежития»";"28";"";"01.09.2021";"01.01.2100";"147,48";"0";"0";"0";"0";"0";"0";"0";"0";"0";"0";"0";"0";"13564853121";"03.10.2026 8:35:39";"";"";"";"0";"0";"0"
"MN7000";"Минск РИЦ";"580893";"37962390";"28";"Подогрев воды по ЭОЗ";"";"70002183";"ТС жилого дома 67 корпус 1 по ул.Захарова";"ТС жилого дома 67 корпус 1 по ул.Захарова";"28";"";"01.02.2023";"01.01.2100";"147,48";"0";"0";"0";"0";"0";"0";"0";"0";"0";"0";"0";"0";"13560541850";"02.10.2026 16:51:10";"";"";"";"0";"0";"0"
"MN7000";"Минск РИЦ";"764300";"40297604";"28";"Подогрев воды по ЭОЗ";"";"401";"ГП ""МИНСККОММУНТЕПЛОСЕТЬ""";"ГП ""МИНСККОММУНТЕПЛОСЕТЬ""";"28";"";"01.06.2024";"01.01.2100";"147,48";"0";"0";"0";"0";"0";"0";"0";"0";"0";"0";"0";"0";"13549496620";"30.09.2026 23:08:56";"";"";"";"0";"0";"0"
"MN7000";"Минск РИЦ";"512933";"44398604";"28";"Подогрев воды по ЭОЗ";"";"9100198";"КУП ""Жилищное коммунальное хозяйство Ленинского района г. Минска""";"КУП ""Жилищное коммунальное хозяйство Ленинского района г. Минска""";"28";"";"01.06.2026";"01.01.2100";"147,48";"0";"0";"0";"0";"0";"0";"0";"0";"0";"0";"0";"0";"13571687092";"03.10.2026 18:45:33";"";"";"";"0";"0";"0"
"MN7000";"Минск РИЦ";"1007147";"38815241";"28";"Подогрев воды по ЭОЗ";"";"70002338";"ТС ""Фарфоровый-1""";"ТС ""Фарфоровый-1""";"28";"";"21.06.2023";"01.01.2100";"147,48";"0";"0";"0";"0";"0";"0";"0";"0";"0";"0";"0";"0";"13524846411";"25.09.2026 18:13:11";"";"";"";"0";"0";"0"
"MN7000";"Минск РИЦ";"955409";"31301627";"28";"Подогрев воды по ЭОЗ";"";"9100541";"КУП ""Жилищное коммунальное хозяйство Советского района г. Минска""";"КУП ""Жилищное коммунальное хозяйство Советского района г. Минска""";"28";"";"01.09.2019";"01.01.2100";"147,48";"0";"0";"0";"0";"0";"0";"0";"0";"0";"0";"0";"0";"13566015107";"03.10.2026 9:05:19";"";"";"";"0";"0";"0"
"MN7000";"Минск РИЦ";"768377";"32140884";"28";"Подогрев воды по ЭОЗ";"";"9100541";"КУП ""Жилищное коммунальное хозяйство Советского района г. Минска""";"КУП ""Жилищное коммунальное хозяйство Советского района г. Минска""";"28";"";"01.04.2020";"01.01.2100";"147,48";"0";"0";"0";"0";"0";"0";"0";"0";"0";"0";"0";"0";"13566039105";"03.10.2026 9:05:19";"";"";"";"0";"0";"0"
"MN7000";"Минск РИЦ";"1021340";"40895413";"28";"Подогрев воды по ЭОЗ";"";"401";"ГП ""МИНСККОММУНТЕПЛОСЕТЬ""";"ГП ""МИНСККОММУНТЕПЛОСЕТЬ""";"28";"";"02.08.2024";"01.01.2100";"147,48";"0";"0";"0";"0";"0";"0";"0";"0";"0";"0";"0";"0";"13550665072";"01.10.2026 2:53:14";"";"";"";"0";"0";"0"
"MN7000";"Минск РИЦ";"524245";"28697806";"28";"Подогрев воды по ЭОЗ";"";"9100330";"КУП ""Жилищное коммунальное хозяйство Октябрьского района г. Минска""";"КУП ""Жилищное коммунальное хозяйство Октябрьского района г. Минска""";"28";"";"01.10.2018";"01.01.2100";"147,48";"0";"0";"0";"0";"0";"0";"0";"0";"0";"0";"0";"0";"13571923549";"04.10.2026 21:26:31";"";"";"";"0";"0";"0"
"MN7000";"Минск РИЦ";"363561";"39938669";"28";"Подогрев воды по ЭОЗ";"";"401";"ГП ""МИНСККОММУНТЕПЛОСЕТЬ""";"ГП ""МИНСККОММУНТЕПЛОСЕТЬ""";"28";"";"01.06.2024";"01.01.2100";"147,48";"0";"0";"0";"0";"0";"0";"0";"0";"0";"0";"0";"0";"13560627173";"02.10.2026 17:19:25";"";"";"";"0";"0";"0"
"MN7000";"Минск РИЦ";"988012";"36921431";"28";"Подогрев воды по ЭОЗ";"";"9100365";"КУП «Минские городские общежития»";"КУП «Минские городские общежития»";"28";"";"11.11.2021";"01.01.2100";"147,48";"0";"0";"0";"0";"0";"0";"0";"0";"0";"0";"0";"0";"13560532755";"02.10.2026 17:07:24";"";"";"";"0";"0";"0"
"MN7000";"Минск РИЦ";"785464";"31790044";"28";"Подогрев воды по ЭОЗ";"";"9100541";"КУП ""Жилищное коммунальное хозяйство Советского района г. Минска""";"КУП ""Жилищное коммунальное хозяйство Советского района г. Минска""";"28";"";"01.01.2020";"01.01.2100";"147,48";"0";"0";"0";"0";"0";"0";"0";"0";"4,75";"4,75";"0";"0";"13566029381";"03.10.2026 9:05:19";"";"";"";"4";"0";"0"
"MN7000";"Минск РИЦ";"496122";"32614049";"28";"Подогрев воды по ЭОЗ";"";"9100198";"КУП ""Жилищное коммунальное хозяйство Ленинского района г. Минска""";"КУП ""Жилищное коммунальное хозяйство Ленинского района г. Минска""";"28";"";"01.09.2020";"01.01.2100";"147,48";"0";"0";"0";"0";"0";"0";"0";"0";"0";"0";"0";"0";"13571463747";"03.10.2026 18:45:33";"";"";"";"0";"0";"0"
"MN7000";"Минск РИЦ";"785382";"28357202";"28";"Подогрев воды по ЭОЗ";"";"9100541";"КУП ""Жилищное коммунальное хозяйство Советского района г. Минска""";"КУП ""Жилищное коммунальное хозяйство Советского района г. Минска""";"28";"";"01.10.2018";"01.01.2100";"147,48";"0";"0";"0";"0";"0";"0";"0";"0";"0";"0";"0";"0";"13565978484";"03.10.2026 9:05:19";"";"";"";"0";"0";"0"
"MN7000";"Минск РИЦ";"800695";"31322434";"28";"Подогрев воды по ЭОЗ";"";"9100541";"КУП ""Жилищное коммунальное хозяйство Советского района г. Минска""";"КУП ""Жилищное коммунальное хозяйство Советского района г. Минска""";"28";"";"01.09.2019";"01.01.2100";"147,48";"0";"0";"0";"0";"0";"0";"0";"0";"0";"0";"0";"0";"13566019210";"03.10.2026 9:05:19";"";"";"";"0";"0";"0"
"MN7000";"Минск РИЦ";"1011281";"39161419";"28";"Подогрев воды по ЭОЗ";"";"401";"ГП ""МИНСККОММУНТЕПЛОСЕТЬ""";"ГП ""МИНСККОММУНТЕПЛОСЕТЬ""";"28";"";"01.11.2023";"01.01.2100";"147,48";"0";"0";"0";"0";"0";"0";"0";"0";"0";"0";"0";"0";"13561683377";"03.10.2026 1:18:56";"";"";"";"0";"0";"0"
"MN7000";"Минск РИЦ";"978101";"32989104";"28";"Подогрев воды по ЭОЗ";"";"401";"ГП ""МИНСККОММУНТЕПЛОСЕТЬ""";"ГП ""МИНСККОММУНТЕПЛОСЕТЬ""";"28";"";"01.02.2021";"01.01.2100";"147,48";"0";"0";"0";"0";"0";"0";"0";"0";"0";"0";"0";"0";"13568834765";"03.10.2026 12:46:45";"";"";"";"0";"0";"0"
"MN7000";"Минск РИЦ";"231798";"39632316";"28";"Подогрев воды по ЭОЗ";"";"401";"ГП ""МИНСККОММУНТЕПЛОСЕТЬ""";"ГП ""МИНСККОММУНТЕПЛОСЕТЬ""";"28";"";"01.06.2024";"01.01.2100";"147,48";"0";"0";"0";"0";"0";"0";"0";"0";"0";"0";"0";"0";"13550644241";"01.10.2026 2:53:14";"";"";"";"0";"0";"0"
"MN7000";"Минск РИЦ";"715445";"40288706";"28";"Подогрев воды по ЭОЗ";"";"401";"ГП ""МИНСККОММУНТЕПЛОСЕТЬ""";"ГП ""МИНСККОММУНТЕПЛОСЕТЬ""";"28";"";"01.06.2024";"01.01.2100";"147,48";"0";"0";"0";"0";"0";"0";"0";"0";"0";"0";"0";"0";"13549489123";"30.09.2026 23:08:56";"";"";"";"0";"0";"0"
"MN7000";"Минск РИЦ";"139085";"40114973";"28";"Подогрев воды по ЭОЗ";"";"401";"ГП ""МИНСККОММУНТЕПЛОСЕТЬ""";"ГП ""МИНСККОММУНТЕПЛОСЕТЬ""";"28";"";"01.06.2024";"01.01.2100";"147,48";"0";"0";"0";"0";"0";"0";"0";"0";"0";"0";"0";"0";"13568993166";"03.10.2026 12:46:45";"";"";"";"0";"0";"0"
"MN7000";"Минск РИЦ";"580913";"37962356";"28";"Подогрев воды по ЭОЗ";"";"70002183";"ТС жилого дома 67 корпус 1 по ул.Захарова";"ТС жилого дома 67 корпус 1 по ул.Захарова";"28";"";"01.02.2023";"01.01.2100";"147,48";"0";"0";"0";"0";"0";"0";"0";"0";"0";"0";"0";"0";"13560541816";"02.10.2026 16:51:10";"";"";"";"0";"0";"0"
"MN7000";"Минск РИЦ";"798773";"32043533";"28";"Подогрев воды по ЭОЗ";"";"9100541";"КУП ""Жилищное коммунальное хозяйство Советского района г. Минска""";"КУП ""Жилищное коммунальное хозяйство Советского района г. Минска""";"28";"";"01.03.2020";"01.01.2100";"147,48";"0";"0";"0";"0";"0";"0";"0";"0";"0";"0";"0";"0";"13562252249";"03.10.2026 3:11:31";"";"";"";"0";"0";"0"
"MN7000";"Минск РИЦ";"952529";"32614313";"28";"Подогрев воды по ЭОЗ";"";"9100198";"КУП ""Жилищное коммунальное хозяйство Ленинского района г. Минска""";"КУП ""Жилищное коммунальное хозяйство Ленинского района г. Минска""";"28";"";"01.09.2020";"01.01.2100";"147,48";"0";"0";"0";"0";"0";"0";"0";"0";"0";"0";"0";"0";"13571463999";"03.10.2026 18:45:33";"";"";"";"0";"0";"0"
"MN7000";"Минск РИЦ";"717059";"40288934";"28";"Подогрев воды по ЭОЗ";"";"401";"ГП ""МИНСККОММУНТЕПЛОСЕТЬ""";"ГП ""МИНСККОММУНТЕПЛОСЕТЬ""";"28";"";"01.06.2024";"01.01.2100";"147,48";"0";"0";"0";"0";"0";"0";"0";"0";"0";"0";"0";"0";"13549489321";"30.09.2026 23:08:56";"";"";"";"0";"0";"0"
"MN7000";"Минск РИЦ";"823237";"28361374";"28";"Подогрев воды по ЭОЗ";"";"9100541";"КУП ""Жилищное коммунальное хозяйство Советского района г. Минска""";"КУП ""Жилищное коммунальное хозяйство Советского района г. Минска""";"28";"";"01.10.2018";"01.01.2100";"147,48";"0";"0";"0";"0";"0";"0";"0";"0";"0";"0";"0";"0";"13565978782";"03.10.2026 9:05:19";"";"";"";"0";"0";"0"
"MN7000";"Минск РИЦ";"195882";"28591151";"28";"Подогрев воды по ЭОЗ";"";"270";"КУП ""Жилищное коммунальное хозяйство №1 Московского района г.Минска""";"КУП ""Жилищное коммунальное хозяйство №1 Московского района г.Минска""";"28";"";"01.10.2018";"01.01.2100";"147,48";"0";"0";"0";"0";"0";"0";"0";"0";"0";"0";"0";"0";"13561593554";"03.10.2026 1:18:56";"";"";"";"0";"0";"0"
"MN7000";"Минск РИЦ";"110634";"40106109";"28";"Подогрев воды по ЭОЗ";"";"401";"ГП ""МИНСККОММУНТЕПЛОСЕТЬ""";"ГП ""МИНСККОММУНТЕПЛОСЕТЬ""";"28";"";"01.06.2024";"01.01.2100";"147,48";"0";"0";"0";"0";"0";"0";"0";"0";"0";"0";"0";"0";"13568984599";"03.10.2026 12:46:45";"";"";"";"0";"0";"0"
"MN7000";"Минск РИЦ";"1056919";"43933317";"28";"Подогрев воды по ЭОЗ";"";"401";"ГП ""МИНСККОММУНТЕПЛОСЕТЬ""";"ГП ""МИНСККОММУНТЕПЛОСЕТЬ""";"28";"";"27.01.2026";"01.01.2100";"147,48";"0";"0";"0";"0";"0";"0";"0";"0";"0";"0";"0";"0";"13561732122";"03.10.2026 1:18:56";"";"";"";"0";"0";"0"
"MN7000";"Минск РИЦ";"365553";"43700639";"30";"Налог за владение собаками";"";"264";"КУП ""Жилищное коммунальное хозяйство Заводского района г.Минска""";"КУП ""Жилищное коммунальное хозяйство Заводского района г.Минска""";"30";"";"21.11.2025";"01.01.2100";"1";"0";"0";"0";"0";"0";"0";"0";"0,1";"0";"0";"0,1";"0";"13563977061";"03.10.2026 6:36:14";"";"";"";"0";"0";"0"
"MN7000";"Минск РИЦ";"579551";"44619028";"30";"Налог за владение собаками";"";"274";"КУП ""Жилищное коммунальное хозяйство Партизанского района г.Минска""";"КУП ""Жилищное коммунальное хозяйство Партизанского района г.Минска""";"30";"";"01.08.2026";"01.01.2100";"1";"0";"0";"0";"0";"0";"0";"0";"0";"0";"0";"0";"0";"13562771824";"03.10.2026 4:21:30";"";"";"";"0";"0";"0"
"MN7000";"Минск РИЦ";"986395";"36745009";"52";"Газ в общежитиях";"";"415";"УП ""МИНГАЗ""";"УП ""МИНГАЗ""";"52";"";"01.09.2021";"01.01.2100";"4,69";"1";"4,69";"4,69";"0";"0";"0";"0";"4,54";"0";"0";"9,23";"0";"13564853280";"03.10.2026 8:35:39";"";"";"";"0";"0";"0"
"MN7000";"Минск РИЦ";"1056919";"44046561";"57";"Страхование квартир";"";"490";"БРУСП ""Белгосстрах""";"БРУСП ""Белгосстрах""";"57";"";"01.03.2026";"31.01.2027";"1";"7,5";"7,5";"7,5";"0";"0";"0";"0";"7,5";"0";"0";"8,36";"0";"13561736167";"03.10.2026 1:18:56";"";"";"";"0";"6,64";"0"
"MN7000";"Минск РИЦ";"731412";"44267208";"57";"Страхование квартир";"";"490";"БРУСП ""Белгосстрах""";"БРУСП ""Белгосстрах""";"57";"";"01.05.2026";"30.04.2027";"1";"10";"10";"10";"0";"0";"0";"0";"10";"0";"0";"20";"0";"13549516058";"30.09.2026 23:08:56";"";"";"";"0";"0";"0"
"MN7000";"Минск РИЦ";"945811";"30647800";"60";"Электроэнергия";"";"9100365";"КУП «Минские городские общежития»";"КУП «Минские городские общежития»";"60";"";"06.03.2019";"01.01.2100";"0,2581";"0";"0";"0";"0";"0";"0";"0";"54,7";"0,73";"0,49";"27,26";"0";"13560527953";"02.10.2026 17:07:24";"";"";"";"0";"27,44";"0,24"
"MN7000";"Минск РИЦ";"986395";"36704919";"60";"Электроэнергия";"";"9100365";"КУП «Минские городские общежития»";"КУП «Минские городские общежития»";"60";"";"01.09.2021";"01.01.2100";"0,3037";"0";"0";"0";"0";"0";"0";"0";"12,41";"0";"0";"12,41";"0";"13564852852";"03.10.2026 8:35:39";"";"";"";"0";"0";"0"
"MN7000";"Минск РИЦ";"988012";"36921435";"60";"Электроэнергия";"";"9100365";"КУП «Минские городские общежития»";"КУП «Минские городские общежития»";"60";"";"11.11.2021";"01.01.2100";"0,2581";"0";"0";"0";"0";"0";"0,09";"0";"18,27";"0,5";"0,5";"8,88";"0";"13560532756";"02.10.2026 17:07:24";"";"";"";"0";"9,48";"0"
"MN7000";"Минск РИЦ";"1044522";"43517838";"60";"Электроэнергия";"";"9100365";"КУП «Минские городские общежития»";"КУП «Минские городские общежития»";"60";"";"02.09.2025";"01.01.2100";"0,2581";"0";"0";"0";"0";"0";"0";"0";"13,63";"0";"0";"13,63";"0";"13560584476";"02.10.2026 17:07:24";"";"";"";"0";"0";"0"
"MN7000";"Минск РИЦ";"1008768";"43986835";"60";"Электроэнергия";"";"70003423";"УП ""Ремавтодор Заводского района г.Минска""";"УП ""Ремавтодор Заводского района г.Минска""";"60";"";"01.02.2026";"01.01.2100";"0,2581";"0";"0";"0";"0";"0";"0";"0";"2,48";"0,16";"0,16";"2,48";"0";"13560635494";"02.10.2026 17:19:25";"";"";"";"0";"0";"0"
"MN7000";"Минск РИЦ";"988012";"36921436";"61";"Электроэнергия коллективного потребления";"";"9100365";"КУП «Минские городские общежития»";"КУП «Минские городские общежития»";"61";"";"11.11.2021";"01.01.2100";"0,3037";"0";"0";"0";"0";"0";"0";"0";"1,77";"0,06";"0,06";"0,83";"0";"13560532757";"02.10.2026 17:07:24";"";"";"";"0";"0,94";"0"
"MN7000";"Минск РИЦ";"1044522";"43517840";"61";"Электроэнергия коллективного потребления";"";"9100365";"КУП «Минские городские общежития»";"КУП «Минские городские общежития»";"61";"";"02.09.2025";"01.01.2100";"0,3037";"0";"0";"0";"0";"0";"0";"0";"4,7";"0";"0";"4,7";"0";"13560584478";"02.10.2026 17:07:24";"";"";"";"0";"0";"0"
"MN7000";"Минск РИЦ";"945811";"30647801";"61";"Электроэнергия коллективного потребления";"";"9100365";"КУП «Минские городские общежития»";"КУП «Минские городские общежития»";"61";"";"06.03.2019";"01.01.2100";"0,3037";"0";"0";"0";"0";"0";"0";"0";"17,96";"0,25";"0,15";"9,39";"0";"13560530543";"02.10.2026 17:07:24";"";"";"";"0";"8,57";"0,1"
"MN7000";"Минск РИЦ";"1008768";"44015953";"61";"Электроэнергия коллективного потребления";"";"70003423";"УП ""Ремавтодор Заводского района г.Минска""";"УП ""Ремавтодор Заводского района г.Минска""";"61";"";"01.02.2026";"01.01.2100";"0,3037";"0";"0";"0";"0";"0";"0";"0";"8,91";"0,76";"0,76";"8,91";"0";"13560635855";"02.10.2026 17:19:25";"";"";"";"0";"0";"0"
"MN7000";"Минск РИЦ";"1044522";"43517839";"64";"Электроэнергия по ЭОЗ";"";"9100365";"КУП «Минские городские общежития»";"КУП «Минские городские общежития»";"64";"";"02.09.2025";"01.01.2100";"0,3265";"0";"0";"0";"0";"0";"0";"0";"0";"0";"0";"0";"0";"13560584477";"02.10.2026 17:07:24";"";"";"";"0";"0";"0"
"MN7000";"Минск РИЦ";"986395";"36705068";"64";"Электроэнергия по ЭОЗ";"";"9100365";"КУП «Минские городские общежития»";"КУП «Минские городские общежития»";"64";"";"01.09.2021";"01.01.2100";"0,3265";"0";"0";"0";"0";"0";"0";"0";"0";"0";"0";"0";"0";"13564852906";"03.10.2026 8:35:39";"";"";"";"0";"0";"0"
"MN7000";"Минск РИЦ";"945811";"30647804";"64";"Электроэнергия по ЭОЗ";"";"9100365";"КУП «Минские городские общежития»";"КУП «Минские городские общежития»";"64";"";"06.03.2019";"01.01.2100";"0,3265";"0";"0";"0";"0";"0";"0";"0";"0";"0";"0";"0";"0";"13560530544";"02.10.2026 17:07:24";"";"";"";"0";"0";"0"
"MN7000";"Минск РИЦ";"1008768";"43986771";"64";"Электроэнергия по ЭОЗ";"";"70003423";"УП ""Ремавтодор Заводского района г.Минска""";"УП ""Ремавтодор Заводского района г.Минска""";"64";"";"01.02.2026";"01.01.2100";"0,3265";"0";"0";"0";"0";"0";"0";"0";"0";"0";"0";"0";"0";"13560635444";"02.10.2026 17:19:25";"";"";"";"0";"0";"0"
"MN7000";"Минск РИЦ";"988012";"36921439";"64";"Электроэнергия по ЭОЗ";"";"9100365";"КУП «Минские городские общежития»";"КУП «Минские городские общежития»";"64";"";"11.11.2021";"01.01.2100";"0,3265";"0";"0";"0";"0";"0";"0";"0";"0";"0";"0";"0";"0";"13560532758";"02.10.2026 17:07:24";"";"";"";"0";"0";"0"
"MN7000";"Минск РИЦ";"111810";"32532627";"80";"Земельный налог";"";"270";"КУП ""Жилищное коммунальное хозяйство №1 Московского района г.Минска""";"КУП ""Жилищное коммунальное хозяйство №1 Московского района г.Минска""";"80";"";"01.08.2020";"01.01.2100";"0,0075";"37,8";"0,28";"0,28";"0";"0";"0";"0";"0,59";"0";"0";"0,51";"0";"13568823476";"03.10.2026 12:46:45";"";"";"";"0";"0,36";"0"
"MN7000";"Минск РИЦ";"955409";"31534337";"80";"Земельный налог";"";"9100541";"КУП ""Жилищное коммунальное хозяйство Советского района г. Минска""";"КУП ""Жилищное коммунальное хозяйство Советского района г. Минска""";"80";"";"01.11.2019";"01.01.2100";"0,013724";"23,9";"0,33";"0,33";"0";"0";"0";"0";"1,33";"0";"0";"1,41";"0";"13566020772";"03.10.2026 9:05:19";"";"";"";"3";"0,25";"0"
"MN7000";"Минск РИЦ";"103501";"32525017";"80";"Земельный налог";"";"270";"КУП ""Жилищное коммунальное хозяйство №1 Московского района г.Минска""";"КУП ""Жилищное коммунальное хозяйство №1 Московского района г.Минска""";"80";"";"01.08.2020";"01.01.2100";"0,006";"63,5";"0,38";"0,38";"0";"0";"0";"0";"0,38";"0";"0";"0,76";"0";"13568820244";"03.10.2026 12:46:45";"";"";"";"0";"0";"0"
"MN7000";"Минск РИЦ";"1011281";"39107039";"80";"Земельный налог";"";"270";"КУП ""Жилищное коммунальное хозяйство №1 Московского района г.Минска""";"КУП ""Жилищное коммунальное хозяйство №1 Московского района г.Минска""";"80";"";"18.10.2023";"01.01.2100";"0,0175";"83,2";"1,46";"1,46";"0";"0";"0";"0";"1,46";"0";"0";"2,92";"0";"13561678429";"03.10.2026 1:18:56";"";"";"";"0";"0";"0"
"MN7000";"Минск РИЦ";"814107";"36715560";"80";"Земельный налог";"";"9100541";"КУП ""Жилищное коммунальное хозяйство Советского района г. Минска""";"КУП ""Жилищное коммунальное хозяйство Советского района г. Минска""";"80";"";"01.09.2021";"01.01.2100";"0";"52,5";"0";"0";"0";"0";"0";"0";"0";"0";"0";"0";"0";"13562308626";"03.10.2026 3:11:31";"";"";"";"0";"0";"0"
"MN7000";"Минск РИЦ";"1021340";"42985494";"80";"Земельный налог";"";"286";"КУП ""Жилищное коммунальное хозяйство №2 Фрунзенского района г.Минска""";"КУП ""Жилищное коммунальное хозяйство №2 Фрунзенского района г.Минска""";"80";"";"01.07.2025";"01.01.2100";"0,0065";"31,45";"0,2";"0,2";"0";"0";"0";"0";"1,6";"0";"0";"1,8";"0";"13550738765";"01.10.2026 2:53:14";"";"";"";"3";"0";"0"
"MN7000";"Минск РИЦ";"804080";"31533671";"80";"Земельный налог";"";"9100541";"КУП ""Жилищное коммунальное хозяйство Советского района г. Минска""";"КУП ""Жилищное коммунальное хозяйство Советского района г. Минска""";"80";"";"01.11.2019";"01.01.2100";"0,012978";"29,2";"0,38";"0,38";"0";"0";"0";"0";"0,38";"0";"0";"0,76";"0";"13562243027";"03.10.2026 3:11:31";"";"";"";"0";"0";"0"
"MN7000";"Минск РИЦ";"800695";"31880550";"80";"Земельный налог";"";"9100541";"КУП ""Жилищное коммунальное хозяйство Советского района г. Минска""";"КУП ""Жилищное коммунальное хозяйство Советского района г. Минска""";"80";"";"01.02.2020";"01.01.2100";"0,006366";"62,9";"0,4";"0,4";"0";"0";"0";"0";"0,4";"0";"0";"0,8";"0";"13566034409";"03.10.2026 9:05:19";"";"";"";"0";"0";"0"
"MN7000";"Минск РИЦ";"1044522";"43517845";"80";"Земельный налог";"";"9100365";"КУП «Минские городские общежития»";"КУП «Минские городские общежития»";"80";"";"02.09.2025";"01.01.2100";"0";"18,4";"0";"0";"0";"0";"0";"0";"0";"0";"0";"0";"0";"13560584479";"02.10.2026 17:07:24";"";"";"";"0";"0";"0"
"MN7000";"Минск РИЦ";"363885";"43700568";"80";"Земельный налог";"";"264";"КУП ""Жилищное коммунальное хозяйство Заводского района г.Минска""";"КУП ""Жилищное коммунальное хозяйство Заводского района г.Минска""";"80";"";"21.11.2025";"01.01.2100";"0";"57,2";"0";"0";"0";"0";"0";"0";"0";"0";"0";"0";"0";"13563976992";"03.10.2026 6:36:14";"";"";"";"0";"0";"0"
"MN7000";"Минск РИЦ";"1035981";"42672461";"80";"Земельный налог";"";"264";"КУП ""Жилищное коммунальное хозяйство Заводского района г.Минска""";"КУП ""Жилищное коммунальное хозяйство Заводского района г.Минска""";"80";"";"01.05.2025";"01.01.2100";"0,0119";"14,6";"0,17";"0,17";"0";"0";"0";"0";"0,17";"0";"0";"0,34";"0";"13564382371";"03.10.2026 6:56:22";"";"";"";"0";"0";"0"
"MN7000";"Минск РИЦ";"745760";"34127439";"80";"Земельный налог";"";"9100436";"КУП ""ЖКХ Первомайского района г. Минска""";"КУП ""ЖКХ Первомайского района г. Минска""";"80";"";"01.07.2021";"01.01.2100";"0,01297";"27,24";"0,35";"0,35";"0";"0";"0";"0";"1,05";"0";"0";"0,69";"0";"13549436198";"30.09.2026 23:08:56";"";"";"";"0";"0,71";"0"
"MN7000";"Минск РИЦ";"192685";"32189203";"80";"Земельный налог";"";"270";"КУП ""Жилищное коммунальное хозяйство №1 Московского района г.Минска""";"КУП ""Жилищное коммунальное хозяйство №1 Московского района г.Минска""";"80";"";"01.05.2020";"01.01.2100";"0,0098";"41,89";"0,41";"0,41";"0";"0";"0";"0";"1,08";"0";"0";"0,76";"0";"13561622064";"03.10.2026 1:18:56";"";"";"";"0";"0,73";"0"
"MN7000";"Минск РИЦ";"784573";"36707316";"80";"Земельный налог";"";"9100541";"КУП ""Жилищное коммунальное хозяйство Советского района г. Минска""";"КУП ""Жилищное коммунальное хозяйство Советского района г. Минска""";"80";"";"01.09.2021";"01.01.2100";"0,00622";"32,5";"0,2";"0,2";"0";"0";"0";"0";"0,6";"0";"0";"0,4";"0";"13566114129";"03.10.2026 9:05:19";"";"";"";"0";"0,4";"0"
"MN7000";"Минск РИЦ";"232534";"42983231";"80";"Земельный налог";"";"286";"КУП ""Жилищное коммунальное хозяйство №2 Фрунзенского района г.Минска""";"КУП ""Жилищное коммунальное хозяйство №2 Фрунзенского района г.Минска""";"80";"";"01.07.2025";"01.01.2100";"0,006";"33,9";"0,2";"0,2";"0";"0";"0";"0";"0,2";"0";"0";"0,4";"0";"13550736565";"01.10.2026 2:53:14";"";"";"";"0";"0";"0"
"MN7000";"Минск РИЦ";"496122";"36878947";"80";"Земельный налог";"";"9100198";"КУП ""Жилищное коммунальное хозяйство Ленинского района г. Минска""";"КУП ""Жилищное коммунальное хозяйство Ленинского района г. Минска""";"80";"";"01.10.2021";"01.01.2100";"0,005771";"32,9";"0,19";"0,19";"0";"0";"0";"0";"0,19";"0";"0";"0,38";"0";"13571564253";"03.10.2026 18:45:33";"";"";"";"0";"0";"0"
"MN7000";"Минск РИЦ";"580913";"38077929";"80";"Земельный налог";"";"70002183";"ТС жилого дома 67 корпус 1 по ул.Захарова";"ТС жилого дома 67 корпус 1 по ул.Захарова";"80";"";"01.03.2023";"01.01.2100";"0";"106,9";"0";"0";"0";"0";"0";"0";"1,74";"0";"0";"1,74";"0";"13560542227";"02.10.2026 16:51:10";"";"";"";"0";"0";"0"
"MN7000";"Минск РИЦ";"978101";"32989105";"80";"Земельный налог";"";"270";"КУП ""Жилищное коммунальное хозяйство №1 Московского района г.Минска""";"КУП ""Жилищное коммунальное хозяйство №1 Московского района г.Минска""";"80";"";"01.02.2021";"01.01.2100";"0,0075";"19,2";"0,14";"0,14";"0";"0";"0";"0";"0,14";"0";"0";"0,28";"0";"13568834766";"03.10.2026 12:46:45";"";"";"";"0";"0";"0"
"MN7000";"Минск РИЦ";"441130";"33144757";"80";"Земельный налог";"";"264";"КУП ""Жилищное коммунальное хозяйство Заводского района г.Минска""";"КУП ""Жилищное коммунальное хозяйство Заводского района г.Минска""";"80";"";"01.04.2021";"01.01.2100";"0,0066";"35,7";"0,24";"0,24";"0";"0";"0";"0";"0,24";"0";"0";"0,48";"0";"13563811157";"03.10.2026 6:36:14";"";"";"";"0";"0";"0"
"MN7000";"Минск РИЦ";"1007147";"39505822";"80";"Земельный налог";"";"70002338";"ТС ""Фарфоровый-1""";"ТС ""Фарфоровый-1""";"80";"";"01.04.2024";"01.01.2100";"0,009";"93,1";"0,84";"0,84";"0";"0";"0";"0";"0,84";"0";"0";"1,68";"0";"13524851683";"25.09.2026 18:13:11";"";"";"";"0";"0";"0"
"MN7000";"Минск РИЦ";"178947";"32526830";"80";"Земельный налог";"";"270";"КУП ""Жилищное коммунальное хозяйство №1 Московского района г.Минска""";"КУП ""Жилищное коммунальное хозяйство №1 Московского района г.Минска""";"80";"";"01.08.2020";"01.01.2100";"0,0052";"34,27";"0,18";"0,18";"0";"0";"0";"0";"0,2";"0";"0";"0,38";"0";"13568821964";"03.10.2026 12:46:45";"";"";"";"0";"0";"0"
"MN7000";"Минск РИЦ";"952529";"36879229";"80";"Земельный налог";"";"9100198";"КУП ""Жилищное коммунальное хозяйство Ленинского района г. Минска""";"КУП ""Жилищное коммунальное хозяйство Ленинского района г. Минска""";"80";"";"01.10.2021";"01.01.2100";"0,005771";"22,54";"0,13";"0,13";"0";"0";"0";"0";"2,57";"0";"0";"2,7";"0";"13571564526";"03.10.2026 18:45:33";"";"";"";"18";"0";"0"
"MN7000";"Минск РИЦ";"512933";"36877244";"80";"Земельный налог";"";"9100198";"КУП ""Жилищное коммунальное хозяйство Ленинского района г. Минска""";"КУП ""Жилищное коммунальное хозяйство Ленинского района г. Минска""";"80";"";"01.10.2021";"01.01.2100";"0,007332";"33";"0,24";"0,24";"0";"0";"0";"0";"0,24";"0";"0";"0,48";"0";"13571562983";"03.10.2026 18:45:33";"";"";"";"3";"0";"0"
"MN7000";"Минск РИЦ";"496968";"36879171";"80";"Земельный налог";"";"9100198";"КУП ""Жилищное коммунальное хозяйство Ленинского района г. Минска""";"КУП ""Жилищное коммунальное хозяйство Ленинского района г. Минска""";"80";"";"01.10.2021";"01.01.2100";"0,005771";"46,5";"0,27";"0,27";"0";"0";"0";"0";"0,27";"0";"0";"0,54";"0";"13571564471";"03.10.2026 18:45:33";"";"";"";"0";"0";"0"
"MN7000";"Минск РИЦ";"467895";"38766455";"80";"Земельный налог";"";"9100198";"КУП ""Жилищное коммунальное хозяйство Ленинского района г. Минска""";"КУП ""Жилищное коммунальное хозяйство Ленинского района г. Минска""";"80";"";"01.05.2023";"01.01.2100";"0,005422";"67,6";"0,37";"0,37";"0";"0";"0";"0";"0,74";"0";"0";"0,74";"0";"13571597887";"03.10.2026 18:45:33";"";"";"";"0";"0,37";"0"
"MN7000";"Минск РИЦ";"815517";"31820861";"80";"Земельный налог";"";"9100541";"КУП ""Жилищное коммунальное хозяйство Советского района г. Минска""";"КУП ""Жилищное коммунальное хозяйство Советского района г. Минска""";"80";"";"01.01.2020";"01.01.2100";"0,03585";"42,4";"1,52";"1,52";"0";"0";"0";"0";"3,04";"0";"0";"3,04";"0";"13562248096";"03.10.2026 3:11:31";"";"";"";"0";"1,52";"0"
"MN7000";"Минск РИЦ";"382652";"42591141";"80";"Земельный налог";"";"264";"КУП ""Жилищное коммунальное хозяйство Заводского района г.Минска""";"КУП ""Жилищное коммунальное хозяйство Заводского района г.Минска""";"80";"";"01.04.2025";"01.01.2100";"0,0065";"29,05";"0,19";"0,19";"0";"0";"0";"0";"0,32";"0";"0";"0,51";"0";"13564381264";"03.10.2026 6:56:22";"";"";"";"0";"0";"0"
"MN7000";"Минск РИЦ";"363561";"32388696";"80";"Земельный налог";"";"9100231";"ТС жилого дома №5Б по ул.Голодеда";"ТС жилого дома №5Б по ул.Голодеда";"80";"";"01.07.2020";"01.01.2100";"0";"60,8";"0";"0";"0";"0";"0";"0";"0";"0";"0";"0";"0";"13560599101";"02.10.2026 17:19:25";"";"";"";"0";"0";"0"
"MN7000";"Минск РИЦ";"945811";"30647806";"80";"Земельный налог";"";"9100365";"КУП «Минские городские общежития»";"КУП «Минские городские общежития»";"80";"";"06.03.2019";"01.01.2100";"0";"39";"0";"0";"0";"0";"0";"0";"0";"0";"0";"0";"0";"13560530545";"02.10.2026 17:07:24";"";"";"";"0";"0";"0"
"MN7000";"Минск РИЦ";"231798";"42981510";"80";"Земельный налог";"";"286";"КУП ""Жилищное коммунальное хозяйство №2 Фрунзенского района г.Минска""";"КУП ""Жилищное коммунальное хозяйство №2 Фрунзенского района г.Минска""";"80";"";"01.07.2025";"01.01.2100";"0,0067";"52,03";"0,35";"0,35";"0";"0";"0";"0";"0,35";"0";"0";"0,7";"0";"13550734891";"01.10.2026 2:53:14";"";"";"";"0";"0";"0"
"MN7000";"Минск РИЦ";"139085";"32531721";"80";"Земельный налог";"";"270";"КУП ""Жилищное коммунальное хозяйство №1 Московского района г.Минска""";"КУП ""Жилищное коммунальное хозяйство №1 Московского района г.Минска""";"80";"";"01.08.2020";"01.01.2100";"0,0084";"76,1";"0,64";"0,64";"0";"0";"0";"0";"0,64";"0";"0";"1,28";"0";"13568822704";"03.10.2026 12:46:45";"";"";"";"0";"0";"0"
"MN7000";"Минск РИЦ";"811865";"31880765";"80";"Земельный налог";"";"9100541";"КУП ""Жилищное коммунальное хозяйство Советского района г. Минска""";"КУП ""Жилищное коммунальное хозяйство Советского района г. Минска""";"80";"";"01.02.2020";"01.01.2100";"0,006366";"20,72";"0,13";"0,13";"0";"0";"0";"0";"0,13";"0";"0";"0,26";"0";"13566034619";"03.10.2026 9:05:19";"";"";"";"0";"0";"0"
"MN7000";"Минск РИЦ";"365553";"43700542";"80";"Земельный налог";"";"264";"КУП ""Жилищное коммунальное хозяйство Заводского района г.Минска""";"КУП ""Жилищное коммунальное хозяйство Заводского района г.Минска""";"80";"";"21.11.2025";"01.01.2100";"0";"56,5";"0";"0";"0";"0";"0";"0";"0";"0";"0";"0";"0";"13563976966";"03.10.2026 6:36:14";"";"";"";"0";"0";"0"
"MN7000";"Минск РИЦ";"1019839";"40603994";"80";"Земельный налог";"";"270";"КУП ""Жилищное коммунальное хозяйство №1 Московского района г.Минска""";"КУП ""Жилищное коммунальное хозяйство №1 Московского района г.Минска""";"80";"";"01.07.2024";"01.01.2100";"0,0175";"65";"1,14";"1,14";"0";"0";"0";"0";"2,45";"0";"0";"2,15";"0";"13561698001";"03.10.2026 1:18:56";"";"";"";"0";"1,44";"0"
"MN7000";"Минск РИЦ";"952527";"36879228";"80";"Земельный налог";"";"9100198";"КУП ""Жилищное коммунальное хозяйство Ленинского района г. Минска""";"КУП ""Жилищное коммунальное хозяйство Ленинского района г. Минска""";"80";"";"01.10.2021";"01.01.2100";"0,005771";"22,54";"0,13";"0,13";"0";"0";"0";"0";"1,88";"0";"0";"1,96";"0";"13571564525";"03.10.2026 18:45:33";"";"";"";"28";"0,05";"0"
"MN7000";"Минск РИЦ";"811665";"36707199";"80";"Земельный налог";"";"9100541";"КУП ""Жилищное коммунальное хозяйство Советского района г. Минска""";"КУП ""Жилищное коммунальное хозяйство Советского района г. Минска""";"80";"";"01.09.2021";"01.01.2100";"0,00622";"32,79";"0,2";"0,2";"0";"0";"0";"0";"0,2";"0";"0";"0,4";"0";"13566114014";"03.10.2026 9:05:19";"";"";"";"0";"0";"0"
"MN7000";"Минск РИЦ";"207130";"43289948";"80";"Земельный налог";"";"286";"КУП ""Жилищное коммунальное хозяйство №2 Фрунзенского района г.Минска""";"КУП ""Жилищное коммунальное хозяйство №2 Фрунзенского района г.Минска""";"80";"";"01.07.2025";"01.01.2100";"0,0089";"49,4";"0,44";"0,44";"0";"0";"0";"0";"0,88";"0";"0";"1,32";"0";"13552903195";"01.10.2026 5:50:15";"";"";"";"0";"0";"0"
"MN7000";"Минск РИЦ";"547410";"32855213";"80";"Земельный налог";"";"9100330";"КУП ""Жилищное коммунальное хозяйство Октябрьского района г. Минска""";"КУП ""Жилищное коммунальное хозяйство Октябрьского района г. Минска""";"80";"";"01.01.2021";"01.01.2100";"0,0098";"59,1";"0,58";"0,58";"0";"0";"0";"0";"18,96";"0";"0";"19,54";"0";"13571947852";"04.10.2026 21:26:31";"";"";"";"30";"0";"0"
"MN7000";"Минск РИЦ";"490418";"38766786";"80";"Земельный налог";"";"9100198";"КУП ""Жилищное коммунальное хозяйство Ленинского района г. Минска""";"КУП ""Жилищное коммунальное хозяйство Ленинского района г. Минска""";"80";"";"01.05.2023";"01.01.2100";"0,005422";"67,39";"0,37";"0,37";"0";"0";"0";"0";"0,37";"0";"0";"0,74";"0";"13571598205";"03.10.2026 18:45:33";"";"";"";"0";"0";"0"
"MN7000";"Минск РИЦ";"1008768";"43986614";"80";"Земельный налог";"";"70003423";"УП ""Ремавтодор Заводского района г.Минска""";"УП ""Ремавтодор Заводского района г.Минска""";"80";"";"01.02.2026";"01.01.2100";"0";"17,8";"0";"0";"0";"0";"0";"0";"0";"0";"0";"0";"0";"13560635322";"02.10.2026 17:19:25";"";"";"";"0";"0";"0"
"MN7000";"Минск РИЦ";"580893";"38077909";"80";"Земельный налог";"";"70002183";"ТС жилого дома 67 корпус 1 по ул.Захарова";"ТС жилого дома 67 корпус 1 по ул.Захарова";"80";"";"01.03.2023";"01.01.2100";"0";"67,4";"0";"0";"0";"0";"0";"0";"2,2";"0";"0";"1,1";"0";"13560542207";"02.10.2026 16:51:10";"";"";"";"0";"1,1";"0"
"MN7000";"Минск РИЦ";"1046374";"43598441";"80";"Земельный налог";"";"264";"КУП ""Жилищное коммунальное хозяйство Заводского района г.Минска""";"КУП ""Жилищное коммунальное хозяйство Заводского района г.Минска""";"80";"";"27.10.2025";"01.01.2100";"0,0103";"53,8";"0,55";"0,55";"0";"0";"0";"0";"1,65";"0";"0";"1,05";"0";"13563975157";"03.10.2026 6:36:14";"";"";"";"0";"1,15";"0"
"MN7000";"Минск РИЦ";"1029793";"42391741";"80";"Земельный налог";"";"70002338";"ТС ""Фарфоровый-1""";"ТС ""Фарфоровый-1""";"80";"";"01.02.2025";"01.01.2100";"0,009";"98,9";"0,89";"0,89";"0";"0";"0";"0";"1,83";"0";"0";"1,78";"0";"13525097732";"25.09.2026 18:13:11";"";"";"";"0";"0,94";"0"
"MN7000";"Минск РИЦ";"768377";"29468472";"80";"Земельный налог";"";"9100541";"КУП ""Жилищное коммунальное хозяйство Советского района г. Минска""";"КУП ""Жилищное коммунальное хозяйство Советского района г. Минска""";"80";"";"01.03.2019";"01.01.2100";"0,008101";"69,9";"0,57";"0,57";"0";"0";"0";"0";"1,14";"0";"0";"1,14";"0";"13566007404";"03.10.2026 9:05:19";"";"";"";"0";"0,57";"0"
"MN7000";"Минск РИЦ";"529172";"31171361";"80";"Земельный налог";"";"9100330";"КУП ""Жилищное коммунальное хозяйство Октябрьского района г. Минска""";"КУП ""Жилищное коммунальное хозяйство Октябрьского района г. Минска""";"80";"";"01.08.2019";"01.01.2100";"0,007";"46,3";"0,32";"0,32";"0";"0";"0";"0";"0,64";"0";"0";"0,64";"0";"13571932597";"04.10.2026 21:26:31";"";"";"";"0";"0,32";"0"
"MN7000";"Минск РИЦ";"1021731";"41338271";"80";"Земельный налог";"";"270";"КУП ""Жилищное коммунальное хозяйство №1 Московского района г.Минска""";"КУП ""Жилищное коммунальное хозяйство №1 Московского района г.Минска""";"80";"";"01.09.2024";"01.01.2100";"0,0175";"89,5";"1,57";"1,57";"0";"0";"0";"0";"1,57";"0";"0";"3,14";"0";"13561702045";"03.10.2026 1:18:56";"";"";"";"0";"0";"0"
"MN7000";"Минск РИЦ";"764300";"34115895";"80";"Земельный налог";"";"9100436";"КУП ""ЖКХ Первомайского района г. Минска""";"КУП ""ЖКХ Первомайского района г. Минска""";"80";"";"01.07.2021";"01.01.2100";"0,00924";"44,1";"0,41";"0,41";"0";"0";"0";"0";"0,82";"0";"0";"1,23";"0";"13549435008";"30.09.2026 23:08:56";"";"";"";"0";"0";"0"
"MN7000";"Минск РИЦ";"730750";"34112530";"80";"Земельный налог";"";"9100436";"КУП ""ЖКХ Первомайского района г. Минска""";"КУП ""ЖКХ Первомайского района г. Минска""";"80";"";"01.07.2021";"01.01.2100";"0,01142";"84,3";"0,96";"0,96";"0";"0";"0";"0";"0,96";"0";"0";"1,92";"0";"13549434396";"30.09.2026 23:08:56";"";"";"";"0";"0";"0"
"MN7000";"Минск РИЦ";"523282";"32931417";"80";"Земельный налог";"";"9100198";"КУП ""Жилищное коммунальное хозяйство Ленинского района г. Минска""";"КУП ""Жилищное коммунальное хозяйство Ленинского района г. Минска""";"80";"";"01.01.2021";"01.01.2100";"0,008758";"47,1";"0,41";"0,41";"0";"0";"0";"0";"0,41";"0";"0";"0,82";"0";"13570625313";"03.10.2026 16:50:37";"";"";"";"0";"0";"0"
"MN7000";"Минск РИЦ";"490081";"38766698";"80";"Земельный налог";"";"9100198";"КУП ""Жилищное коммунальное хозяйство Ленинского района г. Минска""";"КУП ""Жилищное коммунальное хозяйство Ленинского района г. Минска""";"80";"";"01.05.2023";"01.01.2100";"0,005422";"49,15";"0,27";"0,27";"0";"0";"0";"0";"0,27";"0";"0";"0,54";"0";"13571598120";"03.10.2026 18:45:33";"";"";"";"0";"0";"0"
"MN7000";"Минск РИЦ";"715445";"33046467";"80";"Земельный налог";"";"9100436";"КУП ""ЖКХ Первомайского района г. Минска""";"КУП ""ЖКХ Первомайского района г. Минска""";"80";"";"01.03.2021";"01.01.2100";"0,00635";"53,9";"0,34";"0,34";"0";"0";"0";"0";"0,34";"0";"0";"0,68";"0";"13549426299";"30.09.2026 23:08:56";"";"";"";"0";"0";"0"
"MN7000";"Минск РИЦ";"183962";"32246219";"80";"Земельный налог";"";"270";"КУП ""Жилищное коммунальное хозяйство №1 Московского района г.Минска""";"КУП ""Жилищное коммунальное хозяйство №1 Московского района г.Минска""";"80";"";"01.06.2020";"01.01.2100";"0,007";"42,97";"0,3";"0,3";"0";"0";"0";"0";"0,54";"0";"0";"0,6";"0";"13561623690";"03.10.2026 1:18:56";"";"";"";"0";"0,24";"0"
"MN7000";"Минск РИЦ";"785382";"29466934";"80";"Земельный налог";"";"9100541";"КУП ""Жилищное коммунальное хозяйство Советского района г. Минска""";"КУП ""Жилищное коммунальное хозяйство Советского района г. Минска""";"80";"";"01.03.2019";"01.01.2100";"0,005425";"51,24";"0,28";"0,28";"0";"0";"0";"0";"0,28";"0";"0";"0,56";"0";"13566006146";"03.10.2026 9:05:19";"";"";"";"0";"0";"0"
"MN7000";"Минск РИЦ";"1019451";"40465831";"80";"Земельный налог";"";"270";"КУП ""Жилищное коммунальное хозяйство №1 Московского района г.Минска""";"КУП ""Жилищное коммунальное хозяйство №1 Московского района г.Минска""";"80";"";"01.06.2024";"01.01.2100";"0,0175";"63,2";"1,11";"1,11";"0";"0";"0";"0";"1,11";"0";"0";"2,22";"0";"13561688559";"03.10.2026 1:18:56";"";"";"";"0";"0";"0"
"MN7000";"Минск РИЦ";"1056919";"43933320";"80";"Земельный налог";"";"270";"КУП ""Жилищное коммунальное хозяйство №1 Московского района г.Минска""";"КУП ""Жилищное коммунальное хозяйство №1 Московского района г.Минска""";"80";"";"27.01.2026";"01.01.2100";"0,0175";"91,1";"1,59";"0";"1,59";"0";"0";"0";"0";"0";"0";"0";"0";"13561732125";"03.10.2026 1:18:56";"";"";"";"0";"0";"0"
"MN7000";"Минск РИЦ";"524245";"31171461";"80";"Земельный налог";"";"9100330";"КУП ""Жилищное коммунальное хозяйство Октябрьского района г. Минска""";"КУП ""Жилищное коммунальное хозяйство Октябрьского района г. Минска""";"80";"";"01.08.2019";"01.01.2100";"0,007";"62,68";"0,44";"0,44";"0";"0";"0";"0";"0,66";"0";"0";"1,1";"0";"13571932694";"04.10.2026 21:26:31";"";"";"";"0";"0";"0"
"MN7000";"Минск РИЦ";"782156";"36941544";"80";"Земельный налог";"";"9100541";"КУП ""Жилищное коммунальное хозяйство Советского района г. Минска""";"КУП ""Жилищное коммунальное хозяйство Советского района г. Минска""";"80";"";"01.11.2021";"01.01.2100";"0,010213";"53,3";"0,54";"0,54";"0";"0";"0";"0";"0,54";"0";"0";"1,08";"0";"13566116972";"03.10.2026 9:05:19";"";"";"";"0";"0";"0"
"MN7000";"Минск РИЦ";"988012";"36921442";"80";"Земельный налог";"";"9100365";"КУП «Минские городские общежития»";"КУП «Минские городские общежития»";"80";"";"11.11.2021";"01.01.2100";"0";"6,27";"0";"0";"0";"0";"0";"0";"0";"0";"0";"0";"0";"13560532759";"02.10.2026 17:07:24";"";"";"";"0";"0";"0"
"MN7000";"Минск РИЦ";"1022086";"41310702";"80";"Земельный налог";"";"9100198";"КУП ""Жилищное коммунальное хозяйство Ленинского района г. Минска""";"КУП ""Жилищное коммунальное хозяйство Ленинского района г. Минска""";"80";"";"01.09.2024";"01.01.2100";"0,005422";"8,3";"0,05";"0,05";"0";"0";"0";"0";"0,05";"0";"0";"0,1";"0";"13571624950";"03.10.2026 18:45:33";"";"";"";"0";"0";"0"
"MN7000";"Минск РИЦ";"767954";"31880695";"80";"Земельный налог";"";"9100541";"КУП ""Жилищное коммунальное хозяйство Советского района г. Минска""";"КУП ""Жилищное коммунальное хозяйство Советского района г. Минска""";"80";"";"01.02.2020";"01.01.2100";"0,006366";"32,9";"0,21";"0,21";"0";"0";"0";"0";"0,42";"0";"0";"0,63";"0";"13566034551";"03.10.2026 9:05:19";"";"";"";"0";"0";"0"
"MN7000";"Минск РИЦ";"785464";"31880369";"80";"Земельный налог";"";"9100541";"КУП ""Жилищное коммунальное хозяйство Советского района г. Минска""";"КУП ""Жилищное коммунальное хозяйство Советского района г. Минска""";"80";"";"01.02.2020";"01.01.2100";"0,006262";"49,75";"0,31";"0,31";"0";"0";"0";"0";"17,48";"0";"0";"17,79";"0";"13566034236";"03.10.2026 9:05:19";"";"";"";"30";"0";"0"
"MN7000";"Минск РИЦ";"547226";"32855304";"80";"Земельный налог";"";"9100330";"КУП ""Жилищное коммунальное хозяйство Октябрьского района г. Минска""";"КУП ""Жилищное коммунальное хозяйство Октябрьского района г. Минска""";"80";"";"01.01.2021";"01.01.2100";"0,0096";"48,91";"0,47";"0,47";"0";"0";"0";"0";"0,47";"0";"0";"0,94";"0";"13571947934";"04.10.2026 21:26:31";"";"";"";"0";"0";"0"
"MN7000";"Минск РИЦ";"730856";"34118922";"80";"Земельный налог";"";"9100436";"КУП ""ЖКХ Первомайского района г. Минска""";"КУП ""ЖКХ Первомайского района г. Минска""";"80";"";"01.07.2021";"01.01.2100";"0,0102";"46,8";"0,48";"0,48";"0";"0";"0";"0";"0,48";"0";"0";"0,96";"0";"13549435464";"30.09.2026 23:08:56";"";"";"";"0";"0";"0"
"MN7000";"Минск РИЦ";"823237";"36941188";"80";"Земельный налог";"";"9100541";"КУП ""Жилищное коммунальное хозяйство Советского района г. Минска""";"КУП ""Жилищное коммунальное хозяйство Советского района г. Минска""";"80";"";"01.11.2021";"01.01.2100";"0,008001";"51,3";"0,41";"0,41";"0";"0";"0";"0";"0,41";"0";"0";"0,82";"0";"13566116651";"03.10.2026 9:05:19";"";"";"";"0";"0";"0"
"MN7000";"Минск РИЦ";"189861";"32532722";"80";"Земельный налог";"";"270";"КУП ""Жилищное коммунальное хозяйство №1 Московского района г.Минска""";"КУП ""Жилищное коммунальное хозяйство №1 Московского района г.Минска""";"80";"";"01.08.2020";"01.01.2100";"0,0075";"37";"0,28";"0,28";"0";"0";"0";"0";"0,84";"0";"0";"0,59";"0";"13568823558";"03.10.2026 12:46:45";"";"";"";"0";"0,53";"0"
"MN7000";"Минск РИЦ";"798773";"31533655";"80";"Земельный налог";"";"9100541";"КУП ""Жилищное коммунальное хозяйство Советского района г. Минска""";"КУП ""Жилищное коммунальное хозяйство Советского района г. Минска""";"80";"";"01.11.2019";"01.01.2100";"0,012978";"29,9";"0,39";"0,39";"0";"0";"0";"0";"0,78";"0";"0";"0,78";"0";"13562243011";"03.10.2026 3:11:31";"";"";"";"0";"0,39";"0"
"MN7000";"Минск РИЦ";"717059";"34159637";"80";"Земельный налог";"";"9100436";"КУП ""ЖКХ Первомайского района г. Минска""";"КУП ""ЖКХ Первомайского района г. Минска""";"80";"";"01.07.2021";"01.01.2100";"0,01194";"30,9";"0,37";"0,37";"0";"0";"0";"0";"0,76";"0";"0";"0,74";"0";"13549438538";"30.09.2026 23:08:56";"";"";"";"0";"0,39";"0"
"MN7000";"Минск РИЦ";"161306";"32243598";"80";"Земельный налог";"";"270";"КУП ""Жилищное коммунальное хозяйство №1 Московского района г.Минска""";"КУП ""Жилищное коммунальное хозяйство №1 Московского района г.Минска""";"80";"";"01.06.2020";"01.01.2100";"0,0118";"48,4";"0,57";"0,57";"0";"0";"0";"0";"0,92";"0";"0";"0,69";"0";"13561622846";"03.10.2026 1:18:56";"";"";"";"0";"0,8";"0"
"MN7000";"Минск РИЦ";"490253";"38766746";"80";"Земельный налог";"";"9100198";"КУП ""Жилищное коммунальное хозяйство Ленинского района г. Минска""";"КУП ""Жилищное коммунальное хозяйство Ленинского района г. Минска""";"80";"";"01.05.2023";"01.01.2100";"0,005422";"67,7";"0,37";"0,37";"0";"0";"0";"0";"0,74";"0";"0";"0,74";"0";"13571598165";"03.10.2026 18:45:33";"";"";"";"0";"0,37";"0"
"MN7000";"Минск РИЦ";"1018761";"39548395";"80";"Земельный налог";"";"9100330";"КУП ""Жилищное коммунальное хозяйство Октябрьского района г. Минска""";"КУП ""Жилищное коммунальное хозяйство Октябрьского района г. Минска""";"80";"";"01.05.2024";"01.01.2100";"0,007";"15,56";"0,11";"0,11";"0";"0";"0";"0";"0,11";"0";"0";"0,22";"0";"13572001134";"04.10.2026 21:26:31";"";"";"";"0";"0";"0"
"MN7000";"Минск РИЦ";"195882";"32529395";"80";"Земельный налог";"";"270";"КУП ""Жилищное коммунальное хозяйство №1 Московского района г.Минска""";"КУП ""Жилищное коммунальное хозяйство №1 Московского района г.Минска""";"80";"";"01.08.2020";"01.01.2100";"0,0066";"44,11";"0,29";"0,29";"0";"0";"0";"0";"0,71";"0";"0";"1";"0";"13561627542";"03.10.2026 1:18:56";"";"";"";"0";"0";"0"
"MN7000";"Минск РИЦ";"110634";"553188";"80";"Земельный налог";"";"270";"КУП ""Жилищное коммунальное хозяйство №1 Московского района г.Минска""";"КУП ""Жилищное коммунальное хозяйство №1 Московского района г.Минска""";"80";"";"01.01.2015";"01.01.2100";"0,009";"76,3";"0,69";"0,69";"0";"0";"0";"0";"0,69";"0";"0";"1,38";"0";"13568516337";"03.10.2026 12:46:45";"";"";"";"0";"0";"0"
"MN7000";"Минск РИЦ";"1029291";"42383344";"80";"Земельный налог";"";"270";"КУП ""Жилищное коммунальное хозяйство №1 Московского района г.Минска""";"КУП ""Жилищное коммунальное хозяйство №1 Московского района г.Минска""";"80";"";"01.02.2025";"01.01.2100";"0,009";"12,33";"0,11";"0,11";"0";"0";"0";"0";"0,11";"0";"0";"0,22";"0";"13569067706";"03.10.2026 12:46:45";"";"";"";"0";"0";"0"
"MN7000";"Минск РИЦ";"986395";"36833110";"82";"Возмещение суммы арендной платы за земельный участок (м.кв.) от площади";"";"9100365";"КУП «Минские городские общежития»";"КУП «Минские городские общежития»";"82";"";"01.10.2021";"01.01.2100";"0";"23";"0";"0";"0";"0";"0";"0";"0";"0";"0";"0";"0";"13564853681";"03.10.2026 8:35:39";"";"";"";"0";"0";"0"
"MN7000";"Минск РИЦ";"767954";"44326507";"104";"Текущий ремонт (руб.) от кол. усл.";"";"9100541";"КУП ""Жилищное коммунальное хозяйство Советского района г. Минска""";"КУП ""Жилищное коммунальное хозяйство Советского района г. Минска""";"104";"";"01.06.2026";"31.10.2026";"1";"51,6";"51,6";"51,6";"0";"0";"0";"0";"103,2";"0,93";"0,93";"154,76";"0";"13566188722";"03.10.2026 9:05:19";"";"";"";"0";"0,04";"0"
"MN7000";"Минск РИЦ";"547410";"39011867";"183";"Плата за польз.жил.помещением гос.жил.фонда (пониж.коэфф.)";"";"9100365";"КУП «Минские городские общежития»";"КУП «Минские городские общежития»";"183";"";"01.09.2023";"01.01.2100";"1,8";"59,1";"106,38";"106,38";"0";"0";"0";"0";"3639,53";"6397,72";"6397,72";"3745,91";"0";"13571994911";"04.10.2026 21:26:31";"";"";"";"35";"0";"0"
"MN7000";"Минск РИЦ";"195882";"38020414";"183";"Плата за польз.жил.помещением гос.жил.фонда (пониж.коэфф.)";"";"9100365";"КУП «Минские городские общежития»";"КУП «Минские городские общежития»";"183";"";"01.03.2023";"01.01.2100";"2,16";"44,11";"95,28";"95,28";"0";"0";"0";"0";"234,14";"13,04";"13,04";"329,42";"0";"13561667757";"03.10.2026 1:18:56";"";"";"";"0";"0";"0"
"MN7000";"Минск РИЦ";"195882";"38020414";"183";"Плата за пользование арендным жильем (пониж.коэфф.)";"";"9100365";"КУП «Минские городские общежития»";"КУП «Минские городские общежития»";"183";"";"01.03.2023";"01.01.2100";"2,16";"44,11";"95,28";"95,28";"0";"0";"0";"0";"234,14";"13,04";"13,04";"329,42";"0";"13561667757";"03.10.2026 1:18:56";"";"";"";"0";"0";"0"
"MN7000";"Минск РИЦ";"547410";"39011867";"183";"Плата за пользование арендным жильем (пониж.коэфф.)";"";"9100365";"КУП «Минские городские общежития»";"КУП «Минские городские общежития»";"183";"";"01.09.2023";"01.01.2100";"1,8";"59,1";"106,38";"106,38";"0";"0";"0";"0";"3639,53";"6397,72";"6397,72";"3745,91";"0";"13571994911";"04.10.2026 21:26:31";"";"";"";"35";"0";"0"
"MN7000";"Минск РИЦ";"195882";"38020479";"283";"Плата за польз.жил.помещением гос.жил.фонда.";"";"9100365";"КУП «Минские городские общежития»";"КУП «Минские городские общежития»";"184";"";"01.03.2023";"01.01.2100";"10,8";"0";"0";"0";"0";"0";"0";"0";"0";"0";"0";"0";"0";"13561667811";"03.10.2026 1:18:56";"";"";"";"0";"0";"0"
"MN7000";"Минск РИЦ";"195882";"38020479";"283";"Плата за пользование арендным жильем";"";"9100365";"КУП «Минские городские общежития»";"КУП «Минские городские общежития»";"184";"";"01.03.2023";"01.01.2100";"10,8";"0";"0";"0";"0";"0";"0";"0";"0";"0";"0";"0";"0";"13561667811";"03.10.2026 1:18:56";"";"";"";"0";"0";"0"
"MN7000";"Минск РИЦ";"978101";"34806733";"210";"Техобслуживание лифта по ЭОЗ (кв. м)";"";"270";"КУП ""Жилищное коммунальное хозяйство №1 Московского района г.Минска""";"КУП ""Жилищное коммунальное хозяйство №1 Московского района г.Минска""";"210";"";"01.09.2021";"01.01.2100";"0,1131";"0";"0";"0";"0";"0";"0";"0";"0";"0";"0";"0";"0";"13568919322";"03.10.2026 12:46:45";"";"";"";"0";"0";"0"
"MN7000";"Минск РИЦ";"785464";"34472383";"210";"Техобслуживание лифта по ЭОЗ (кв. м)";"";"9100541";"КУП ""Жилищное коммунальное хозяйство Советского района г. Минска""";"КУП ""Жилищное коммунальное хозяйство Советского района г. Минска""";"210";"";"01.09.2021";"01.01.2100";"0,1131";"0";"0";"0";"0";"0";"0";"0";"0";"0";"0";"0";"0";"13566084120";"03.10.2026 9:05:19";"";"";"";"0";"0";"0"
"MN7000";"Минск РИЦ";"1021340";"40895761";"210";"Техобслуживание лифта по ЭОЗ (кв. м)";"";"286";"КУП ""Жилищное коммунальное хозяйство №2 Фрунзенского района г.Минска""";"КУП ""Жилищное коммунальное хозяйство №2 Фрунзенского района г.Минска""";"210";"";"02.08.2024";"01.01.2100";"0,1131";"0";"0";"0";"0";"0";"0";"0";"0";"0";"0";"0";"0";"13550665075";"01.10.2026 2:53:14";"";"";"";"0";"0";"0"
"MN7000";"Минск РИЦ";"524245";"36175877";"210";"Техобслуживание лифта по ЭОЗ (кв. м)";"";"9100330";"КУП ""Жилищное коммунальное хозяйство Октябрьского района г. Минска""";"КУП ""Жилищное коммунальное хозяйство Октябрьского района г. Минска""";"210";"";"01.09.2021";"01.01.2100";"0,1131";"0";"0";"0";"0";"0";"0";"0";"0";"0";"0";"0";"0";"13571963511";"04.10.2026 21:26:31";"";"";"";"0";"0";"0"
"MN7000";"Минск РИЦ";"580913";"37962435";"210";"Техобслуживание лифта по ЭОЗ (кв. м)";"";"70002183";"ТС жилого дома 67 корпус 1 по ул.Захарова";"ТС жилого дома 67 корпус 1 по ул.Захарова";"210";"";"01.02.2023";"01.01.2100";"0,1131";"0";"0";"0";"0";"0";"0";"0";"0";"0";"0";"0";"0";"13560541893";"02.10.2026 16:51:10";"";"";"";"0";"0";"0"
"MN7000";"Минск РИЦ";"103501";"34797001";"210";"Техобслуживание лифта по ЭОЗ (кв. м)";"";"270";"КУП ""Жилищное коммунальное хозяйство №1 Московского района г.Минска""";"КУП ""Жилищное коммунальное хозяйство №1 Московского района г.Минска""";"210";"";"01.09.2021";"01.01.2100";"0,1131";"0";"0";"0";"0";"0";"0";"0";"0";"0";"0";"0";"0";"13568910302";"03.10.2026 12:46:45";"";"";"";"0";"0";"0"
"MN7000";"Минск РИЦ";"496122";"35112057";"210";"Техобслуживание лифта по ЭОЗ (кв. м)";"";"9100198";"КУП ""Жилищное коммунальное хозяйство Ленинского района г. Минска""";"КУП ""Жилищное коммунальное хозяйство Ленинского района г. Минска""";"210";"";"01.09.2021";"01.01.2100";"0,1131";"0";"0";"0";"0";"0";"0";"0";"0";"0";"0";"0";"0";"13571515625";"03.10.2026 18:45:33";"";"";"";"0";"0";"0"
"MN7000";"Минск РИЦ";"580893";"37962465";"210";"Техобслуживание лифта по ЭОЗ (кв. м)";"";"70002183";"ТС жилого дома 67 корпус 1 по ул.Захарова";"ТС жилого дома 67 корпус 1 по ул.Захарова";"210";"";"01.02.2023";"01.01.2100";"0,1131";"0";"0";"0";"0";"0";"0";"0";"0";"0";"0";"0";"0";"13560541923";"02.10.2026 16:51:10";"";"";"";"0";"0";"0"
"MN7000";"Минск РИЦ";"529172";"36175972";"210";"Техобслуживание лифта по ЭОЗ (кв. м)";"";"9100330";"КУП ""Жилищное коммунальное хозяйство Октябрьского района г. Минска""";"КУП ""Жилищное коммунальное хозяйство Октябрьского района г. Минска""";"210";"";"01.09.2021";"01.01.2100";"0,1131";"0";"0";"0";"0";"0";"0";"0";"0";"0";"0";"0";"0";"13571963602";"04.10.2026 21:26:31";"";"";"";"0";"0";"0"
"MN7000";"Минск РИЦ";"490081";"35108304";"210";"Техобслуживание лифта по ЭОЗ (кв. м)";"";"9100198";"КУП ""Жилищное коммунальное хозяйство Ленинского района г. Минска""";"КУП ""Жилищное коммунальное хозяйство Ленинского района г. Минска""";"210";"";"01.09.2021";"01.01.2100";"0,1131";"0";"0";"0";"0";"0";"0";"0";"0";"0";"0";"0";"0";"13571512053";"03.10.2026 18:45:33";"";"";"";"0";"0";"0"
"MN7000";"Минск РИЦ";"784573";"34472704";"210";"Техобслуживание лифта по ЭОЗ (кв. м)";"";"9100541";"КУП ""Жилищное коммунальное хозяйство Советского района г. Минска""";"КУП ""Жилищное коммунальное хозяйство Советского района г. Минска""";"210";"";"01.09.2021";"01.01.2100";"0,1131";"0";"0";"0";"0";"0";"0";"0";"0";"0";"0";"0";"0";"13566084432";"03.10.2026 9:05:19";"";"";"";"0";"0";"0"
"MN7000";"Минск РИЦ";"1029291";"42383333";"210";"Техобслуживание лифта по ЭОЗ (кв. м)";"";"270";"КУП ""Жилищное коммунальное хозяйство №1 Московского района г.Минска""";"КУП ""Жилищное коммунальное хозяйство №1 Московского района г.Минска""";"210";"";"01.02.2025";"01.01.2100";"0,1131";"0";"0";"0";"0";"0";"0";"0";"0";"0";"0";"0";"0";"13569067697";"03.10.2026 12:46:45";"";"";"";"0";"0";"0"
"MN7000";"Минск РИЦ";"1021731";"41337390";"210";"Техобслуживание лифта по ЭОЗ (кв. м)";"";"270";"КУП ""Жилищное коммунальное хозяйство №1 Московского района г.Минска""";"КУП ""Жилищное коммунальное хозяйство №1 Московского района г.Минска""";"210";"";"01.09.2024";"01.01.2100";"0,1131";"0";"0";"0";"0";"0";"0";"0";"0";"0";"0";"0";"0";"13561701606";"03.10.2026 1:18:56";"";"";"";"0";"0";"0"
"MN7000";"Минск РИЦ";"467895";"35100409";"210";"Техобслуживание лифта по ЭОЗ (кв. м)";"";"9100198";"КУП ""Жилищное коммунальное хозяйство Ленинского района г. Минска""";"КУП ""Жилищное коммунальное хозяйство Ленинского района г. Минска""";"210";"";"01.09.2021";"01.01.2100";"0,1131";"0";"0";"0";"0";"0";"0";"0";"0";"0";"0";"0";"0";"13571504544";"03.10.2026 18:45:33";"";"";"";"0";"0";"0"
"MN7000";"Минск РИЦ";"382652";"35350828";"210";"Техобслуживание лифта по ЭОЗ (кв. м)";"";"264";"КУП ""Жилищное коммунальное хозяйство Заводского района г.Минска""";"КУП ""Жилищное коммунальное хозяйство Заводского района г.Минска""";"210";"";"01.09.2021";"01.01.2100";"0,1131";"0";"0";"0";"0";"0";"0";"0";"0";"0";"0";"0";"0";"13564301497";"03.10.2026 6:56:22";"";"";"";"0";"0";"0"
"MN7000";"Минск РИЦ";"767954";"34472543";"210";"Техобслуживание лифта по ЭОЗ (кв. м)";"";"9100541";"КУП ""Жилищное коммунальное хозяйство Советского района г. Минска""";"КУП ""Жилищное коммунальное хозяйство Советского района г. Минска""";"210";"";"01.09.2021";"01.01.2100";"0,1131";"0";"0";"0";"0";"0";"0";"0";"0";"0";"0";"0";"0";"13566084276";"03.10.2026 9:05:19";"";"";"";"0";"0";"0"
"MN7000";"Минск РИЦ";"800695";"34476874";"210";"Техобслуживание лифта по ЭОЗ (кв. м)";"";"9100541";"КУП ""Жилищное коммунальное хозяйство Советского района г. Минска""";"КУП ""Жилищное коммунальное хозяйство Советского района г. Минска""";"210";"";"01.09.2021";"01.01.2100";"0,1131";"0";"0";"0";"0";"0";"0";"0";"0";"0";"0";"0";"0";"13566088490";"03.10.2026 9:05:19";"";"";"";"0";"0";"0"
"MN7000";"Минск РИЦ";"496968";"35105202";"210";"Техобслуживание лифта по ЭОЗ (кв. м)";"";"9100198";"КУП ""Жилищное коммунальное хозяйство Ленинского района г. Минска""";"КУП ""Жилищное коммунальное хозяйство Ленинского района г. Минска""";"210";"";"01.09.2021";"01.01.2100";"0,1131";"0";"0";"0";"0";"0";"0";"0";"0";"0";"0";"0";"0";"13571509095";"03.10.2026 18:45:33";"";"";"";"0";"0";"0"
"MN7000";"Минск РИЦ";"441130";"35082669";"210";"Техобслуживание лифта по ЭОЗ (кв. м)";"";"264";"КУП ""Жилищное коммунальное хозяйство Заводского района г.Минска""";"КУП ""Жилищное коммунальное хозяйство Заводского района г.Минска""";"210";"";"01.09.2021";"01.01.2100";"0,1131";"0";"0";"0";"0";"0";"0";"0";"0";"0";"0";"0";"0";"13563858158";"03.10.2026 6:36:14";"";"";"";"0";"0";"0"
"MN7000";"Минск РИЦ";"1019839";"40603983";"210";"Техобслуживание лифта по ЭОЗ (кв. м)";"";"270";"КУП ""Жилищное коммунальное хозяйство №1 Московского района г.Минска""";"КУП ""Жилищное коммунальное хозяйство №1 Московского района г.Минска""";"210";"";"01.07.2024";"01.01.2100";"0,1131";"0";"0";"0";"0";"0";"0";"0";"0";"0";"0";"0";"0";"13561697992";"03.10.2026 1:18:56";"";"";"";"0";"0";"0"
"MN7000";"Минск РИЦ";"768377";"34474223";"210";"Техобслуживание лифта по ЭОЗ (кв. м)";"";"9100541";"КУП ""Жилищное коммунальное хозяйство Советского района г. Минска""";"КУП ""Жилищное коммунальное хозяйство Советского района г. Минска""";"210";"";"01.09.2021";"01.01.2100";"0,1131";"0";"0";"0";"0";"0";"0";"0";"0";"0";"0";"0";"0";"13566085904";"03.10.2026 9:05:19";"";"";"";"0";"0";"0"
"MN7000";"Минск РИЦ";"1019451";"40465814";"210";"Техобслуживание лифта по ЭОЗ (кв. м)";"";"270";"КУП ""Жилищное коммунальное хозяйство №1 Московского района г.Минска""";"КУП ""Жилищное коммунальное хозяйство №1 Московского района г.Минска""";"210";"";"01.06.2024";"01.01.2100";"0,1131";"0";"0";"0";"0";"0";"7,15";"0";"7,15";"0,13";"0,13";"14,3";"0";"13561688550";"03.10.2026 1:18:56";"";"";"";"0";"0";"0"
"MN7000";"Минск РИЦ";"512933";"35107924";"210";"Техобслуживание лифта по ЭОЗ (кв. м)";"";"9100198";"КУП ""Жилищное коммунальное хозяйство Ленинского района г. Минска""";"КУП ""Жилищное коммунальное хозяйство Ленинского района г. Минска""";"210";"";"01.09.2021";"01.01.2100";"0,1131";"0";"0";"0";"0";"0";"0";"0";"0";"0";"0";"0";"0";"13571511689";"03.10.2026 18:45:33";"";"";"";"0";"0";"0"
"MN7000";"Минск РИЦ";"785382";"34478066";"210";"Техобслуживание лифта по ЭОЗ (кв. м)";"";"9100541";"КУП ""Жилищное коммунальное хозяйство Советского района г. Минска""";"КУП ""Жилищное коммунальное хозяйство Советского района г. Минска""";"210";"";"01.09.2021";"01.01.2100";"0,1131";"0";"0";"0";"0";"0";"0";"0";"0";"0";"0";"0";"0";"13566089646";"03.10.2026 9:05:19";"";"";"";"0";"0";"0"
"MN7000";"Минск РИЦ";"814107";"34569267";"210";"Техобслуживание лифта по ЭОЗ (кв. м)";"";"9100541";"КУП ""Жилищное коммунальное хозяйство Советского района г. Минска""";"КУП ""Жилищное коммунальное хозяйство Советского района г. Минска""";"210";"";"01.09.2021";"01.01.2100";"0,1131";"0";"0";"0";"0";"0";"0";"0";"0";"0";"0";"0";"0";"13562290354";"03.10.2026 3:11:31";"";"";"";"0";"0";"0"
"MN7000";"Минск РИЦ";"111810";"34796987";"210";"Техобслуживание лифта по ЭОЗ (кв. м)";"";"270";"КУП ""Жилищное коммунальное хозяйство №1 Московского района г.Минска""";"КУП ""Жилищное коммунальное хозяйство №1 Московского района г.Минска""";"210";"";"01.09.2021";"01.01.2100";"0,1131";"0";"0";"0";"0";"0";"0";"0";"0";"0";"0";"0";"0";"13568910289";"03.10.2026 12:46:45";"";"";"";"0";"0";"0"
"MN7000";"Минск РИЦ";"952529";"35166078";"210";"Техобслуживание лифта по ЭОЗ (кв. м)";"";"9100198";"КУП ""Жилищное коммунальное хозяйство Ленинского района г. Минска""";"КУП ""Жилищное коммунальное хозяйство Ленинского района г. Минска""";"210";"";"01.09.2021";"01.01.2100";"0,1131";"0";"0";"0";"0";"0";"0";"0";"0";"0";"0";"0";"0";"13571547560";"03.10.2026 18:45:33";"";"";"";"0";"0";"0"
"MN7000";"Минск РИЦ";"363885";"43699460";"210";"Техобслуживание лифта по ЭОЗ (кв. м)";"";"264";"КУП ""Жилищное коммунальное хозяйство Заводского района г.Минска""";"КУП ""Жилищное коммунальное хозяйство Заводского района г.Минска""";"210";"";"21.11.2025";"01.01.2100";"0,1131";"0";"0";"0";"0";"0";"0";"0";"0";"0";"0";"0";"0";"13563976192";"03.10.2026 6:36:14";"";"";"";"0";"0";"0"
"MN7000";"Минск РИЦ";"952527";"35166074";"210";"Техобслуживание лифта по ЭОЗ (кв. м)";"";"9100198";"КУП ""Жилищное коммунальное хозяйство Ленинского района г. Минска""";"КУП ""Жилищное коммунальное хозяйство Ленинского района г. Минска""";"210";"";"01.09.2021";"01.01.2100";"0,1131";"0";"0";"0";"0";"0";"0";"0";"0";"0";"0";"0";"0";"13571547557";"03.10.2026 18:45:33";"";"";"";"0";"0";"0"
"MN7000";"Минск РИЦ";"1018761";"39548386";"210";"Техобслуживание лифта по ЭОЗ (кв. м)";"";"9100330";"КУП ""Жилищное коммунальное хозяйство Октябрьского района г. Минска""";"КУП ""Жилищное коммунальное хозяйство Октябрьского района г. Минска""";"210";"";"01.05.2024";"01.01.2100";"0,1131";"0";"0";"0";"0";"0";"0";"0";"0";"0";"0";"0";"0";"13572001126";"04.10.2026 21:26:31";"";"";"";"0";"0";"0"
"MN7000";"Минск РИЦ";"1056919";"43933290";"210";"Техобслуживание лифта по ЭОЗ (кв. м)";"";"270";"КУП ""Жилищное коммунальное хозяйство №1 Московского района г.Минска""";"КУП ""Жилищное коммунальное хозяйство №1 Московского района г.Минска""";"210";"";"27.01.2026";"01.01.2100";"0,1131";"0";"0";"0";"0";"0";"0";"0";"0";"0";"0";"0";"0";"13561732116";"03.10.2026 1:18:56";"";"";"";"0";"0";"0"
"MN7000";"Минск РИЦ";"1007147";"38815242";"210";"Техобслуживание лифта по ЭОЗ (кв. м)";"";"70002338";"ТС ""Фарфоровый-1""";"ТС ""Фарфоровый-1""";"210";"";"21.06.2023";"01.01.2100";"0,1131";"0";"0";"0";"0";"0";"0";"0";"0";"0";"0";"0";"0";"13524846412";"25.09.2026 18:13:11";"";"";"";"0";"0";"0"
"MN7000";"Минск РИЦ";"178947";"34795827";"210";"Техобслуживание лифта по ЭОЗ (кв. м)";"";"270";"КУП ""Жилищное коммунальное хозяйство №1 Московского района г.Минска""";"КУП ""Жилищное коммунальное хозяйство №1 Московского района г.Минска""";"210";"";"01.09.2021";"01.01.2100";"0,1131";"0";"0";"0";"0";"0";"0";"0";"0";"0";"0";"0";"0";"13568909180";"03.10.2026 12:46:45";"";"";"";"0";"0";"0"
"MN7000";"Минск РИЦ";"490253";"35102650";"210";"Техобслуживание лифта по ЭОЗ (кв. м)";"";"9100198";"КУП ""Жилищное коммунальное хозяйство Ленинского района г. Минска""";"КУП ""Жилищное коммунальное хозяйство Ленинского района г. Минска""";"210";"";"01.09.2021";"01.01.2100";"0,1131";"0";"0";"0";"0";"0";"0";"0";"0";"0";"0";"0";"0";"13571506671";"03.10.2026 18:45:33";"";"";"";"0";"0";"0"
"MN7000";"Минск РИЦ";"1011281";"39107030";"210";"Техобслуживание лифта по ЭОЗ (кв. м)";"";"270";"КУП ""Жилищное коммунальное хозяйство №1 Московского района г.Минска""";"КУП ""Жилищное коммунальное хозяйство №1 Московского района г.Минска""";"210";"";"18.10.2023";"01.01.2100";"0,1131";"0";"0";"0";"0";"0";"0";"0";"0";"0";"0";"0";"0";"13561678425";"03.10.2026 1:18:56";"";"";"";"0";"0";"0"
"MN7000";"Минск РИЦ";"811665";"34471850";"210";"Техобслуживание лифта по ЭОЗ (кв. м)";"";"9100541";"КУП ""Жилищное коммунальное хозяйство Советского района г. Минска""";"КУП ""Жилищное коммунальное хозяйство Советского района г. Минска""";"210";"";"01.09.2021";"01.01.2100";"0,1131";"0";"0";"0";"0";"0";"0";"0";"0";"0";"0";"0";"0";"13566083606";"03.10.2026 9:05:19";"";"";"";"0";"0";"0"
"MN7000";"Минск РИЦ";"232534";"40997821";"210";"Техобслуживание лифта по ЭОЗ (кв. м)";"";"286";"КУП ""Жилищное коммунальное хозяйство №2 Фрунзенского района г.Минска""";"КУП ""Жилищное коммунальное хозяйство №2 Фрунзенского района г.Минска""";"210";"";"01.09.2024";"01.01.2100";"0,1131";"0";"0";"0";"0";"0";"0";"0";"0";"0";"0";"0";"0";"13550673799";"01.10.2026 2:53:14";"";"";"";"0";"0";"0"
"MN7000";"Минск РИЦ";"715445";"35370810";"210";"Техобслуживание лифта по ЭОЗ (кв. м)";"";"9100436";"КУП ""ЖКХ Первомайского района г. Минска""";"КУП ""ЖКХ Первомайского района г. Минска""";"210";"";"01.09.2021";"01.01.2100";"0,1131";"0";"0";"0";"0";"0";"0";"0";"0";"0";"0";"0";"0";"13549442585";"30.09.2026 23:08:56";"";"";"";"0";"0";"0"
"MN7000";"Минск РИЦ";"110634";"34791365";"210";"Техобслуживание лифта по ЭОЗ (кв. м)";"";"270";"КУП ""Жилищное коммунальное хозяйство №1 Московского района г.Минска""";"КУП ""Жилищное коммунальное хозяйство №1 Московского района г.Минска""";"210";"";"01.09.2021";"01.01.2100";"0,1131";"0";"0";"0";"0";"0";"0";"0";"0";"0";"0";"0";"0";"13568904900";"03.10.2026 12:46:45";"";"";"";"0";"0";"0"
"MN7000";"Минск РИЦ";"1029793";"42391730";"210";"Техобслуживание лифта по ЭОЗ (кв. м)";"";"70002338";"ТС ""Фарфоровый-1""";"ТС ""Фарфоровый-1""";"210";"";"01.02.2025";"01.01.2100";"0,1131";"0";"0";"0";"0";"0";"0";"0";"0";"0";"0";"0";"0";"13525097723";"25.09.2026 18:13:11";"";"";"";"0";"0";"0"
"MN7000";"Минск РИЦ";"811865";"34477184";"210";"Техобслуживание лифта по ЭОЗ (кв. м)";"";"9100541";"КУП ""Жилищное коммунальное хозяйство Советского района г. Минска""";"КУП ""Жилищное коммунальное хозяйство Советского района г. Минска""";"210";"";"01.09.2021";"01.01.2100";"0,1131";"0";"0";"0";"0";"0";"0";"0";"0";"0";"0";"0";"0";"13566088794";"03.10.2026 9:05:19";"";"";"";"0";"0";"0"
"MN7000";"Минск РИЦ";"490418";"35100661";"210";"Техобслуживание лифта по ЭОЗ (кв. м)";"";"9100198";"КУП ""Жилищное коммунальное хозяйство Ленинского района г. Минска""";"КУП ""Жилищное коммунальное хозяйство Ленинского района г. Минска""";"210";"";"01.09.2021";"01.01.2100";"0,1131";"0";"0";"0";"0";"0";"0";"0";"0";"0";"0";"0";"0";"13571504778";"03.10.2026 18:45:33";"";"";"";"0";"0";"0"
"MN7000";"Минск РИЦ";"365553";"43699455";"210";"Техобслуживание лифта по ЭОЗ (кв. м)";"";"264";"КУП ""Жилищное коммунальное хозяйство Заводского района г.Минска""";"КУП ""Жилищное коммунальное хозяйство Заводского района г.Минска""";"210";"";"21.11.2025";"01.01.2100";"0,1131";"0";"0";"0";"0";"0";"0";"0";"0";"0";"0";"0";"0";"13563976187";"03.10.2026 6:36:14";"";"";"";"0";"0";"0"
"MN7000";"Минск РИЦ";"189861";"34796514";"210";"Техобслуживание лифта по ЭОЗ (кв. м)";"";"270";"КУП ""Жилищное коммунальное хозяйство №1 Московского района г.Минска""";"КУП ""Жилищное коммунальное хозяйство №1 Московского района г.Минска""";"210";"";"01.09.2021";"01.01.2100";"0,1131";"0";"0";"0";"0";"0";"0";"0";"0";"0";"0";"0";"0";"13568909832";"03.10.2026 12:46:45";"";"";"";"0";"0";"0"
"MN7000";"Минск РИЦ";"363561";"36671010";"210";"Техобслуживание лифта по ЭОЗ (кв. м)";"";"9100231";"ТС жилого дома №5Б по ул.Голодеда";"ТС жилого дома №5Б по ул.Голодеда";"210";"";"01.09.2021";"01.01.2100";"0,1131";"0";"0";"0";"0";"0";"0";"0";"0";"0";"0";"0";"0";"13560609134";"02.10.2026 17:19:25";"";"";"";"0";"0";"0"
"MN7000";"Минск РИЦ";"1022086";"41310691";"210";"Техобслуживание лифта по ЭОЗ (кв. м)";"";"9100198";"КУП ""Жилищное коммунальное хозяйство Ленинского района г. Минска""";"КУП ""Жилищное коммунальное хозяйство Ленинского района г. Минска""";"210";"";"01.09.2024";"01.01.2100";"0,1131";"0";"0";"0";"0";"0";"0";"0";"0";"0";"0";"0";"0";"13571624941";"03.10.2026 18:45:33";"";"";"";"0";"0";"0"
"MN7000";"Минск РИЦ";"576698";"29020910";"216";"Обращение с ТКО по ЭОЗ";"";"274";"КУП ""Жилищное коммунальное хозяйство Партизанского района г.Минска""";"КУП ""Жилищное коммунальное хозяйство Партизанского района г.Минска""";"216";"";"01.11.2018";"01.01.2100";"20,7854";"0";"0";"0";"0";"0";"0";"0";"0";"0";"0";"0";"0";"13562767216";"03.10.2026 4:21:30";"";"";"";"0";"0";"0"
"MN7000";"Минск РИЦ";"955409";"31301797";"216";"Обращение с ТКО по ЭОЗ";"";"9100541";"КУП ""Жилищное коммунальное хозяйство Советского района г. Минска""";"КУП ""Жилищное коммунальное хозяйство Советского района г. Минска""";"216";"";"01.09.2019";"01.01.2100";"20,7854";"0";"0";"0";"0";"0";"0";"0";"0";"0";"0";"0";"0";"13566015108";"03.10.2026 9:05:19";"";"";"";"0";"0";"0"
"MN7000";"Минск РИЦ";"232534";"41018268";"216";"Обращение с ТКО по ЭОЗ";"";"286";"КУП ""Жилищное коммунальное хозяйство №2 Фрунзенского района г.Минска""";"КУП ""Жилищное коммунальное хозяйство №2 Фрунзенского района г.Минска""";"216";"";"01.09.2024";"01.01.2100";"23,3442";"0";"0";"0";"0";"0";"0";"0";"0";"0";"0";"0";"0";"13550692941";"01.10.2026 2:53:14";"";"";"";"0";"0";"0"
"MN7000";"Минск РИЦ";"1035981";"42672456";"216";"Обращение с ТКО по ЭОЗ";"";"264";"КУП ""Жилищное коммунальное хозяйство Заводского района г.Минска""";"КУП ""Жилищное коммунальное хозяйство Заводского района г.Минска""";"216";"";"01.05.2025";"01.01.2100";"20,7854";"0";"0";"0";"0";"0";"0";"0";"0";"0";"0";"0";"0";"13564382366";"03.10.2026 6:56:22";"";"";"";"0";"0";"0"
"MN7000";"Минск РИЦ";"1019839";"40603989";"216";"Обращение с ТКО по ЭОЗ";"";"270";"КУП ""Жилищное коммунальное хозяйство №1 Московского района г.Минска""";"КУП ""Жилищное коммунальное хозяйство №1 Московского района г.Минска""";"216";"";"01.07.2024";"01.01.2100";"20,7854";"0";"0";"0";"0";"0";"0";"0";"0";"0";"0";"0";"0";"13561697996";"03.10.2026 1:18:56";"";"";"";"0";"0";"0"
"MN7000";"Минск РИЦ";"1029793";"42391734";"216";"Обращение с ТКО по ЭОЗ";"";"70002338";"ТС ""Фарфоровый-1""";"ТС ""Фарфоровый-1""";"216";"";"01.02.2025";"01.01.2100";"20,7854";"0";"0";"0";"0";"0";"0";"0";"0";"0";"0";"0";"0";"13525097727";"25.09.2026 18:13:11";"";"";"";"0";"0";"0"
"MN7000";"Минск РИЦ";"382652";"9478814";"216";"Обращение с ТКО по ЭОЗ";"";"264";"КУП ""Жилищное коммунальное хозяйство Заводского района г.Минска""";"КУП ""Жилищное коммунальное хозяйство Заводского района г.Минска""";"216";"";"01.03.2016";"01.01.2100";"20,7854";"0";"0";"0";"0";"0";"0";"0";"0";"0";"0";"0";"0";"13564140685";"03.10.2026 6:56:22";"";"";"";"0";"0";"0"
"MN7000";"Минск РИЦ";"141846";"29331833";"216";"Обращение с ТКО по ЭОЗ";"";"270";"КУП ""Жилищное коммунальное хозяйство №1 Московского района г.Минска""";"КУП ""Жилищное коммунальное хозяйство №1 Московского района г.Минска""";"216";"";"01.01.2019";"01.01.2100";"20,7854";"0";"0";"0";"0";"0";"0";"0";"0";"0";"0";"0";"0";"13560515535";"02.10.2026 16:28:57";"";"";"";"0";"0";"0"
"MN7000";"Минск РИЦ";"529172";"13111011";"216";"Обращение с ТКО по ЭОЗ";"";"9100330";"КУП ""Жилищное коммунальное хозяйство Октябрьского района г. Минска""";"КУП ""Жилищное коммунальное хозяйство Октябрьского района г. Минска""";"216";"";"01.05.2016";"01.01.2100";"23,3442";"0";"0";"0";"0";"0";"0";"0";"0";"0";"0";"0";"0";"13571751487";"04.10.2026 21:26:31";"";"";"";"0";"0";"0"
"MN7000";"Минск РИЦ";"178947";"1002497";"216";"Обращение с ТКО по ЭОЗ";"";"270";"КУП ""Жилищное коммунальное хозяйство №1 Московского района г.Минска""";"КУП ""Жилищное коммунальное хозяйство №1 Московского района г.Минска""";"216";"";"01.06.2016";"01.01.2100";"23,3442";"0";"0";"0";"0";"0";"0";"0";"0";"0";"0";"0";"0";"13568572054";"03.10.2026 12:46:45";"";"";"";"0";"0";"0"
"MN7000";"Минск РИЦ";"547410";"13459295";"216";"Обращение с ТКО по ЭОЗ";"";"9100330";"КУП ""Жилищное коммунальное хозяйство Октябрьского района г. Минска""";"КУП ""Жилищное коммунальное хозяйство Октябрьского района г. Минска""";"216";"";"01.05.2016";"01.01.2100";"20,7854";"0";"0";"0";"0";"0";"0";"0";"0";"0";"0";"0";"0";"13571884244";"04.10.2026 21:26:31";"";"";"";"0";"0";"0"
"MN7000";"Минск РИЦ";"512933";"11703017";"216";"Обращение с ТКО по ЭОЗ";"";"9100198";"КУП ""Жилищное коммунальное хозяйство Ленинского района г. Минска""";"КУП ""Жилищное коммунальное хозяйство Ленинского района г. Минска""";"216";"";"01.05.2016";"01.01.2100";"20,7854";"0";"0";"0";"0";"0";"0";"0";"0";"0";"0";"0";"0";"13571167199";"03.10.2026 18:45:33";"";"";"";"0";"0";"0"
"MN7000";"Минск РИЦ";"1011281";"39107037";"216";"Обращение с ТКО по ЭОЗ";"";"270";"КУП ""Жилищное коммунальное хозяйство №1 Московского района г.Минска""";"КУП ""Жилищное коммунальное хозяйство №1 Московского района г.Минска""";"216";"";"18.10.2023";"01.01.2100";"20,7854";"0";"0";"0";"0";"0";"0";"0";"0";"0";"0";"0";"0";"13561678428";"03.10.2026 1:18:56";"";"";"";"0";"0";"0"
"MN7000";"Минск РИЦ";"986395";"36704769";"216";"Обращение с ТКО по ЭОЗ";"";"9100365";"КУП «Минские городские общежития»";"КУП «Минские городские общежития»";"216";"";"01.09.2021";"01.01.2100";"20,7854";"0";"0";"0";"0";"0";"0";"0";"0";"0";"0";"0";"0";"13564852800";"03.10.2026 8:35:39";"";"";"";"0";"0";"0"
"MN7000";"Минск РИЦ";"580913";"37962510";"216";"Обращение с ТКО по ЭОЗ";"";"70002183";"ТС жилого дома 67 корпус 1 по ул.Захарова";"ТС жилого дома 67 корпус 1 по ул.Захарова";"216";"";"01.02.2023";"01.01.2100";"20,7854";"0";"0";"0";"0";"0";"0";"0";"0";"0";"0";"0";"0";"13560541966";"02.10.2026 16:51:10";"";"";"";"0";"0";"0"
"MN7000";"Минск РИЦ";"576702";"29020911";"216";"Обращение с ТКО по ЭОЗ";"";"274";"КУП ""Жилищное коммунальное хозяйство Партизанского района г.Минска""";"КУП ""Жилищное коммунальное хозяйство Партизанского района г.Минска""";"216";"";"01.11.2018";"01.01.2100";"20,7854";"0";"0";"0";"0";"0";"0";"0";"0";"0";"0";"0";"0";"13562767217";"03.10.2026 4:21:30";"";"";"";"0";"0";"0"
"MN7000";"Минск РИЦ";"103501";"393707";"216";"Обращение с ТКО по ЭОЗ";"";"270";"КУП ""Жилищное коммунальное хозяйство №1 Московского района г.Минска""";"КУП ""Жилищное коммунальное хозяйство №1 Московского района г.Минска""";"216";"";"01.06.2016";"01.01.2100";"23,3442";"0";"0";"0";"0";"0";"0";"0";"0";"0";"0";"0";"0";"13567975395";"03.10.2026 12:46:45";"";"";"";"0";"0";"0"
"MN7000";"Минск РИЦ";"1069422";"44344315";"216";"Обращение с ТКО по ЭОЗ";"";"274";"КУП ""Жилищное коммунальное хозяйство Партизанского района г.Минска""";"КУП ""Жилищное коммунальное хозяйство Партизанского района г.Минска""";"216";"";"01.06.2026";"01.01.2100";"20,7854";"0";"0";"0";"0";"0";"0";"0";"0";"0";"0";"0";"0";"13562771679";"03.10.2026 4:21:30";"";"";"";"0";"0";"0"
"MN7000";"Минск РИЦ";"764300";"17227643";"216";"Обращение с ТКО по ЭОЗ";"";"9100436";"КУП ""ЖКХ Первомайского района г. Минска""";"КУП ""ЖКХ Первомайского района г. Минска""";"216";"";"01.03.2016";"01.01.2100";"20,7854";"0";"0";"0";"0";"0";"0";"0";"0";"0";"0";"0";"0";"13549328303";"30.09.2026 23:08:56";"";"";"";"0";"0";"0"
"MN7000";"Минск РИЦ";"580579";"29021367";"216";"Обращение с ТКО по ЭОЗ";"";"274";"КУП ""Жилищное коммунальное хозяйство Партизанского района г.Минска""";"КУП ""Жилищное коммунальное хозяйство Партизанского района г.Минска""";"216";"";"01.11.2018";"01.01.2100";"20,7854";"0";"0";"0";"0";"0";"0";"0";"0";"0";"0";"0";"0";"13562767651";"03.10.2026 4:21:30";"";"";"";"0";"0";"0"
"MN7000";"Минск РИЦ";"782156";"19748570";"216";"Обращение с ТКО по ЭОЗ";"";"9100541";"КУП ""Жилищное коммунальное хозяйство Советского района г. Минска""";"КУП ""Жилищное коммунальное хозяйство Советского района г. Минска""";"216";"";"01.05.2016";"01.01.2100";"20,7854";"0";"0";"0";"0";"0";"0";"0";"0";"0";"0";"0";"0";"13565882917";"03.10.2026 9:05:19";"";"";"";"0";"0";"0"
"MN7000";"Минск РИЦ";"730856";"16857653";"216";"Обращение с ТКО по ЭОЗ";"";"9100436";"КУП ""ЖКХ Первомайского района г. Минска""";"КУП ""ЖКХ Первомайского района г. Минска""";"216";"";"01.03.2016";"01.01.2100";"20,7854";"0";"0";"0";"0";"0";"0";"0";"0";"0";"0";"0";"0";"13549309943";"30.09.2026 23:08:56";"";"";"";"0";"0";"0"
"MN7000";"Минск РИЦ";"1019451";"40465822";"216";"Обращение с ТКО по ЭОЗ";"";"270";"КУП ""Жилищное коммунальное хозяйство №1 Московского района г.Минска""";"КУП ""Жилищное коммунальное хозяйство №1 Московского района г.Минска""";"216";"";"01.06.2024";"01.01.2100";"20,7854";"0";"0";"0";"0";"0";"4,35";"0";"4,35";"0,09";"0,09";"8,7";"0";"13561688554";"03.10.2026 1:18:56";"";"";"";"0";"0";"0"
"MN7000";"Минск РИЦ";"580562";"29021358";"216";"Обращение с ТКО по ЭОЗ";"";"274";"КУП ""Жилищное коммунальное хозяйство Партизанского района г.Минска""";"КУП ""Жилищное коммунальное хозяйство Партизанского района г.Минска""";"216";"";"01.11.2018";"01.01.2100";"20,7854";"0";"0";"0";"0";"0";"0";"0";"0";"0";"0";"0";"0";"13562767643";"03.10.2026 4:21:30";"";"";"";"0";"0";"0"
"MN7000";"Минск РИЦ";"1021340";"40895765";"216";"Обращение с ТКО по ЭОЗ";"";"286";"КУП ""Жилищное коммунальное хозяйство №2 Фрунзенского района г.Минска""";"КУП ""Жилищное коммунальное хозяйство №2 Фрунзенского района г.Минска""";"216";"";"02.08.2024";"01.01.2100";"23,3442";"0";"0";"0";"0";"0";"0";"0";"0";"0";"0";"0";"0";"13550665078";"01.10.2026 2:53:14";"";"";"";"0";"0";"0"
"MN7000";"Минск РИЦ";"767954";"19704733";"216";"Обращение с ТКО по ЭОЗ";"";"9100541";"КУП ""Жилищное коммунальное хозяйство Советского района г. Минска""";"КУП ""Жилищное коммунальное хозяйство Советского района г. Минска""";"216";"";"01.05.2016";"01.01.2100";"20,7854";"0";"0";"0";"0";"0";"0";"0";"0";"0";"0";"0";"0";"13565877297";"03.10.2026 9:05:19";"";"";"";"0";"0";"0"
"MN7000";"Минск РИЦ";"784573";"19523904";"216";"Обращение с ТКО по ЭОЗ";"";"9100541";"КУП ""Жилищное коммунальное хозяйство Советского района г. Минска""";"КУП ""Жилищное коммунальное хозяйство Советского района г. Минска""";"216";"";"01.05.2016";"01.01.2100";"23,3442";"0";"0";"0";"0";"0";"0";"0";"0";"0";"0";"0";"0";"13565852393";"03.10.2026 9:05:19";"";"";"";"0";"0";"0"
"MN7000";"Минск РИЦ";"952529";"31090885";"216";"Обращение с ТКО по ЭОЗ";"";"9100198";"КУП ""Жилищное коммунальное хозяйство Ленинского района г. Минска""";"КУП ""Жилищное коммунальное хозяйство Ленинского района г. Минска""";"216";"";"01.07.2019";"01.01.2100";"20,7854";"0";"0";"0";"0";"0";"0";"0";"0";"0";"0";"0";"0";"13571441823";"03.10.2026 18:45:33";"";"";"";"0";"0";"0"
"MN7000";"Минск РИЦ";"105252";"29331777";"216";"Обращение с ТКО по ЭОЗ";"";"270";"КУП ""Жилищное коммунальное хозяйство №1 Московского района г.Минска""";"КУП ""Жилищное коммунальное хозяйство №1 Московского района г.Минска""";"216";"";"01.01.2019";"01.01.2100";"20,7854";"0";"0";"0";"0";"0";"0";"0";"0";"0";"0";"0";"0";"13560515488";"02.10.2026 16:28:57";"";"";"";"0";"0";"0"
"MN7000";"Минск РИЦ";"207130";"41290832";"216";"Обращение с ТКО по ЭОЗ";"";"286";"КУП ""Жилищное коммунальное хозяйство №2 Фрунзенского района г.Минска""";"КУП ""Жилищное коммунальное хозяйство №2 Фрунзенского района г.Минска""";"216";"";"01.09.2024";"01.01.2100";"20,7854";"0";"0";"0";"0";"0";"0";"0";"0";"0";"0";"0";"0";"13552825867";"01.10.2026 5:50:15";"";"";"";"0";"0";"0"
"MN7000";"Минск РИЦ";"574329";"29024468";"216";"Обращение с ТКО по ЭОЗ";"";"274";"КУП ""Жилищное коммунальное хозяйство Партизанского района г.Минска""";"КУП ""Жилищное коммунальное хозяйство Партизанского района г.Минска""";"216";"";"01.11.2018";"01.01.2100";"20,7854";"0";"0";"0";"0";"0";"0";"0";"0";"0";"0";"0";"0";"13562768229";"03.10.2026 4:21:30";"";"";"";"0";"0";"0"
"MN7000";"Минск РИЦ";"1021202";"40823844";"216";"Обращение с ТКО по ЭОЗ";"";"274";"КУП ""Жилищное коммунальное хозяйство Партизанского района г.Минска""";"КУП ""Жилищное коммунальное хозяйство Партизанского района г.Минска""";"216";"";"01.08.2024";"01.01.2100";"20,7854";"0";"0";"0";"0";"0";"0";"0";"0";"0";"0";"0";"0";"13562770843";"03.10.2026 4:21:30";"";"";"";"0";"0";"0"
"MN7000";"Минск РИЦ";"195882";"850612";"216";"Обращение с ТКО по ЭОЗ";"";"270";"КУП ""Жилищное коммунальное хозяйство №1 Московского района г.Минска""";"КУП ""Жилищное коммунальное хозяйство №1 Московского района г.Минска""";"216";"";"01.06.2016";"01.01.2100";"20,7854";"0";"0";"0";"0";"0";"0";"0";"0";"0";"0";"0";"0";"13561477002";"03.10.2026 1:18:56";"";"";"";"0";"0";"0"
"MN7000";"Минск РИЦ";"715445";"17043084";"216";"Обращение с ТКО по ЭОЗ";"";"9100436";"КУП ""ЖКХ Первомайского района г. Минска""";"КУП ""ЖКХ Первомайского района г. Минска""";"216";"";"01.03.2016";"01.01.2100";"20,7854";"0";"0";"0";"0";"0";"0";"0";"0";"0";"0";"0";"0";"13549319848";"30.09.2026 23:08:56";"";"";"";"0";"0";"0"
"MN7000";"Минск РИЦ";"811665";"19523994";"216";"Обращение с ТКО по ЭОЗ";"";"9100541";"КУП ""Жилищное коммунальное хозяйство Советского района г. Минска""";"КУП ""Жилищное коммунальное хозяйство Советского района г. Минска""";"216";"";"01.05.2016";"01.01.2100";"23,3442";"0";"0";"0";"0";"0";"0";"0";"0";"0";"0";"0";"0";"13565852424";"03.10.2026 9:05:19";"";"";"";"0";"0";"0"
"MN7000";"Минск РИЦ";"768377";"19075894";"216";"Обращение с ТКО по ЭОЗ";"";"9100541";"КУП ""Жилищное коммунальное хозяйство Советского района г. Минска""";"КУП ""Жилищное коммунальное хозяйство Советского района г. Минска""";"216";"";"01.05.2016";"01.01.2100";"20,7854";"0";"0";"0";"0";"0";"0";"0";"0";"0";"0";"0";"0";"13565792250";"03.10.2026 9:05:19";"";"";"";"0";"0";"0"
"MN7000";"Минск РИЦ";"192685";"241497";"216";"Обращение с ТКО по ЭОЗ";"";"270";"КУП ""Жилищное коммунальное хозяйство №1 Московского района г.Минска""";"КУП ""Жилищное коммунальное хозяйство №1 Московского района г.Минска""";"216";"";"01.06.2016";"01.01.2100";"20,7854";"0";"0";"0";"0";"0";"0";"0";"0";"0";"0";"0";"0";"13561445115";"03.10.2026 1:18:56";"";"";"";"0";"0";"0"
"MN7000";"Минск РИЦ";"365553";"43699979";"216";"Обращение с ТКО по ЭОЗ";"";"264";"КУП ""Жилищное коммунальное хозяйство Заводского района г.Минска""";"КУП ""Жилищное коммунальное хозяйство Заводского района г.Минска""";"216";"";"21.11.2025";"01.01.2100";"20,7854";"0";"0";"0";"0";"0";"0";"0";"0";"0";"0";"0";"0";"13563976583";"03.10.2026 6:36:14";"";"";"";"0";"0";"0"
"MN7000";"Минск РИЦ";"1046374";"43598415";"216";"Обращение с ТКО по ЭОЗ";"";"264";"КУП ""Жилищное коммунальное хозяйство Заводского района г.Минска""";"КУП ""Жилищное коммунальное хозяйство Заводского района г.Минска""";"216";"";"27.10.2025";"01.01.2100";"20,7854";"0";"0";"0";"0";"0";"0";"0";"0";"0";"0";"0";"0";"13563975152";"03.10.2026 6:36:14";"";"";"";"0";"0";"0"
"MN7000";"Минск РИЦ";"1008768";"43985753";"216";"Обращение с ТКО по ЭОЗ";"";"70003423";"УП ""Ремавтодор Заводского района г.Минска""";"УП ""Ремавтодор Заводского района г.Минска""";"216";"";"01.02.2026";"01.01.2100";"20,7854";"0";"0";"0";"0";"0";"0";"0";"0";"0";"0";"0";"0";"13560634851";"02.10.2026 17:19:25";"";"";"";"0";"0";"0"
"MN7000";"Минск РИЦ";"189861";"1310750";"216";"Обращение с ТКО по ЭОЗ";"";"270";"КУП ""Жилищное коммунальное хозяйство №1 Московского района г.Минска""";"КУП ""Жилищное коммунальное хозяйство №1 Московского района г.Минска""";"216";"";"01.06.2016";"01.01.2100";"23,3442";"0";"0";"0";"0";"0";"0";"0";"0";"0";"0";"0";"0";"13568606704";"03.10.2026 12:46:45";"";"";"";"0";"0";"0"
"MN7000";"Минск РИЦ";"745760";"17721747";"216";"Обращение с ТКО по ЭОЗ";"";"9100436";"КУП ""ЖКХ Первомайского района г. Минска""";"КУП ""ЖКХ Первомайского района г. Минска""";"216";"";"01.03.2016";"01.01.2100";"20,7854";"0";"0";"0";"0";"0";"0";"0";"0";"0";"0";"0";"0";"13549353293";"30.09.2026 23:08:56";"";"";"";"0";"0";"0"
"MN7000";"Минск РИЦ";"441130";"9276917";"216";"Обращение с ТКО по ЭОЗ";"";"264";"КУП ""Жилищное коммунальное хозяйство Заводского района г.Минска""";"КУП ""Жилищное коммунальное хозяйство Заводского района г.Минска""";"216";"";"01.03.2016";"01.01.2100";"23,3442";"0";"0";"0";"0";"0";"0";"0";"0";"0";"0";"0";"0";"13563709058";"03.10.2026 6:36:14";"";"";"";"0";"0";"0"
"MN7000";"Минск РИЦ";"1017261";"39472446";"216";"Обращение с ТКО по ЭОЗ";"";"274";"КУП ""Жилищное коммунальное хозяйство Партизанского района г.Минска""";"КУП ""Жилищное коммунальное хозяйство Партизанского района г.Минска""";"216";"";"01.04.2024";"01.01.2100";"20,7854";"0";"0";"0";"0";"0";"0";"0";"0";"0";"0";"0";"0";"13562770742";"03.10.2026 4:21:30";"";"";"";"0";"0";"0"
"MN7000";"Минск РИЦ";"785382";"20062043";"216";"Обращение с ТКО по ЭОЗ";"";"9100541";"КУП ""Жилищное коммунальное хозяйство Советского района г. Минска""";"КУП ""Жилищное коммунальное хозяйство Советского района г. Минска""";"216";"";"01.05.2016";"01.01.2100";"20,7854";"0";"0";"0";"0";"0";"0";"0";"0";"0";"0";"0";"0";"13565924184";"03.10.2026 9:05:19";"";"";"";"0";"0";"0"
"MN7000";"Минск РИЦ";"111810";"1233052";"216";"Обращение с ТКО по ЭОЗ";"";"270";"КУП ""Жилищное коммунальное хозяйство №1 Московского района г.Минска""";"КУП ""Жилищное коммунальное хозяйство №1 Московского района г.Минска""";"216";"";"01.06.2016";"01.01.2100";"23,3442";"0";"0";"0";"0";"0";"0";"0";"0";"0";"0";"0";"0";"13568597777";"03.10.2026 12:46:45";"";"";"";"0";"0";"0"
"MN7000";"Минск РИЦ";"785464";"19166392";"216";"Обращение с ТКО по ЭОЗ";"";"9100541";"КУП ""Жилищное коммунальное хозяйство Советского района г. Минска""";"КУП ""Жилищное коммунальное хозяйство Советского района г. Минска""";"216";"";"01.05.2016";"01.01.2100";"20,7854";"0";"0";"0";"0";"0";"0";"0";"0";"0";"0";"0";"0";"13565804330";"03.10.2026 9:05:19";"";"";"";"0";"0";"0"
"MN7000";"Минск РИЦ";"730750";"17106025";"216";"Обращение с ТКО по ЭОЗ";"";"9100436";"КУП ""ЖКХ Первомайского района г. Минска""";"КУП ""ЖКХ Первомайского района г. Минска""";"216";"";"01.03.2016";"01.01.2100";"20,7854";"0";"0";"0";"0";"0";"0";"0";"0";"0";"0";"0";"0";"13549322738";"30.09.2026 23:08:56";"";"";"";"0";"0";"0"
"MN7000";"Минск РИЦ";"547226";"13344455";"216";"Обращение с ТКО по ЭОЗ";"";"9100330";"КУП ""Жилищное коммунальное хозяйство Октябрьского района г. Минска""";"КУП ""Жилищное коммунальное хозяйство Октябрьского района г. Минска""";"216";"";"01.05.2016";"01.01.2100";"20,7854";"0";"0";"0";"0";"0";"0";"0";"0";"0";"0";"0";"0";"13571876989";"04.10.2026 21:26:31";"";"";"";"0";"0";"0"
"MN7000";"Минск РИЦ";"811865";"19255093";"216";"Обращение с ТКО по ЭОЗ";"";"9100541";"КУП ""Жилищное коммунальное хозяйство Советского района г. Минска""";"КУП ""Жилищное коммунальное хозяйство Советского района г. Минска""";"216";"";"01.05.2016";"01.01.2100";"23,3442";"0";"0";"0";"0";"0";"0";"0";"0";"0";"0";"0";"0";"13565816256";"03.10.2026 9:05:19";"";"";"";"0";"0";"0"
"MN7000";"Минск РИЦ";"496968";"11297307";"216";"Обращение с ТКО по ЭОЗ";"";"9100198";"КУП ""Жилищное коммунальное хозяйство Ленинского района г. Минска""";"КУП ""Жилищное коммунальное хозяйство Ленинского района г. Минска""";"216";"";"01.05.2016";"01.01.2100";"20,7854";"0";"0";"0";"0";"0";"0";"0";"0";"0";"0";"0";"0";"13571113151";"03.10.2026 18:45:33";"";"";"";"0";"0";"0"
"MN7000";"Минск РИЦ";"231798";"41019790";"216";"Обращение с ТКО по ЭОЗ";"";"286";"КУП ""Жилищное коммунальное хозяйство №2 Фрунзенского района г.Минска""";"КУП ""Жилищное коммунальное хозяйство №2 Фрунзенского района г.Минска""";"216";"";"01.09.2024";"01.01.2100";"23,3442";"0";"0";"0";"0";"0";"0";"0";"0";"0";"0";"0";"0";"13550694368";"01.10.2026 2:53:14";"";"";"";"0";"0";"0"
"MN7000";"Минск РИЦ";"575809";"29020842";"216";"Обращение с ТКО по ЭОЗ";"";"274";"КУП ""Жилищное коммунальное хозяйство Партизанского района г.Минска""";"КУП ""Жилищное коммунальное хозяйство Партизанского района г.Минска""";"216";"";"01.11.2018";"01.01.2100";"20,7854";"0";"0";"0";"0";"0";"0";"0";"0";"0";"0";"0";"0";"13562767153";"03.10.2026 4:21:30";"";"";"";"0";"0";"0"
"MN7000";"Минск РИЦ";"945811";"30647790";"216";"Обращение с ТКО по ЭОЗ";"";"9100365";"КУП «Минские городские общежития»";"КУП «Минские городские общежития»";"216";"";"06.03.2019";"01.01.2100";"20,7854";"0";"0";"0";"0";"0";"0";"0";"0";"0";"0";"0";"0";"13560530535";"02.10.2026 17:07:24";"";"";"";"0";"0";"0"
"MN7000";"Минск РИЦ";"582047";"29025348";"216";"Обращение с ТКО по ЭОЗ";"";"274";"КУП ""Жилищное коммунальное хозяйство Партизанского района г.Минска""";"КУП ""Жилищное коммунальное хозяйство Партизанского района г.Минска""";"216";"";"01.11.2018";"01.01.2100";"20,7854";"0";"0";"0";"0";"0";"0";"0";"0";"0";"0";"0";"0";"13562769064";"03.10.2026 4:21:30";"";"";"";"0";"0";"0"
"MN7000";"Минск РИЦ";"1044522";"43517833";"216";"Обращение с ТКО по ЭОЗ";"";"9100365";"КУП «Минские городские общежития»";"КУП «Минские городские общежития»";"216";"";"02.09.2025";"01.01.2100";"20,7854";"0";"0";"0";"0";"0";"0";"0";"0";"0";"0";"0";"0";"13560584471";"02.10.2026 17:07:24";"";"";"";"0";"0";"0"
"MN7000";"Минск РИЦ";"804080";"19748166";"216";"Обращение с ТКО по ЭОЗ";"";"9100541";"КУП ""Жилищное коммунальное хозяйство Советского района г. Минска""";"КУП ""Жилищное коммунальное хозяйство Советского района г. Минска""";"216";"";"01.05.2016";"01.01.2100";"20,7854";"0";"0";"0";"0";"0";"0";"0";"0";"0";"0";"0";"0";"13562160495";"03.10.2026 3:11:31";"";"";"";"0";"0";"0"
"MN7000";"Минск РИЦ";"573306";"29021785";"216";"Обращение с ТКО по ЭОЗ";"";"274";"КУП ""Жилищное коммунальное хозяйство Партизанского района г.Минска""";"КУП ""Жилищное коммунальное хозяйство Партизанского района г.Минска""";"216";"";"01.11.2018";"01.01.2100";"20,7854";"0";"0";"0";"0";"0";"0";"0";"0";"0";"0";"0";"0";"13562768057";"03.10.2026 4:21:30";"";"";"";"0";"0";"0"
"MN7000";"Минск РИЦ";"814107";"20019762";"216";"Обращение с ТКО по ЭОЗ";"";"9100541";"КУП ""Жилищное коммунальное хозяйство Советского района г. Минска""";"КУП ""Жилищное коммунальное хозяйство Советского района г. Минска""";"216";"";"01.05.2016";"01.01.2100";"20,7854";"0";"0";"0";"0";"0";"0";"0";"0";"0";"0";"0";"0";"13562186442";"03.10.2026 3:11:31";"";"";"";"0";"0";"0"
"MN7000";"Минск РИЦ";"988012";"36921446";"216";"Обращение с ТКО по ЭОЗ";"";"9100365";"КУП «Минские городские общежития»";"КУП «Минские городские общежития»";"216";"";"11.11.2021";"01.01.2100";"20,7854";"0";"0";"0";"0";"0";"0";"0";"0";"0";"0";"0";"0";"13560532760";"02.10.2026 17:07:24";"";"";"";"0";"0";"0"
"MN7000";"Минск РИЦ";"161306";"241347";"216";"Обращение с ТКО по ЭОЗ";"";"270";"КУП ""Жилищное коммунальное хозяйство №1 Московского района г.Минска""";"КУП ""Жилищное коммунальное хозяйство №1 Московского района г.Минска""";"216";"";"01.06.2016";"01.01.2100";"20,7854";"0";"0";"0";"0";"0";"0";"0";"0";"0";"0";"0";"0";"13561445070";"03.10.2026 1:18:56";"";"";"";"0";"0";"0"
"MN7000";"Минск РИЦ";"496122";"10580481";"216";"Обращение с ТКО по ЭОЗ";"";"9100198";"КУП ""Жилищное коммунальное хозяйство Ленинского района г. Минска""";"КУП ""Жилищное коммунальное хозяйство Ленинского района г. Минска""";"216";"";"01.05.2016";"01.01.2100";"20,7854";"0";"0";"0";"0";"0";"0";"0";"0";"0";"0";"0";"0";"13571014923";"03.10.2026 18:45:33";"";"";"";"0";"0";"0"
"MN7000";"Минск РИЦ";"1029291";"42383339";"216";"Обращение с ТКО по ЭОЗ";"";"270";"КУП ""Жилищное коммунальное хозяйство №1 Московского района г.Минска""";"КУП ""Жилищное коммунальное хозяйство №1 Московского района г.Минска""";"216";"";"01.02.2025";"01.01.2100";"23,3442";"0";"0";"0";"0";"0";"0";"0";"0";"0";"0";"0";"0";"13569067701";"03.10.2026 12:46:45";"";"";"";"0";"0";"0"
"MN7000";"Минск РИЦ";"717059";"18152783";"216";"Обращение с ТКО по ЭОЗ";"";"9100436";"КУП ""ЖКХ Первомайского района г. Минска""";"КУП ""ЖКХ Первомайского района г. Минска""";"216";"";"01.03.2016";"01.01.2100";"20,7854";"0";"0";"0";"0";"0";"0";"0";"0";"0";"0";"0";"0";"13549374818";"30.09.2026 23:08:56";"";"";"";"0";"0";"0"
"MN7000";"Минск РИЦ";"490081";"11063401";"216";"Обращение с ТКО по ЭОЗ";"";"9100198";"КУП ""Жилищное коммунальное хозяйство Ленинского района г. Минска""";"КУП ""Жилищное коммунальное хозяйство Ленинского района г. Минска""";"216";"";"01.05.2016";"01.01.2100";"20,7854";"0";"0";"0";"0";"0";"0";"0";"0";"0";"0";"0";"0";"13571080817";"03.10.2026 18:45:33";"";"";"";"0";"0";"0"
"MN7000";"Минск РИЦ";"1022086";"41310695";"216";"Обращение с ТКО по ЭОЗ";"";"9100198";"КУП ""Жилищное коммунальное хозяйство Ленинского района г. Минска""";"КУП ""Жилищное коммунальное хозяйство Ленинского района г. Минска""";"216";"";"01.09.2024";"01.01.2100";"20,7854";"0";"0";"0";"0";"0";"0";"0";"0";"0";"0";"0";"0";"13571624945";"03.10.2026 18:45:33";"";"";"";"0";"0";"0"
"MN7000";"Минск РИЦ";"579551";"29024837";"216";"Обращение с ТКО по ЭОЗ";"";"274";"КУП ""Жилищное коммунальное хозяйство Партизанского района г.Минска""";"КУП ""Жилищное коммунальное хозяйство Партизанского района г.Минска""";"216";"";"01.11.2018";"01.01.2100";"20,7854";"0";"0";"0";"0";"0";"0";"0";"0";"0";"0";"0";"0";"13562768578";"03.10.2026 4:21:30";"";"";"";"0";"0";"0"
"MN7000";"Минск РИЦ";"363561";"34390877";"216";"Обращение с ТКО по ЭОЗ";"";"9100231";"ТС жилого дома №5Б по ул.Голодеда";"ТС жилого дома №5Б по ул.Голодеда";"216";"";"01.08.2021";"01.01.2100";"20,7854";"0";"0";"0";"0";"0";"0";"0";"0";"0";"0";"0";"0";"13560605204";"02.10.2026 17:19:25";"";"";"";"0";"0";"0"
"MN7000";"Минск РИЦ";"1021731";"41338017";"216";"Обращение с ТКО по ЭОЗ";"";"270";"КУП ""Жилищное коммунальное хозяйство №1 Московского района г.Минска""";"КУП ""Жилищное коммунальное хозяйство №1 Московского района г.Минска""";"216";"";"01.09.2024";"01.01.2100";"20,7854";"0";"0";"0";"0";"0";"0";"0";"0";"0";"0";"0";"0";"13561701900";"03.10.2026 1:18:56";"";"";"";"0";"0";"0"
"MN7000";"Минск РИЦ";"978101";"32989107";"216";"Обращение с ТКО по ЭОЗ";"";"270";"КУП ""Жилищное коммунальное хозяйство №1 Московского района г.Минска""";"КУП ""Жилищное коммунальное хозяйство №1 Московского района г.Минска""";"216";"";"01.02.2021";"01.01.2100";"23,3442";"0";"0";"0";"0";"0";"0";"0";"0";"0";"0";"0";"0";"13568834767";"03.10.2026 12:46:45";"";"";"";"0";"0";"0"
"MN7000";"Минск РИЦ";"1056919";"43933319";"216";"Обращение с ТКО по ЭОЗ";"";"270";"КУП ""Жилищное коммунальное хозяйство №1 Московского района г.Минска""";"КУП ""Жилищное коммунальное хозяйство №1 Московского района г.Минска""";"216";"";"27.01.2026";"01.01.2100";"20,7854";"0";"0";"0";"0";"0";"0";"0";"0";"0";"0";"0";"0";"13561732124";"03.10.2026 1:18:56";"";"";"";"0";"0";"0"
"MN7000";"Минск РИЦ";"815517";"19342998";"216";"Обращение с ТКО по ЭОЗ";"";"9100541";"КУП ""Жилищное коммунальное хозяйство Советского района г. Минска""";"КУП ""Жилищное коммунальное хозяйство Советского района г. Минска""";"216";"";"01.05.2016";"01.01.2100";"20,7854";"0";"0";"0";"0";"0";"0";"0";"0";"0";"0";"0";"0";"13562120604";"03.10.2026 3:11:31";"";"";"";"0";"0";"0"
"MN7000";"Минск РИЦ";"798773";"19075369";"216";"Обращение с ТКО по ЭОЗ";"";"9100541";"КУП ""Жилищное коммунальное хозяйство Советского района г. Минска""";"КУП ""Жилищное коммунальное хозяйство Советского района г. Минска""";"216";"";"01.05.2016";"01.01.2100";"20,7854";"0";"0";"0";"0";"0";"0";"0";"0";"0";"0";"0";"0";"13562094309";"03.10.2026 3:11:31";"";"";"";"0";"0";"0"
"MN7000";"Минск РИЦ";"1007147";"38815243";"216";"Обращение с ТКО по ЭОЗ";"";"70002338";"ТС ""Фарфоровый-1""";"ТС ""Фарфоровый-1""";"216";"";"21.06.2023";"01.01.2100";"20,7854";"0";"0";"0";"0";"0";"0";"0";"0";"0";"0";"0";"0";"13524846413";"25.09.2026 18:13:11";"";"";"";"0";"0";"0"
"MN7000";"Минск РИЦ";"582026";"29021694";"216";"Обращение с ТКО по ЭОЗ";"";"274";"КУП ""Жилищное коммунальное хозяйство Партизанского района г.Минска""";"КУП ""Жилищное коммунальное хозяйство Партизанского района г.Минска""";"216";"";"01.11.2018";"01.01.2100";"20,7854";"0";"0";"0";"0";"0";"0";"0";"0";"0";"0";"0";"0";"13562767968";"03.10.2026 4:21:30";"";"";"";"0";"0";"0"
"MN7000";"Минск РИЦ";"139085";"2373160";"216";"Обращение с ТКО по ЭОЗ";"";"270";"КУП ""Жилищное коммунальное хозяйство №1 Московского района г.Минска""";"КУП ""Жилищное коммунальное хозяйство №1 Московского района г.Минска""";"216";"";"01.06.2016";"01.01.2100";"23,3442";"0";"0";"0";"0";"0";"0";"0";"0";"0";"0";"0";"0";"13568723323";"03.10.2026 12:46:45";"";"";"";"0";"0";"0"
"MN7000";"Минск РИЦ";"523282";"41984345";"216";"Обращение с ТКО по ЭОЗ";"";"9100198";"КУП ""Жилищное коммунальное хозяйство Ленинского района г. Минска""";"КУП ""Жилищное коммунальное хозяйство Ленинского района г. Минска""";"216";"";"01.11.2024";"01.01.2100";"20,7854";"0";"0";"0";"0";"0";"0";"0";"0";"0";"0";"0";"0";"13570829622";"03.10.2026 16:50:37";"";"";"";"0";"0";"0"
"MN7000";"Минск РИЦ";"800695";"19478549";"216";"Обращение с ТКО по ЭОЗ";"";"9100541";"КУП ""Жилищное коммунальное хозяйство Советского района г. Минска""";"КУП ""Жилищное коммунальное хозяйство Советского района г. Минска""";"216";"";"01.05.2016";"01.01.2100";"23,3442";"0";"0";"0";"0";"0";"0";"0";"0";"0";"0";"0";"0";"13565846610";"03.10.2026 9:05:19";"";"";"";"0";"0";"0"
"MN7000";"Минск РИЦ";"363885";"43700103";"216";"Обращение с ТКО по ЭОЗ";"";"264";"КУП ""Жилищное коммунальное хозяйство Заводского района г.Минска""";"КУП ""Жилищное коммунальное хозяйство Заводского района г.Минска""";"216";"";"21.11.2025";"01.01.2100";"20,7854";"0";"0";"0";"0";"0";"0";"0";"0";"0";"0";"0";"0";"13563976705";"03.10.2026 6:36:14";"";"";"";"0";"0";"0"
"MN7000";"Минск РИЦ";"183962";"466000";"216";"Обращение с ТКО по ЭОЗ";"";"270";"КУП ""Жилищное коммунальное хозяйство №1 Московского района г.Минска""";"КУП ""Жилищное коммунальное хозяйство №1 Московского района г.Минска""";"216";"";"01.06.2016";"01.01.2100";"20,7854";"0";"0";"0";"0";"0";"0";"0";"0";"0";"0";"0";"0";"13561320940";"03.10.2026 1:18:56";"";"";"";"0";"0";"0"
"MN7000";"Минск РИЦ";"580893";"37962544";"216";"Обращение с ТКО по ЭОЗ";"";"70002183";"ТС жилого дома 67 корпус 1 по ул.Захарова";"ТС жилого дома 67 корпус 1 по ул.Захарова";"216";"";"01.02.2023";"01.01.2100";"20,7854";"0";"0";"0";"0";"0";"0";"0";"0";"0";"0";"0";"0";"13560542000";"02.10.2026 16:51:10";"";"";"";"0";"0";"0"
"MN7000";"Минск РИЦ";"110634";"546105";"216";"Обращение с ТКО по ЭОЗ";"";"270";"КУП ""Жилищное коммунальное хозяйство №1 Московского района г.Минска""";"КУП ""Жилищное коммунальное хозяйство №1 Московского района г.Минска""";"216";"";"01.06.2016";"01.01.2100";"23,3442";"0";"0";"0";"0";"0";"0";"0";"0";"0";"0";"0";"0";"13568515298";"03.10.2026 12:46:45";"";"";"";"0";"0";"0"
"MN7000";"Минск РИЦ";"524245";"12577644";"216";"Обращение с ТКО по ЭОЗ";"";"9100330";"КУП ""Жилищное коммунальное хозяйство Октябрьского района г. Минска""";"КУП ""Жилищное коммунальное хозяйство Октябрьского района г. Минска""";"216";"";"01.05.2016";"01.01.2100";"23,3442";"0";"0";"0";"0";"0";"0";"0";"0";"0";"0";"0";"0";"13571718882";"04.10.2026 21:26:31";"";"";"";"0";"0";"0"
"MN7000";"Минск РИЦ";"122560";"1466015";"216";"Обращение с ТКО по ЭОЗ";"";"270";"КУП ""Жилищное коммунальное хозяйство №1 Московского района г.Минска""";"КУП ""Жилищное коммунальное хозяйство №1 Московского района г.Минска""";"216";"";"01.06.2016";"01.01.2100";"20,7854";"0";"0";"0";"0";"0";"0";"0";"0";"0";"0";"0";"0";"13561511840";"03.10.2026 1:18:56";"";"";"";"0";"0";"0"
"MN7000";"Минск РИЦ";"574320";"29024465";"216";"Обращение с ТКО по ЭОЗ";"";"274";"КУП ""Жилищное коммунальное хозяйство Партизанского района г.Минска""";"КУП ""Жилищное коммунальное хозяйство Партизанского района г.Минска""";"216";"";"01.11.2018";"01.01.2100";"20,7854";"0";"0";"0";"0";"0";"0";"0";"0";"0";"0";"0";"0";"13562768226";"03.10.2026 4:21:30";"";"";"";"0";"0";"0"
"MN7000";"Минск РИЦ";"1018761";"39548390";"216";"Обращение с ТКО по ЭОЗ";"";"9100330";"КУП ""Жилищное коммунальное хозяйство Октябрьского района г. Минска""";"КУП ""Жилищное коммунальное хозяйство Октябрьского района г. Минска""";"216";"";"01.05.2024";"01.01.2100";"23,3442";"0";"0";"0";"0";"0";"0";"0";"0";"0";"0";"0";"0";"13572001129";"04.10.2026 21:26:31";"";"";"";"0";"0";"0"
"MN7000";"Минск РИЦ";"490253";"10701544";"216";"Обращение с ТКО по ЭОЗ";"";"9100198";"КУП ""Жилищное коммунальное хозяйство Ленинского района г. Минска""";"КУП ""Жилищное коммунальное хозяйство Ленинского района г. Минска""";"216";"";"01.05.2016";"01.01.2100";"20,7854";"0";"0";"0";"0";"0";"0";"0";"0";"0";"0";"0";"0";"13571031494";"03.10.2026 18:45:33";"";"";"";"0";"0";"0"
"MN7000";"Минск РИЦ";"490418";"11297943";"216";"Обращение с ТКО по ЭОЗ";"";"9100198";"КУП ""Жилищное коммунальное хозяйство Ленинского района г. Минска""";"КУП ""Жилищное коммунальное хозяйство Ленинского района г. Минска""";"216";"";"01.05.2016";"01.01.2100";"20,7854";"0";"0";"0";"0";"0";"0";"0";"0";"0";"0";"0";"0";"13571113330";"03.10.2026 18:45:33";"";"";"";"0";"0";"0"
"MN7000";"Минск РИЦ";"823237";"19972632";"216";"Обращение с ТКО по ЭОЗ";"";"9100541";"КУП ""Жилищное коммунальное хозяйство Советского района г. Минска""";"КУП ""Жилищное коммунальное хозяйство Советского района г. Минска""";"216";"";"01.05.2016";"01.01.2100";"23,3442";"0";"0";"0";"0";"0";"0";"0";"0";"0";"0";"0";"0";"13565913093";"03.10.2026 9:05:19";"";"";"";"0";"0";"0"
"MN7000";"Минск РИЦ";"952527";"31090808";"216";"Обращение с ТКО по ЭОЗ";"";"9100198";"КУП ""Жилищное коммунальное хозяйство Ленинского района г. Минска""";"КУП ""Жилищное коммунальное хозяйство Ленинского района г. Минска""";"216";"";"01.07.2019";"01.01.2100";"20,7854";"0";"0";"0";"0";"0";"0";"0";"0";"0";"0";"0";"0";"13571441812";"03.10.2026 18:45:33";"";"";"";"0";"0";"0"
"MN7000";"Минск РИЦ";"467895";"11940598";"216";"Обращение с ТКО по ЭОЗ";"";"9100198";"КУП ""Жилищное коммунальное хозяйство Ленинского района г. Минска""";"КУП ""Жилищное коммунальное хозяйство Ленинского района г. Минска""";"216";"";"01.05.2016";"01.01.2100";"20,7854";"0";"0";"0";"0";"0";"0";"0";"0";"0";"0";"0";"0";"13571198883";"03.10.2026 18:45:33";"";"";"";"0";"0";"0"
"MN7000";"Минск РИЦ";"490081";"33003850";"308";"ТО ЗПУ (руб.)";"";"449";"ООО ""Домофонинвест""";"ООО ""Домофонинвест""";"308";"";"01.02.2021";"01.01.2100";"1,68";"1";"1,68";"1,68";"0";"0";"0";"0";"1,68";"0";"0";"3,36";"0";"13571473752";"03.10.2026 18:45:33";"";"";"";"0";"0";"0"
"MN7000";"Минск РИЦ";"139085";"41541000";"308";"ТО ЗПУ (руб.)";"";"70002778";"ООО ""ДомофонТехноПлюс""";"ООО ""ДомофонТехноПлюс""";"308";"";"03.10.2024";"01.01.2100";"1,68";"1";"1,68";"1,68";"0";"0";"0";"0";"1,68";"0";"0";"3,36";"0";"13568571314";"03.10.2026 12:46:45";"";"";"";"0";"0";"0"
"MN7000";"Минск РИЦ";"363885";"26709107";"308";"ТО ЗПУ (руб.)";"";"519";"ООО""ВИДЕОГОРОД""";"ООО""ВИДЕОГОРОД""";"308";"";"01.09.2017";"01.01.2100";"1,68";"1";"1,68";"1,68";"0";"0";"0";"0";"1,68";"0";"0";"3,36";"0";"13563765987";"03.10.2026 6:36:14";"";"";"";"0";"0";"0"
"MN7000";"Минск РИЦ";"785382";"34293091";"308";"ТО ЗПУ (руб.)";"";"70001540";"ООО ""СТРОЙМИР""";"ООО ""СТРОЙМИР""";"308";"";"01.08.2021";"01.01.2100";"1,68";"1";"1,68";"1,68";"0";"0";"0";"0";"1,68";"0,04";"0,04";"3,36";"0";"13566071243";"03.10.2026 9:05:19";"";"";"";"0";"0";"0"
"MN7000";"Минск РИЦ";"231798";"34227710";"308";"ТО ЗПУ (руб.)";"";"70001540";"ООО ""СТРОЙМИР""";"ООО ""СТРОЙМИР""";"308";"";"01.08.2021";"01.01.2100";"1,68";"1";"1,68";"1,68";"0";"0";"0";"0";"1,68";"0,01";"0,01";"3,36";"0";"13550593752";"01.10.2026 2:53:14";"";"";"";"0";"0";"0"
"MN7000";"Минск РИЦ";"823237";"34295421";"308";"ТО ЗПУ (руб.)";"";"70001540";"ООО ""СТРОЙМИР""";"ООО ""СТРОЙМИР""";"308";"";"01.08.2021";"01.01.2100";"1,68";"1";"1,68";"1,68";"0";"0";"0";"0";"1,68";"0,01";"0,01";"3,36";"0";"13566071685";"03.10.2026 9:05:19";"";"";"";"0";"0";"0"
"MN7000";"Минск РИЦ";"523282";"10330304";"308";"ТО ЗПУ (руб.)";"";"449";"ООО ""Домофонинвест""";"ООО ""Домофонинвест""";"308";"";"01.10.2015";"01.01.2100";"1,68";"1";"1,68";"1,68";"0";"0";"0";"0";"1,68";"0";"0";"3,36";"0";"13570301191";"03.10.2026 16:50:37";"";"";"";"0";"0";"0"
"MN7000";"Минск РИЦ";"730856";"29090273";"308";"ТО ЗПУ (руб.)";"";"417";"ООО ""Кварц-авто сервис""";"ООО ""Кварц-авто сервис""";"308";"";"01.12.2018";"01.01.2100";"1,68";"1";"1,68";"1,68";"0";"0";"0";"0";"1,68";"0,13";"0,13";"3,36";"0";"13549408962";"30.09.2026 23:08:56";"";"";"";"0";"0";"0"
"MN7000";"Минск РИЦ";"730750";"29175779";"308";"ТО ЗПУ (руб.)";"";"417";"ООО ""Кварц-авто сервис""";"ООО ""Кварц-авто сервис""";"308";"";"01.12.2018";"01.01.2100";"1,68";"1";"1,68";"1,68";"0";"0";"0";"0";"1,68";"0";"0";"3,36";"0";"13549409250";"30.09.2026 23:08:56";"";"";"";"0";"0";"0"
"MN7000";"Минск РИЦ";"580893";"13739726";"308";"ТО ЗПУ (руб.)";"";"555";"ИП Зиневич В.Ю.";"ИП Зиневич В.Ю.";"308";"";"01.10.2015";"01.01.2100";"1,68";"1";"1,68";"1,68";"0";"0";"0";"0";"3,36";"0";"0";"3,36";"0";"13560524710";"02.10.2026 16:51:10";"";"";"";"0";"1,68";"0"
"MN7000";"Минск РИЦ";"111810";"41540643";"308";"ТО ЗПУ (руб.)";"";"70002778";"ООО ""ДомофонТехноПлюс""";"ООО ""ДомофонТехноПлюс""";"308";"";"03.10.2024";"01.01.2100";"1,68";"1";"1,68";"1,68";"0";"0";"0";"0";"3,58";"0";"0";"3,03";"0";"13569056240";"03.10.2026 12:46:45";"";"";"";"0";"2,23";"0"
"MN7000";"Минск РИЦ";"363561";"26719401";"308";"ТО ЗПУ (руб.)";"";"519";"ООО""ВИДЕОГОРОД""";"ООО""ВИДЕОГОРОД""";"308";"";"01.09.2017";"01.01.2100";"1,68";"1";"1,68";"1,68";"0";"0";"0";"0";"1,68";"0";"0";"3,36";"0";"13560577085";"02.10.2026 17:19:25";"";"";"";"0";"0";"0"
"MN7000";"Минск РИЦ";"811665";"39481475";"308";"ТО ЗПУ (руб.)";"";"70001540";"ООО ""СТРОЙМИР""";"ООО ""СТРОЙМИР""";"308";"";"01.04.2024";"01.01.2100";"1,68";"1";"1,68";"1,68";"0";"0";"0";"0";"1,68";"0,01";"0,01";"3,36";"0";"13566146900";"03.10.2026 9:05:19";"";"";"";"0";"0";"0"
"MN7000";"Минск РИЦ";"814107";"34294143";"308";"ТО ЗПУ (руб.)";"";"70001540";"ООО ""СТРОЙМИР""";"ООО ""СТРОЙМИР""";"308";"";"01.08.2021";"01.01.2100";"1,68";"1";"1,68";"1,68";"0";"0";"0";"0";"3,36";"0,03";"0,03";"3,36";"0";"13562286982";"03.10.2026 3:11:31";"";"";"";"0";"1,68";"0"
"MN7000";"Минск РИЦ";"178947";"44468439";"308";"ТО ЗПУ (руб.)";"";"400";"ООО ""Домофонсталь""";"ООО ""Домофонсталь""";"308";"";"01.07.2026";"01.01.2100";"1,68";"1";"1,68";"1,68";"0";"0";"0";"0";"1,89";"0";"0";"3,57";"0";"13569098829";"03.10.2026 12:46:45";"";"";"";"0";"0";"0"
"MN7000";"Минск РИЦ";"512933";"34315980";"308";"ТО ЗПУ (руб.)";"";"70001540";"ООО ""СТРОЙМИР""";"ООО ""СТРОЙМИР""";"308";"";"01.08.2021";"01.01.2100";"1,68";"1";"1,68";"1,68";"0";"0";"0";"0";"1,68";"0,02";"0,02";"3,36";"0";"13571499115";"03.10.2026 18:45:33";"";"";"";"0";"0";"0"
"MN7000";"Минск РИЦ";"767954";"34335915";"308";"ТО ЗПУ (руб.)";"";"70001540";"ООО ""СТРОЙМИР""";"ООО ""СТРОЙМИР""";"308";"";"01.08.2021";"01.01.2100";"1,68";"1";"1,68";"1,68";"0";"0";"0";"0";"3,36";"0,03";"0,03";"5,04";"0";"13566078584";"03.10.2026 9:05:19";"";"";"";"0";"0";"0"
"MN7000";"Минск РИЦ";"195882";"34367692";"308";"ТО ЗПУ (руб.)";"";"70001540";"ООО ""СТРОЙМИР""";"ООО ""СТРОЙМИР""";"308";"";"01.08.2021";"01.01.2100";"1,68";"1";"1,68";"1,68";"0";"0";"0";"0";"4,12";"0,19";"0,19";"5,8";"0";"13561648180";"03.10.2026 1:18:56";"";"";"";"0";"0";"0"
"MN7000";"Минск РИЦ";"365553";"26709066";"308";"ТО ЗПУ (руб.)";"";"519";"ООО""ВИДЕОГОРОД""";"ООО""ВИДЕОГОРОД""";"308";"";"01.09.2017";"01.01.2100";"1,68";"1";"1,68";"1,68";"0";"0";"0";"0";"1,7";"0";"0";"3,38";"0";"13563765956";"03.10.2026 6:36:14";"";"";"";"0";"0";"0"
"MN7000";"Минск РИЦ";"715445";"27718825";"308";"ТО ЗПУ (руб.)";"";"417";"ООО ""Кварц-авто сервис""";"ООО ""Кварц-авто сервис""";"308";"";"01.08.2018";"01.01.2100";"1,68";"1";"1,68";"1,68";"0";"0";"0";"0";"1,68";"0";"0";"3,36";"0";"13549407179";"30.09.2026 23:08:56";"";"";"";"0";"0";"0"
"MN7000";"Минск РИЦ";"784573";"34296007";"308";"ТО ЗПУ (руб.)";"";"70001540";"ООО ""СТРОЙМИР""";"ООО ""СТРОЙМИР""";"308";"";"01.08.2021";"01.01.2100";"1,68";"1";"1,68";"1,68";"0";"0";"0";"0";"5,04";"0,61";"0,19";"3,36";"0";"13566072124";"03.10.2026 9:05:19";"";"";"";"0";"3,36";"0,42"
"MN7000";"Минск РИЦ";"490253";"34317754";"308";"ТО ЗПУ (руб.)";"";"70001540";"ООО ""СТРОЙМИР""";"ООО ""СТРОЙМИР""";"308";"";"01.08.2021";"01.01.2100";"1,68";"1";"1,68";"1,68";"0";"0";"0";"0";"3,36";"0,14";"0,14";"3,35";"0";"13571500650";"03.10.2026 18:45:33";"";"";"";"0";"1,69";"0"
"MN7000";"Минск РИЦ";"580913";"14091372";"308";"ТО ЗПУ (руб.)";"";"555";"ИП Зиневич В.Ю.";"ИП Зиневич В.Ю.";"308";"";"01.10.2015";"01.01.2100";"1,68";"1";"1,68";"1,68";"0";"0";"0";"0";"1,68";"0";"0";"3,36";"0";"13560536822";"02.10.2026 16:51:10";"";"";"";"0";"0";"0"
"MN7000";"Минск РИЦ";"467895";"34317650";"308";"ТО ЗПУ (руб.)";"";"70001540";"ООО ""СТРОЙМИР""";"ООО ""СТРОЙМИР""";"308";"";"01.08.2021";"01.01.2100";"1,68";"1";"1,68";"1,68";"0";"0";"0";"0";"3,36";"0,08";"0,05";"3,36";"0";"13571500559";"03.10.2026 18:45:33";"";"";"";"0";"1,68";"0,03"
"MN7000";"Минск РИЦ";"183962";"34370751";"308";"ТО ЗПУ (руб.)";"";"70001540";"ООО ""СТРОЙМИР""";"ООО ""СТРОЙМИР""";"308";"";"01.08.2021";"01.01.2100";"1,68";"1";"1,68";"1,68";"0";"0";"0";"0";"3,03";"0,13";"0,03";"3,33";"0";"13561649073";"03.10.2026 1:18:56";"";"";"";"0";"1,38";"0,1"
"MN7000";"Минск РИЦ";"717059";"31647684";"308";"ТО ЗПУ (руб.)";"";"417";"ООО ""Кварц-авто сервис""";"ООО ""Кварц-авто сервис""";"308";"";"01.11.2019";"01.01.2100";"1,68";"1";"1,68";"1,68";"0";"0";"0";"0";"3,42";"0,2";"0,2";"3,37";"0";"13549417381";"30.09.2026 23:08:56";"";"";"";"0";"1,73";"0"
"MN7000";"Минск РИЦ";"782156";"34304285";"308";"ТО ЗПУ (руб.)";"";"70001540";"ООО ""СТРОЙМИР""";"ООО ""СТРОЙМИР""";"308";"";"01.08.2021";"01.01.2100";"1,68";"1";"1,68";"1,68";"0";"0";"0";"0";"1,68";"0,01";"0,01";"3,36";"0";"13566072804";"03.10.2026 9:05:19";"";"";"";"0";"0";"0"
"MN7000";"Минск РИЦ";"815517";"44660713";"308";"ТО ЗПУ (руб.)";"";"417";"ООО ""Кварц-авто сервис""";"ООО ""Кварц-авто сервис""";"308";"";"01.09.2026";"01.01.2100";"1,68";"1";"1,68";"1,68";"0";"0";"0";"0";"0";"0";"0";"1,68";"0";"13562369744";"03.10.2026 3:11:31";"";"";"";"0";"0";"0"
"MN7000";"Минск РИЦ";"496968";"34317346";"308";"ТО ЗПУ (руб.)";"";"70001540";"ООО ""СТРОЙМИР""";"ООО ""СТРОЙМИР""";"308";"";"01.08.2021";"01.01.2100";"1,68";"1";"1,68";"1,68";"0";"0";"0";"0";"1,68";"0";"0";"3,36";"0";"13571500259";"03.10.2026 18:45:33";"";"";"";"0";"0";"0"
"MN7000";"Минск РИЦ";"207130";"3476395";"308";"ТО ЗПУ (руб.)";"";"417";"ООО ""Кварц-авто сервис""";"ООО ""Кварц-авто сервис""";"308";"";"01.11.2015";"01.01.2100";"1,68";"1";"1,68";"1,68";"0";"0,18";"0";"0";"3,36";"0,15";"0,33";"5,04";"0";"13552591739";"01.10.2026 5:50:15";"";"";"";"0";"0";"0"
"MN7000";"Минск РИЦ";"800695";"41517825";"308";"ТО ЗПУ (руб.)";"";"9100558";"ГП ""ЖЭУ № 4 Советского района г. Минска""";"ГП ""ЖЭУ № 4 Советского района г. Минска""";"308";"";"01.10.2024";"01.01.2100";"1,3";"1";"1,3";"1,3";"0";"0";"0";"0";"1,3";"0";"0";"2,6";"0";"13566173170";"03.10.2026 9:05:19";"";"";"";"0";"0";"0"
"MN7000";"Минск РИЦ";"768377";"34312431";"308";"ТО ЗПУ (руб.)";"";"70001540";"ООО ""СТРОЙМИР""";"ООО ""СТРОЙМИР""";"308";"";"01.08.2021";"01.01.2100";"1,68";"1";"1,68";"1,68";"0";"0";"0";"0";"3,36";"0,09";"0,06";"3,36";"0";"13566074512";"03.10.2026 9:05:19";"";"";"";"0";"1,68";"0,03"
"MN7000";"Минск РИЦ";"189861";"41540579";"308";"ТО ЗПУ (руб.)";"";"70002778";"ООО ""ДомофонТехноПлюс""";"ООО ""ДомофонТехноПлюс""";"308";"";"03.10.2024";"01.01.2100";"1,68";"1";"1,68";"1,68";"0";"0";"0";"0";"5,04";"0";"0";"3,53";"0";"13569056177";"03.10.2026 12:46:45";"";"";"";"0";"3,19";"0"
"MN7000";"Минск РИЦ";"110634";"24814234";"308";"ТО ЗПУ (руб.)";"";"406";"ГП ""Белсантехэнерго""";"ГП ""Белсантехэнерго""";"308";"";"01.08.2017";"01.01.2100";"1,68";"1";"1,68";"1,68";"0";"0";"0";"0";"1,68";"0";"0";"3,36";"0";"13568746350";"03.10.2026 12:46:45";"";"";"";"0";"0";"0"
"MN7000";"Минск РИЦ";"490253";"37559869";"318";"ТО видеонаблюдения (руб.)";"";"7000833";"ООО ""ДВС ВИДЕО""";"ООО ""ДВС ВИДЕО""";"318";"";"01.09.2022";"01.01.2100";"4,95";"1";"4,95";"4,95";"0";"0";"0";"0";"9,9";"0";"0";"9,87";"0";"13571577343";"03.10.2026 18:45:33";"";"";"";"0";"4,98";"0"
"MN7000";"Минск РИЦ";"363885";"28927086";"318";"ТО видеонаблюдения (руб.)";"";"519";"ООО""ВИДЕОГОРОД""";"ООО""ВИДЕОГОРОД""";"318";"";"01.11.2018";"01.01.2100";"5";"1";"5";"5";"0";"0";"0";"0";"5";"0";"0";"10";"0";"13563776899";"03.10.2026 6:36:14";"";"";"";"0";"0";"0"
"MN7000";"Минск РИЦ";"365553";"28927102";"318";"ТО видеонаблюдения (руб.)";"";"519";"ООО""ВИДЕОГОРОД""";"ООО""ВИДЕОГОРОД""";"318";"";"01.11.2018";"01.01.2100";"5";"1";"5";"5";"0";"0";"0";"0";"5,05";"0";"0";"10,05";"0";"13563776914";"03.10.2026 6:36:14";"";"";"";"0";"0";"0"
"MN7000";"Минск РИЦ";"715445";"37925301";"318";"ТО видеонаблюдения (руб.)";"";"623";"ООО ""ДВС Техно Про""";"ООО ""ДВС Техно Про""";"318";"";"09.01.2023";"01.01.2100";"4,95";"1";"4,95";"4,95";"0";"0";"0";"0";"4,95";"0";"0";"9,9";"0";"13549471153";"30.09.2026 23:08:56";"";"";"";"0";"0";"0"
"MN7000";"Минск РИЦ";"767954";"33150326";"318";"ТО видеонаблюдения (руб.)";"";"7000833";"ООО ""ДВС ВИДЕО""";"ООО ""ДВС ВИДЕО""";"318";"";"01.04.2021";"01.01.2100";"4,95";"1";"4,95";"4,95";"0";"0";"0";"0";"9,9";"0";"0";"14,84";"0";"13566054142";"03.10.2026 9:05:19";"";"";"";"0";"0,01";"0"
"MN7000";"Минск РИЦ";"467895";"42663025";"318";"ТО видеонаблюдения (руб.)";"";"7000833";"ООО ""ДВС ВИДЕО""";"ООО ""ДВС ВИДЕО""";"318";"";"01.05.2025";"01.01.2100";"4,95";"1";"4,95";"4,95";"0";"0";"0";"0";"9,9";"0";"0";"9,9";"0";"13571660345";"03.10.2026 18:45:33";"";"";"";"0";"4,95";"0"
"MN7000";"Минск РИЦ";"363561";"28940233";"318";"ТО видеонаблюдения (руб.)";"";"519";"ООО""ВИДЕОГОРОД""";"ООО""ВИДЕОГОРОД""";"318";"";"01.11.2018";"01.01.2100";"6,5";"1";"6,5";"6,5";"0";"0";"0";"0";"6,5";"0";"0";"13";"0";"13560581131";"02.10.2026 17:19:25";"";"";"";"0";"0";"0"
"MN7000";"Минск РИЦ";"490418";"37558038";"318";"ТО видеонаблюдения (руб.)";"";"7000833";"ООО ""ДВС ВИДЕО""";"ООО ""ДВС ВИДЕО""";"318";"";"01.09.2022";"01.01.2100";"4,95";"1";"4,95";"4,95";"0";"0";"0";"0";"4,95";"0";"0";"9,9";"0";"13571575536";"03.10.2026 18:45:33";"";"";"";"0";"0";"0"
"MN7000";"Минск РИЦ";"1022086";"42558939";"318";"ТО видеонаблюдения (руб.)";"";"7000833";"ООО ""ДВС ВИДЕО""";"ООО ""ДВС ВИДЕО""";"318";"";"01.04.2025";"01.01.2100";"4,95";"1";"4,95";"4,95";"0";"0";"0";"0";"4,95";"0";"0";"9,9";"0";"13571659146";"03.10.2026 18:45:33";"";"";"";"0";"0";"0"
"MN7000";"Минск РИЦ";"231798";"37139441";"318";"ТО видеонаблюдения (руб.)";"";"7000833";"ООО ""ДВС ВИДЕО""";"ООО ""ДВС ВИДЕО""";"318";"";"01.02.2022";"01.01.2100";"1";"4,95";"4,95";"4,95";"0";"0";"0";"0";"4,95";"0";"0";"9,9";"0";"13550599063";"01.10.2026 2:53:14";"";"";"";"0";"0";"0"
"MN7000";"Минск РИЦ";"363561";"39042094";"338";"ТО видеонаблюдения 2 (руб.)";"";"519";"ООО""ВИДЕОГОРОД""";"ООО""ВИДЕОГОРОД""";"338";"";"01.09.2023";"01.01.2100";"1";"5,5";"5,5";"5,5";"0";"0";"0";"0";"5,5";"0";"0";"11";"0";"13560618669";"02.10.2026 17:19:25";"";"";"";"0";"0";"0"
"MN7000";"Минск РИЦ";"363885";"38715681";"338";"ТО видеонаблюдения 2 (руб.)";"";"519";"ООО""ВИДЕОГОРОД""";"ООО""ВИДЕОГОРОД""";"338";"";"01.04.2023";"01.01.2100";"1";"4,3";"4,3";"4,3";"0";"0";"0";"0";"4,3";"0";"0";"8,6";"0";"13563906368";"03.10.2026 6:36:14";"";"";"";"0";"0";"0"
"MN7000";"Минск РИЦ";"945811";"30649809";"383";"Плата за польз.жил.помещением гос.жил.фонда в общежитиях";"";"9100365";"КУП «Минские городские общежития»";"КУП «Минские городские общежития»";"383";"";"06.03.2019";"01.01.2100";"2,7";"39";"105,3";"105,3";"0";"0";"0";"0";"210,6";"2,77";"1,9";"210,6";"0";"13560530546";"02.10.2026 17:07:24";"";"";"";"0";"105,3";"0,87"
"MN7000";"Минск РИЦ";"988012";"36921448";"383";"Плата за польз.жил.помещением гос.жил.фонда в общежитиях";"";"9100365";"КУП «Минские городские общежития»";"КУП «Минские городские общежития»";"383";"";"11.11.2021";"01.01.2100";"2,7";"6,27";"16,93";"16,93";"0";"0";"0";"0";"33,86";"0,96";"0,96";"33,2";"0";"13560532761";"02.10.2026 17:07:24";"";"";"";"0";"17,59";"0"
"MN7000";"Минск РИЦ";"986395";"36706636";"383";"Плата за польз.жил.помещением гос.жил.фонда в общежитиях";"";"9100365";"КУП «Минские городские общежития»";"КУП «Минские городские общежития»";"383";"";"01.09.2021";"01.01.2100";"2,7";"23";"62,1";"62,1";"0";"0";"0";"0";"62,1";"0";"0";"124,2";"0";"13564853227";"03.10.2026 8:35:39";"";"";"";"0";"0";"0"
"MN7000";"Минск РИЦ";"1044522";"43517856";"383";"Плата за польз.жил.помещением гос.жил.фонда в общежитиях";"";"9100365";"КУП «Минские городские общежития»";"КУП «Минские городские общежития»";"383";"";"02.09.2025";"01.01.2100";"2,7";"18,4";"49,68";"49,68";"0";"0";"0";"0";"49,68";"0";"0";"99,36";"0";"13560584482";"02.10.2026 17:07:24";"";"";"";"0";"0";"0"
"MN7000";"Минск РИЦ";"1008768";"43986882";"383";"Плата за польз.жил.помещением гос.жил.фонда в общежитиях";"";"70003423";"УП ""Ремавтодор Заводского района г.Минска""";"УП ""Ремавтодор Заводского района г.Минска""";"383";"";"01.02.2026";"01.01.2100";"2,7";"17,8";"48,06";"48,06";"0";"0";"0";"0";"48,06";"3,32";"3,32";"96,12";"0";"13560635527";"02.10.2026 17:19:25";"";"";"";"0";"0";"0"
"MN7000";"Минск РИЦ";"811665";"38125095";"500";"Газоснабжение";"";"415";"УП ""МИНГАЗ""";"УП ""МИНГАЗ""";"500";"";"01.04.2023";"01.01.2100";"0";"0";"0";"0";"0";"0";"0";"0";"0";"0";"0";"0";"0";"13566127544";"03.10.2026 9:05:19";"";"";"";"0";"0";"0"
"MN7000";"Минск РИЦ";"823237";"38205742";"500";"Газоснабжение";"";"415";"УП ""МИНГАЗ""";"УП ""МИНГАЗ""";"500";"";"01.04.2023";"01.01.2100";"0";"0";"0";"0";"0";"0";"0";"0";"0";"0";"0";"0";"0";"13566129456";"03.10.2026 9:05:19";"";"";"";"0";"0";"0"
"MN7000";"Минск РИЦ";"798773";"38201014";"500";"Газоснабжение";"";"415";"УП ""МИНГАЗ""";"УП ""МИНГАЗ""";"500";"";"01.04.2023";"01.01.2100";"0";"0";"0";"0";"0";"0";"0";"0";"0";"0";"0";"0";"0";"13562317847";"03.10.2026 3:11:31";"";"";"";"0";"0";"0"
"MN7000";"Минск РИЦ";"195882";"38238116";"500";"Газоснабжение";"";"415";"УП ""МИНГАЗ""";"УП ""МИНГАЗ""";"500";"";"01.04.2023";"01.01.2100";"0";"0";"0";"0";"0";"0";"0";"0";"0";"0";"0";"0";"0";"13561670079";"03.10.2026 1:18:56";"";"";"";"0";"0";"0"
"MN7000";"Минск РИЦ";"804080";"38240536";"500";"Газоснабжение";"";"415";"УП ""МИНГАЗ""";"УП ""МИНГАЗ""";"500";"";"01.04.2023";"01.01.2100";"0";"0";"0";"0";"0";"0";"0";"0";"0";"0";"0";"0";"0";"13562318380";"03.10.2026 3:11:31";"";"";"";"0";"0";"0"
"MN7000";"Минск РИЦ";"784573";"38141738";"500";"Газоснабжение";"";"415";"УП ""МИНГАЗ""";"УП ""МИНГАЗ""";"500";"";"01.04.2023";"01.01.2100";"0";"0";"0";"0";"0";"0";"0";"0";"0";"0";"0";"0";"0";"13566127935";"03.10.2026 9:05:19";"";"";"";"0";"0";"0"
"MN7000";"Минск РИЦ";"785464";"38104033";"500";"Газоснабжение";"";"415";"УП ""МИНГАЗ""";"УП ""МИНГАЗ""";"500";"";"01.04.2023";"01.01.2100";"0";"0";"0";"0";"0";"0";"0";"0";"0";"0";"0";"0";"0";"13566127080";"03.10.2026 9:05:19";"";"";"";"0";"0";"0"
"MN7000";"Минск РИЦ";"1046374";"43598448";"500";"Газоснабжение";"";"415";"УП ""МИНГАЗ""";"УП ""МИНГАЗ""";"500";"";"27.10.2025";"01.01.2100";"0";"0";"0";"0";"0";"0";"0";"0";"0";"0";"0";"0";"0";"13563975158";"03.10.2026 6:36:14";"";"";"";"0";"0";"0"
"MN7000";"Минск РИЦ";"232534";"38198021";"500";"Газоснабжение";"";"415";"УП ""МИНГАЗ""";"УП ""МИНГАЗ""";"500";"";"01.04.2023";"01.01.2100";"0";"0";"0";"0";"0";"0";"0";"0";"0";"0";"0";"0";"0";"13550610480";"01.10.2026 2:53:14";"";"";"";"0";"0";"0"
"MN7000";"Минск РИЦ";"231798";"38096641";"500";"Газоснабжение";"";"415";"УП ""МИНГАЗ""";"УП ""МИНГАЗ""";"500";"";"01.04.2023";"01.01.2100";"0";"0";"0";"0";"0";"0";"0";"0";"0";"0";"0";"0";"0";"13550607687";"01.10.2026 2:53:14";"";"";"";"0";"0";"0"
"MN7000";"Минск РИЦ";"1035981";"42672463";"500";"Газоснабжение";"";"415";"УП ""МИНГАЗ""";"УП ""МИНГАЗ""";"500";"";"01.05.2025";"01.01.2100";"0";"0";"0";"0";"0";"0";"0";"0";"0";"0";"0";"0";"0";"13564382372";"03.10.2026 6:56:22";"";"";"";"0";"0";"0"
"MN7000";"Минск РИЦ";"730750";"38133849";"500";"Газоснабжение";"";"415";"УП ""МИНГАЗ""";"УП ""МИНГАЗ""";"500";"";"01.04.2023";"01.01.2100";"0";"0";"0";"0";"0";"0";"0";"0";"0";"0";"0";"0";"0";"13549472592";"30.09.2026 23:08:56";"";"";"";"0";"0";"0"
"MN7000";"Минск РИЦ";"804080";"38679260";"501";"Газоснабжение плита (без ВПГ)";"";"415";"УП ""МИНГАЗ""";"УП ""МИНГАЗ""";"501";"";"01.04.2023";"01.01.2100";"4,69";"2";"9,38";"9,38";"0";"0";"0";"0";"9,38";"0";"0";"18,76";"0";"13562324951";"03.10.2026 3:11:31";"";"";"";"0";"0";"0"
"MN7000";"Минск РИЦ";"730750";"38359295";"501";"Газоснабжение плита (без ВПГ)";"";"415";"УП ""МИНГАЗ""";"УП ""МИНГАЗ""";"501";"";"01.04.2023";"01.01.2100";"4,69";"5";"23,45";"23,45";"0";"0";"0";"0";"23,45";"0";"0";"46,9";"0";"13549475455";"30.09.2026 23:08:56";"";"";"";"0";"0";"0"
"MN7000";"Минск РИЦ";"798773";"38560559";"501";"Газоснабжение плита (без ВПГ)";"";"415";"УП ""МИНГАЗ""";"УП ""МИНГАЗ""";"501";"";"01.04.2023";"01.01.2100";"4,69";"2";"9,38";"9,38";"0";"0";"0";"0";"18,76";"0,17";"0,17";"18,76";"0";"13562323354";"03.10.2026 3:11:31";"";"";"";"0";"9,38";"0"
"MN7000";"Минск РИЦ";"823237";"38574656";"501";"Газоснабжение плита (без ВПГ)";"";"415";"УП ""МИНГАЗ""";"УП ""МИНГАЗ""";"501";"";"01.04.2023";"01.01.2100";"4,69";"2";"9,38";"9,38";"0";"0";"0";"0";"9,38";"0,06";"0,06";"18,76";"0";"13566138099";"03.10.2026 9:05:19";"";"";"";"0";"0";"0"
"MN7000";"Минск РИЦ";"785464";"38269853";"501";"Газоснабжение плита (без ВПГ)";"";"415";"УП ""МИНГАЗ""";"УП ""МИНГАЗ""";"501";"";"01.04.2023";"01.01.2100";"4,69";"1";"4,69";"4,69";"0";"0";"0";"0";"181,44";"315,68";"315,68";"186,13";"0";"13566131001";"03.10.2026 9:05:19";"";"";"";"38";"0";"0"
"MN7000";"Минск РИЦ";"1035981";"42672464";"501";"Газоснабжение плита (без ВПГ)";"";"415";"УП ""МИНГАЗ""";"УП ""МИНГАЗ""";"501";"";"01.05.2025";"01.01.2100";"4,69";"1";"4,69";"4,69";"0";"0";"0";"0";"4,69";"0,05";"0,05";"9,38";"0";"13564382373";"03.10.2026 6:56:22";"";"";"";"0";"0";"0"
"MN7000";"Минск РИЦ";"232534";"38551613";"501";"Газоснабжение плита (без ВПГ)";"";"415";"УП ""МИНГАЗ""";"УП ""МИНГАЗ""";"501";"";"01.04.2023";"01.01.2100";"4,82";"1";"4,82";"4,82";"0";"0";"0";"0";"4,82";"0,27";"0,27";"9,64";"0";"13550620317";"01.10.2026 2:53:14";"";"";"";"0";"0";"0"
"MN7000";"Минск РИЦ";"811665";"38333036";"501";"Газоснабжение плита (без ВПГ)";"";"415";"УП ""МИНГАЗ""";"УП ""МИНГАЗ""";"501";"";"01.04.2023";"01.01.2100";"4,82";"1";"4,82";"4,82";"0";"0";"0";"0";"4,82";"0,02";"0,02";"9,64";"0";"13566132385";"03.10.2026 9:05:19";"";"";"";"0";"0";"0"
"MN7000";"Минск РИЦ";"231798";"38247677";"501";"Газоснабжение плита (без ВПГ)";"";"415";"УП ""МИНГАЗ""";"УП ""МИНГАЗ""";"501";"";"01.04.2023";"01.01.2100";"4,69";"4";"18,76";"18,76";"0";"0";"0";"0";"18,76";"0,06";"0,06";"37,52";"0";"13550611947";"01.10.2026 2:53:14";"";"";"";"0";"0";"0"
"MN7000";"Минск РИЦ";"784573";"38382956";"501";"Газоснабжение плита (без ВПГ)";"";"415";"УП ""МИНГАЗ""";"УП ""МИНГАЗ""";"501";"";"01.04.2023";"01.01.2100";"4,69";"1";"4,69";"4,69";"0";"0";"0";"0";"14,07";"1,69";"0,52";"9,38";"0";"13566133554";"03.10.2026 9:05:19";"";"";"";"0";"9,38";"1,17"
"MN7000";"Минск РИЦ";"1046374";"43598460";"501";"Газоснабжение плита (без ВПГ)";"";"415";"УП ""МИНГАЗ""";"УП ""МИНГАЗ""";"501";"";"27.10.2025";"01.01.2100";"0";"0";"0";"0";"0";"0";"0";"0";"0";"0";"0";"0";"0";"13563975159";"03.10.2026 6:36:14";"";"";"";"0";"0";"0"
"MN7000";"Минск РИЦ";"195882";"38672000";"501";"Газоснабжение плита (без ВПГ)";"";"415";"УП ""МИНГАЗ""";"УП ""МИНГАЗ""";"501";"";"01.04.2023";"01.01.2100";"4,69";"3";"14,07";"14,07";"0";"0";"0";"0";"34,57";"1,1";"1,1";"48,64";"0";"13561486686";"03.10.2026 1:18:56";"";"";"";"0";"0";"0"
"MN7000";"Минск РИЦ";"231798";"38247678";"502";"Газоснабжение ВПГ";"";"415";"УП ""МИНГАЗ""";"УП ""МИНГАЗ""";"502";"";"01.04.2023";"01.01.2100";"0";"0";"0";"0";"0";"0";"0";"0";"0";"0";"0";"0";"0";"13550611948";"01.10.2026 2:53:14";"";"";"";"0";"0";"0"
"MN7000";"Минск РИЦ";"195882";"38672001";"502";"Газоснабжение ВПГ";"";"415";"УП ""МИНГАЗ""";"УП ""МИНГАЗ""";"502";"";"01.04.2023";"01.01.2100";"0";"0";"0";"0";"0";"0";"0";"0";"0";"0";"0";"0";"0";"13561676012";"03.10.2026 1:18:56";"";"";"";"0";"0";"0"
"MN7000";"Минск РИЦ";"798773";"38560560";"502";"Газоснабжение ВПГ";"";"415";"УП ""МИНГАЗ""";"УП ""МИНГАЗ""";"502";"";"01.04.2023";"01.01.2100";"0";"0";"0";"0";"0";"0";"0";"0";"0";"0";"0";"0";"0";"13562323355";"03.10.2026 3:11:31";"";"";"";"0";"0";"0"
"MN7000";"Минск РИЦ";"1035981";"42672465";"502";"Газоснабжение ВПГ";"";"415";"УП ""МИНГАЗ""";"УП ""МИНГАЗ""";"502";"";"01.05.2025";"01.01.2100";"0";"0";"0";"0";"0";"0";"0";"0";"0";"0";"0";"0";"0";"13564382374";"03.10.2026 6:56:22";"";"";"";"0";"0";"0"
"MN7000";"Минск РИЦ";"804080";"38679261";"502";"Газоснабжение ВПГ";"";"415";"УП ""МИНГАЗ""";"УП ""МИНГАЗ""";"502";"";"01.04.2023";"01.01.2100";"0";"0";"0";"0";"0";"0";"0";"0";"0";"0";"0";"0";"0";"13562324952";"03.10.2026 3:11:31";"";"";"";"0";"0";"0"
"MN7000";"Минск РИЦ";"823237";"38574657";"502";"Газоснабжение ВПГ";"";"415";"УП ""МИНГАЗ""";"УП ""МИНГАЗ""";"502";"";"01.04.2023";"01.01.2100";"0";"0";"0";"0";"0";"0";"0";"0";"0";"0";"0";"0";"0";"13566138100";"03.10.2026 9:05:19";"";"";"";"0";"0";"0"
"MN7000";"Минск РИЦ";"1046374";"43598461";"502";"Газоснабжение ВПГ";"";"415";"УП ""МИНГАЗ""";"УП ""МИНГАЗ""";"502";"";"27.10.2025";"01.01.2100";"0";"0";"0";"0";"0";"0";"0";"0";"0";"0";"0";"0";"0";"13563975160";"03.10.2026 6:36:14";"";"";"";"0";"0";"0"
"MN7000";"Минск РИЦ";"784573";"38382957";"502";"Газоснабжение ВПГ";"";"415";"УП ""МИНГАЗ""";"УП ""МИНГАЗ""";"502";"";"01.04.2023";"01.01.2100";"0";"0";"0";"0";"0";"0";"0";"0";"0";"0";"0";"0";"0";"13566133555";"03.10.2026 9:05:19";"";"";"";"0";"0";"0"
"MN7000";"Минск РИЦ";"811665";"38333037";"502";"Газоснабжение ВПГ";"";"415";"УП ""МИНГАЗ""";"УП ""МИНГАЗ""";"502";"";"01.04.2023";"01.01.2100";"0";"0";"0";"0";"0";"0";"0";"0";"0";"0";"0";"0";"0";"13566132386";"03.10.2026 9:05:19";"";"";"";"0";"0";"0"
"MN7000";"Минск РИЦ";"232534";"38551614";"502";"Газоснабжение ВПГ";"";"415";"УП ""МИНГАЗ""";"УП ""МИНГАЗ""";"502";"";"01.04.2023";"01.01.2100";"0";"0";"0";"0";"0";"0";"0";"0";"0";"0";"0";"0";"0";"13550620318";"01.10.2026 2:53:14";"";"";"";"0";"0";"0"
"MN7000";"Минск РИЦ";"730750";"38359296";"502";"Газоснабжение ВПГ";"";"415";"УП ""МИНГАЗ""";"УП ""МИНГАЗ""";"502";"";"01.04.2023";"01.01.2100";"0";"0";"0";"0";"0";"0";"0";"0";"0";"0";"0";"0";"0";"13549475456";"30.09.2026 23:08:56";"";"";"";"0";"0";"0"
"MN7000";"Минск РИЦ";"785464";"38269854";"502";"Газоснабжение ВПГ";"";"415";"УП ""МИНГАЗ""";"УП ""МИНГАЗ""";"502";"";"01.04.2023";"01.01.2100";"0";"0";"0";"0";"0";"0";"0";"0";"0";"0";"0";"0";"0";"13566131002";"03.10.2026 9:05:19";"";"";"";"0";"0";"0"
"MN7000";"Минск РИЦ";"195882";"38672002";"503";"Газоснабжение ИГОП";"";"415";"УП ""МИНГАЗ""";"УП ""МИНГАЗ""";"503";"";"01.04.2023";"01.01.2100";"0";"0";"0";"0";"0";"0";"0";"0";"0";"0";"0";"0";"0";"13561676013";"03.10.2026 1:18:56";"";"";"";"0";"0";"0"
"MN7000";"Минск РИЦ";"730750";"38359297";"503";"Газоснабжение ИГОП";"";"415";"УП ""МИНГАЗ""";"УП ""МИНГАЗ""";"503";"";"01.04.2023";"01.01.2100";"0";"0";"0";"0";"0";"0";"0";"0";"0";"0";"0";"0";"0";"13549475457";"30.09.2026 23:08:56";"";"";"";"0";"0";"0"
"MN7000";"Минск РИЦ";"784573";"38382958";"503";"Газоснабжение ИГОП";"";"415";"УП ""МИНГАЗ""";"УП ""МИНГАЗ""";"503";"";"01.04.2023";"01.01.2100";"0";"0";"0";"0";"0";"0";"0";"0";"0";"0";"0";"0";"0";"13566133556";"03.10.2026 9:05:19";"";"";"";"0";"0";"0"
"MN7000";"Минск РИЦ";"823237";"38574658";"503";"Газоснабжение ИГОП";"";"415";"УП ""МИНГАЗ""";"УП ""МИНГАЗ""";"503";"";"01.04.2023";"01.01.2100";"0";"0";"0";"0";"0";"0";"0";"0";"0";"0";"0";"0";"0";"13566138101";"03.10.2026 9:05:19";"";"";"";"0";"0";"0"
"MN7000";"Минск РИЦ";"798773";"38560561";"503";"Газоснабжение ИГОП";"";"415";"УП ""МИНГАЗ""";"УП ""МИНГАЗ""";"503";"";"01.04.2023";"01.01.2100";"0";"0";"0";"0";"0";"0";"0";"0";"0";"0";"0";"0";"0";"13562323356";"03.10.2026 3:11:31";"";"";"";"0";"0";"0"
"MN7000";"Минск РИЦ";"811665";"38333038";"503";"Газоснабжение ИГОП";"";"415";"УП ""МИНГАЗ""";"УП ""МИНГАЗ""";"503";"";"01.04.2023";"01.01.2100";"0";"0";"0";"0";"0";"0";"0";"0";"0";"0";"0";"0";"0";"13566132387";"03.10.2026 9:05:19";"";"";"";"0";"0";"0"
"MN7000";"Минск РИЦ";"1046374";"43598462";"503";"Газоснабжение ИГОП";"";"415";"УП ""МИНГАЗ""";"УП ""МИНГАЗ""";"503";"";"27.10.2025";"01.01.2100";"0";"0";"0";"0";"0";"0";"0";"0";"0";"0";"0";"0";"0";"13563975161";"03.10.2026 6:36:14";"";"";"";"0";"0";"0"
"MN7000";"Минск РИЦ";"1035981";"42672466";"503";"Газоснабжение ИГОП";"";"415";"УП ""МИНГАЗ""";"УП ""МИНГАЗ""";"503";"";"01.05.2025";"01.01.2100";"0";"0";"0";"0";"0";"0";"0";"0";"0";"0";"0";"0";"0";"13564382375";"03.10.2026 6:56:22";"";"";"";"0";"0";"0"
"MN7000";"Минск РИЦ";"232534";"38551615";"503";"Газоснабжение ИГОП";"";"415";"УП ""МИНГАЗ""";"УП ""МИНГАЗ""";"503";"";"01.04.2023";"01.01.2100";"0";"0";"0";"0";"0";"0";"0";"0";"0";"0";"0";"0";"0";"13550620319";"01.10.2026 2:53:14";"";"";"";"0";"0";"0"
"MN7000";"Минск РИЦ";"804080";"38679262";"503";"Газоснабжение ИГОП";"";"415";"УП ""МИНГАЗ""";"УП ""МИНГАЗ""";"503";"";"01.04.2023";"01.01.2100";"0";"0";"0";"0";"0";"0";"0";"0";"0";"0";"0";"0";"0";"13562324953";"03.10.2026 3:11:31";"";"";"";"0";"0";"0"
"MN7000";"Минск РИЦ";"785464";"38269855";"503";"Газоснабжение ИГОП";"";"415";"УП ""МИНГАЗ""";"УП ""МИНГАЗ""";"503";"";"01.04.2023";"01.01.2100";"0";"0";"0";"0";"0";"0";"0";"0";"0";"0";"0";"0";"0";"13566131003";"03.10.2026 9:05:19";"";"";"";"0";"0";"0"
"MN7000";"Минск РИЦ";"231798";"38247679";"503";"Газоснабжение ИГОП";"";"415";"УП ""МИНГАЗ""";"УП ""МИНГАЗ""";"503";"";"01.04.2023";"01.01.2100";"0";"0";"0";"0";"0";"0";"0";"0";"0";"0";"0";"0";"0";"13550611949";"01.10.2026 2:53:14";"";"";"";"0";"0";"0"
"MN7000";"Минск РИЦ";"1019839";"40603996";"608";"Санитарное содержание вспом. помещений жил. дома (кв. м)";"";"270";"КУП ""Жилищное коммунальное хозяйство №1 Московского района г.Минска""";"КУП ""Жилищное коммунальное хозяйство №1 Московского района г.Минска""";"608";"";"01.07.2024";"01.01.2100";"0";"65";"0";"0";"0";"0";"0";"0";"10,16";"0,55";"0,55";"4,21";"0";"13561698002";"03.10.2026 1:18:56";"";"";"";"0";"5,95";"0"
"MN7000";"Минск РИЦ";"363885";"43700242";"608";"Санитарное содержание вспом. помещений жил. дома (кв. м)";"";"264";"КУП ""Жилищное коммунальное хозяйство Заводского района г.Минска""";"КУП ""Жилищное коммунальное хозяйство Заводского района г.Минска""";"608";"";"21.11.2025";"01.01.2100";"0,073739";"57,2";"4,22";"4,22";"0";"0";"0";"0";"4,22";"0,05";"0,05";"8,44";"0";"13563976823";"03.10.2026 6:36:14";"";"";"";"0";"0";"0"
"MN7000";"Минск РИЦ";"232534";"42987749";"608";"Санитарное содержание вспом. помещений жил. дома (кв. м)";"";"286";"КУП ""Жилищное коммунальное хозяйство №2 Фрунзенского района г.Минска""";"КУП ""Жилищное коммунальное хозяйство №2 Фрунзенского района г.Минска""";"608";"";"01.07.2025";"01.01.2100";"0";"33,9";"0";"0";"0";"0";"0";"0";"2,11";"0,12";"0,12";"2,11";"0";"13550740960";"01.10.2026 2:53:14";"";"";"";"0";"0";"0"
"MN7000";"Минск РИЦ";"804080";"34585039";"608";"Санитарное содержание вспом. помещений жил. дома (кв. м)";"";"9100541";"КУП ""Жилищное коммунальное хозяйство Советского района г. Минска""";"КУП ""Жилищное коммунальное хозяйство Советского района г. Минска""";"608";"";"01.09.2021";"01.01.2100";"0";"29,2";"0";"0";"0";"0";"0";"0";"1,18";"0";"0";"1,18";"0";"13562297667";"03.10.2026 3:11:31";"";"";"";"0";"0";"0"
"MN7000";"Минск РИЦ";"978101";"34806730";"608";"Санитарное содержание вспом. помещений жил. дома (кв. м)";"";"270";"КУП ""Жилищное коммунальное хозяйство №1 Московского района г.Минска""";"КУП ""Жилищное коммунальное хозяйство №1 Московского района г.Минска""";"608";"";"01.09.2021";"01.01.2100";"0";"19,2";"0";"0";"0";"0";"0";"0";"1,33";"0";"0";"1,33";"0";"13568919320";"03.10.2026 12:46:45";"";"";"";"0";"0";"0"
"MN7000";"Минск РИЦ";"1019451";"40465832";"608";"Санитарное содержание вспом. помещений жил. дома (кв. м)";"";"270";"КУП ""Жилищное коммунальное хозяйство №1 Московского района г.Минска""";"КУП ""Жилищное коммунальное хозяйство №1 Московского района г.Минска""";"608";"";"01.06.2024";"01.01.2100";"0";"63,2";"0";"0";"0";"0";"0";"0";"4,6";"0,08";"0,08";"4,6";"0";"13561688560";"03.10.2026 1:18:56";"";"";"";"0";"0";"0"
"MN7000";"Минск РИЦ";"811865";"34493072";"608";"Санитарное содержание вспом. помещений жил. дома (кв. м)";"";"9100541";"КУП ""Жилищное коммунальное хозяйство Советского района г. Минска""";"КУП ""Жилищное коммунальное хозяйство Советского района г. Минска""";"608";"";"01.09.2021";"01.01.2100";"0";"20,72";"0";"0";"0";"0";"0";"0";"1,26";"0,05";"0,05";"1,26";"0";"13566104322";"03.10.2026 9:05:19";"";"";"";"0";"0";"0"
"MN7000";"Минск РИЦ";"730856";"35380352";"608";"Санитарное содержание вспом. помещений жил. дома (кв. м)";"";"9100436";"КУП ""ЖКХ Первомайского района г. Минска""";"КУП ""ЖКХ Первомайского района г. Минска""";"608";"";"01.09.2021";"01.01.2100";"0,067144";"46,8";"3,14";"3,14";"0";"0";"0";"0";"3,14";"0,02";"0,02";"6,28";"0";"13549450583";"30.09.2026 23:08:56";"";"";"";"0";"0";"0"
"MN7000";"Минск РИЦ";"815517";"34583028";"608";"Санитарное содержание вспом. помещений жил. дома (кв. м)";"";"9100541";"КУП ""Жилищное коммунальное хозяйство Советского района г. Минска""";"КУП ""Жилищное коммунальное хозяйство Советского района г. Минска""";"608";"";"01.09.2021";"01.01.2100";"0";"42,4";"0";"0";"0";"0";"0";"0";"3,27";"0,03";"0,03";"1,63";"0";"13562295724";"03.10.2026 3:11:31";"";"";"";"0";"1,64";"0"
"MN7000";"Минск РИЦ";"467895";"35136664";"608";"Санитарное содержание вспом. помещений жил. дома (кв. м)";"";"9100198";"КУП ""Жилищное коммунальное хозяйство Ленинского района г. Минска""";"КУП ""Жилищное коммунальное хозяйство Ленинского района г. Минска""";"608";"";"01.09.2021";"01.01.2100";"0,028314";"67,6";"1,91";"1,91";"0";"0";"0";"0";"6,4";"0,15";"0,11";"3,82";"0";"13571539180";"03.10.2026 18:45:33";"";"";"";"0";"4,49";"0,04"
"MN7000";"Минск РИЦ";"580893";"37962702";"608";"Санитарное содержание вспом. помещений жил. дома (кв. м)";"";"70002183";"ТС жилого дома 67 корпус 1 по ул.Захарова";"ТС жилого дома 67 корпус 1 по ул.Захарова";"608";"";"01.02.2023";"01.01.2100";"0";"67,4";"0";"0";"0";"0";"0";"0";"8,91";"0,16";"0,08";"4,43";"0";"13560542154";"02.10.2026 16:51:10";"";"";"";"0";"4,48";"0,08"
"MN7000";"Минск РИЦ";"192685";"36215594";"608";"Санитарное содержание вспом. помещений жил. дома (кв. м)";"";"270";"КУП ""Жилищное коммунальное хозяйство №1 Московского района г.Минска""";"КУП ""Жилищное коммунальное хозяйство №1 Московского района г.Минска""";"608";"";"01.09.2021";"01.01.2100";"0";"41,89";"0";"0";"0";"0";"0";"0";"7,65";"0,56";"0,56";"2,56";"0";"13561659927";"03.10.2026 1:18:56";"";"";"";"0";"5,09";"0"
"MN7000";"Минск РИЦ";"952529";"35166075";"608";"Санитарное содержание вспом. помещений жил. дома (кв. м)";"";"9100198";"КУП ""Жилищное коммунальное хозяйство Ленинского района г. Минска""";"КУП ""Жилищное коммунальное хозяйство Ленинского района г. Минска""";"608";"";"01.09.2021";"01.01.2100";"0,032939";"22,54";"0,74";"0,74";"0";"0";"0";"0";"12,79";"26,32";"26,32";"13,53";"0";"13571547558";"03.10.2026 18:45:33";"";"";"";"32";"0";"0"
"MN7000";"Минск РИЦ";"1011281";"39107042";"608";"Санитарное содержание вспом. помещений жил. дома (кв. м)";"";"270";"КУП ""Жилищное коммунальное хозяйство №1 Московского района г.Минска""";"КУП ""Жилищное коммунальное хозяйство №1 Московского района г.Минска""";"608";"";"18.10.2023";"01.01.2100";"0";"83,2";"0";"0";"0";"0";"0";"0";"6,06";"0,36";"0,36";"6,06";"0";"13561678430";"03.10.2026 1:18:56";"";"";"";"0";"0";"0"
"MN7000";"Минск РИЦ";"1008768";"43987280";"608";"Санитарное содержание вспом. помещений жил. дома (кв. м)";"";"70003423";"УП ""Ремавтодор Заводского района г.Минска""";"УП ""Ремавтодор Заводского района г.Минска""";"608";"";"01.02.2026";"01.01.2100";"0";"17,8";"0";"0";"0";"0";"0";"0";"0";"0";"0";"0";"0";"13560635655";"02.10.2026 17:19:25";"";"";"";"0";"0";"0"
"MN7000";"Минск РИЦ";"110634";"34754149";"608";"Санитарное содержание вспом. помещений жил. дома (кв. м)";"";"270";"КУП ""Жилищное коммунальное хозяйство №1 Московского района г.Минска""";"КУП ""Жилищное коммунальное хозяйство №1 Московского района г.Минска""";"608";"";"01.09.2021";"01.01.2100";"0";"76,3";"0";"0";"0";"0";"0";"0";"5,27";"0";"0";"5,27";"0";"13568868854";"03.10.2026 12:46:45";"";"";"";"0";"0";"0"
"MN7000";"Минск РИЦ";"811665";"34486968";"608";"Санитарное содержание вспом. помещений жил. дома (кв. м)";"";"9100541";"КУП ""Жилищное коммунальное хозяйство Советского района г. Минска""";"КУП ""Жилищное коммунальное хозяйство Советского района г. Минска""";"608";"";"01.09.2021";"01.01.2100";"0";"32,79";"0";"0";"0";"0";"0";"0";"2,19";"0,01";"0,01";"2,19";"0";"13566098358";"03.10.2026 9:05:19";"";"";"";"0";"0";"0"
"MN7000";"Минск РИЦ";"161306";"36212665";"608";"Санитарное содержание вспом. помещений жил. дома (кв. м)";"";"270";"КУП ""Жилищное коммунальное хозяйство №1 Московского района г.Минска""";"КУП ""Жилищное коммунальное хозяйство №1 Московского района г.Минска""";"608";"";"01.09.2021";"01.01.2100";"0";"48,4";"0";"0";"0";"0";"0";"0";"4,9";"0,2";"0,2";"0,75";"0";"13561657086";"03.10.2026 1:18:56";"";"";"";"0";"4,15";"0"
"MN7000";"Минск РИЦ";"814107";"34585545";"608";"Санитарное содержание вспом. помещений жил. дома (кв. м)";"";"9100541";"КУП ""Жилищное коммунальное хозяйство Советского района г. Минска""";"КУП ""Жилищное коммунальное хозяйство Советского района г. Минска""";"608";"";"01.09.2021";"01.01.2100";"0";"52,5";"0";"0";"0";"0";"0";"0";"4,07";"0,04";"0,04";"2,04";"0";"13562298163";"03.10.2026 3:11:31";"";"";"";"0";"2,03";"0"
"MN7000";"Минск РИЦ";"768377";"34479796";"608";"Санитарное содержание вспом. помещений жил. дома (кв. м)";"";"9100541";"КУП ""Жилищное коммунальное хозяйство Советского района г. Минска""";"КУП ""Жилищное коммунальное хозяйство Советского района г. Минска""";"608";"";"01.09.2021";"01.01.2100";"0";"69,9";"0";"0";"0";"0";"0";"0";"9,97";"0,11";"0,1";"4,99";"0";"13566091333";"03.10.2026 9:05:19";"";"";"";"0";"4,98";"0,01"
"MN7000";"Минск РИЦ";"363561";"36671008";"608";"Санитарное содержание вспом. помещений жил. дома (кв. м)";"";"9100231";"ТС жилого дома №5Б по ул.Голодеда";"ТС жилого дома №5Б по ул.Голодеда";"608";"";"01.09.2021";"01.01.2100";"0";"60,8";"0";"0";"0";"0";"0";"0";"4,49";"0";"0";"4,49";"0";"13560609132";"02.10.2026 17:19:25";"";"";"";"0";"0";"0"
"MN7000";"Минск РИЦ";"986395";"36704470";"608";"Санитарное содержание вспом. помещений жил. дома (кв. м)";"";"9100365";"КУП «Минские городские общежития»";"КУП «Минские городские общежития»";"608";"";"01.09.2021";"01.01.2100";"0,0739";"23";"1,7";"1,7";"0";"0";"0";"0";"1,7";"0";"0";"3,4";"0";"13564852692";"03.10.2026 8:35:39";"";"";"";"0";"0";"0"
"MN7000";"Минск РИЦ";"523282";"35704799";"608";"Санитарное содержание вспом. помещений жил. дома (кв. м)";"";"9100198";"КУП ""Жилищное коммунальное хозяйство Ленинского района г. Минска""";"КУП ""Жилищное коммунальное хозяйство Ленинского района г. Минска""";"608";"";"01.09.2021";"01.01.2100";"0,073898";"47,1";"3,48";"3,48";"0";"0";"0";"0";"3,48";"0,01";"0,01";"6,96";"0";"13570706805";"03.10.2026 16:50:37";"";"";"";"0";"0";"0"
"MN7000";"Минск РИЦ";"745760";"35372675";"608";"Санитарное содержание вспом. помещений жил. дома (кв. м)";"";"9100436";"КУП ""ЖКХ Первомайского района г. Минска""";"КУП ""ЖКХ Первомайского района г. Минска""";"608";"";"01.09.2021";"01.01.2100";"0,07109";"27,24";"1,94";"1,94";"0";"0";"0";"0";"4,95";"0,26";"0,26";"3,79";"0";"13549444169";"30.09.2026 23:08:56";"";"";"";"0";"3,1";"0"
"MN7000";"Минск РИЦ";"183962";"36207082";"608";"Санитарное содержание вспом. помещений жил. дома (кв. м)";"";"270";"КУП ""Жилищное коммунальное хозяйство №1 Московского района г.Минска""";"КУП ""Жилищное коммунальное хозяйство №1 Московского района г.Минска""";"608";"";"01.09.2021";"01.01.2100";"0";"42,97";"0";"0";"0";"0";"0";"0";"4,67";"0,23";"0,05";"3,05";"0";"13561652280";"03.10.2026 1:18:56";"";"";"";"0";"1,62";"0,18"
"MN7000";"Минск РИЦ";"767954";"34483557";"608";"Санитарное содержание вспом. помещений жил. дома (кв. м)";"";"9100541";"КУП ""Жилищное коммунальное хозяйство Советского района г. Минска""";"КУП ""Жилищное коммунальное хозяйство Советского района г. Минска""";"608";"";"01.09.2021";"01.01.2100";"0";"32,9";"0";"0";"0";"0";"0";"0";"4,15";"0,04";"0,04";"4,14";"0";"13566095014";"03.10.2026 9:05:19";"";"";"";"0";"0,01";"0"
"MN7000";"Минск РИЦ";"490253";"35116722";"608";"Санитарное содержание вспом. помещений жил. дома (кв. м)";"";"9100198";"КУП ""Жилищное коммунальное хозяйство Ленинского района г. Минска""";"КУП ""Жилищное коммунальное хозяйство Ленинского района г. Минска""";"608";"";"01.09.2021";"01.01.2100";"0,028314";"67,7";"1,92";"1,92";"0";"0";"0";"0";"6,41";"0,36";"0,36";"3,82";"0";"13571519925";"03.10.2026 18:45:33";"";"";"";"0";"4,51";"0"
"MN7000";"Минск РИЦ";"798773";"34588198";"608";"Санитарное содержание вспом. помещений жил. дома (кв. м)";"";"9100541";"КУП ""Жилищное коммунальное хозяйство Советского района г. Минска""";"КУП ""Жилищное коммунальное хозяйство Советского района г. Минска""";"608";"";"01.09.2021";"01.01.2100";"0";"29,9";"0";"0";"0";"0";"0";"0";"2,4";"0,02";"0,02";"1,2";"0";"13562300733";"03.10.2026 3:11:31";"";"";"";"0";"1,2";"0"
"MN7000";"Минск РИЦ";"764300";"35375217";"608";"Санитарное содержание вспом. помещений жил. дома (кв. м)";"";"9100436";"КУП ""ЖКХ Первомайского района г. Минска""";"КУП ""ЖКХ Первомайского района г. Минска""";"608";"";"01.09.2021";"01.01.2100";"0,036748";"44,1";"1,62";"1,62";"0";"0";"0";"0";"3,67";"0,04";"0,04";"5,29";"0";"13549446383";"30.09.2026 23:08:56";"";"";"";"0";"0";"0"
"MN7000";"Минск РИЦ";"785464";"34498735";"608";"Санитарное содержание вспом. помещений жил. дома (кв. м)";"";"9100541";"КУП ""Жилищное коммунальное хозяйство Советского района г. Минска""";"КУП ""Жилищное коммунальное хозяйство Советского района г. Минска""";"608";"";"01.09.2021";"01.01.2100";"0";"49,75";"0";"0";"0";"0";"0";"0";"108,88";"212,99";"212,99";"108,88";"0";"13566109827";"03.10.2026 9:05:19";"";"";"";"57";"0";"0"
"MN7000";"Минск РИЦ";"580913";"37962668";"608";"Санитарное содержание вспом. помещений жил. дома (кв. м)";"";"70002183";"ТС жилого дома 67 корпус 1 по ул.Захарова";"ТС жилого дома 67 корпус 1 по ул.Захарова";"608";"";"01.02.2023";"01.01.2100";"0";"106,9";"0";"0";"0";"0";"0";"0";"7,28";"0,41";"0,41";"7,28";"0";"13560542121";"02.10.2026 16:51:10";"";"";"";"0";"0";"0"
"MN7000";"Минск РИЦ";"1021731";"41338470";"608";"Санитарное содержание вспом. помещений жил. дома (кв. м)";"";"270";"КУП ""Жилищное коммунальное хозяйство №1 Московского района г.Минска""";"КУП ""Жилищное коммунальное хозяйство №1 Московского района г.Минска""";"608";"";"01.09.2024";"01.01.2100";"0";"89,5";"0";"0";"0";"0";"0";"0";"6,52";"0";"0";"6,52";"0";"13561702118";"03.10.2026 1:18:56";"";"";"";"0";"0";"0"
"MN7000";"Минск РИЦ";"496122";"35114172";"608";"Санитарное содержание вспом. помещений жил. дома (кв. м)";"";"9100198";"КУП ""Жилищное коммунальное хозяйство Ленинского района г. Минска""";"КУП ""Жилищное коммунальное хозяйство Ленинского района г. Минска""";"608";"";"01.09.2021";"01.01.2100";"0,032939";"32,9";"1,08";"1,08";"0";"0";"0";"0";"1,08";"0,1";"0,1";"2,16";"0";"13571517446";"03.10.2026 18:45:33";"";"";"";"0";"0";"0"
"MN7000";"Минск РИЦ";"1029793";"42391742";"608";"Санитарное содержание вспом. помещений жил. дома (кв. м)";"";"70002338";"ТС ""Фарфоровый-1""";"ТС ""Фарфоровый-1""";"608";"";"01.02.2025";"01.01.2100";"0,0739";"98,9";"7,31";"7,31";"0";"0";"0";"0";"14,62";"0,17";"0,13";"14,62";"0";"13525097733";"25.09.2026 18:13:11";"";"";"";"0";"7,31";"0,04"
"MN7000";"Минск РИЦ";"382652";"35348113";"608";"Санитарное содержание вспом. помещений жил. дома (кв. м)";"";"264";"КУП ""Жилищное коммунальное хозяйство Заводского района г.Минска""";"КУП ""Жилищное коммунальное хозяйство Заводского района г.Минска""";"608";"";"01.09.2021";"01.01.2100";"0,035154";"29,05";"1,02";"1,02";"0";"0";"0";"0";"2";"0,87";"0,87";"3,02";"0";"13564298916";"03.10.2026 6:56:22";"";"";"";"0";"0";"0"
"MN7000";"Минск РИЦ";"195882";"36207001";"608";"Санитарное содержание вспом. помещений жил. дома (кв. м)";"";"270";"КУП ""Жилищное коммунальное хозяйство №1 Московского района г.Минска""";"КУП ""Жилищное коммунальное хозяйство №1 Московского района г.Минска""";"608";"";"01.09.2021";"01.01.2100";"0";"44,11";"0";"0";"0";"0";"0";"0";"7,63";"0,43";"0,43";"7,63";"0";"13561652202";"03.10.2026 1:18:56";"";"";"";"0";"0";"0"
"MN7000";"Минск РИЦ";"490418";"35115912";"608";"Санитарное содержание вспом. помещений жил. дома (кв. м)";"";"9100198";"КУП ""Жилищное коммунальное хозяйство Ленинского района г. Минска""";"КУП ""Жилищное коммунальное хозяйство Ленинского района г. Минска""";"608";"";"01.09.2021";"01.01.2100";"0,028314";"67,39";"1,91";"1,91";"0";"0";"0";"0";"1,91";"0";"0";"3,82";"0";"13571519132";"03.10.2026 18:45:33";"";"";"";"0";"0";"0"
"MN7000";"Минск РИЦ";"1018761";"39548396";"608";"Санитарное содержание вспом. помещений жил. дома (кв. м)";"";"9100330";"КУП ""Жилищное коммунальное хозяйство Октябрьского района г. Минска""";"КУП ""Жилищное коммунальное хозяйство Октябрьского района г. Минска""";"608";"";"01.05.2024";"01.01.2100";"0,073862";"15,56";"1,15";"1,15";"0";"0";"0";"0";"1,15";"0";"0";"2,3";"0";"13572001135";"04.10.2026 21:26:31";"";"";"";"0";"0";"0"
"MN7000";"Минск РИЦ";"496968";"35115328";"608";"Санитарное содержание вспом. помещений жил. дома (кв. м)";"";"9100198";"КУП ""Жилищное коммунальное хозяйство Ленинского района г. Минска""";"КУП ""Жилищное коммунальное хозяйство Ленинского района г. Минска""";"608";"";"01.09.2021";"01.01.2100";"0,032939";"46,5";"1,53";"1,53";"0";"0";"0";"0";"1,53";"0";"0";"3,06";"0";"13571518561";"03.10.2026 18:45:33";"";"";"";"0";"0";"0"
"MN7000";"Минск РИЦ";"785382";"34499382";"608";"Санитарное содержание вспом. помещений жил. дома (кв. м)";"";"9100541";"КУП ""Жилищное коммунальное хозяйство Советского района г. Минска""";"КУП ""Жилищное коммунальное хозяйство Советского района г. Минска""";"608";"";"01.09.2021";"01.01.2100";"0";"51,24";"0";"0";"0";"0";"0";"0";"2,67";"0,06";"0,06";"2,67";"0";"13566110462";"03.10.2026 9:05:19";"";"";"";"0";"0";"0"
"MN7000";"Минск РИЦ";"1035981";"42672467";"608";"Санитарное содержание вспом. помещений жил. дома (кв. м)";"";"264";"КУП ""Жилищное коммунальное хозяйство Заводского района г.Минска""";"КУП ""Жилищное коммунальное хозяйство Заводского района г.Минска""";"608";"";"01.05.2025";"01.01.2100";"0,03547";"14,6";"0,52";"0,52";"0";"0";"0";"0";"1";"0,01";"0,01";"1,52";"0";"13564382376";"03.10.2026 6:56:22";"";"";"";"0";"0";"0"
"MN7000";"Минск РИЦ";"529172";"36178850";"608";"Санитарное содержание вспом. помещений жил. дома (кв. м)";"";"9100330";"КУП ""Жилищное коммунальное хозяйство Октябрьского района г. Минска""";"КУП ""Жилищное коммунальное хозяйство Октябрьского района г. Минска""";"608";"";"01.09.2021";"01.01.2100";"0,073862";"46,3";"3,42";"3,42";"0";"0";"0";"0";"6,84";"0,09";"0,06";"6,84";"0";"13571966252";"04.10.2026 21:26:31";"";"";"";"0";"3,42";"0,03"
"MN7000";"Минск РИЦ";"1046374";"43598464";"608";"Санитарное содержание вспом. помещений жил. дома (кв. м)";"";"264";"КУП ""Жилищное коммунальное хозяйство Заводского района г.Минска""";"КУП ""Жилищное коммунальное хозяйство Заводского района г.Минска""";"608";"";"27.10.2025";"01.01.2100";"0";"53,8";"0";"0";"0";"0";"0";"0";"11,81";"0,63";"0,43";"3,64";"0";"13563975162";"03.10.2026 6:36:14";"";"";"";"0";"8,17";"0,2"
"MN7000";"Минск РИЦ";"952527";"35166071";"608";"Санитарное содержание вспом. помещений жил. дома (кв. м)";"";"9100198";"КУП ""Жилищное коммунальное хозяйство Ленинского района г. Минска""";"КУП ""Жилищное коммунальное хозяйство Ленинского района г. Минска""";"608";"";"01.09.2021";"01.01.2100";"0,032939";"22,54";"0,74";"0,74";"0";"0";"0";"0";"14,27";"14,89";"14,89";"14,73";"0";"13571547555";"03.10.2026 18:45:33";"";"";"";"42";"0,28";"0"
"MN7000";"Минск РИЦ";"1056919";"43933321";"608";"Санитарное содержание вспом. помещений жил. дома (кв. м)";"";"270";"КУП ""Жилищное коммунальное хозяйство №1 Московского района г.Минска""";"КУП ""Жилищное коммунальное хозяйство №1 Московского района г.Минска""";"608";"";"27.01.2026";"01.01.2100";"0";"91,1";"0";"0";"0";"0";"0";"0";"6,64";"0";"0";"0,77";"0";"13561732126";"03.10.2026 1:18:56";"";"";"";"0";"5,87";"0"
"MN7000";"Минск РИЦ";"955409";"34485180";"608";"Санитарное содержание вспом. помещений жил. дома (кв. м)";"";"9100541";"КУП ""Жилищное коммунальное хозяйство Советского района г. Минска""";"КУП ""Жилищное коммунальное хозяйство Советского района г. Минска""";"608";"";"01.09.2021";"01.01.2100";"0";"23,9";"0";"0";"0";"0";"0";"0";"6,78";"1,11";"1,11";"5,45";"0";"13566096611";"03.10.2026 9:05:19";"";"";"";"3";"1,33";"0"
"MN7000";"Минск РИЦ";"512933";"35133501";"608";"Санитарное содержание вспом. помещений жил. дома (кв. м)";"";"9100198";"КУП ""Жилищное коммунальное хозяйство Ленинского района г. Минска""";"КУП ""Жилищное коммунальное хозяйство Ленинского района г. Минска""";"608";"";"01.09.2021";"01.01.2100";"0,045779";"33";"1,51";"1,51";"0";"0";"0";"0";"1,52";"0,03";"0,03";"3,03";"0";"13571536130";"03.10.2026 18:45:33";"";"";"";"3";"0";"0"
"MN7000";"Минск РИЦ";"365553";"43700219";"608";"Санитарное содержание вспом. помещений жил. дома (кв. м)";"";"264";"КУП ""Жилищное коммунальное хозяйство Заводского района г.Минска""";"КУП ""Жилищное коммунальное хозяйство Заводского района г.Минска""";"608";"";"21.11.2025";"01.01.2100";"0,073739";"56,5";"4,17";"4,17";"0";"0";"0";"0";"4,21";"0,26";"0,26";"8,38";"0";"13563976801";"03.10.2026 6:36:14";"";"";"";"0";"0";"0"
"MN7000";"Минск РИЦ";"1021340";"42993075";"608";"Санитарное содержание вспом. помещений жил. дома (кв. м)";"";"286";"КУП ""Жилищное коммунальное хозяйство №2 Фрунзенского района г.Минска""";"КУП ""Жилищное коммунальное хозяйство №2 Фрунзенского района г.Минска""";"608";"";"01.07.2025";"01.01.2100";"0";"31,45";"0";"0";"0";"0";"0";"0";"21,74";"9,63";"9,63";"21,74";"0";"13550746158";"01.10.2026 2:53:14";"";"";"";"9";"0";"0"
"MN7000";"Минск РИЦ";"547410";"36184778";"608";"Санитарное содержание вспом. помещений жил. дома (кв. м)";"";"9100330";"КУП ""Жилищное коммунальное хозяйство Октябрьского района г. Минска""";"КУП ""Жилищное коммунальное хозяйство Октябрьского района г. Минска""";"608";"";"01.09.2021";"01.01.2100";"0,0739";"59,1";"4,37";"4,37";"0";"0";"0";"0";"123,44";"248,01";"248,01";"127,81";"0";"13571971596";"04.10.2026 21:26:31";"";"";"";"59";"0";"0"
"MN7000";"Минск РИЦ";"1044522";"43517848";"608";"Санитарное содержание вспом. помещений жил. дома (кв. м)";"";"9100365";"КУП «Минские городские общежития»";"КУП «Минские городские общежития»";"608";"";"02.09.2025";"01.01.2100";"0,0739";"18,4";"1,36";"1,36";"0";"0";"0";"0";"1,36";"0";"0";"2,72";"0";"13560584480";"02.10.2026 17:07:24";"";"";"";"0";"0";"0"
"MN7000";"Минск РИЦ";"730750";"35378017";"608";"Санитарное содержание вспом. помещений жил. дома (кв. м)";"";"9100436";"КУП ""ЖКХ Первомайского района г. Минска""";"КУП ""ЖКХ Первомайского района г. Минска""";"608";"";"01.09.2021";"01.01.2100";"0,070208";"84,3";"5,92";"5,92";"0";"0";"0";"0";"5,92";"0";"0";"11,84";"0";"13549448842";"30.09.2026 23:08:56";"";"";"";"0";"0";"0"
"MN7000";"Минск РИЦ";"823237";"34484671";"608";"Санитарное содержание вспом. помещений жил. дома (кв. м)";"";"9100541";"КУП ""Жилищное коммунальное хозяйство Советского района г. Минска""";"КУП ""Жилищное коммунальное хозяйство Советского района г. Минска""";"608";"";"01.09.2021";"01.01.2100";"0";"51,3";"0";"0";"0";"0";"0";"0";"2,98";"0,02";"0,02";"2,98";"0";"13566096112";"03.10.2026 9:05:19";"";"";"";"0";"0";"0"
"MN7000";"Минск РИЦ";"988012";"36921393";"608";"Санитарное содержание вспом. помещений жил. дома (кв. м)";"";"9100365";"КУП «Минские городские общежития»";"КУП «Минские городские общежития»";"608";"";"11.11.2021";"01.01.2100";"0,0739";"6,27";"0,46";"0,46";"0";"0";"0";"0";"0,92";"0,03";"0,03";"0,9";"0";"13560532745";"02.10.2026 17:07:24";"";"";"";"0";"0,48";"0"
"MN7000";"Минск РИЦ";"800695";"34481480";"608";"Санитарное содержание вспом. помещений жил. дома (кв. м)";"";"9100541";"КУП ""Жилищное коммунальное хозяйство Советского района г. Минска""";"КУП ""Жилищное коммунальное хозяйство Советского района г. Минска""";"608";"";"01.09.2021";"01.01.2100";"0";"62,9";"0";"0";"0";"0";"0";"0";"3,82";"0,06";"0,06";"3,81";"0";"13566092987";"03.10.2026 9:05:19";"";"";"";"0";"0,01";"0"
"MN7000";"Минск РИЦ";"547226";"36180385";"608";"Санитарное содержание вспом. помещений жил. дома (кв. м)";"";"9100330";"КУП ""Жилищное коммунальное хозяйство Октябрьского района г. Минска""";"КУП ""Жилищное коммунальное хозяйство Октябрьского района г. Минска""";"608";"";"01.09.2021";"01.01.2100";"0,073895";"48,91";"3,61";"3,61";"0";"0";"0";"0";"3,61";"0,04";"0,04";"7,21";"0";"13571967677";"04.10.2026 21:26:31";"";"";"";"0";"0,01";"0"
"MN7000";"Минск РИЦ";"717059";"35373286";"608";"Санитарное содержание вспом. помещений жил. дома (кв. м)";"";"9100436";"КУП ""ЖКХ Первомайского района г. Минска""";"КУП ""ЖКХ Первомайского района г. Минска""";"608";"";"01.09.2021";"01.01.2100";"0,055642";"30,9";"1,72";"1,72";"0";"0";"0";"0";"3,29";"0,26";"0,26";"3,46";"0";"13549444704";"30.09.2026 23:08:56";"";"";"";"0";"1,55";"0"
"MN7000";"Минск РИЦ";"189861";"34754772";"608";"Санитарное содержание вспом. помещений жил. дома (кв. м)";"";"270";"КУП ""Жилищное коммунальное хозяйство №1 Московского района г.Минска""";"КУП ""Жилищное коммунальное хозяйство №1 Московского района г.Минска""";"608";"";"01.09.2021";"01.01.2100";"0";"37";"0";"0";"0";"0";"0";"0";"7,2";"0,63";"0,63";"2,81";"0";"13568869442";"03.10.2026 12:46:45";"";"";"";"7";"4,39";"0"
"MN7000";"Минск РИЦ";"715445";"35382598";"608";"Санитарное содержание вспом. помещений жил. дома (кв. м)";"";"9100436";"КУП ""ЖКХ Первомайского района г. Минска""";"КУП ""ЖКХ Первомайского района г. Минска""";"608";"";"01.09.2021";"01.01.2100";"0,0739";"53,9";"3,98";"3,98";"0";"0";"0";"0";"3,98";"0";"0";"7,96";"0";"13549451713";"30.09.2026 23:08:56";"";"";"";"0";"0";"0"
"MN7000";"Минск РИЦ";"1029291";"42383346";"608";"Санитарное содержание вспом. помещений жил. дома (кв. м)";"";"270";"КУП ""Жилищное коммунальное хозяйство №1 Московского района г.Минска""";"КУП ""Жилищное коммунальное хозяйство №1 Московского района г.Минска""";"608";"";"01.02.2025";"01.01.2100";"0";"12,33";"0";"0";"0";"0";"0";"0";"0,69";"0";"0";"0,69";"0";"13569067707";"03.10.2026 12:46:45";"";"";"";"0";"0";"0"
"MN7000";"Минск РИЦ";"103501";"34765535";"608";"Санитарное содержание вспом. помещений жил. дома (кв. м)";"";"270";"КУП ""Жилищное коммунальное хозяйство №1 Московского района г.Минска""";"КУП ""Жилищное коммунальное хозяйство №1 Московского района г.Минска""";"608";"";"01.09.2021";"01.01.2100";"0";"63,5";"0";"0";"0";"0";"0";"0";"3,94";"0";"0";"3,94";"0";"13568879901";"03.10.2026 12:46:45";"";"";"";"0";"0";"0"
"MN7000";"Минск РИЦ";"139085";"34753424";"608";"Санитарное содержание вспом. помещений жил. дома (кв. м)";"";"270";"КУП ""Жилищное коммунальное хозяйство №1 Московского района г.Минска""";"КУП ""Жилищное коммунальное хозяйство №1 Московского района г.Минска""";"608";"";"01.09.2021";"01.01.2100";"0";"76,1";"0";"0";"0";"0";"0";"0";"4,75";"0,05";"0,05";"4,75";"0";"13568868186";"03.10.2026 12:46:45";"";"";"";"0";"0";"0"
"MN7000";"Минск РИЦ";"441130";"35069013";"608";"Санитарное содержание вспом. помещений жил. дома (кв. м)";"";"264";"КУП ""Жилищное коммунальное хозяйство Заводского района г.Минска""";"КУП ""Жилищное коммунальное хозяйство Заводского района г.Минска""";"608";"";"01.09.2021";"01.01.2100";"0";"35,7";"0";"0";"0";"0";"0";"0";"2,54";"0,02";"0,02";"2,54";"0";"13563845522";"03.10.2026 6:36:14";"";"";"";"0";"0";"0"
"MN7000";"Минск РИЦ";"1007147";"38815246";"608";"Санитарное содержание вспом. помещений жил. дома (кв. м)";"";"70002338";"ТС ""Фарфоровый-1""";"ТС ""Фарфоровый-1""";"608";"";"21.06.2023";"01.01.2100";"0,0739";"93,1";"6,88";"6,88";"0";"0";"0";"0";"6,88";"0";"0";"13,76";"0";"13524846414";"25.09.2026 18:13:11";"";"";"";"0";"0";"0"
"MN7000";"Минск РИЦ";"178947";"34766448";"608";"Санитарное содержание вспом. помещений жил. дома (кв. м)";"";"270";"КУП ""Жилищное коммунальное хозяйство №1 Московского района г.Минска""";"КУП ""Жилищное коммунальное хозяйство №1 Московского района г.Минска""";"608";"";"01.09.2021";"01.01.2100";"0";"34,27";"0";"0";"0";"0";"0";"0";"2,66";"1,11";"1,11";"2,66";"0";"13568880772";"03.10.2026 12:46:45";"";"";"";"0";"0";"0"
"MN7000";"Минск РИЦ";"490081";"35115301";"608";"Санитарное содержание вспом. помещений жил. дома (кв. м)";"";"9100198";"КУП ""Жилищное коммунальное хозяйство Ленинского района г. Минска""";"КУП ""Жилищное коммунальное хозяйство Ленинского района г. Минска""";"608";"";"01.09.2021";"01.01.2100";"0,028314";"49,15";"1,39";"1,39";"0";"0";"0";"0";"1,39";"0,11";"0,11";"2,78";"0";"13571518534";"03.10.2026 18:45:33";"";"";"";"0";"0";"0"
"MN7000";"Минск РИЦ";"1022086";"41310706";"608";"Санитарное содержание вспом. помещений жил. дома (кв. м)";"";"9100198";"КУП ""Жилищное коммунальное хозяйство Ленинского района г. Минска""";"КУП ""Жилищное коммунальное хозяйство Ленинского района г. Минска""";"608";"";"01.09.2024";"01.01.2100";"0,028314";"8,3";"0,24";"0,24";"0";"0";"0";"0";"0,23";"0";"0";"0,47";"0";"13571624951";"03.10.2026 18:45:33";"";"";"";"0";"0";"0"
"MN7000";"Минск РИЦ";"111810";"34765599";"608";"Санитарное содержание вспом. помещений жил. дома (кв. м)";"";"270";"КУП ""Жилищное коммунальное хозяйство №1 Московского района г.Минска""";"КУП ""Жилищное коммунальное хозяйство №1 Московского района г.Минска""";"608";"";"01.09.2021";"01.01.2100";"0";"37,8";"0";"0";"0";"0";"0";"0";"5,41";"0,53";"0,53";"2,1";"0";"13568879965";"03.10.2026 12:46:45";"";"";"";"0";"3,31";"0"
"MN7000";"Минск РИЦ";"784573";"34486791";"608";"Санитарное содержание вспом. помещений жил. дома (кв. м)";"";"9100541";"КУП ""Жилищное коммунальное хозяйство Советского района г. Минска""";"КУП ""Жилищное коммунальное хозяйство Советского района г. Минска""";"608";"";"01.09.2021";"01.01.2100";"0";"32,5";"0";"0";"0";"0";"0";"0";"6,84";"0,85";"0,26";"2,17";"0";"13566098186";"03.10.2026 9:05:19";"";"";"";"0";"4,67";"0,59"
"MN7000";"Минск РИЦ";"945811";"34917878";"608";"Санитарное содержание вспом. помещений жил. дома (кв. м)";"";"9100365";"КУП «Минские городские общежития»";"КУП «Минские городские общежития»";"608";"";"01.09.2021";"01.01.2100";"0,0739";"39";"2,88";"2,88";"0";"0";"0";"0";"5,76";"0,08";"0,05";"5,76";"0";"13560532225";"02.10.2026 17:07:24";"";"";"";"0";"2,88";"0,03"
"MN7000";"Минск РИЦ";"231798";"42989360";"608";"Санитарное содержание вспом. помещений жил. дома (кв. м)";"";"286";"КУП ""Жилищное коммунальное хозяйство №2 Фрунзенского района г.Минска""";"КУП ""Жилищное коммунальное хозяйство №2 Фрунзенского района г.Минска""";"608";"";"01.07.2025";"01.01.2100";"0";"52,03";"0";"0";"0";"0";"0";"0";"3,49";"0,01";"0,01";"3,49";"0";"13550742535";"01.10.2026 2:53:14";"";"";"";"0";"0";"0"
"MN7000";"Минск РИЦ";"207130";"43307063";"608";"Санитарное содержание вспом. помещений жил. дома (кв. м)";"";"286";"КУП ""Жилищное коммунальное хозяйство №2 Фрунзенского района г.Минска""";"КУП ""Жилищное коммунальное хозяйство №2 Фрунзенского района г.Минска""";"608";"";"01.07.2025";"01.01.2100";"0";"49,4";"0";"0";"0";"0,38";"0";"0";"6,92";"0,29";"0,67";"6,92";"0";"13552919782";"01.10.2026 5:50:15";"";"";"";"0";"0";"0"
"MN7000";"Минск РИЦ";"524245";"36179061";"608";"Санитарное содержание вспом. помещений жил. дома (кв. м)";"";"9100330";"КУП ""Жилищное коммунальное хозяйство Октябрьского района г. Минска""";"КУП ""Жилищное коммунальное хозяйство Октябрьского района г. Минска""";"608";"";"01.09.2021";"01.01.2100";"0,073862";"62,68";"4,63";"4,63";"0";"0";"0";"0";"6,98";"0";"0";"11,61";"0";"13571966458";"04.10.2026 21:26:31";"";"";"";"0";"0";"0"
"MN7000";"Минск РИЦ";"782156";"34498459";"608";"Санитарное содержание вспом. помещений жил. дома (кв. м)";"";"9100541";"КУП ""Жилищное коммунальное хозяйство Советского района г. Минска""";"КУП ""Жилищное коммунальное хозяйство Советского района г. Минска""";"608";"";"01.09.2021";"01.01.2100";"0";"53,3";"0";"0";"0";"0";"0";"0";"3,9";"0,02";"0,02";"3,9";"0";"13566109560";"03.10.2026 9:05:19";"";"";"";"0";"0";"0"
"MN7000";"Минск РИЦ";"717059";"35393100";"613";"Электроэнергия на освещение вспом. помещений (кв. м)";"";"9100436";"КУП ""ЖКХ Первомайского района г. Минска""";"КУП ""ЖКХ Первомайского района г. Минска""";"613";"";"01.09.2021";"01.01.2100";"0";"30,9";"0";"0";"0";"0";"0";"0";"1,04";"0,06";"0,06";"0,4";"0";"13549299864";"30.09.2026 23:08:56";"";"";"";"0";"0,64";"0"
"MN7000";"Минск РИЦ";"745760";"35390462";"613";"Электроэнергия на освещение вспом. помещений (кв. м)";"";"9100436";"КУП ""ЖКХ Первомайского района г. Минска""";"КУП ""ЖКХ Первомайского района г. Минска""";"613";"";"01.09.2021";"01.01.2100";"0";"27,24";"0";"0";"0";"0";"0";"0";"2,51";"0,07";"0,07";"1,03";"0";"13549456901";"30.09.2026 23:08:56";"";"";"";"0";"1,48";"0"
"MN7000";"Минск РИЦ";"988012";"36921396";"613";"Электроэнергия на освещение вспом. помещений (кв. м)";"";"9100365";"КУП «Минские городские общежития»";"КУП «Минские городские общежития»";"613";"";"11.11.2021";"01.01.2100";"0";"6,27";"0";"0";"0";"0";"0";"0";"0,44";"0,01";"0,01";"0,21";"0";"13560532746";"02.10.2026 17:07:24";"";"";"";"0";"0,23";"0"
"MN7000";"Минск РИЦ";"952527";"41694882";"613";"Электроэнергия на освещение вспом. помещений (кв. м)";"";"9100198";"КУП ""Жилищное коммунальное хозяйство Ленинского района г. Минска""";"КУП ""Жилищное коммунальное хозяйство Ленинского района г. Минска""";"613";"";"01.10.2024";"01.01.2100";"0";"22,54";"0";"0";"0";"0";"0";"0";"7,26";"7,03";"7,03";"7,16";"0";"13571645431";"03.10.2026 18:45:33";"";"";"";"18";"0,1";"0"
"MN7000";"Минск РИЦ";"231798";"42118248";"613";"Электроэнергия на освещение вспом. помещений (кв. м)";"";"286";"КУП ""Жилищное коммунальное хозяйство №2 Фрунзенского района г.Минска""";"КУП ""Жилищное коммунальное хозяйство №2 Фрунзенского района г.Минска""";"613";"";"01.11.2024";"01.01.2100";"0";"52,03";"0";"0";"0";"0";"0";"0";"0,67";"0";"0";"0,67";"0";"13550703536";"01.10.2026 2:53:14";"";"";"";"0";"0";"0"
"MN7000";"Минск РИЦ";"195882";"40780874";"613";"Электроэнергия на освещение вспом. помещений (кв. м)";"";"270";"КУП ""Жилищное коммунальное хозяйство №1 Московского района г.Минска""";"КУП ""Жилищное коммунальное хозяйство №1 Московского района г.Минска""";"613";"";"01.07.2024";"01.01.2100";"0";"44,11";"0";"0";"0";"0";"0";"0";"1,62";"0,27";"0,27";"1,62";"0";"13561699052";"03.10.2026 1:18:56";"";"";"";"0";"0";"0"
"MN7000";"Минск РИЦ";"1029291";"42383348";"613";"Электроэнергия на освещение вспом. помещений (кв. м)";"";"270";"КУП ""Жилищное коммунальное хозяйство №1 Московского района г.Минска""";"КУП ""Жилищное коммунальное хозяйство №1 Московского района г.Минска""";"613";"";"01.02.2025";"01.01.2100";"0";"12,33";"0";"0";"0";"0";"0";"0";"0,33";"0";"0";"0,33";"0";"13569067708";"03.10.2026 12:46:45";"";"";"";"0";"0";"0"
"MN7000";"Минск РИЦ";"1021731";"41338600";"613";"Электроэнергия на освещение вспом. помещений (кв. м)";"";"270";"КУП ""Жилищное коммунальное хозяйство №1 Московского района г.Минска""";"КУП ""Жилищное коммунальное хозяйство №1 Московского района г.Минска""";"613";"";"01.09.2024";"01.01.2100";"0";"89,5";"0";"0";"0";"0";"0";"0";"3,51";"0";"0";"3,51";"0";"13561486929";"03.10.2026 1:18:56";"";"";"";"0";"0";"0"
"MN7000";"Минск РИЦ";"730856";"35387426";"613";"Электроэнергия на освещение вспом. помещений (кв. м)";"";"9100436";"КУП ""ЖКХ Первомайского района г. Минска""";"КУП ""ЖКХ Первомайского района г. Минска""";"613";"";"01.09.2021";"01.01.2100";"0";"46,8";"0";"0";"0";"0";"0";"0";"0,07";"0,08";"0,08";"0,07";"0";"13549454413";"30.09.2026 23:08:56";"";"";"";"0";"0";"0"
"MN7000";"Минск РИЦ";"490081";"40862059";"613";"Электроэнергия на освещение вспом. помещений (кв. м)";"";"9100198";"КУП ""Жилищное коммунальное хозяйство Ленинского района г. Минска""";"КУП ""Жилищное коммунальное хозяйство Ленинского района г. Минска""";"613";"";"01.08.2024";"01.01.2100";"0";"49,15";"0";"0";"0";"0";"0";"0";"0,55";"0,05";"0,05";"0,55";"0";"13571621940";"03.10.2026 18:45:33";"";"";"";"0";"0";"0"
"MN7000";"Минск РИЦ";"715445";"35386863";"613";"Электроэнергия на освещение вспом. помещений (кв. м)";"";"9100436";"КУП ""ЖКХ Первомайского района г. Минска""";"КУП ""ЖКХ Первомайского района г. Минска""";"613";"";"01.09.2021";"01.01.2100";"0";"53,9";"0";"0";"0";"0";"0";"0";"0,78";"0";"0";"0,78";"0";"13549453925";"30.09.2026 23:08:56";"";"";"";"0";"0";"0"
"MN7000";"Минск РИЦ";"547410";"40202473";"613";"Электроэнергия на освещение вспом. помещений (кв. м)";"";"9100330";"КУП ""Жилищное коммунальное хозяйство Октябрьского района г. Минска""";"КУП ""Жилищное коммунальное хозяйство Октябрьского района г. Минска""";"613";"";"01.06.2024";"01.01.2100";"0";"59,1";"0";"0";"0";"0";"0";"0";"35,66";"38,15";"38,15";"35,66";"0";"13572002145";"04.10.2026 21:26:31";"";"";"";"26";"0";"0"
"MN7000";"Минск РИЦ";"363561";"36670985";"613";"Электроэнергия на освещение вспом. помещений (кв. м)";"";"9100231";"ТС жилого дома №5Б по ул.Голодеда";"ТС жилого дома №5Б по ул.Голодеда";"613";"";"01.09.2021";"01.01.2100";"0";"60,8";"0";"0";"0";"0";"0";"0";"2,38";"0";"0";"2,38";"0";"13560609112";"02.10.2026 17:19:25";"";"";"";"0";"0";"0"
"MN7000";"Минск РИЦ";"1021340";"40895757";"613";"Электроэнергия на освещение вспом. помещений (кв. м)";"";"286";"КУП ""Жилищное коммунальное хозяйство №2 Фрунзенского района г.Минска""";"КУП ""Жилищное коммунальное хозяйство №2 Фрунзенского района г.Минска""";"613";"";"02.08.2024";"01.01.2100";"0";"31,45";"0";"0";"0";"0";"0";"0";"9,71";"4,52";"4,52";"9,71";"0";"13550665073";"01.10.2026 2:53:14";"";"";"";"12";"0";"0"
"MN7000";"Минск РИЦ";"365553";"43744581";"613";"Электроэнергия на освещение вспом. помещений (кв. м)";"";"264";"КУП ""Жилищное коммунальное хозяйство Заводского района г.Минска""";"КУП ""Жилищное коммунальное хозяйство Заводского района г.Минска""";"613";"";"01.11.2025";"01.01.2100";"0";"56,5";"0";"0";"0";"0";"0";"0";"1";"0,09";"0,09";"1";"0";"13563977568";"03.10.2026 6:36:14";"";"";"";"0";"0";"0"
"MN7000";"Минск РИЦ";"978101";"41480291";"613";"Электроэнергия на освещение вспом. помещений (кв. м)";"";"270";"КУП ""Жилищное коммунальное хозяйство №1 Московского района г.Минска""";"КУП ""Жилищное коммунальное хозяйство №1 Московского района г.Минска""";"613";"";"01.09.2024";"01.01.2100";"0";"19,2";"0";"0";"0";"0";"0";"0";"0,43";"0";"0";"0,43";"0";"13569050580";"03.10.2026 12:46:45";"";"";"";"0";"0";"0"
"MN7000";"Минск РИЦ";"523282";"41624009";"613";"Электроэнергия на освещение вспом. помещений (кв. м)";"";"9100198";"КУП ""Жилищное коммунальное хозяйство Ленинского района г. Минска""";"КУП ""Жилищное коммунальное хозяйство Ленинского района г. Минска""";"613";"";"01.10.2024";"01.01.2100";"0";"47,1";"0";"0";"0";"0";"0";"0";"0,47";"0";"0";"0,47";"0";"13570779634";"03.10.2026 16:50:37";"";"";"";"0";"0";"0"
"MN7000";"Минск РИЦ";"1022086";"41310709";"613";"Электроэнергия на освещение вспом. помещений (кв. м)";"";"9100198";"КУП ""Жилищное коммунальное хозяйство Ленинского района г. Минска""";"КУП ""Жилищное коммунальное хозяйство Ленинского района г. Минска""";"613";"";"01.09.2024";"01.01.2100";"0";"8,3";"0";"0";"0";"0";"0";"0";"0,09";"0";"0";"0,09";"0";"13571624952";"03.10.2026 18:45:33";"";"";"";"0";"0";"0"
"MN7000";"Минск РИЦ";"815517";"40219282";"613";"Электроэнергия на освещение вспом. помещений (кв. м)";"";"9100541";"КУП ""Жилищное коммунальное хозяйство Советского района г. Минска""";"КУП ""Жилищное коммунальное хозяйство Советского района г. Минска""";"613";"";"01.06.2024";"01.01.2100";"0";"42,4";"0";"0";"0";"0";"0";"0";"1,06";"0,01";"0,01";"0,5";"0";"13562336366";"03.10.2026 3:11:31";"";"";"";"0";"0,56";"0"
"MN7000";"Минск РИЦ";"192685";"40587681";"613";"Электроэнергия на освещение вспом. помещений (кв. м)";"";"270";"КУП ""Жилищное коммунальное хозяйство №1 Московского района г.Минска""";"КУП ""Жилищное коммунальное хозяйство №1 Московского района г.Минска""";"613";"";"01.06.2024";"01.01.2100";"0";"41,89";"0";"0";"0";"0";"0";"0";"1,29";"0,15";"0,15";"0,59";"0";"13561696984";"03.10.2026 1:18:56";"";"";"";"0";"0,7";"0"
"MN7000";"Минск РИЦ";"110634";"43370096";"613";"Электроэнергия на освещение вспом. помещений (кв. м)";"";"270";"КУП ""Жилищное коммунальное хозяйство №1 Московского района г.Минска""";"КУП ""Жилищное коммунальное хозяйство №1 Московского района г.Минска""";"613";"";"01.07.2025";"01.01.2100";"0";"76,3";"0";"0";"0";"0";"0";"0";"1,73";"0";"0";"1,73";"0";"13569079550";"03.10.2026 12:46:45";"";"";"";"0";"0";"0"
"MN7000";"Минск РИЦ";"784573";"41357176";"613";"Электроэнергия на освещение вспом. помещений (кв. м)";"";"9100541";"КУП ""Жилищное коммунальное хозяйство Советского района г. Минска""";"КУП ""Жилищное коммунальное хозяйство Советского района г. Минска""";"613";"";"01.09.2024";"01.01.2100";"0";"32,5";"0";"0";"0";"0";"0";"0";"1,31";"0,29";"0,05";"0,44";"0";"13566166483";"03.10.2026 9:05:19";"";"";"";"0";"0,87";"0,24"
"MN7000";"Минск РИЦ";"955409";"40881741";"613";"Электроэнергия на освещение вспом. помещений (кв. м)";"";"9100541";"КУП ""Жилищное коммунальное хозяйство Советского района г. Минска""";"КУП ""Жилищное коммунальное хозяйство Советского района г. Минска""";"613";"";"01.08.2024";"01.01.2100";"0";"23,9";"0";"0";"0";"0";"0";"0";"0,6";"0,08";"0,08";"0,45";"0";"13566159106";"03.10.2026 9:05:19";"";"";"";"3";"0,15";"0"
"MN7000";"Минск РИЦ";"178947";"41469900";"613";"Электроэнергия на освещение вспом. помещений (кв. м)";"";"270";"КУП ""Жилищное коммунальное хозяйство №1 Московского района г.Минска""";"КУП ""Жилищное коммунальное хозяйство №1 Московского района г.Минска""";"613";"";"01.09.2024";"01.01.2100";"0";"34,27";"0";"0";"0";"0";"0";"0";"0,95";"0,61";"0,61";"0,95";"0";"13568571158";"03.10.2026 12:46:45";"";"";"";"0";"0";"0"
"MN7000";"Минск РИЦ";"730750";"35387258";"613";"Электроэнергия на освещение вспом. помещений (кв. м)";"";"9100436";"КУП ""ЖКХ Первомайского района г. Минска""";"КУП ""ЖКХ Первомайского района г. Минска""";"613";"";"01.09.2021";"01.01.2100";"0";"84,3";"0";"0";"0";"0";"0";"0";"0,08";"0";"0";"0,08";"0";"13549454265";"30.09.2026 23:08:56";"";"";"";"0";"0";"0"
"MN7000";"Минск РИЦ";"811665";"41357795";"613";"Электроэнергия на освещение вспом. помещений (кв. м)";"";"9100541";"КУП ""Жилищное коммунальное хозяйство Советского района г. Минска""";"КУП ""Жилищное коммунальное хозяйство Советского района г. Минска""";"613";"";"01.09.2024";"01.01.2100";"0";"32,79";"0";"0";"0";"0";"0";"0";"0,44";"0";"0";"0,44";"0";"13566167051";"03.10.2026 9:05:19";"";"";"";"0";"0";"0"
"MN7000";"Минск РИЦ";"512933";"41691208";"613";"Электроэнергия на освещение вспом. помещений (кв. м)";"";"9100198";"КУП ""Жилищное коммунальное хозяйство Ленинского района г. Минска""";"КУП ""Жилищное коммунальное хозяйство Ленинского района г. Минска""";"613";"";"01.10.2024";"01.01.2100";"0";"33";"0";"0";"0";"0";"0";"0";"0,98";"0,02";"0,02";"0,98";"0";"13571642139";"03.10.2026 18:45:33";"";"";"";"3";"0";"0"
"MN7000";"Минск РИЦ";"103501";"40785427";"613";"Электроэнергия на освещение вспом. помещений (кв. м)";"";"270";"КУП ""Жилищное коммунальное хозяйство №1 Московского района г.Минска""";"КУП ""Жилищное коммунальное хозяйство №1 Московского района г.Минска""";"613";"";"01.07.2024";"01.01.2100";"0";"63,5";"0";"0";"0";"0";"0";"0";"0,45";"0";"0";"0,45";"0";"13569029065";"03.10.2026 12:46:45";"";"";"";"0";"0";"0"
"MN7000";"Минск РИЦ";"490418";"40862112";"613";"Электроэнергия на освещение вспом. помещений (кв. м)";"";"9100198";"КУП ""Жилищное коммунальное хозяйство Ленинского района г. Минска""";"КУП ""Жилищное коммунальное хозяйство Ленинского района г. Минска""";"613";"";"01.08.2024";"01.01.2100";"0";"67,39";"0";"0";"0";"0";"0";"0";"0,75";"0";"0";"0,75";"0";"13571621990";"03.10.2026 18:45:33";"";"";"";"0";"0";"0"
"MN7000";"Минск РИЦ";"823237";"40266380";"613";"Электроэнергия на освещение вспом. помещений (кв. м)";"";"9100541";"КУП ""Жилищное коммунальное хозяйство Советского района г. Минска""";"КУП ""Жилищное коммунальное хозяйство Советского района г. Минска""";"613";"";"01.06.2024";"01.01.2100";"0";"51,3";"0";"0";"0";"0";"0";"0";"0,23";"0";"0";"0,23";"0";"13566150608";"03.10.2026 9:05:19";"";"";"";"0";"0";"0"
"MN7000";"Минск РИЦ";"207130";"40909333";"613";"Электроэнергия на освещение вспом. помещений (кв. м)";"";"286";"КУП ""Жилищное коммунальное хозяйство №2 Фрунзенского района г.Минска""";"КУП ""Жилищное коммунальное хозяйство №2 Фрунзенского района г.Минска""";"613";"";"01.08.2024";"01.01.2100";"0";"49,4";"0";"0";"0";"0,05";"0";"0";"0,99";"0,04";"0,09";"0,99";"0";"13552761119";"01.10.2026 5:50:15";"";"";"";"0";"0";"0"
"MN7000";"Минск РИЦ";"768377";"41633028";"613";"Электроэнергия на освещение вспом. помещений (кв. м)";"";"9100541";"КУП ""Жилищное коммунальное хозяйство Советского района г. Минска""";"КУП ""Жилищное коммунальное хозяйство Советского района г. Минска""";"613";"";"01.10.2024";"01.01.2100";"0";"69,9";"0";"0";"0";"0";"0";"0";"3,44";"0,08";"0,06";"1,44";"0";"13566177831";"03.10.2026 9:05:19";"";"";"";"0";"2";"0,02"
"MN7000";"Минск РИЦ";"1029793";"42391743";"613";"Электроэнергия на освещение вспом. помещений (кв. м)";"";"70002338";"ТС ""Фарфоровый-1""";"ТС ""Фарфоровый-1""";"613";"";"01.02.2025";"01.01.2100";"0";"98,9";"0";"0";"0";"0";"0";"0";"7,76";"0,09";"0,07";"3,88";"0";"13525097734";"25.09.2026 18:13:11";"";"";"";"0";"3,88";"0,02"
"MN7000";"Минск РИЦ";"945811";"34917879";"613";"Электроэнергия на освещение вспом. помещений (кв. м)";"";"9100365";"КУП «Минские городские общежития»";"КУП «Минские городские общежития»";"613";"";"01.09.2021";"01.01.2100";"0";"39";"0";"0";"0";"0";"0";"0";"1,46";"0,01";"0,01";"0,95";"0";"13560532226";"02.10.2026 17:07:24";"";"";"";"0";"0,51";"0"
"MN7000";"Минск РИЦ";"1046374";"43598466";"613";"Электроэнергия на освещение вспом. помещений (кв. м)";"";"264";"КУП ""Жилищное коммунальное хозяйство Заводского района г.Минска""";"КУП ""Жилищное коммунальное хозяйство Заводского района г.Минска""";"613";"";"27.10.2025";"01.01.2100";"0";"53,8";"0";"0";"0";"0";"0";"0";"1,67";"0,08";"0,05";"0,6";"0";"13563975163";"03.10.2026 6:36:14";"";"";"";"0";"1,07";"0,03"
"MN7000";"Минск РИЦ";"785464";"41597424";"613";"Электроэнергия на освещение вспом. помещений (кв. м)";"";"9100541";"КУП ""Жилищное коммунальное хозяйство Советского района г. Минска""";"КУП ""Жилищное коммунальное хозяйство Советского района г. Минска""";"613";"";"01.10.2024";"01.01.2100";"0";"49,75";"0";"0";"0";"0";"0";"0";"22,06";"21,25";"21,25";"22,06";"0";"13566176178";"03.10.2026 9:05:19";"";"";"";"20";"0";"0"
"MN7000";"Минск РИЦ";"524245";"42156919";"613";"Электроэнергия на освещение вспом. помещений (кв. м)";"";"9100330";"КУП ""Жилищное коммунальное хозяйство Октябрьского района г. Минска""";"КУП ""Жилищное коммунальное хозяйство Октябрьского района г. Минска""";"613";"";"01.12.2024";"01.01.2100";"0";"62,68";"0";"0";"0";"0";"0";"0";"1,08";"0";"0";"1,08";"0";"13572018192";"04.10.2026 21:26:31";"";"";"";"0";"0";"0"
"MN7000";"Минск РИЦ";"800695";"40885262";"613";"Электроэнергия на освещение вспом. помещений (кв. м)";"";"9100541";"КУП ""Жилищное коммунальное хозяйство Советского района г. Минска""";"КУП ""Жилищное коммунальное хозяйство Советского района г. Минска""";"613";"";"01.08.2024";"01.01.2100";"0";"62,9";"0";"0";"0";"0";"0";"0";"0,74";"0";"0";"0,74";"0";"13566161898";"03.10.2026 9:05:19";"";"";"";"0";"0";"0"
"MN7000";"Минск РИЦ";"1044522";"43517852";"613";"Электроэнергия на освещение вспом. помещений (кв. м)";"";"9100365";"КУП «Минские городские общежития»";"КУП «Минские городские общежития»";"613";"";"02.09.2025";"01.01.2100";"0";"18,4";"0";"0";"0";"0";"0";"0";"0,45";"0";"0";"0,45";"0";"13560584481";"02.10.2026 17:07:24";"";"";"";"0";"0";"0"
"MN7000";"Минск РИЦ";"1019451";"40465836";"613";"Электроэнергия на освещение вспом. помещений (кв. м)";"";"270";"КУП ""Жилищное коммунальное хозяйство №1 Московского района г.Минска""";"КУП ""Жилищное коммунальное хозяйство №1 Московского района г.Минска""";"613";"";"01.06.2024";"01.01.2100";"0";"63,2";"0";"0";"0";"0";"0";"0";"2,48";"0,05";"0,05";"2,48";"0";"13561688561";"03.10.2026 1:18:56";"";"";"";"0";"0";"0"
"MN7000";"Минск РИЦ";"1056919";"43933322";"613";"Электроэнергия на освещение вспом. помещений (кв. м)";"";"270";"КУП ""Жилищное коммунальное хозяйство №1 Московского района г.Минска""";"КУП ""Жилищное коммунальное хозяйство №1 Московского района г.Минска""";"613";"";"27.01.2026";"01.01.2100";"0";"91,1";"0";"0";"0";"0";"0";"0";"3,57";"0";"0";"0,41";"0";"13561732127";"03.10.2026 1:18:56";"";"";"";"0";"3,16";"0"
"MN7000";"Минск РИЦ";"111810";"41480273";"613";"Электроэнергия на освещение вспом. помещений (кв. м)";"";"270";"КУП ""Жилищное коммунальное хозяйство №1 Московского района г.Минска""";"КУП ""Жилищное коммунальное хозяйство №1 Московского района г.Минска""";"613";"";"01.09.2024";"01.01.2100";"0";"37,8";"0";"0";"0";"0";"0";"0";"1,75";"0,25";"0,25";"0,68";"0";"13569050562";"03.10.2026 12:46:45";"";"";"";"0";"1,07";"0"
"MN7000";"Минск РИЦ";"580893";"37962623";"613";"Электроэнергия на освещение вспом. помещений (кв. м)";"";"70002183";"ТС жилого дома 67 корпус 1 по ул.Захарова";"ТС жилого дома 67 корпус 1 по ул.Захарова";"613";"";"01.02.2023";"01.01.2100";"0";"67,4";"0";"0";"0";"0";"0";"0";"5,12";"0,09";"0,05";"2,55";"0";"13560542077";"02.10.2026 16:51:10";"";"";"";"0";"2,57";"0,04"
"MN7000";"Минск РИЦ";"798773";"41625478";"613";"Электроэнергия на освещение вспом. помещений (кв. м)";"";"9100541";"КУП ""Жилищное коммунальное хозяйство Советского района г. Минска""";"КУП ""Жилищное коммунальное хозяйство Советского района г. Минска""";"613";"";"01.10.2024";"01.01.2100";"0";"29,9";"0";"0";"0";"0";"0";"0";"0,54";"0";"0";"0,36";"0";"13562350870";"03.10.2026 3:11:31";"";"";"";"0";"0,18";"0"
"MN7000";"Минск РИЦ";"814107";"41622827";"613";"Электроэнергия на освещение вспом. помещений (кв. м)";"";"9100541";"КУП ""Жилищное коммунальное хозяйство Советского района г. Минска""";"КУП ""Жилищное коммунальное хозяйство Советского района г. Минска""";"613";"";"01.10.2024";"01.01.2100";"0";"52,5";"0";"0";"0";"0";"0";"0";"3,18";"0,03";"0,03";"1,7";"0";"13562350618";"03.10.2026 3:11:31";"";"";"";"0";"1,48";"0"
"MN7000";"Минск РИЦ";"782156";"41594812";"613";"Электроэнергия на освещение вспом. помещений (кв. м)";"";"9100541";"КУП ""Жилищное коммунальное хозяйство Советского района г. Минска""";"КУП ""Жилищное коммунальное хозяйство Советского района г. Минска""";"613";"";"01.10.2024";"01.01.2100";"0";"53,3";"0";"0";"0";"0";"0";"0";"1,04";"0,01";"0,01";"1,04";"0";"13566173798";"03.10.2026 9:05:19";"";"";"";"0";"0";"0"
"MN7000";"Минск РИЦ";"580913";"37962589";"613";"Электроэнергия на освещение вспом. помещений (кв. м)";"";"70002183";"ТС жилого дома 67 корпус 1 по ул.Захарова";"ТС жилого дома 67 корпус 1 по ул.Захарова";"613";"";"01.02.2023";"01.01.2100";"0";"106,9";"0";"0";"0";"0";"0";"0";"4,19";"0,24";"0,24";"4,19";"0";"13560542044";"02.10.2026 16:51:10";"";"";"";"0";"0";"0"
"MN7000";"Минск РИЦ";"441130";"40721499";"613";"Электроэнергия на освещение вспом. помещений (кв. м)";"";"264";"КУП ""Жилищное коммунальное хозяйство Заводского района г.Минска""";"КУП ""Жилищное коммунальное хозяйство Заводского района г.Минска""";"613";"";"01.07.2024";"01.01.2100";"0";"35,7";"0";"0";"0";"0";"0";"0";"1,39";"0,01";"0,01";"1,39";"0";"13563955268";"03.10.2026 6:36:14";"";"";"";"0";"0";"0"
"MN7000";"Минск РИЦ";"1011281";"39107043";"613";"Электроэнергия на освещение вспом. помещений (кв. м)";"";"270";"КУП ""Жилищное коммунальное хозяйство №1 Московского района г.Минска""";"КУП ""Жилищное коммунальное хозяйство №1 Московского района г.Минска""";"613";"";"18.10.2023";"01.01.2100";"0";"83,2";"0";"0";"0";"0";"0";"0";"3,26";"0,2";"0,2";"3,26";"0";"13561678431";"03.10.2026 1:18:56";"";"";"";"0";"0";"0"
"MN7000";"Минск РИЦ";"811865";"40885272";"613";"Электроэнергия на освещение вспом. помещений (кв. м)";"";"9100541";"КУП ""Жилищное коммунальное хозяйство Советского района г. Минска""";"КУП ""Жилищное коммунальное хозяйство Советского района г. Минска""";"613";"";"01.08.2024";"01.01.2100";"0";"20,72";"0";"0";"0";"0";"0";"0";"0,25";"0,01";"0,01";"0,25";"0";"13566161908";"03.10.2026 9:05:19";"";"";"";"0";"0";"0"
"MN7000";"Минск РИЦ";"1018761";"42156995";"613";"Электроэнергия на освещение вспом. помещений (кв. м)";"";"9100330";"КУП ""Жилищное коммунальное хозяйство Октябрьского района г. Минска""";"КУП ""Жилищное коммунальное хозяйство Октябрьского района г. Минска""";"613";"";"01.12.2024";"01.01.2100";"0";"15,56";"0";"0";"0";"0";"0";"0";"0,2";"0";"0";"0,2";"0";"13572018262";"04.10.2026 21:26:31";"";"";"";"0";"0";"0"
"MN7000";"Минск РИЦ";"804080";"41625489";"613";"Электроэнергия на освещение вспом. помещений (кв. м)";"";"9100541";"КУП ""Жилищное коммунальное хозяйство Советского района г. Минска""";"КУП ""Жилищное коммунальное хозяйство Советского района г. Минска""";"613";"";"01.10.2024";"01.01.2100";"0";"29,2";"0";"0";"0";"0";"0";"0";"0,36";"0";"0";"0,36";"0";"13562350881";"03.10.2026 3:11:31";"";"";"";"0";"0";"0"
"MN7000";"Минск РИЦ";"952529";"41694668";"613";"Электроэнергия на освещение вспом. помещений (кв. м)";"";"9100198";"КУП ""Жилищное коммунальное хозяйство Ленинского района г. Минска""";"КУП ""Жилищное коммунальное хозяйство Ленинского района г. Минска""";"613";"";"01.10.2024";"01.01.2100";"0";"22,54";"0";"0";"0";"0";"0";"0";"10,85";"10,43";"10,43";"10,85";"0";"13571645225";"03.10.2026 18:45:33";"";"";"";"18";"0";"0"
"MN7000";"Минск РИЦ";"767954";"40885017";"613";"Электроэнергия на освещение вспом. помещений (кв. м)";"";"9100541";"КУП ""Жилищное коммунальное хозяйство Советского района г. Минска""";"КУП ""Жилищное коммунальное хозяйство Советского района г. Минска""";"613";"";"01.08.2024";"01.01.2100";"0";"32,9";"0";"0";"0";"0";"0";"0";"0,54";"0";"0";"0,54";"0";"13566161675";"03.10.2026 9:05:19";"";"";"";"0";"0";"0"
"MN7000";"Минск РИЦ";"529172";"42157087";"613";"Электроэнергия на освещение вспом. помещений (кв. м)";"";"9100330";"КУП ""Жилищное коммунальное хозяйство Октябрьского района г. Минска""";"КУП ""Жилищное коммунальное хозяйство Октябрьского района г. Минска""";"613";"";"01.12.2024";"01.01.2100";"0";"46,3";"0";"0";"0";"0";"0";"0";"1";"0,01";"0,01";"0,6";"0";"13572018352";"04.10.2026 21:26:31";"";"";"";"0";"0,4";"0"
"MN7000";"Минск РИЦ";"490253";"40862491";"613";"Электроэнергия на освещение вспом. помещений (кв. м)";"";"9100198";"КУП ""Жилищное коммунальное хозяйство Ленинского района г. Минска""";"КУП ""Жилищное коммунальное хозяйство Ленинского района г. Минска""";"613";"";"01.08.2024";"01.01.2100";"0";"67,7";"0";"0";"0";"0";"0";"0";"1,25";"0,11";"0,11";"0,75";"0";"13571622352";"03.10.2026 18:45:33";"";"";"";"0";"0,5";"0"
"MN7000";"Минск РИЦ";"764300";"35385338";"613";"Электроэнергия на освещение вспом. помещений (кв. м)";"";"9100436";"КУП ""ЖКХ Первомайского района г. Минска""";"КУП ""ЖКХ Первомайского района г. Минска""";"613";"";"01.09.2021";"01.01.2100";"0";"44,1";"0";"0";"0";"0";"0";"0";"1,54";"0,03";"0,03";"1,54";"0";"13549452622";"30.09.2026 23:08:56";"";"";"";"0";"0";"0"
"MN7000";"Минск РИЦ";"1008768";"43987450";"613";"Электроэнергия на освещение вспом. помещений (кв. м)";"";"70003423";"УП ""Ремавтодор Заводского района г.Минска""";"УП ""Ремавтодор Заводского района г.Минска""";"613";"";"01.02.2026";"01.01.2100";"0";"17,8";"0";"0";"0";"0";"0";"0";"0,7";"0,05";"0,05";"0,7";"0";"13560635726";"02.10.2026 17:19:25";"";"";"";"0";"0";"0"
"MN7000";"Минск РИЦ";"1007147";"38815248";"613";"Электроэнергия на освещение вспом. помещений (кв. м)";"";"70002338";"ТС ""Фарфоровый-1""";"ТС ""Фарфоровый-1""";"613";"";"21.06.2023";"01.01.2100";"0";"93,1";"0";"0";"0";"0";"0";"0";"3,65";"0";"0";"3,65";"0";"13524846415";"25.09.2026 18:13:11";"";"";"";"0";"0";"0"
"MN7000";"Минск РИЦ";"382652";"41955499";"613";"Электроэнергия на освещение вспом. помещений (кв. м)";"";"264";"КУП ""Жилищное коммунальное хозяйство Заводского района г.Минска""";"КУП ""Жилищное коммунальное хозяйство Заводского района г.Минска""";"613";"";"01.11.2024";"01.01.2100";"0";"29,05";"0";"0";"0";"0";"0";"0";"1,07";"0,64";"0,64";"1,07";"0";"13564378985";"03.10.2026 6:56:22";"";"";"";"0";"0";"0"
"MN7000";"Минск РИЦ";"232534";"41776912";"613";"Электроэнергия на освещение вспом. помещений (кв. м)";"";"286";"КУП ""Жилищное коммунальное хозяйство №2 Фрунзенского района г.Минска""";"КУП ""Жилищное коммунальное хозяйство №2 Фрунзенского района г.Минска""";"613";"";"01.10.2024";"01.01.2100";"0";"33,9";"0";"0";"0";"0";"0";"0";"0,27";"0,01";"0,01";"0,27";"0";"13550700007";"01.10.2026 2:53:14";"";"";"";"0";"0";"0"
"MN7000";"Минск РИЦ";"785382";"40265921";"613";"Электроэнергия на освещение вспом. помещений (кв. м)";"";"9100541";"КУП ""Жилищное коммунальное хозяйство Советского района г. Минска""";"КУП ""Жилищное коммунальное хозяйство Советского района г. Минска""";"613";"";"01.06.2024";"01.01.2100";"0";"51,24";"0";"0";"0";"0";"0";"0";"0,61";"0,01";"0,01";"0,61";"0";"13566150168";"03.10.2026 9:05:19";"";"";"";"0";"0";"0"
"MN7000";"Минск РИЦ";"496122";"41694834";"613";"Электроэнергия на освещение вспом. помещений (кв. м)";"";"9100198";"КУП ""Жилищное коммунальное хозяйство Ленинского района г. Минска""";"КУП ""Жилищное коммунальное хозяйство Ленинского района г. Минска""";"613";"";"01.10.2024";"01.01.2100";"0";"32,9";"0";"0";"0";"0";"0";"0";"0,45";"0,04";"0,04";"0,45";"0";"13571645383";"03.10.2026 18:45:33";"";"";"";"0";"0";"0"
"MN7000";"Минск РИЦ";"183962";"41408037";"613";"Электроэнергия на освещение вспом. помещений (кв. м)";"";"270";"КУП ""Жилищное коммунальное хозяйство №1 Московского района г.Минска""";"КУП ""Жилищное коммунальное хозяйство №1 Московского района г.Минска""";"613";"";"01.09.2024";"01.01.2100";"0";"42,97";"0";"0";"0";"0";"0";"0";"0,15";"0,01";"0";"0,09";"0";"13561703157";"03.10.2026 1:18:56";"";"";"";"0";"0,06";"0,01"
"MN7000";"Минск РИЦ";"467895";"40862360";"613";"Электроэнергия на освещение вспом. помещений (кв. м)";"";"9100198";"КУП ""Жилищное коммунальное хозяйство Ленинского района г. Минска""";"КУП ""Жилищное коммунальное хозяйство Ленинского района г. Минска""";"613";"";"01.08.2024";"01.01.2100";"0";"67,6";"0";"0";"0";"0";"0";"0";"1,25";"0,04";"0,02";"0,75";"0";"13571622225";"03.10.2026 18:45:33";"";"";"";"0";"0,5";"0,02"
"MN7000";"Минск РИЦ";"161306";"41410808";"613";"Электроэнергия на освещение вспом. помещений (кв. м)";"";"270";"КУП ""Жилищное коммунальное хозяйство №1 Московского района г.Минска""";"КУП ""Жилищное коммунальное хозяйство №1 Московского района г.Минска""";"613";"";"01.09.2024";"01.01.2100";"0";"48,4";"0";"0";"0";"0";"0";"0";"0,44";"0,07";"0,07";"0,04";"0";"13561705667";"03.10.2026 1:18:56";"";"";"";"0";"0,4";"0"
"MN7000";"Минск РИЦ";"1019839";"40603998";"613";"Электроэнергия на освещение вспом. помещений (кв. м)";"";"270";"КУП ""Жилищное коммунальное хозяйство №1 Московского района г.Минска""";"КУП ""Жилищное коммунальное хозяйство №1 Московского района г.Минска""";"613";"";"01.07.2024";"01.01.2100";"0";"65";"0";"0";"0";"0";"0";"0";"5,47";"0,3";"0,3";"2,26";"0";"13561698003";"03.10.2026 1:18:56";"";"";"";"0";"3,21";"0"
"MN7000";"Минск РИЦ";"547226";"41866677";"613";"Электроэнергия на освещение вспом. помещений (кв. м)";"";"9100330";"КУП ""Жилищное коммунальное хозяйство Октябрьского района г. Минска""";"КУП ""Жилищное коммунальное хозяйство Октябрьского района г. Минска""";"613";"";"01.10.2024";"01.01.2100";"0";"48,91";"0";"0";"0";"0";"0";"0";"0,35";"0";"0";"0,35";"0";"13572012007";"04.10.2026 21:26:31";"";"";"";"0";"0";"0"
"MN7000";"Минск РИЦ";"139085";"40549070";"613";"Электроэнергия на освещение вспом. помещений (кв. м)";"";"270";"КУП ""Жилищное коммунальное хозяйство №1 Московского района г.Минска""";"КУП ""Жилищное коммунальное хозяйство №1 Московского района г.Минска""";"613";"";"01.06.2024";"01.01.2100";"0";"76,1";"0";"0";"0";"0";"0";"0";"2,16";"0,02";"0,02";"2,16";"0";"13569019203";"03.10.2026 12:46:45";"";"";"";"0";"0";"0"
"MN7000";"Минск РИЦ";"363885";"43744563";"613";"Электроэнергия на освещение вспом. помещений (кв. м)";"";"264";"КУП ""Жилищное коммунальное хозяйство Заводского района г.Минска""";"КУП ""Жилищное коммунальное хозяйство Заводского района г.Минска""";"613";"";"01.11.2025";"01.01.2100";"0";"57,2";"0";"0";"0";"0";"0";"0";"1";"0,01";"0,01";"1";"0";"13563977550";"03.10.2026 6:36:14";"";"";"";"0";"0";"0"
"MN7000";"Минск РИЦ";"1035981";"42672468";"613";"Электроэнергия на освещение вспом. помещений (кв. м)";"";"264";"КУП ""Жилищное коммунальное хозяйство Заводского района г.Минска""";"КУП ""Жилищное коммунальное хозяйство Заводского района г.Минска""";"613";"";"01.05.2025";"01.01.2100";"0";"14,6";"0";"0";"0";"0";"0";"0";"0,39";"0";"0";"0,39";"0";"13564382377";"03.10.2026 6:56:22";"";"";"";"0";"0";"0"
"MN7000";"Минск РИЦ";"496968";"41694657";"613";"Электроэнергия на освещение вспом. помещений (кв. м)";"";"9100198";"КУП ""Жилищное коммунальное хозяйство Ленинского района г. Минска""";"КУП ""Жилищное коммунальное хозяйство Ленинского района г. Минска""";"613";"";"01.10.2024";"01.01.2100";"0";"46,5";"0";"0";"0";"0";"0";"0";"0,63";"0";"0";"0,63";"0";"13571645214";"03.10.2026 18:45:33";"";"";"";"0";"0";"0"
"MN7000";"Минск РИЦ";"986395";"36706477";"613";"Электроэнергия на освещение вспом. помещений (кв. м)";"";"9100365";"КУП «Минские городские общежития»";"КУП «Минские городские общежития»";"613";"";"01.09.2021";"01.01.2100";"0";"23";"0";"0";"0";"0";"0";"0";"0,73";"0";"0";"0,73";"0";"13564853174";"03.10.2026 8:35:39";"";"";"";"0";"0";"0"
"MN7000";"Минск РИЦ";"189861";"41480264";"613";"Электроэнергия на освещение вспом. помещений (кв. м)";"";"270";"КУП ""Жилищное коммунальное хозяйство №1 Московского района г.Минска""";"КУП ""Жилищное коммунальное хозяйство №1 Московского района г.Минска""";"613";"";"01.09.2024";"01.01.2100";"0";"37";"0";"0";"0";"0";"0";"0";"2,47";"0,32";"0,32";"0,9";"0";"13569050553";"03.10.2026 12:46:45";"";"";"";"0";"1,57";"0"
"MN7000";"Минск РИЦ";"955409";"44685297";"701";"Возмещение нотариального тарифа";"";"70003500";"КУП ""Расчётно-информационный центр Мингорисполкома""НТ";"КУП ""Расчётно-информационный центр Мингорисполкома""НТ";"701";"";"30.09.2026";"30.09.2026";"4,5";"1";"4,5";"4,5";"0";"0";"0";"0";"0";"0";"0";"4,5";"0";"13566192090";"03.10.2026 9:05:19";"";"";"";"0";"0";"0"
"MN7000";"Минск РИЦ";"580893";"44366155";"840";"Расчет платы за теплоснабжение по показаниям ИПУ тепловой энергии";"";"70002294";"ООО ""Иста Сервис""";"ООО ""Иста Сервис""";"840";"";"05.06.2026";"01.01.2100";"1";"0";"0";"0";"0";"0";"0";"0";"0";"0";"0";"0";"0";"13560543440";"02.10.2026 16:51:10";"";"";"";"0";"0";"0"
"MN7000";"Минск РИЦ";"441130";"44372999";"840";"Расчет платы за теплоснабжение по показаниям ИПУ тепловой энергии";"";"70002294";"ООО ""Иста Сервис""";"ООО ""Иста Сервис""";"840";"";"05.06.2026";"01.01.2100";"1";"0";"0";"0";"0";"0";"0";"0";"0";"0";"0";"0";"0";"13563984037";"03.10.2026 6:36:14";"";"";"";"0";"0";"0"
"MN7000";"Минск РИЦ";"363561";"44444681";"840";"Расчет платы за теплоснабжение по показаниям ИПУ тепловой энергии";"";"70002294";"ООО ""Иста Сервис""";"ООО ""Иста Сервис""";"840";"";"01.07.2026";"01.01.2100";"1";"0";"0";"0";"0";"0";"0";"0";"0";"0";"0";"0";"0";"13560637769";"02.10.2026 17:19:25";"";"";"";"0";"0";"0"
"MN7000";"Минск РИЦ";"365553";"44380939";"840";"Расчет платы за теплоснабжение по показаниям ИПУ тепловой энергии";"";"70002294";"ООО ""Иста Сервис""";"ООО ""Иста Сервис""";"840";"";"05.06.2026";"01.01.2100";"1";"0";"0";"0";"0";"0";"0";"0";"0";"0";"0";"0";"0";"13563984281";"03.10.2026 6:36:14";"";"";"";"0";"0";"0"
"MN7000";"Минск РИЦ";"580913";"44366175";"840";"Расчет платы за теплоснабжение по показаниям ИПУ тепловой энергии";"";"70002294";"ООО ""Иста Сервис""";"ООО ""Иста Сервис""";"840";"";"05.06.2026";"01.01.2100";"1";"0";"0";"0";"0";"0";"0";"0";"0";"0";"0";"0";"0";"13560543460";"02.10.2026 16:51:10";"";"";"";"0";"0";"0"
"MN7000";"Минск РИЦ";"363885";"44380921";"840";"Расчет платы за теплоснабжение по показаниям ИПУ тепловой энергии";"";"70002294";"ООО ""Иста Сервис""";"ООО ""Иста Сервис""";"840";"";"05.06.2026";"01.01.2100";"1";"0";"0";"0";"0";"0";"0";"0";"0";"0";"0";"0";"0";"13563984265";"03.10.2026 6:36:14";"";"";"";"0";"0";"0"
"MN7000";"Минск РИЦ";"1007147";"42436551";"841";"Расчет платы за теплоснабжение по показаниям ИПУ тепловой энергии или распределителей тепловой энергии и (или) техническое обслуживание ИПУ тепловой энергии или распределителей тепловой энергии";"";"70000888";"ООО ""Город уюта""";"ООО ""Город уюта""";"841";"";"01.03.2025";"01.01.2100";"1";"0";"0";"0";"0";"0";"0";"0";"0";"0";"0";"0";"0";"13525098016";"25.09.2026 18:13:11";"";"";"";"0";"0";"0"
"MN7000";"Минск РИЦ";"1019839";"43921477";"841";"Расчет платы за теплоснабжение по показаниям ИПУ тепловой энергии или распределителей тепловой энергии и (или) техническое обслуживание ИПУ тепловой энергии или распределителей тепловой энергии";"";"70002294";"ООО ""Иста Сервис""";"ООО ""Иста Сервис""";"841";"";"01.01.2026";"01.01.2100";"1";"0";"0";"0";"0";"0";"0";"0";"0";"0";"0";"0";"0";"13561724500";"03.10.2026 1:18:56";"";"";"";"0";"0";"0"
"MN7000";"Минск РИЦ";"1011281";"43921292";"841";"Расчет платы за теплоснабжение по показаниям ИПУ тепловой энергии или распределителей тепловой энергии и (или) техническое обслуживание ИПУ тепловой энергии или распределителей тепловой энергии";"";"70002294";"ООО ""Иста Сервис""";"ООО ""Иста Сервис""";"841";"";"01.01.2026";"01.01.2100";"1";"0";"0";"0";"0";"0";"0";"0";"0";"0";"0";"0";"0";"13561724338";"03.10.2026 1:18:56";"";"";"";"0";"0";"0"
"MN7000";"Минск РИЦ";"1021731";"43921503";"841";"Расчет платы за теплоснабжение по показаниям ИПУ тепловой энергии или распределителей тепловой энергии и (или) техническое обслуживание ИПУ тепловой энергии или распределителей тепловой энергии";"";"70002294";"ООО ""Иста Сервис""";"ООО ""Иста Сервис""";"841";"";"01.01.2026";"01.01.2100";"1";"0";"0";"0";"0";"0";"0";"0";"0";"0";"0";"0";"0";"13561724524";"03.10.2026 1:18:56";"";"";"";"0";"0";"0"
"MN7000";"Минск РИЦ";"1019451";"43921475";"841";"Расчет платы за теплоснабжение по показаниям ИПУ тепловой энергии или распределителей тепловой энергии и (или) техническое обслуживание ИПУ тепловой энергии или распределителей тепловой энергии";"";"70002294";"ООО ""Иста Сервис""";"ООО ""Иста Сервис""";"841";"";"01.01.2026";"01.01.2100";"1";"0";"0";"0";"0";"0";"0";"0";"0";"0";"0";"0";"0";"13561724498";"03.10.2026 1:18:56";"";"";"";"0";"0";"0"
"MN7000";"Минск РИЦ";"1056919";"44024517";"841";"Расчет платы за теплоснабжение по показаниям ИПУ тепловой энергии или распределителей тепловой энергии и (или) техническое обслуживание ИПУ тепловой энергии или распределителей тепловой энергии";"";"70002294";"ООО ""Иста Сервис""";"ООО ""Иста Сервис""";"841";"";"01.02.2026";"01.01.2100";"1";"0";"0";"0";"0";"0";"0";"0";"0";"0";"0";"0";"0";"13561735856";"03.10.2026 1:18:56";"";"";"";"0";"0";"0"
"MN7000";"Минск РИЦ";"1029793";"42436602";"841";"Расчет платы за теплоснабжение по показаниям ИПУ тепловой энергии или распределителей тепловой энергии и (или) техническое обслуживание ИПУ тепловой энергии или распределителей тепловой энергии";"";"70000888";"ООО ""Город уюта""";"ООО ""Город уюта""";"841";"";"01.03.2025";"01.01.2100";"1";"0";"0";"0";"0";"0";"0";"0";"0";"0";"0";"0";"0";"13525098063";"25.09.2026 18:13:11";"";"";"";"0";"0";"0"
"MN7000";"Минск РИЦ";"178947";"44399400";"843";"Ремонтно-восстановительные работы ВДУ жилого дома";"";"7000769";"ООО ""Лидер Комфорт""";"ООО ""Лидер Комфорт""";"843";"";"01.06.2026";"30.11.2026";"1";"20";"20";"20";"0";"0";"0";"0";"22,45";"0";"0";"42,45";"0";"13568571756";"03.10.2026 12:46:45";"";"";"";"0";"0";"0"
"MN7000";"Минск РИЦ";"745760";"36789022";"849";"ТВ-программы (общедост.)";"";"420";"ОАО ""Минские телевизионные информационные сети""";"ОАО ""Минские телевизионные информационные сети""";"849";"";"01.10.2021";"01.01.2100";"0,11";"10";"1,1";"1,1";"0";"0";"0";"0";"3,3";"0";"0";"2,15";"0";"13549459848";"30.09.2026 23:08:56";"";"";"";"0";"2,25";"0"
"MN7000";"Минск РИЦ";"798773";"19081642";"849";"ТВ-программы (общедост.)";"";"420";"ОАО ""Минские телевизионные информационные сети""";"ОАО ""Минские телевизионные информационные сети""";"849";"";"01.10.2002";"01.01.2100";"0,11";"10";"1,1";"1,1";"0";"0";"0";"0";"2,2";"0";"0";"2,2";"0";"13562095276";"03.10.2026 3:11:31";"";"";"";"0";"1,1";"0"
"MN7000";"Минск РИЦ";"467895";"11962849";"849";"ТВ-программы (общедост.)";"";"420";"ОАО ""Минские телевизионные информационные сети""";"ОАО ""Минские телевизионные информационные сети""";"849";"";"01.07.2015";"01.01.2100";"0,11";"10";"1,1";"1,1";"0";"0";"0";"0";"2,2";"0";"0";"2,2";"0";"13571202338";"03.10.2026 18:45:33";"";"";"";"0";"1,1";"0"
"MN7000";"Минск РИЦ";"580893";"13740405";"849";"ТВ-программы (общедост.)";"";"420";"ОАО ""Минские телевизионные информационные сети""";"ОАО ""Минские телевизионные информационные сети""";"849";"";"01.10.2007";"01.01.2100";"0,11";"10";"1,1";"1,1";"0";"0";"0";"0";"2,2";"0";"0";"2,2";"0";"13560524716";"02.10.2026 16:51:10";"";"";"";"0";"1,1";"0"
"MN7000";"Минск РИЦ";"764300";"17245747";"849";"ТВ-программы (общедост.)";"";"420";"ОАО ""Минские телевизионные информационные сети""";"ОАО ""Минские телевизионные информационные сети""";"849";"";"01.07.2014";"01.01.2100";"0,11";"10";"1,1";"1,1";"0";"0";"0";"0";"2,2";"0";"0";"3,3";"0";"13549330028";"30.09.2026 23:08:56";"";"";"";"0";"0";"0"
"MN7000";"Минск РИЦ";"547226";"13366151";"849";"ТВ-программы (общедост.)";"";"420";"ОАО ""Минские телевизионные информационные сети""";"ОАО ""Минские телевизионные информационные сети""";"849";"";"01.10.2011";"01.01.2100";"0,11";"10";"1,1";"1,1";"0";"0";"0";"0";"1,1";"0";"0";"2,2";"0";"13571878560";"04.10.2026 21:26:31";"";"";"";"0";"0";"0"
"MN7000";"Минск РИЦ";"815517";"19365682";"849";"ТВ-программы (общедост.)";"";"420";"ОАО ""Минские телевизионные информационные сети""";"ОАО ""Минские телевизионные информационные сети""";"849";"";"01.10.2002";"01.01.2100";"0,11";"10";"1,1";"1,1";"0";"0";"0";"0";"2,2";"0";"0";"2,2";"0";"13562123346";"03.10.2026 3:11:31";"";"";"";"0";"1,1";"0"
"MN7000";"Минск РИЦ";"784573";"19539459";"849";"ТВ-программы (общедост.)";"";"420";"ОАО ""Минские телевизионные информационные сети""";"ОАО ""Минские телевизионные информационные сети""";"849";"";"01.10.2002";"01.01.2100";"0,11";"10";"1,1";"1,1";"0";"0";"0";"0";"3,3";"0";"0";"2,2";"0";"13565855084";"03.10.2026 9:05:19";"";"";"";"0";"2,2";"0"
"MN7000";"Минск РИЦ";"490418";"11339450";"849";"ТВ-программы (общедост.)";"";"420";"ОАО ""Минские телевизионные информационные сети""";"ОАО ""Минские телевизионные информационные сети""";"849";"";"01.07.2015";"01.01.2100";"0,11";"10";"1,1";"1,1";"0";"0";"0";"0";"1,1";"0";"0";"2,2";"0";"13571119673";"03.10.2026 18:45:33";"";"";"";"0";"0";"0"
"MN7000";"Минск РИЦ";"231798";"3626302";"849";"ТВ-программы (общедост.)";"";"420";"ОАО ""Минские телевизионные информационные сети""";"ОАО ""Минские телевизионные информационные сети""";"849";"";"01.01.2001";"01.01.2100";"0,11";"10";"1,1";"1,1";"0";"0";"0";"0";"1,1";"0";"0";"2,2";"0";"13550496344";"01.10.2026 2:53:14";"";"";"";"0";"0";"0"
"MN7000";"Минск РИЦ";"715445";"28098216";"849";"ТВ-программы (общедост.)";"";"420";"ОАО ""Минские телевизионные информационные сети""";"ОАО ""Минские телевизионные информационные сети""";"849";"";"01.10.2018";"01.01.2100";"0,11";"10";"1,1";"1,1";"0";"0";"0";"0";"1,1";"0";"0";"2,2";"0";"13549407898";"30.09.2026 23:08:56";"";"";"";"0";"0";"0"
"MN7000";"Минск РИЦ";"111810";"1244320";"849";"ТВ-программы (общедост.)";"";"420";"ОАО ""Минские телевизионные информационные сети""";"ОАО ""Минские телевизионные информационные сети""";"849";"";"01.05.2015";"01.01.2100";"0,11";"10";"1,1";"1,1";"0";"0";"0";"0";"2,34";"0";"0";"1,98";"0";"13568599262";"03.10.2026 12:46:45";"";"";"";"0";"1,46";"0"
"MN7000";"Минск РИЦ";"189861";"1329778";"849";"ТВ-программы (общедост.)";"";"420";"ОАО ""Минские телевизионные информационные сети""";"ОАО ""Минские телевизионные информационные сети""";"849";"";"01.05.2015";"01.01.2100";"0,11";"10";"1,1";"1,1";"0";"0";"0";"0";"3,3";"0";"0";"2,31";"0";"13568609990";"03.10.2026 12:46:45";"";"";"";"0";"2,09";"0"
"MN7000";"Минск РИЦ";"490253";"10739446";"849";"ТВ-программы (общедост.)";"";"420";"ОАО ""Минские телевизионные информационные сети""";"ОАО ""Минские телевизионные информационные сети""";"849";"";"01.07.2015";"01.01.2100";"0,11";"10";"1,1";"1,1";"0";"0";"0";"0";"2,2";"0";"0";"2,19";"0";"13571037575";"03.10.2026 18:45:33";"";"";"";"0";"1,11";"0"
"MN7000";"Минск РИЦ";"529172";"13127205";"849";"ТВ-программы (общедост.)";"";"420";"ОАО ""Минские телевизионные информационные сети""";"ОАО ""Минские телевизионные информационные сети""";"849";"";"01.03.2014";"01.01.2100";"0,11";"10";"1,1";"1,1";"0";"0";"0";"0";"2,2";"0";"0";"2,2";"0";"13571752693";"04.10.2026 21:26:31";"";"";"";"0";"1,1";"0"
"MN7000";"Минск РИЦ";"139085";"26793531";"849";"ТВ-программы (общедост.)";"";"420";"ОАО ""Минские телевизионные информационные сети""";"ОАО ""Минские телевизионные информационные сети""";"849";"";"01.10.2017";"01.01.2100";"0,11";"10";"1,1";"1,1";"0";"0";"0";"0";"1,1";"0";"0";"2,2";"0";"13568749757";"03.10.2026 12:46:45";"";"";"";"0";"0";"0"
"MN7000";"Минск РИЦ";"110634";"31589029";"849";"ТВ-программы (общедост.)";"";"420";"ОАО ""Минские телевизионные информационные сети""";"ОАО ""Минские телевизионные информационные сети""";"849";"";"01.11.2019";"01.01.2100";"0,11";"10";"1,1";"1,1";"0";"0";"0";"0";"1,1";"0";"0";"2,2";"0";"13568802743";"03.10.2026 12:46:45";"";"";"";"0";"0";"0"
"MN7000";"Минск РИЦ";"183962";"531570";"849";"ТВ-программы (общедост.)";"";"420";"ОАО ""Минские телевизионные информационные сети""";"ОАО ""Минские телевизионные информационные сети""";"849";"";"01.01.2001";"01.01.2100";"0,11";"10";"1,1";"1,1";"0";"0";"0";"0";"1,98";"0";"0";"2,19";"0";"13561460353";"03.10.2026 1:18:56";"";"";"";"0";"0,89";"0"
"MN7000";"Минск РИЦ";"955409";"39394666";"849";"ТВ-программы (общедост.)";"";"420";"ОАО ""Минские телевизионные информационные сети""";"ОАО ""Минские телевизионные информационные сети""";"849";"";"01.02.2024";"01.01.2100";"0,11";"10";"1,1";"1,1";"0";"0";"0";"0";"4,44";"0";"0";"4,71";"0";"13566146534";"03.10.2026 9:05:19";"";"";"";"0";"0,83";"0"
"MN7000";"Минск РИЦ";"207130";"3476389";"849";"ТВ-программы (общедост.)";"";"420";"ОАО ""Минские телевизионные информационные сети""";"ОАО ""Минские телевизионные информационные сети""";"849";"";"01.01.2001";"01.01.2100";"0,11";"10";"1,1";"1,1";"0";"0";"0";"0";"2,2";"0";"0";"3,3";"0";"13552591735";"01.10.2026 5:50:15";"";"";"";"0";"0";"0"
"MN7000";"Минск РИЦ";"496968";"11319633";"849";"ТВ-программы (общедост.)";"";"420";"ОАО ""Минские телевизионные информационные сети""";"ОАО ""Минские телевизионные информационные сети""";"849";"";"01.07.2015";"01.01.2100";"0,11";"10";"1,1";"1,1";"0";"0";"0";"0";"1,1";"0";"0";"2,2";"0";"13571117016";"03.10.2026 18:45:33";"";"";"";"0";"0";"0"
"MN7000";"Минск РИЦ";"365553";"9459419";"849";"ТВ-программы (общедост.)";"";"420";"ОАО ""Минские телевизионные информационные сети""";"ОАО ""Минские телевизионные информационные сети""";"849";"";"01.05.2014";"01.01.2100";"0,11";"10";"1,1";"1,1";"0";"0";"0";"0";"1,11";"0";"0";"2,21";"0";"13563722851";"03.10.2026 6:36:14";"";"";"";"0";"0";"0"
"MN7000";"Минск РИЦ";"189861";"1329779";"850";"ТВ-программы (сверх общедост.)";"";"420";"ОАО ""Минские телевизионные информационные сети""";"ОАО ""Минские телевизионные информационные сети""";"850";"";"01.05.2015";"01.01.2100";"0,21";"55";"11,55";"11,55";"0";"0";"0";"0";"34,63";"0";"0";"24,27";"0";"13568609991";"03.10.2026 12:46:45";"";"";"";"0";"21,91";"0"
"MN7000";"Минск РИЦ";"490418";"11334749";"850";"ТВ-программы (сверх общедост.)";"";"420";"ОАО ""Минские телевизионные информационные сети""";"ОАО ""Минские телевизионные информационные сети""";"850";"";"01.07.2015";"01.01.2100";"0,21";"55";"11,55";"11,55";"0";"0";"0";"0";"11,55";"0";"0";"23,1";"0";"13571119009";"03.10.2026 18:45:33";"";"";"";"0";"0";"0"
"MN7000";"Минск РИЦ";"715445";"28098414";"850";"ТВ-программы (сверх общедост.)";"";"420";"ОАО ""Минские телевизионные информационные сети""";"ОАО ""Минские телевизионные информационные сети""";"850";"";"01.10.2018";"01.01.2100";"0,21";"55";"11,55";"11,55";"0";"0";"0";"0";"11,55";"0";"0";"23,1";"0";"13549407995";"30.09.2026 23:08:56";"";"";"";"0";"0";"0"
"MN7000";"Минск РИЦ";"183962";"531571";"850";"ТВ-программы (сверх общедост.)";"";"420";"ОАО ""Минские телевизионные информационные сети""";"ОАО ""Минские телевизионные информационные сети""";"850";"";"01.11.2003";"01.01.2100";"0,21";"55";"11,55";"11,55";"0";"0";"0";"0";"20,79";"0";"0";"22,9";"0";"13561460354";"03.10.2026 1:18:56";"";"";"";"0";"9,44";"0"
"MN7000";"Минск РИЦ";"955409";"39394667";"850";"ТВ-программы (сверх общедост.)";"";"420";"ОАО ""Минские телевизионные информационные сети""";"ОАО ""Минские телевизионные информационные сети""";"850";"";"01.02.2024";"01.01.2100";"0,21";"55";"11,55";"11,55";"0";"0";"0";"0";"46,6";"0";"0";"49,46";"0";"13566146535";"03.10.2026 9:05:19";"";"";"";"0";"8,69";"0"
"MN7000";"Минск РИЦ";"139085";"26793533";"850";"ТВ-программы (сверх общедост.)";"";"420";"ОАО ""Минские телевизионные информационные сети""";"ОАО ""Минские телевизионные информационные сети""";"850";"";"01.10.2017";"01.01.2100";"0,21";"55";"11,55";"11,55";"0";"0";"0";"0";"11,55";"0";"0";"23,1";"0";"13568749759";"03.10.2026 12:46:45";"";"";"";"0";"0";"0"
"MN7000";"Минск РИЦ";"231798";"3626303";"850";"ТВ-программы (сверх общедост.)";"";"420";"ОАО ""Минские телевизионные информационные сети""";"ОАО ""Минские телевизионные информационные сети""";"850";"";"01.02.2012";"01.01.2100";"0,21";"55";"11,55";"11,55";"0";"0";"0";"0";"11,55";"0";"0";"23,1";"0";"13550496345";"01.10.2026 2:53:14";"";"";"";"0";"0";"0"
"MN7000";"Минск РИЦ";"110634";"31589032";"850";"ТВ-программы (сверх общедост.)";"";"420";"ОАО ""Минские телевизионные информационные сети""";"ОАО ""Минские телевизионные информационные сети""";"850";"";"01.11.2019";"01.01.2100";"0,21";"55";"11,55";"11,55";"0";"0";"0";"0";"11,55";"0";"0";"23,1";"0";"13568802744";"03.10.2026 12:46:45";"";"";"";"0";"0";"0"
"MN7000";"Минск РИЦ";"745760";"36789024";"850";"ТВ-программы (сверх общедост.)";"";"420";"ОАО ""Минские телевизионные информационные сети""";"ОАО ""Минские телевизионные информационные сети""";"850";"";"01.10.2021";"01.01.2100";"0,21";"55";"11,55";"11,55";"0";"0";"0";"0";"34,65";"0";"0";"22,58";"0";"13549459849";"30.09.2026 23:08:56";"";"";"";"0";"23,62";"0"
"MN7000";"Минск РИЦ";"529172";"13126776";"850";"ТВ-программы (сверх общедост.)";"";"420";"ОАО ""Минские телевизионные информационные сети""";"ОАО ""Минские телевизионные информационные сети""";"850";"";"01.03.2014";"01.01.2100";"0,21";"55";"11,55";"11,55";"0";"0";"0";"0";"23,1";"0";"0";"23,1";"0";"13571752656";"04.10.2026 21:26:31";"";"";"";"0";"11,55";"0"
"MN7000";"Минск РИЦ";"111810";"1244321";"850";"ТВ-программы (сверх общедост.)";"";"420";"ОАО ""Минские телевизионные информационные сети""";"ОАО ""Минские телевизионные информационные сети""";"850";"";"01.05.2015";"01.01.2100";"0,21";"55";"11,55";"11,55";"0";"0";"0";"0";"24,58";"0";"0";"20,83";"0";"13568599263";"03.10.2026 12:46:45";"";"";"";"0";"15,3";"0"
"MN7000";"Минск РИЦ";"467895";"11954111";"850";"ТВ-программы (сверх общедост.)";"";"420";"ОАО ""Минские телевизионные информационные сети""";"ОАО ""Минские телевизионные информационные сети""";"850";"";"01.07.2015";"01.01.2100";"0,21";"55";"11,55";"11,55";"0";"0";"0";"0";"23,1";"0";"0";"23,1";"0";"13571201296";"03.10.2026 18:45:33";"";"";"";"0";"11,55";"0"
"MN7000";"Минск РИЦ";"496968";"11333490";"850";"ТВ-программы (сверх общедост.)";"";"420";"ОАО ""Минские телевизионные информационные сети""";"ОАО ""Минские телевизионные информационные сети""";"850";"";"01.07.2015";"01.01.2100";"0,21";"55";"11,55";"11,55";"0";"0";"0";"0";"11,55";"0";"0";"23,1";"0";"13571118867";"03.10.2026 18:45:33";"";"";"";"0";"0";"0"
"MN7000";"Минск РИЦ";"580893";"13753429";"850";"ТВ-программы (сверх общедост.)";"";"420";"ОАО ""Минские телевизионные информационные сети""";"ОАО ""Минские телевизионные информационные сети""";"850";"";"01.10.2007";"01.01.2100";"0,21";"55";"11,55";"11,55";"0";"0";"0";"0";"23,1";"0";"0";"23,1";"0";"13560524763";"02.10.2026 16:51:10";"";"";"";"0";"11,55";"0"
"MN7000";"Минск РИЦ";"365553";"9460384";"850";"ТВ-программы (сверх общедост.)";"";"420";"ОАО ""Минские телевизионные информационные сети""";"ОАО ""Минские телевизионные информационные сети""";"850";"";"01.05.2014";"01.01.2100";"0,21";"55";"11,55";"11,55";"0";"0";"0";"0";"11,66";"0";"0";"23,21";"0";"13563722916";"03.10.2026 6:36:14";"";"";"";"0";"0";"0"
"MN7000";"Минск РИЦ";"547226";"13350902";"850";"ТВ-программы (сверх общедост.)";"";"420";"ОАО ""Минские телевизионные информационные сети""";"ОАО ""Минские телевизионные информационные сети""";"850";"";"01.10.2011";"01.01.2100";"0,21";"55";"11,55";"11,55";"0";"0";"0";"0";"11,55";"0";"0";"23,07";"0";"13571877584";"04.10.2026 21:26:31";"";"";"";"0";"0,03";"0"
"MN7000";"Минск РИЦ";"784573";"19547196";"850";"ТВ-программы (сверх общедост.)";"";"420";"ОАО ""Минские телевизионные информационные сети""";"ОАО ""Минские телевизионные информационные сети""";"850";"";"01.11.2002";"01.01.2100";"0,21";"55";"11,55";"11,55";"0";"0";"0";"0";"34,65";"0";"0";"23,1";"0";"13565856243";"03.10.2026 9:05:19";"";"";"";"0";"23,1";"0"
"MN7000";"Минск РИЦ";"490253";"10709690";"850";"ТВ-программы (сверх общедост.)";"";"420";"ОАО ""Минские телевизионные информационные сети""";"ОАО ""Минские телевизионные информационные сети""";"850";"";"01.07.2015";"01.01.2100";"0,21";"55";"11,55";"11,55";"0";"0";"0";"0";"23,1";"0";"0";"23,04";"0";"13571033374";"03.10.2026 18:45:33";"";"";"";"0";"11,61";"0"
"MN7000";"Минск РИЦ";"580893";"44366073";"854";"Техническое обслуживание ИПУ тепловой энергии";"";"70002294";"ООО ""Иста Сервис""";"ООО ""Иста Сервис""";"854";"";"05.06.2026";"01.01.2100";"1";"0";"0";"0";"0";"0";"0";"0";"0";"0";"0";"0";"0";"13560543362";"02.10.2026 16:51:10";"";"";"";"0";"0";"0"
"MN7000";"Минск РИЦ";"363561";"44444473";"854";"Техническое обслуживание ИПУ тепловой энергии";"";"70002294";"ООО ""Иста Сервис""";"ООО ""Иста Сервис""";"854";"";"01.07.2026";"01.01.2100";"1";"0";"0";"0";"0";"0";"0";"0";"0";"0";"0";"0";"0";"13560637637";"02.10.2026 17:19:25";"";"";"";"0";"0";"0"
"MN7000";"Минск РИЦ";"363885";"44380758";"854";"Техническое обслуживание ИПУ тепловой энергии";"";"70002294";"ООО ""Иста Сервис""";"ООО ""Иста Сервис""";"854";"";"05.06.2026";"01.01.2100";"1";"0";"0";"0";"0";"0";"0";"0";"0";"0";"0";"0";"0";"13563984153";"03.10.2026 6:36:14";"";"";"";"0";"0";"0"
"MN7000";"Минск РИЦ";"365553";"44380776";"854";"Техническое обслуживание ИПУ тепловой энергии";"";"70002294";"ООО ""Иста Сервис""";"ООО ""Иста Сервис""";"854";"";"05.06.2026";"01.01.2100";"1";"0";"0";"0";"0";"0";"0";"0";"0";"0";"0";"0";"0";"13563984169";"03.10.2026 6:36:14";"";"";"";"0";"0";"0"
"MN7000";"Минск РИЦ";"580913";"44366093";"854";"Техническое обслуживание ИПУ тепловой энергии";"";"70002294";"ООО ""Иста Сервис""";"ООО ""Иста Сервис""";"854";"";"05.06.2026";"01.01.2100";"1";"0";"0";"0";"0";"0";"0";"0";"0";"0";"0";"0";"0";"13560543382";"02.10.2026 16:51:10";"";"";"";"0";"0";"0"
"MN7000";"Минск РИЦ";"441130";"44372576";"854";"Техническое обслуживание ИПУ тепловой энергии";"";"70002294";"ООО ""Иста Сервис""";"ООО ""Иста Сервис""";"854";"";"05.06.2026";"01.01.2100";"1";"0";"0";"0";"0";"0";"0";"0";"0";"0";"0";"0";"0";"13563983958";"03.10.2026 6:36:14";"";"";"";"0";"0";"0"
"MN7000";"Минск РИЦ";"178947";"44399167";"857";"Техобслуживание ВДУ";"";"7000769";"ООО ""Лидер Комфорт""";"ООО ""Лидер Комфорт""";"857";"";"10.06.2026";"01.01.2100";"5,85";"1";"5,85";"5,85";"0";"0";"0";"0";"6,56";"0";"0";"12,41";"0";"13569098338";"03.10.2026 12:46:45";"";"";"";"0";"0";"0"
"MN7000";"Минск РИЦ";"986395";"42503071";"913";"Установка и(или) техническое обслуживание системы контроля и управления доступом (СКУД)";"";"70002889";"ООО ""Аристоль""";"ООО ""Аристоль""";"913";"";"01.03.2025";"01.01.2100";"1,35";"1";"1,35";"1,35";"0";"0";"0";"0";"1,35";"0";"0";"2,7";"0";"13564857308";"03.10.2026 8:35:39";"";"";"";"0";"0";"0"
"MN7000";"Минск РИЦ";"512933";"33736038";"1701";"Управление общим имуществом совместного домовладения (м.кв.) от площ.";"";"9100198";"КУП ""Жилищное коммунальное хозяйство Ленинского района г. Минска""";"КУП ""Жилищное коммунальное хозяйство Ленинского района г. Минска""";"1701";"";"01.06.2021";"01.01.2100";"0,0394";"33";"1,3";"1,3";"0";"0";"0";"0";"1,31";"0,02";"0,02";"2,61";"0";"13571482900";"03.10.2026 18:45:33";"";"";"";"3";"0";"0"
"MN7000";"Минск РИЦ";"745760";"33625250";"1701";"Управление общим имуществом совместного домовладения (м.кв.) от площ.";"";"9100436";"КУП ""ЖКХ Первомайского района г. Минска""";"КУП ""ЖКХ Первомайского района г. Минска""";"1701";"";"01.06.2021";"01.01.2100";"0,0394";"27,24";"1,07";"1,07";"0";"0";"0";"0";"3,21";"0,17";"0,17";"2,09";"0";"13549428141";"30.09.2026 23:08:56";"";"";"";"0";"2,19";"0"
"MN7000";"Минск РИЦ";"768377";"33627414";"1701";"Управление общим имуществом совместного домовладения (м.кв.) от площ.";"";"9100541";"КУП ""Жилищное коммунальное хозяйство Советского района г. Минска""";"КУП ""Жилищное коммунальное хозяйство Советского района г. Минска""";"1701";"";"01.06.2021";"01.01.2100";"0,0394";"69,9";"2,75";"2,75";"0";"0";"0";"0";"5,5";"0,14";"0,09";"5,5";"0";"13566061421";"03.10.2026 9:05:19";"";"";"";"0";"2,75";"0,05"
"MN7000";"Минск РИЦ";"1021731";"41338800";"1701";"Управление общим имуществом совместного домовладения (м.кв.) от площ.";"";"270";"КУП ""Жилищное коммунальное хозяйство №1 Московского района г.Минска""";"КУП ""Жилищное коммунальное хозяйство №1 Московского района г.Минска""";"1701";"";"01.09.2024";"01.01.2100";"0,0394";"89,5";"3,53";"3,53";"0";"0";"0";"0";"3,53";"0";"0";"7,06";"0";"13561486930";"03.10.2026 1:18:56";"";"";"";"0";"0";"0"
"MN7000";"Минск РИЦ";"785382";"33607139";"1701";"Управление общим имуществом совместного домовладения (м.кв.) от площ.";"";"9100541";"КУП ""Жилищное коммунальное хозяйство Советского района г. Минска""";"КУП ""Жилищное коммунальное хозяйство Советского района г. Минска""";"1701";"";"01.06.2021";"01.01.2100";"0,0394";"51,24";"2,02";"2,02";"0";"0";"0";"0";"2,02";"0,03";"0,03";"4,04";"0";"13566056882";"03.10.2026 9:05:19";"";"";"";"0";"0";"0"
"MN7000";"Минск РИЦ";"178947";"33900780";"1701";"Управление общим имуществом совместного домовладения (м.кв.) от площ.";"";"270";"КУП ""Жилищное коммунальное хозяйство №1 Московского района г.Минска""";"КУП ""Жилищное коммунальное хозяйство №1 Московского района г.Минска""";"1701";"";"01.06.2021";"01.01.2100";"0,0394";"34,27";"1,35";"1,35";"0";"0";"0";"0";"1,52";"0,65";"0,65";"2,87";"0";"13568849991";"03.10.2026 12:46:45";"";"";"";"0";"0";"0"
"MN7000";"Минск РИЦ";"441130";"33522362";"1701";"Управление общим имуществом совместного домовладения (м.кв.) от площ.";"";"264";"КУП ""Жилищное коммунальное хозяйство Заводского района г.Минска""";"КУП ""Жилищное коммунальное хозяйство Заводского района г.Минска""";"1701";"";"01.06.2021";"01.01.2100";"0,0394";"35,7";"1,41";"1,41";"0";"0";"0";"0";"1,41";"0,01";"0,01";"2,82";"0";"13563813063";"03.10.2026 6:36:14";"";"";"";"0";"0";"0"
"MN7000";"Минск РИЦ";"782156";"33616226";"1701";"Управление общим имуществом совместного домовладения (м.кв.) от площ.";"";"9100541";"КУП ""Жилищное коммунальное хозяйство Советского района г. Минска""";"КУП ""Жилищное коммунальное хозяйство Советского района г. Минска""";"1701";"";"01.06.2021";"01.01.2100";"0,0394";"53,3";"2,1";"2,1";"0";"0";"0";"0";"2,1";"0,01";"0,01";"4,2";"0";"13566059937";"03.10.2026 9:05:19";"";"";"";"0";"0";"0"
"MN7000";"Минск РИЦ";"1022086";"41310715";"1701";"Управление общим имуществом совместного домовладения (м.кв.) от площ.";"";"9100198";"КУП ""Жилищное коммунальное хозяйство Ленинского района г. Минска""";"КУП ""Жилищное коммунальное хозяйство Ленинского района г. Минска""";"1701";"";"01.09.2024";"01.01.2100";"0,0394";"8,3";"0,33";"0,33";"0";"0";"0";"0";"0,33";"0";"0";"0,66";"0";"13571624953";"03.10.2026 18:45:33";"";"";"";"0";"0";"0"
"MN7000";"Минск РИЦ";"1046374";"43598467";"1701";"Управление общим имуществом совместного домовладения (м.кв.) от площ.";"";"264";"КУП ""Жилищное коммунальное хозяйство Заводского района г.Минска""";"КУП ""Жилищное коммунальное хозяйство Заводского района г.Минска""";"1701";"";"27.10.2025";"01.01.2100";"0,0394";"53,8";"2,12";"2,12";"0";"0";"0";"0";"6,34";"0,35";"0,24";"4,07";"0";"13563975164";"03.10.2026 6:36:14";"";"";"";"0";"4,39";"0,11"
"MN7000";"Минск РИЦ";"1021340";"43001568";"1701";"Управление общим имуществом совместного домовладения (м.кв.) от площ.";"";"286";"КУП ""Жилищное коммунальное хозяйство №2 Фрунзенского района г.Минска""";"КУП ""Жилищное коммунальное хозяйство №2 Фрунзенского района г.Минска""";"1701";"";"01.07.2025";"01.01.2100";"0,0394";"31,45";"1,24";"1,24";"0";"0";"0";"0";"11,86";"5,27";"5,27";"13,1";"0";"13550754428";"01.10.2026 2:53:14";"";"";"";"9";"0";"0"
"MN7000";"Минск РИЦ";"767954";"33636790";"1701";"Управление общим имуществом совместного домовладения (м.кв.) от площ.";"";"9100541";"КУП ""Жилищное коммунальное хозяйство Советского района г. Минска""";"КУП ""Жилищное коммунальное хозяйство Советского района г. Минска""";"1701";"";"01.06.2021";"01.01.2100";"0,0394";"32,9";"1,3";"1,3";"0";"0";"0";"0";"2,6";"0,02";"0,02";"3,9";"0";"13566063810";"03.10.2026 9:05:19";"";"";"";"0";"0";"0"
"MN7000";"Минск РИЦ";"811665";"33608092";"1701";"Управление общим имуществом совместного домовладения (м.кв.) от площ.";"";"9100541";"КУП ""Жилищное коммунальное хозяйство Советского района г. Минска""";"КУП ""Жилищное коммунальное хозяйство Советского района г. Минска""";"1701";"";"01.06.2021";"01.01.2100";"0,0394";"32,79";"1,29";"1,29";"0";"0";"0";"0";"1,29";"0";"0";"2,58";"0";"13566057815";"03.10.2026 9:05:19";"";"";"";"0";"0";"0"
"MN7000";"Минск РИЦ";"952527";"33740162";"1701";"Управление общим имуществом совместного домовладения (м.кв.) от площ.";"";"9100198";"КУП ""Жилищное коммунальное хозяйство Ленинского района г. Минска""";"КУП ""Жилищное коммунальное хозяйство Ленинского района г. Минска""";"1701";"";"01.06.2021";"01.01.2100";"0,0394";"22,54";"0,89";"0,89";"0";"0";"0";"0";"13";"12,45";"12,45";"13,47";"0";"13571484785";"03.10.2026 18:45:33";"";"";"";"29";"0,42";"0"
"MN7000";"Минск РИЦ";"189861";"33825322";"1701";"Управление общим имуществом совместного домовладения (м.кв.) от площ.";"";"270";"КУП ""Жилищное коммунальное хозяйство №1 Московского района г.Минска""";"КУП ""Жилищное коммунальное хозяйство №1 Московского района г.Минска""";"1701";"";"01.06.2021";"01.01.2100";"0,0394";"37";"1,46";"1,46";"0";"0";"0";"0";"4,38";"0,43";"0,43";"3,07";"0";"13568839702";"03.10.2026 12:46:45";"";"";"";"0";"2,77";"0"
"MN7000";"Минск РИЦ";"467895";"38765994";"1701";"Управление общим имуществом совместного домовладения (м.кв.) от площ.";"";"9100198";"КУП ""Жилищное коммунальное хозяйство Ленинского района г. Минска""";"КУП ""Жилищное коммунальное хозяйство Ленинского района г. Минска""";"1701";"";"01.05.2023";"01.01.2100";"0,0394";"67,6";"2,66";"2,66";"0";"0";"0";"0";"5,32";"0,13";"0,08";"5,32";"0";"13571597459";"03.10.2026 18:45:33";"";"";"";"0";"2,66";"0,05"
"MN7000";"Минск РИЦ";"815517";"33618119";"1701";"Управление общим имуществом совместного домовладения (м.кв.) от площ.";"";"9100541";"КУП ""Жилищное коммунальное хозяйство Советского района г. Минска""";"КУП ""Жилищное коммунальное хозяйство Советского района г. Минска""";"1701";"";"01.06.2021";"01.01.2100";"0,0394";"42,4";"1,67";"1,67";"0";"0";"0";"0";"3,34";"0,04";"0,03";"3,34";"0";"13562276544";"03.10.2026 3:11:31";"";"";"";"0";"1,67";"0,01"
"MN7000";"Минск РИЦ";"717059";"33629883";"1701";"Управление общим имуществом совместного домовладения (м.кв.) от площ.";"";"9100436";"КУП ""ЖКХ Первомайского района г. Минска""";"КУП ""ЖКХ Первомайского района г. Минска""";"1701";"";"01.06.2021";"01.01.2100";"0,0394";"30,9";"1,22";"1,22";"0";"0";"0";"0";"2,48";"0,14";"0,14";"2,45";"0";"13549428420";"30.09.2026 23:08:56";"";"";"";"0";"1,25";"0"
"MN7000";"Минск РИЦ";"785464";"33639085";"1701";"Управление общим имуществом совместного домовладения (м.кв.) от площ.";"";"9100541";"КУП ""Жилищное коммунальное хозяйство Советского района г. Минска""";"КУП ""Жилищное коммунальное хозяйство Советского района г. Минска""";"1701";"";"01.06.2021";"01.01.2100";"0,0394";"49,75";"1,96";"1,96";"0";"0";"0";"0";"88,56";"127,89";"127,89";"90,52";"0";"13566065223";"03.10.2026 9:05:19";"";"";"";"30";"0";"0"
"MN7000";"Минск РИЦ";"529172";"33456882";"1701";"Управление общим имуществом совместного домовладения (м.кв.) от площ.";"";"9100330";"КУП ""Жилищное коммунальное хозяйство Октябрьского района г. Минска""";"КУП ""Жилищное коммунальное хозяйство Октябрьского района г. Минска""";"1701";"";"01.06.2021";"01.01.2100";"0,0394";"46,3";"1,82";"1,82";"0";"0";"0";"0";"3,64";"0,05";"0,03";"3,64";"0";"13571956253";"04.10.2026 21:26:31";"";"";"";"0";"1,82";"0,02"
"MN7000";"Минск РИЦ";"183962";"33880798";"1701";"Управление общим имуществом совместного домовладения (м.кв.) от площ.";"";"270";"КУП ""Жилищное коммунальное хозяйство №1 Московского района г.Минска""";"КУП ""Жилищное коммунальное хозяйство №1 Московского района г.Минска""";"1701";"";"01.06.2021";"01.01.2100";"0,0394";"42,97";"1,69";"1,69";"0";"0";"0";"0";"3,04";"0,13";"0,03";"3,35";"0";"13561641433";"03.10.2026 1:18:56";"";"";"";"0";"1,38";"0,1"
"MN7000";"Минск РИЦ";"814107";"33643693";"1701";"Управление общим имуществом совместного домовладения (м.кв.) от площ.";"";"9100541";"КУП ""Жилищное коммунальное хозяйство Советского района г. Минска""";"КУП ""Жилищное коммунальное хозяйство Советского района г. Минска""";"1701";"";"01.06.2021";"01.01.2100";"0,0394";"52,5";"2,07";"2,07";"0";"0";"0";"0";"4,14";"0,04";"0,04";"4,14";"0";"13562279132";"03.10.2026 3:11:31";"";"";"";"0";"2,07";"0"
"MN7000";"Минск РИЦ";"784573";"33607050";"1701";"Управление общим имуществом совместного домовладения (м.кв.) от площ.";"";"9100541";"КУП ""Жилищное коммунальное хозяйство Советского района г. Минска""";"КУП ""Жилищное коммунальное хозяйство Советского района г. Минска""";"1701";"";"01.06.2021";"01.01.2100";"0,0394";"32,5";"1,28";"1,28";"0";"0";"0";"0";"3,84";"0,48";"0,14";"2,56";"0";"13566056796";"03.10.2026 9:05:19";"";"";"";"0";"2,56";"0,34"
"MN7000";"Минск РИЦ";"161306";"33887252";"1701";"Управление общим имуществом совместного домовладения (м.кв.) от площ.";"";"270";"КУП ""Жилищное коммунальное хозяйство №1 Московского района г.Минска""";"КУП ""Жилищное коммунальное хозяйство №1 Московского района г.Минска""";"1701";"";"01.06.2021";"01.01.2100";"0,0394";"48,4";"1,91";"1,91";"0";"0";"0";"0";"3,06";"0,14";"0,14";"2,33";"0";"13561643089";"03.10.2026 1:18:56";"";"";"";"0";"2,64";"0"
"MN7000";"Минск РИЦ";"192685";"33862324";"1701";"Управление общим имуществом совместного домовладения (м.кв.) от площ.";"";"270";"КУП ""Жилищное коммунальное хозяйство №1 Московского района г.Минска""";"КУП ""Жилищное коммунальное хозяйство №1 Московского района г.Минска""";"1701";"";"01.06.2021";"01.01.2100";"0,0394";"41,89";"1,65";"1,65";"0";"0";"0";"0";"4,31";"0,32";"0,32";"3,05";"0";"13561638721";"03.10.2026 1:18:56";"";"";"";"0";"2,91";"0"
"MN7000";"Минск РИЦ";"764300";"33677768";"1701";"Управление общим имуществом совместного домовладения (м.кв.) от площ.";"";"9100436";"КУП ""ЖКХ Первомайского района г. Минска""";"КУП ""ЖКХ Первомайского района г. Минска""";"1701";"";"01.06.2021";"01.01.2100";"0,0394";"44,1";"1,74";"1,74";"0";"0";"0";"0";"3,48";"0,03";"0,03";"5,22";"0";"13549431752";"30.09.2026 23:08:56";"";"";"";"0";"0";"0"
"MN7000";"Минск РИЦ";"1019839";"40604002";"1701";"Управление общим имуществом совместного домовладения (м.кв.) от площ.";"";"270";"КУП ""Жилищное коммунальное хозяйство №1 Московского района г.Минска""";"КУП ""Жилищное коммунальное хозяйство №1 Московского района г.Минска""";"1701";"";"01.07.2024";"01.01.2100";"0,0394";"65";"2,56";"2,56";"0";"0";"0";"0";"5,49";"0,3";"0,3";"4,83";"0";"13561698004";"03.10.2026 1:18:56";"";"";"";"0";"3,22";"0"
"MN7000";"Минск РИЦ";"955409";"33608830";"1701";"Управление общим имуществом совместного домовладения (м.кв.) от площ.";"";"9100541";"КУП ""Жилищное коммунальное хозяйство Советского района г. Минска""";"КУП ""Жилищное коммунальное хозяйство Советского района г. Минска""";"1701";"";"01.06.2021";"01.01.2100";"0,0394";"23,9";"0,94";"0,94";"0";"0";"0";"0";"3,8";"0,6";"0,6";"4,02";"0";"13566058519";"03.10.2026 9:05:19";"";"";"";"3";"0,72";"0"
"MN7000";"Минск РИЦ";"490253";"38766285";"1701";"Управление общим имуществом совместного домовладения (м.кв.) от площ.";"";"9100198";"КУП ""Жилищное коммунальное хозяйство Ленинского района г. Минска""";"КУП ""Жилищное коммунальное хозяйство Ленинского района г. Минска""";"1701";"";"01.05.2023";"01.01.2100";"0,0394";"67,7";"2,67";"2,67";"0";"0";"0";"0";"5,34";"0,23";"0,23";"5,32";"0";"13571597737";"03.10.2026 18:45:33";"";"";"";"0";"2,69";"0"
"MN7000";"Минск РИЦ";"1035981";"42672469";"1701";"Управление общим имуществом совместного домовладения (м.кв.) от площ.";"";"264";"КУП ""Жилищное коммунальное хозяйство Заводского района г.Минска""";"КУП ""Жилищное коммунальное хозяйство Заводского района г.Минска""";"1701";"";"01.05.2025";"01.01.2100";"0,0394";"14,6";"0,58";"0,58";"0";"0";"0";"0";"0,58";"0,01";"0,01";"1,16";"0";"13564382378";"03.10.2026 6:56:22";"";"";"";"0";"0";"0"
"MN7000";"Минск РИЦ";"952529";"33740163";"1701";"Управление общим имуществом совместного домовладения (м.кв.) от площ.";"";"9100198";"КУП ""Жилищное коммунальное хозяйство Ленинского района г. Минска""";"КУП ""Жилищное коммунальное хозяйство Ленинского района г. Минска""";"1701";"";"01.06.2021";"01.01.2100";"0,0394";"22,54";"0,89";"0,89";"0";"0";"0";"0";"17,63";"26,78";"26,78";"18,52";"0";"13571484786";"03.10.2026 18:45:33";"";"";"";"18";"0";"0"
"MN7000";"Минск РИЦ";"978101";"33825360";"1701";"Управление общим имуществом совместного домовладения (м.кв.) от площ.";"";"270";"КУП ""Жилищное коммунальное хозяйство №1 Московского района г.Минска""";"КУП ""Жилищное коммунальное хозяйство №1 Московского района г.Минска""";"1701";"";"01.06.2021";"01.01.2100";"0,0394";"19,2";"0,76";"0,76";"0";"0";"0";"0";"0,76";"0";"0";"1,52";"0";"13568839729";"03.10.2026 12:46:45";"";"";"";"0";"0";"0"
"MN7000";"Минск РИЦ";"232534";"42998218";"1701";"Управление общим имуществом совместного домовладения (м.кв.) от площ.";"";"286";"КУП ""Жилищное коммунальное хозяйство №2 Фрунзенского района г.Минска""";"КУП ""Жилищное коммунальное хозяйство №2 Фрунзенского района г.Минска""";"1701";"";"01.07.2025";"01.01.2100";"0,0394";"33,9";"1,34";"1,34";"0";"0";"0";"0";"1,34";"0,08";"0,08";"2,68";"0";"13550751179";"01.10.2026 2:53:14";"";"";"";"0";"0";"0"
"MN7000";"Минск РИЦ";"103501";"33877094";"1701";"Управление общим имуществом совместного домовладения (м.кв.) от площ.";"";"270";"КУП ""Жилищное коммунальное хозяйство №1 Московского района г.Минска""";"КУП ""Жилищное коммунальное хозяйство №1 Московского района г.Минска""";"1701";"";"01.06.2021";"01.01.2100";"0,0394";"63,5";"2,5";"2,5";"0";"0";"0";"0";"2,5";"0";"0";"5";"0";"13568842387";"03.10.2026 12:46:45";"";"";"";"0";"0";"0"
"MN7000";"Минск РИЦ";"823237";"33608535";"1701";"Управление общим имуществом совместного домовладения (м.кв.) от площ.";"";"9100541";"КУП ""Жилищное коммунальное хозяйство Советского района г. Минска""";"КУП ""Жилищное коммунальное хозяйство Советского района г. Минска""";"1701";"";"01.06.2021";"01.01.2100";"0,0394";"51,3";"2,02";"2,02";"0";"0";"0";"0";"2,02";"0,01";"0,01";"4,04";"0";"13566058244";"03.10.2026 9:05:19";"";"";"";"0";"0";"0"
"MN7000";"Минск РИЦ";"110634";"33890710";"1701";"Управление общим имуществом совместного домовладения (м.кв.) от площ.";"";"270";"КУП ""Жилищное коммунальное хозяйство №1 Московского района г.Минска""";"КУП ""Жилищное коммунальное хозяйство №1 Московского района г.Минска""";"1701";"";"01.06.2021";"01.01.2100";"0,0394";"76,3";"3,01";"3,01";"0";"0";"0";"0";"3,01";"0";"0";"6,02";"0";"13568846711";"03.10.2026 12:46:45";"";"";"";"0";"0";"0"
"MN7000";"Минск РИЦ";"490418";"38766325";"1701";"Управление общим имуществом совместного домовладения (м.кв.) от площ.";"";"9100198";"КУП ""Жилищное коммунальное хозяйство Ленинского района г. Минска""";"КУП ""Жилищное коммунальное хозяйство Ленинского района г. Минска""";"1701";"";"01.05.2023";"01.01.2100";"0,0394";"67,39";"2,66";"2,66";"0";"0";"0";"0";"2,66";"0";"0";"5,32";"0";"13571597776";"03.10.2026 18:45:33";"";"";"";"0";"0";"0"
"MN7000";"Минск РИЦ";"363885";"43700485";"1701";"Управление общим имуществом совместного домовладения (м.кв.) от площ.";"";"264";"КУП ""Жилищное коммунальное хозяйство Заводского района г.Минска""";"КУП ""Жилищное коммунальное хозяйство Заводского района г.Минска""";"1701";"";"21.11.2025";"01.01.2100";"0,0394";"57,2";"2,25";"2,25";"0";"0";"0";"0";"2,25";"0,03";"0,03";"4,5";"0";"13563976916";"03.10.2026 6:36:14";"";"";"";"0";"0";"0"
"MN7000";"Минск РИЦ";"490081";"38766237";"1701";"Управление общим имуществом совместного домовладения (м.кв.) от площ.";"";"9100198";"КУП ""Жилищное коммунальное хозяйство Ленинского района г. Минска""";"КУП ""Жилищное коммунальное хозяйство Ленинского района г. Минска""";"1701";"";"01.05.2023";"01.01.2100";"0,0394";"49,15";"1,94";"1,94";"0";"0";"0";"0";"1,94";"0,12";"0,12";"3,88";"0";"13571597691";"03.10.2026 18:45:33";"";"";"";"0";"0";"0"
"MN7000";"Минск РИЦ";"804080";"33610245";"1701";"Управление общим имуществом совместного домовладения (м.кв.) от площ.";"";"9100541";"КУП ""Жилищное коммунальное хозяйство Советского района г. Минска""";"КУП ""Жилищное коммунальное хозяйство Советского района г. Минска""";"1701";"";"01.06.2021";"01.01.2100";"0,0394";"29,2";"1,15";"1,15";"0";"0";"0";"0";"1,15";"0";"0";"2,3";"0";"13562275283";"03.10.2026 3:11:31";"";"";"";"0";"0";"0"
"MN7000";"Минск РИЦ";"1056919";"43933323";"1701";"Управление общим имуществом совместного домовладения (м.кв.) от площ.";"";"270";"КУП ""Жилищное коммунальное хозяйство №1 Московского района г.Минска""";"КУП ""Жилищное коммунальное хозяйство №1 Московского района г.Минска""";"1701";"";"27.01.2026";"01.01.2100";"0,0394";"91,1";"3,59";"3,59";"0";"0";"0";"0";"3,59";"0";"0";"4";"0";"13561732128";"03.10.2026 1:18:56";"";"";"";"0";"3,18";"0"
"MN7000";"Минск РИЦ";"798773";"33610172";"1701";"Управление общим имуществом совместного домовладения (м.кв.) от площ.";"";"9100541";"КУП ""Жилищное коммунальное хозяйство Советского района г. Минска""";"КУП ""Жилищное коммунальное хозяйство Советского района г. Минска""";"1701";"";"01.06.2021";"01.01.2100";"0,0394";"29,9";"1,18";"1,18";"0";"0";"0";"0";"2,36";"0,02";"0,02";"2,36";"0";"13562275212";"03.10.2026 3:11:31";"";"";"";"0";"1,18";"0"
"MN7000";"Минск РИЦ";"547226";"33442906";"1701";"Управление общим имуществом совместного домовладения (м.кв.) от площ.";"";"9100330";"КУП ""Жилищное коммунальное хозяйство Октябрьского района г. Минска""";"КУП ""Жилищное коммунальное хозяйство Октябрьского района г. Минска""";"1701";"";"01.06.2021";"01.01.2100";"0,0394";"48,91";"1,93";"1,93";"0";"0";"0";"0";"1,93";"0,03";"0,03";"3,85";"0";"13571951809";"04.10.2026 21:26:31";"";"";"";"0";"0,01";"0"
"MN7000";"Минск РИЦ";"730750";"33677465";"1701";"Управление общим имуществом совместного домовладения (м.кв.) от площ.";"";"9100436";"КУП ""ЖКХ Первомайского района г. Минска""";"КУП ""ЖКХ Первомайского района г. Минска""";"1701";"";"01.06.2021";"01.01.2100";"0,0394";"84,3";"3,32";"3,32";"0";"0";"0";"0";"3,32";"0";"0";"6,64";"0";"13549431464";"30.09.2026 23:08:56";"";"";"";"0";"0";"0"
"MN7000";"Минск РИЦ";"1011281";"39107044";"1701";"Управление общим имуществом совместного домовладения (м.кв.) от площ.";"";"270";"КУП ""Жилищное коммунальное хозяйство №1 Московского района г.Минска""";"КУП ""Жилищное коммунальное хозяйство №1 Московского района г.Минска""";"1701";"";"18.10.2023";"01.01.2100";"0,0394";"83,2";"3,28";"3,28";"0";"0";"0";"0";"3,28";"0,2";"0,2";"6,56";"0";"13561678432";"03.10.2026 1:18:56";"";"";"";"0";"0";"0"
"MN7000";"Минск РИЦ";"122560";"33918459";"1701";"Управление общим имуществом совместного домовладения (м.кв.) от площ.";"";"270";"КУП ""Жилищное коммунальное хозяйство №1 Московского района г.Минска""";"КУП ""Жилищное коммунальное хозяйство №1 Московского района г.Минска""";"1701";"";"01.06.2021";"01.01.2100";"0,0394";"49,7";"1,96";"1,96";"0";"0";"0";"0";"1,96";"0";"0";"3,92";"0";"13561645260";"03.10.2026 1:18:56";"";"";"";"0";"0";"0"
"MN7000";"Минск РИЦ";"1019451";"40465839";"1701";"Управление общим имуществом совместного домовладения (м.кв.) от площ.";"";"270";"КУП ""Жилищное коммунальное хозяйство №1 Московского района г.Минска""";"КУП ""Жилищное коммунальное хозяйство №1 Московского района г.Минска""";"1701";"";"01.06.2024";"01.01.2100";"0,0394";"63,2";"2,49";"2,49";"0";"0";"0";"0";"2,49";"0,04";"0,04";"4,98";"0";"13561688562";"03.10.2026 1:18:56";"";"";"";"0";"0";"0"
"MN7000";"Минск РИЦ";"715445";"33945278";"1701";"Управление общим имуществом совместного домовладения (м.кв.) от площ.";"";"9100436";"КУП ""ЖКХ Первомайского района г. Минска""";"КУП ""ЖКХ Первомайского района г. Минска""";"1701";"";"01.06.2021";"01.01.2100";"0,0394";"53,9";"2,12";"2,12";"0";"0";"0";"0";"2,12";"0";"0";"4,24";"0";"13549432577";"30.09.2026 23:08:56";"";"";"";"0";"0";"0"
"MN7000";"Минск РИЦ";"730856";"33625204";"1701";"Управление общим имуществом совместного домовладения (м.кв.) от площ.";"";"9100436";"КУП ""ЖКХ Первомайского района г. Минска""";"КУП ""ЖКХ Первомайского района г. Минска""";"1701";"";"01.06.2021";"01.01.2100";"0,0394";"46,8";"1,84";"1,84";"0";"0";"0";"0";"1,84";"0,14";"0,14";"3,68";"0";"13549428098";"30.09.2026 23:08:56";"";"";"";"0";"0";"0"
"MN7000";"Минск РИЦ";"496968";"33740034";"1701";"Управление общим имуществом совместного домовладения (м.кв.) от площ.";"";"9100198";"КУП ""Жилищное коммунальное хозяйство Ленинского района г. Минска""";"КУП ""Жилищное коммунальное хозяйство Ленинского района г. Минска""";"1701";"";"01.06.2021";"01.01.2100";"0,0394";"46,5";"1,83";"1,83";"0";"0";"0";"0";"1,83";"0";"0";"3,66";"0";"13571484662";"03.10.2026 18:45:33";"";"";"";"0";"0";"0"
"MN7000";"Минск РИЦ";"547410";"33444040";"1701";"Управление общим имуществом совместного домовладения (м.кв.) от площ.";"";"9100330";"КУП ""Жилищное коммунальное хозяйство Октябрьского района г. Минска""";"КУП ""Жилищное коммунальное хозяйство Октябрьского района г. Минска""";"1701";"";"01.06.2021";"01.01.2100";"0,0394";"59,1";"2,33";"2,33";"0";"0";"0";"0";"70,92";"85,85";"85,85";"73,25";"0";"13571952627";"04.10.2026 21:26:31";"";"";"";"52";"0";"0"
"MN7000";"Минск РИЦ";"1029291";"42383349";"1701";"Управление общим имуществом совместного домовладения (м.кв.) от площ.";"";"270";"КУП ""Жилищное коммунальное хозяйство №1 Московского района г.Минска""";"КУП ""Жилищное коммунальное хозяйство №1 Московского района г.Минска""";"1701";"";"01.02.2025";"01.01.2100";"0,0394";"12,33";"0,49";"0,49";"0";"0";"0";"0";"0,49";"0";"0";"0,98";"0";"13569067709";"03.10.2026 12:46:45";"";"";"";"0";"0";"0"
"MN7000";"Минск РИЦ";"231798";"42999521";"1701";"Управление общим имуществом совместного домовладения (м.кв.) от площ.";"";"286";"КУП ""Жилищное коммунальное хозяйство №2 Фрунзенского района г.Минска""";"КУП ""Жилищное коммунальное хозяйство №2 Фрунзенского района г.Минска""";"1701";"";"01.07.2025";"01.01.2100";"0,0394";"52,03";"2,05";"2,05";"0";"0";"0";"0";"2,05";"0,01";"0,01";"4,1";"0";"13550752438";"01.10.2026 2:53:14";"";"";"";"0";"0";"0"
"MN7000";"Минск РИЦ";"524245";"33456382";"1701";"Управление общим имуществом совместного домовладения (м.кв.) от площ.";"";"9100330";"КУП ""Жилищное коммунальное хозяйство Октябрьского района г. Минска""";"КУП ""Жилищное коммунальное хозяйство Октябрьского района г. Минска""";"1701";"";"01.06.2021";"01.01.2100";"0,0394";"62,68";"2,47";"2,47";"0";"0";"0";"0";"3,73";"0";"0";"6,19";"0";"13571955882";"04.10.2026 21:26:31";"";"";"";"0";"0,01";"0"
"MN7000";"Минск РИЦ";"195882";"33886581";"1701";"Управление общим имуществом совместного домовладения (м.кв.) от площ.";"";"270";"КУП ""Жилищное коммунальное хозяйство №1 Московского района г.Минска""";"КУП ""Жилищное коммунальное хозяйство №1 Московского района г.Минска""";"1701";"";"01.06.2021";"01.01.2100";"0,0394";"44,11";"1,74";"1,74";"0";"0";"0";"0";"4,28";"0,16";"0,16";"6,02";"0";"13561642493";"03.10.2026 1:18:56";"";"";"";"0";"0";"0"
"MN7000";"Минск РИЦ";"365553";"43700503";"1701";"Управление общим имуществом совместного домовладения (м.кв.) от площ.";"";"264";"КУП ""Жилищное коммунальное хозяйство Заводского района г.Минска""";"КУП ""Жилищное коммунальное хозяйство Заводского района г.Минска""";"1701";"";"21.11.2025";"01.01.2100";"0,0394";"56,5";"2,23";"2,23";"0";"0";"0";"0";"2,26";"0,16";"0,16";"4,49";"0";"13563976933";"03.10.2026 6:36:14";"";"";"";"0";"0";"0"
"MN7000";"Минск РИЦ";"139085";"33926115";"1701";"Управление общим имуществом совместного домовладения (м.кв.) от площ.";"";"270";"КУП ""Жилищное коммунальное хозяйство №1 Московского района г.Минска""";"КУП ""Жилищное коммунальное хозяйство №1 Московского района г.Минска""";"1701";"";"01.06.2021";"01.01.2100";"0,0394";"76,1";"3";"3";"0";"0";"0";"0";"3";"0,03";"0,03";"6";"0";"13568856385";"03.10.2026 12:46:45";"";"";"";"0";"0";"0"
"MN7000";"Минск РИЦ";"382652";"39312682";"1701";"Управление общим имуществом совместного домовладения (м.кв.) от площ.";"";"264";"КУП ""Жилищное коммунальное хозяйство Заводского района г.Минска""";"КУП ""Жилищное коммунальное хозяйство Заводского района г.Минска""";"1701";"";"01.01.2024";"01.01.2100";"0,0394";"29,05";"1,14";"1,14";"0";"0";"0";"0";"1,9";"0,64";"0,64";"3,04";"0";"13564349821";"03.10.2026 6:56:22";"";"";"";"0";"0";"0"
"MN7000";"Минск РИЦ";"523282";"33734709";"1701";"Управление общим имуществом совместного домовладения (м.кв.) от площ.";"";"9100198";"КУП ""Жилищное коммунальное хозяйство Ленинского района г. Минска""";"КУП ""Жилищное коммунальное хозяйство Ленинского района г. Минска""";"1701";"";"01.06.2021";"01.01.2100";"0,0394";"47,1";"1,86";"1,86";"0";"0";"0";"0";"1,86";"0";"0";"3,72";"0";"13570633686";"03.10.2026 16:50:37";"";"";"";"0";"0";"0"
"MN7000";"Минск РИЦ";"496122";"33739810";"1701";"Управление общим имуществом совместного домовладения (м.кв.) от площ.";"";"9100198";"КУП ""Жилищное коммунальное хозяйство Ленинского района г. Минска""";"КУП ""Жилищное коммунальное хозяйство Ленинского района г. Минска""";"1701";"";"01.06.2021";"01.01.2100";"0,0394";"32,9";"1,3";"1,3";"0";"0";"0";"0";"1,3";"0,11";"0,11";"2,6";"0";"13571484444";"03.10.2026 18:45:33";"";"";"";"0";"0";"0"
"MN7000";"Минск РИЦ";"111810";"33824616";"1701";"Управление общим имуществом совместного домовладения (м.кв.) от площ.";"";"270";"КУП ""Жилищное коммунальное хозяйство №1 Московского района г.Минска""";"КУП ""Жилищное коммунальное хозяйство №1 Московского района г.Минска""";"1701";"";"01.06.2021";"01.01.2100";"0,0394";"37,8";"1,49";"1,49";"0";"0";"0";"0";"3,17";"0,33";"0,33";"2,68";"0";"13568839110";"03.10.2026 12:46:45";"";"";"";"0";"1,98";"0"
"MN7000";"Минск РИЦ";"800695";"33639943";"1701";"Управление общим имуществом совместного домовладения (м.кв.) от площ.";"";"9100541";"КУП ""Жилищное коммунальное хозяйство Советского района г. Минска""";"КУП ""Жилищное коммунальное хозяйство Советского района г. Минска""";"1701";"";"01.06.2021";"01.01.2100";"0,0394";"62,9";"2,48";"2,48";"0";"0";"0";"0";"2,48";"0,04";"0,04";"4,95";"0";"13566066055";"03.10.2026 9:05:19";"";"";"";"0";"0,01";"0"
"MN7000";"Минск РИЦ";"1018761";"39548398";"1701";"Управление общим имуществом совместного домовладения (м.кв.) от площ.";"";"9100330";"КУП ""Жилищное коммунальное хозяйство Октябрьского района г. Минска""";"КУП ""Жилищное коммунальное хозяйство Октябрьского района г. Минска""";"1701";"";"01.05.2024";"01.01.2100";"0,0394";"15,56";"0,61";"0,61";"0";"0";"0";"0";"0,61";"0";"0";"1,22";"0";"13572001136";"04.10.2026 21:26:31";"";"";"";"0";"0";"0"
"MN7000";"Минск РИЦ";"207130";"43317216";"1701";"Управление общим имуществом совместного домовладения (м.кв.) от площ.";"";"286";"КУП ""Жилищное коммунальное хозяйство №2 Фрунзенского района г.Минска""";"КУП ""Жилищное коммунальное хозяйство №2 Фрунзенского района г.Минска""";"1701";"";"01.07.2025";"01.01.2100";"0,0394";"49,4";"1,95";"1,95";"0";"0,2";"0";"0";"3,9";"0,17";"0,37";"5,85";"0";"13552929606";"01.10.2026 5:50:15";"";"";"";"0";"0";"0"
"MN7000";"Минск РИЦ";"811865";"33641062";"1701";"Управление общим имуществом совместного домовладения (м.кв.) от площ.";"";"9100541";"КУП ""Жилищное коммунальное хозяйство Советского района г. Минска""";"КУП ""Жилищное коммунальное хозяйство Советского района г. Минска""";"1701";"";"01.06.2021";"01.01.2100";"0,0394";"20,72";"0,82";"0,82";"0";"0";"0";"0";"0,82";"0,04";"0,04";"1,64";"0";"13566067091";"03.10.2026 9:05:19";"";"";"";"0";"0";"0"