"Код схемы";"Наименование схемы";"Код ЛС (ID ЛС)";"Код договора на услугу (ID Договора)";"Код услуги (ID Услуги)";"Наименование услуги";"Наименование услуги в извещении для дополнительных";"Код поставщика услуги";"Краткое наименование поставщика";"Полное наименование поставщика";"Код сортировки";"ID группы отчёта";"Дата начала действия услуги (Дата с)";"Дата окончания действия услуги (Дата по)";"Тариф";"Начислено (количество)";"Всего начислено";"Начислено";"Льгота";"Начислено пени";"Перерасчёт";"Взаимозачет по услуге";"Входящее сальдо без пени";"Входящее сальдо пени";"Исходящее сальдо пени";"Исходящее сальдо с пенями";"Субсидия (сумма субсидии)";"Код операции расчета (ID Расчёта)";"Фактическая дата выполнения расчета (Дата расчёта)";"Перерасчет по пене";"Взаимозачет пени";"Просроченная задолженность";"Кол-во периодов долга";"Распределённая оплата услуг в текущем опер. периоде";"Распределённая оплата пени в текущем опер. периоде"
"MG6000";"Могилев МОЦИС";"643569";"12603214";"1";"Техобслуживание";"";"32600065";"Коммунальник МК";"ОДО ""Коммунальник МК""";"1";"";"01.01.2025";"01.01.2100";"0,2305";"59,2";"13,65";"13,65";"0";"0";"0";"0";"27,3";"1,52";"0,25";"27,3";"0";"4787383995";"30.09.2026 9:33:28";"";"";"";"0";"13,65";"1,27"
"MG6000";"Могилев МОЦИС";"726397";"12047736";"1";"Техобслуживание";"";"32600307";"ООО ""ЖилЭкспо"" (поставщик)";"ООО ""ЖилЭкспо"" (поставщик)";"1";"";"01.08.2024";"01.01.2100";"0,2305";"55,4";"12,77";"12,77";"0";"0";"0";"0";"12,77";"0";"0";"25,54";"0";"4795825315";"03.10.2026 20:41:18";"";"";"";"0";"0";"0"
"MG6000";"Могилев МОЦИС";"722252";"12066723";"1";"Техобслуживание";"";"32600307";"ООО ""ЖилЭкспо"" (поставщик)";"ООО ""ЖилЭкспо"" (поставщик)";"1";"";"01.08.2024";"01.01.2100";"0,2305";"67";"15,44";"15,44";"0";"0";"0";"0";"46,32";"2,23";"2,23";"61,76";"0";"4795769813";"03.10.2026 20:19:34";"";"";"";"0";"0";"0"
"MG6000";"Могилев МОЦИС";"663947";"12402251";"1";"Техобслуживание";"";"32600071";"Коммунальник-строй";"ОДО ""Коммунальник-строй""";"1";"";"01.01.2025";"01.01.2100";"0,2305";"41,5";"9,57";"9,57";"0";"0";"0";"0";"9,57";"0";"0";"19,14";"0";"4794953829";"03.10.2026 17:52:57";"";"";"";"0";"0";"0"
"MG6000";"Могилев МОЦИС";"726475";"12047892";"1";"Техобслуживание";"";"32600307";"ООО ""ЖилЭкспо"" (поставщик)";"ООО ""ЖилЭкспо"" (поставщик)";"1";"";"01.08.2024";"01.01.2100";"0,2305";"42,9";"9,89";"9,89";"0";"0";"0";"0";"19,78";"0,81";"0,36";"18,76";"0";"4795825466";"03.10.2026 20:41:18";"";"";"";"0";"10,91";"0,45"
"MG6000";"Могилев МОЦИС";"679160";"13351546";"1";"Техобслуживание";"";"32600070";"ЖилКонтакт";"ОДО ""ЖилКонтакт""";"1";"";"01.01.2025";"01.01.2100";"0,1844";"38,2";"7,04";"7,04";"0";"0";"0";"0";"7,04";"0,11";"0,11";"14,08";"0";"4787168927";"30.09.2026 8:56:01";"";"";"";"0";"0";"0"
"MG6000";"Могилев МОЦИС";"442192";"12470969";"1";"Техобслуживание";"";"72";"Ленинское ЖРЭУ г.Могилев (поставщик)";"КУП ЖРЭУ Ленинского района поставщик";"1";"";"01.01.2025";"01.01.2100";"0,2305";"20,3";"4,68";"4,68";"0";"0";"0";"0";"82,96";"62,72";"62,72";"87,64";"0";"4796049149";"05.10.2026 10:10:10";"";"";"";"16";"0";"0"
"MG6000";"Могилев МОЦИС";"736982";"13529452";"1";"Техобслуживание";"";"32600307";"ООО ""ЖилЭкспо"" (поставщик)";"ООО ""ЖилЭкспо"" (поставщик)";"1";"";"02.05.2025";"01.01.2100";"0,1893";"66,6";"12,61";"12,61";"0";"0";"0";"0";"12,61";"0";"0";"25,22";"0";"4783486899";"28.09.2026 21:07:20";"";"";"";"0";"0";"0"
"MG6000";"Могилев МОЦИС";"387923";"12468001";"1";"Техобслуживание";"";"72";"Ленинское ЖРЭУ г.Могилев (поставщик)";"КУП ЖРЭУ Ленинского района поставщик";"1";"";"01.01.2025";"01.01.2100";"0,2305";"79,3";"18,28";"18,28";"0";"0";"0";"0";"36,56";"0,38";"0,33";"36,56";"0";"4791728586";"02.10.2026 2:59:10";"";"";"";"0";"18,28";"0,05"
"MG6000";"Могилев МОЦИС";"720759";"13483166";"1";"Техобслуживание";"";"32600307";"ООО ""ЖилЭкспо"" (поставщик)";"ООО ""ЖилЭкспо"" (поставщик)";"1";"";"01.02.2025";"01.01.2100";"0,1893";"54,4";"10,3";"10,3";"0";"1,08";"0";"0";"20,6";"0,41";"1,49";"30,9";"0";"4783486797";"28.09.2026 21:07:20";"";"";"";"0";"0";"0"
"MG6000";"Могилев МОЦИС";"663970";"9009557";"1";"Техобслуживание";"";"32600071";"Коммунальник-строй";"ОДО ""Коммунальник-строй""";"1";"";"18.03.2019";"01.01.2100";"0,2305";"41,6";"9,59";"9,59";"0";"0";"0";"0";"13,52";"0,89";"0";"19,18";"0";"4794952217";"03.10.2026 17:52:57";"";"";"";"0";"3,93";"0,89"
"MG6000";"Могилев МОЦИС";"660111";"8911503";"1";"Техобслуживание";"";"32600065";"Коммунальник МК";"ОДО ""Коммунальник МК""";"1";"";"06.07.2018";"01.01.2100";"0,2305";"0";"0";"0";"0";"0";"0";"0";"0";"0";"0";"0";"0";"4787253587";"30.09.2026 9:15:23";"";"";"";"0";"0";"0"
"MG6000";"Могилев МОЦИС";"557345";"12584301";"1";"Техобслуживание";"";"32600065";"Коммунальник МК";"ОДО ""Коммунальник МК""";"1";"";"01.01.2025";"01.01.2100";"0,2305";"56,1";"12,93";"12,93";"0";"0";"0";"0";"12,93";"0,12";"0,12";"25,86";"0";"4790955156";"01.10.2026 19:46:49";"";"";"";"0";"0";"0"
"MG6000";"Могилев МОЦИС";"722263";"12066745";"1";"Техобслуживание";"";"32600307";"ООО ""ЖилЭкспо"" (поставщик)";"ООО ""ЖилЭкспо"" (поставщик)";"1";"";"01.08.2024";"01.01.2100";"0,2305";"67";"15,44";"15,44";"0";"0";"0";"0";"61,76";"6,93";"6,93";"77,2";"0";"4795769833";"03.10.2026 20:19:34";"";"";"";"0";"0";"0"
"MG6000";"Могилев МОЦИС";"720735";"13483118";"1";"Техобслуживание";"";"32600307";"ООО ""ЖилЭкспо"" (поставщик)";"ООО ""ЖилЭкспо"" (поставщик)";"1";"";"01.02.2025";"01.01.2100";"0,1893";"54,5";"10,32";"10,32";"0";"0,68";"0";"0";"20,88";"10,94";"11,62";"24,98";"0";"4783486753";"28.09.2026 21:07:20";"";"";"";"0";"6,22";"0"
"MG6000";"Могилев МОЦИС";"660160";"13328876";"1";"Техобслуживание";"";"32600065";"Коммунальник МК";"ОДО ""Коммунальник МК""";"1";"";"01.01.2025";"01.01.2100";"0,2305";"59,5";"13,71";"13,71";"0";"0";"0";"0";"27,42";"1,06";"0,29";"27,42";"0";"4787255680";"30.09.2026 9:15:23";"";"";"";"0";"13,71";"0,77"
"MG6000";"Могилев МОЦИС";"717654";"12048749";"1";"Техобслуживание";"";"32600307";"ООО ""ЖилЭкспо"" (поставщик)";"ООО ""ЖилЭкспо"" (поставщик)";"1";"";"01.08.2024";"01.01.2100";"0,2305";"52,9";"12,19";"12,19";"0";"0";"0";"0";"94,35";"108,37";"108,37";"106,47";"0";"4795831636";"03.10.2026 20:45:50";"";"";"";"23";"0,07";"0"
"MG6000";"Могилев МОЦИС";"663947";"12402252";"2";"Техобслуживание по ЭОЗ";"";"32600071";"Коммунальник-строй";"ОДО ""Коммунальник-строй""";"1";"";"01.01.2025";"01.01.2100";"0,2473";"0";"0";"0";"0";"0";"0";"0";"0";"0";"0";"0";"0";"4794953830";"03.10.2026 17:52:57";"";"";"";"0";"0";"0"
"MG6000";"Могилев МОЦИС";"717654";"12048750";"2";"Техобслуживание по ЭОЗ";"";"32600307";"ООО ""ЖилЭкспо"" (поставщик)";"ООО ""ЖилЭкспо"" (поставщик)";"1";"";"01.08.2024";"01.01.2100";"0,2473";"0";"0";"0";"0";"0";"0";"0";"0";"0";"0";"0";"0";"4795831637";"03.10.2026 20:45:50";"";"";"";"0";"0";"0"
"MG6000";"Могилев МОЦИС";"720735";"13483119";"2";"Техобслуживание по ЭОЗ";"";"32600307";"ООО ""ЖилЭкспо"" (поставщик)";"ООО ""ЖилЭкспо"" (поставщик)";"1";"";"01.02.2025";"01.01.2100";"0,2473";"0";"0";"0";"0";"0";"0";"0";"0";"0";"0";"0";"0";"4783486754";"28.09.2026 21:07:20";"";"";"";"0";"0";"0"
"MG6000";"Могилев МОЦИС";"660111";"8911583";"2";"Техобслуживание по ЭОЗ";"";"32600065";"Коммунальник МК";"ОДО ""Коммунальник МК""";"1";"";"06.07.2018";"01.01.2100";"0,2473";"59,3";"14,66";"14,66";"0";"65,45";"0";"0";"739,26";"2326,65";"2392,1";"753,92";"0";"4787253588";"30.09.2026 9:15:23";"";"";"";"62";"0";"0"
"MG6000";"Могилев МОЦИС";"726475";"12047893";"2";"Техобслуживание по ЭОЗ";"";"32600307";"ООО ""ЖилЭкспо"" (поставщик)";"ООО ""ЖилЭкспо"" (поставщик)";"1";"";"01.08.2024";"01.01.2100";"0,2473";"0";"0";"0";"0";"0";"0";"0";"0";"0";"0";"0";"0";"4795825467";"03.10.2026 20:41:18";"";"";"";"0";"0";"0"
"MG6000";"Могилев МОЦИС";"643569";"12603215";"2";"Техобслуживание по ЭОЗ";"";"32600065";"Коммунальник МК";"ОДО ""Коммунальник МК""";"1";"";"01.01.2025";"01.01.2100";"0,2473";"0";"0";"0";"0";"0";"0";"0";"0";"0";"0";"0";"0";"4787383996";"30.09.2026 9:33:28";"";"";"";"0";"0";"0"
"MG6000";"Могилев МОЦИС";"736982";"13529453";"2";"Техобслуживание по ЭОЗ";"";"32600307";"ООО ""ЖилЭкспо"" (поставщик)";"ООО ""ЖилЭкспо"" (поставщик)";"1";"";"02.05.2025";"01.01.2100";"0,2473";"0";"0";"0";"0";"0";"0";"0";"0";"0";"0";"0";"0";"4783486900";"28.09.2026 21:07:20";"";"";"";"0";"0";"0"
"MG6000";"Могилев МОЦИС";"387923";"12468002";"2";"Техобслуживание по ЭОЗ";"";"72";"Ленинское ЖРЭУ г.Могилев (поставщик)";"КУП ЖРЭУ Ленинского района поставщик";"1";"";"01.01.2025";"01.01.2100";"0,2473";"0";"0";"0";"0";"0";"0";"0";"0";"0";"0";"0";"0";"4791728588";"02.10.2026 2:59:10";"";"";"";"0";"0";"0"
"MG6000";"Могилев МОЦИС";"660160";"13328877";"2";"Техобслуживание по ЭОЗ";"";"32600065";"Коммунальник МК";"ОДО ""Коммунальник МК""";"1";"";"01.01.2025";"01.01.2100";"0,2473";"0";"0";"0";"0";"0";"0";"0";"0";"0";"0";"0";"0";"4787255681";"30.09.2026 9:15:23";"";"";"";"0";"0";"0"
"MG6000";"Могилев МОЦИС";"722252";"12066724";"2";"Техобслуживание по ЭОЗ";"";"32600307";"ООО ""ЖилЭкспо"" (поставщик)";"ООО ""ЖилЭкспо"" (поставщик)";"1";"";"01.08.2024";"01.01.2100";"0,2473";"0";"0";"0";"0";"0";"0";"0";"0";"0";"0";"0";"0";"4795769814";"03.10.2026 20:19:34";"";"";"";"0";"0";"0"
"MG6000";"Могилев МОЦИС";"726397";"12047737";"2";"Техобслуживание по ЭОЗ";"";"32600307";"ООО ""ЖилЭкспо"" (поставщик)";"ООО ""ЖилЭкспо"" (поставщик)";"1";"";"01.08.2024";"01.01.2100";"0,2473";"0";"0";"0";"0";"0";"0";"0";"0";"0";"0";"0";"0";"4795825316";"03.10.2026 20:41:18";"";"";"";"0";"0";"0"
"MG6000";"Могилев МОЦИС";"557345";"12584302";"2";"Техобслуживание по ЭОЗ";"";"32600065";"Коммунальник МК";"ОДО ""Коммунальник МК""";"1";"";"01.01.2025";"01.01.2100";"0,2473";"0";"0";"0";"0";"0";"0";"0";"0";"0";"0";"0";"0";"4790955157";"01.10.2026 19:46:49";"";"";"";"0";"0";"0"
"MG6000";"Могилев МОЦИС";"720759";"13483167";"2";"Техобслуживание по ЭОЗ";"";"32600307";"ООО ""ЖилЭкспо"" (поставщик)";"ООО ""ЖилЭкспо"" (поставщик)";"1";"";"01.02.2025";"01.01.2100";"0,2473";"0";"0";"0";"0";"0";"0";"0";"0";"0";"0";"0";"0";"4783486798";"28.09.2026 21:07:20";"";"";"";"0";"0";"0"
"MG6000";"Могилев МОЦИС";"722263";"12066746";"2";"Техобслуживание по ЭОЗ";"";"32600307";"ООО ""ЖилЭкспо"" (поставщик)";"ООО ""ЖилЭкспо"" (поставщик)";"1";"";"01.08.2024";"01.01.2100";"0,2473";"0";"0";"0";"0";"0";"0";"0";"0";"0";"0";"0";"0";"4795769834";"03.10.2026 20:19:34";"";"";"";"0";"0";"0"
"MG6000";"Могилев МОЦИС";"663970";"9009639";"2";"Техобслуживание по ЭОЗ";"";"32600071";"Коммунальник-строй";"ОДО ""Коммунальник-строй""";"1";"";"18.03.2019";"01.01.2100";"0,2473";"0";"0";"0";"0";"0";"0";"0";"0";"0";"0";"0";"0";"4794952218";"03.10.2026 17:52:57";"";"";"";"0";"0";"0"
"MG6000";"Могилев МОЦИС";"442192";"12470970";"2";"Техобслуживание по ЭОЗ";"";"72";"Ленинское ЖРЭУ г.Могилев (поставщик)";"КУП ЖРЭУ Ленинского района поставщик";"1";"";"01.01.2025";"01.01.2100";"0,2473";"0";"0";"0";"0";"0";"0";"0";"0";"0";"0";"0";"0";"4796049150";"05.10.2026 10:10:10";"";"";"";"0";"0";"0"
"MG6000";"Могилев МОЦИС";"679160";"13351547";"2";"Техобслуживание по ЭОЗ";"";"32600070";"ЖилКонтакт";"ОДО ""ЖилКонтакт""";"1";"";"01.01.2025";"01.01.2100";"0,19784";"0";"0";"0";"0";"0";"0";"0";"0";"0";"0";"0";"0";"4787168928";"30.09.2026 8:56:01";"";"";"";"0";"0";"0"
"MG6000";"Могилев МОЦИС";"557345";"11830266";"13";"Капремонт";"";"157";"УКП (капремонт)";"МГ КУП ""УКП"" (капремонт)";"3";"";"01.01.2024";"01.01.2100";"0,2825";"56,1";"15,85";"15,85";"0";"0";"0";"0";"15,85";"0,14";"0,14";"31,7";"0";"4790955123";"01.10.2026 19:46:49";"";"";"";"0";"0";"0"
"MG6000";"Могилев МОЦИС";"663947";"9014831";"13";"Капремонт";"";"6100700";"ТС ""Дом льва""";"ТС ""Дом льва""";"3";"";"18.03.2019";"01.01.2100";"0,2825";"41,5";"11,72";"11,72";"0";"0";"0";"0";"11,72";"0";"0";"23,44";"0";"4794952274";"03.10.2026 17:52:57";"";"";"";"0";"0";"0"
"MG6000";"Могилев МОЦИС";"722263";"12073427";"13";"Капремонт";"";"157";"УКП (капремонт)";"МГ КУП ""УКП"" (капремонт)";"3";"";"01.08.2024";"01.01.2100";"0,2825";"67";"18,93";"18,93";"0";"0";"0";"0";"75,72";"8,46";"8,46";"94,65";"0";"4795770011";"03.10.2026 20:19:34";"";"";"";"0";"0";"0"
"MG6000";"Могилев МОЦИС";"736982";"13529455";"13";"Капремонт";"";"157";"УКП (капремонт)";"МГ КУП ""УКП"" (капремонт)";"3";"";"02.05.2025";"01.01.2100";"0,2825";"66,6";"18,81";"18,81";"0";"0";"0";"0";"18,81";"0";"0";"37,62";"0";"4783486901";"28.09.2026 21:07:20";"";"";"";"0";"0";"0"
"MG6000";"Могилев МОЦИС";"726397";"12071508";"13";"Капремонт";"";"157";"УКП (капремонт)";"МГ КУП ""УКП"" (капремонт)";"3";"";"01.08.2024";"01.01.2100";"0,2825";"55,4";"15,65";"15,65";"0";"0";"0";"0";"15,65";"0";"0";"31,3";"0";"4795825541";"03.10.2026 20:41:18";"";"";"";"0";"0";"0"
"MG6000";"Могилев МОЦИС";"679160";"10561311";"13";"Капремонт";"";"326000316";"ТС ""Дом № 3 по ул. Шмидта""";"ТС ""Дом № 3 по ул. Шмидта""";"3";"";"01.08.2021";"01.01.2100";"0,2825";"38,2";"10,79";"10,79";"0";"0";"0";"0";"10,79";"0,16";"0,16";"21,58";"0";"4787168458";"30.09.2026 8:56:01";"";"";"";"0";"0";"0"
"MG6000";"Могилев МОЦИС";"720759";"12120740";"13";"Капремонт";"";"157";"УКП (капремонт)";"МГ КУП ""УКП"" (капремонт)";"3";"";"01.08.2024";"01.01.2100";"0,2825";"54,4";"15,37";"15,37";"0";"1,61";"0";"0";"30,74";"0,61";"2,22";"46,11";"0";"4783485468";"28.09.2026 21:07:20";"";"";"";"0";"0";"0"
"MG6000";"Могилев МОЦИС";"663970";"9014867";"13";"Капремонт";"";"6100700";"ТС ""Дом льва""";"ТС ""Дом льва""";"3";"";"18.03.2019";"01.01.2100";"0,2825";"41,6";"11,75";"11,75";"0";"0";"0";"0";"16,56";"1,09";"0";"23,5";"0";"4794952292";"03.10.2026 17:52:57";"";"";"";"0";"4,81";"1,09"
"MG6000";"Могилев МОЦИС";"442192";"3916646";"13";"Капремонт";"";"157";"УКП (капремонт)";"МГ КУП ""УКП"" (капремонт)";"3";"";"01.11.2003";"01.01.2100";"0,2825";"20,3";"5,73";"5,73";"0";"0";"0";"0";"153,14";"427,41";"427,41";"157,9";"0";"4796043496";"05.10.2026 10:10:10";"";"";"";"102";"0,97";"0"
"MG6000";"Могилев МОЦИС";"387923";"3230259";"13";"Капремонт";"";"157";"УКП (капремонт)";"МГ КУП ""УКП"" (капремонт)";"3";"";"01.12.2003";"01.01.2100";"0,2825";"79,3";"22,4";"22,4";"0";"0";"0";"0";"44,8";"0,47";"0,4";"44,8";"0";"4791591457";"02.10.2026 2:59:10";"";"";"";"0";"22,4";"0,07"
"MG6000";"Могилев МОЦИС";"660111";"11832450";"13";"Капремонт";"";"157";"УКП (капремонт)";"МГ КУП ""УКП"" (капремонт)";"3";"";"01.01.2024";"01.01.2100";"0,2825";"59,3";"16,75";"16,75";"0";"41,7";"0";"0";"477,26";"609,17";"650,87";"494,01";"0";"4787255473";"30.09.2026 9:15:23";"";"";"";"27";"0";"0"
"MG6000";"Могилев МОЦИС";"722252";"12073416";"13";"Капремонт";"";"157";"УКП (капремонт)";"МГ КУП ""УКП"" (капремонт)";"3";"";"01.08.2024";"01.01.2100";"0,2825";"67";"18,93";"18,93";"0";"0";"0";"0";"56,79";"2,72";"2,72";"75,72";"0";"4795770001";"03.10.2026 20:19:34";"";"";"";"0";"0";"0"
"MG6000";"Могилев МОЦИС";"726475";"12071586";"13";"Капремонт";"";"157";"УКП (капремонт)";"МГ КУП ""УКП"" (капремонт)";"3";"";"01.08.2024";"01.01.2100";"0,2825";"42,9";"12,12";"12,12";"0";"0";"0";"0";"24,24";"0,99";"0,44";"22,99";"0";"4795825617";"03.10.2026 20:41:18";"";"";"";"0";"13,37";"0,55"
"MG6000";"Могилев МОЦИС";"660160";"11832440";"13";"Капремонт";"";"157";"УКП (капремонт)";"МГ КУП ""УКП"" (капремонт)";"3";"";"01.01.2024";"01.01.2100";"0,2825";"59,5";"16,81";"16,81";"0";"0";"0";"0";"33,62";"1,28";"0,36";"33,62";"0";"4787255464";"30.09.2026 9:15:23";"";"";"";"0";"16,81";"0,92"
"MG6000";"Могилев МОЦИС";"717654";"12072014";"13";"Капремонт";"";"157";"УКП (капремонт)";"МГ КУП ""УКП"" (капремонт)";"3";"";"01.08.2024";"01.01.2100";"0,2825";"52,9";"14,94";"14,94";"0";"0";"0";"0";"117,5";"141,85";"141,85";"132,34";"0";"4795832746";"03.10.2026 20:45:50";"";"";"";"23";"0,1";"0"
"MG6000";"Могилев МОЦИС";"643569";"11832858";"13";"Капремонт";"";"157";"УКП (капремонт)";"МГ КУП ""УКП"" (капремонт)";"3";"";"01.01.2024";"01.01.2100";"0,2825";"59,2";"16,72";"16,72";"0";"0";"0";"0";"33,44";"1,85";"0,3";"33,44";"0";"4787383709";"30.09.2026 9:33:28";"";"";"";"0";"16,72";"1,55"
"MG6000";"Могилев МОЦИС";"720735";"12120716";"13";"Капремонт";"";"157";"УКП (капремонт)";"МГ КУП ""УКП"" (капремонт)";"3";"";"01.08.2024";"01.01.2100";"0,2825";"54,5";"15,4";"15,4";"0";"1,01";"0";"0";"31,17";"15,41";"16,42";"37,27";"0";"4783485446";"28.09.2026 21:07:20";"";"";"";"0";"9,3";"0"
"MG6000";"Могилев МОЦИС";"679160";"10574846";"3";"Холодная вода";"";"6000548";"Могилевоблводоканал";"Ф-л «Могилевводоканал» УПКП ВКХ «Могилевоблводоканал» [0002]";"4";"";"01.08.2021";"01.01.2100";"2,2927";"0,3";"0,69";"0,69";"0";"0";"0";"0";"0,64";"0,01";"0,01";"1,33";"0";"4787168526";"30.09.2026 8:56:01";"";"";"";"0";"0";"0"
"MG6000";"Могилев МОЦИС";"574575";"10092222";"3";"Холодная вода";"";"6000548";"Могилевоблводоканал";"Ф-л «Могилевводоканал» УПКП ВКХ «Могилевоблводоканал» [0002]";"4";"";"01.02.2020";"01.01.2100";"2,2927";"0";"0";"0";"0";"17,43";"-205,3";"0";"205,3";"114,11";"0";"0";"0";"4782896213";"28.09.2026 19:27:02";"";"";"";"10";"0";"0"
"MG6000";"Могилев МОЦИС";"643569";"10020903";"3";"Холодная вода";"";"6000548";"Могилевоблводоканал";"Ф-л «Могилевводоканал» УПКП ВКХ «Могилевоблводоканал» [0002]";"4";"";"01.02.2020";"01.01.2100";"2,2927";"8,3";"19,03";"19,03";"0";"0";"0";"0";"38,03";"1,9";"0,31";"39,66";"0";"4787382439";"30.09.2026 9:33:28";"";"";"";"0";"17,4";"1,59"
"MG6000";"Могилев МОЦИС";"722263";"12075488";"3";"Холодная вода";"";"6000548";"Могилевоблводоканал";"Ф-л «Могилевводоканал» УПКП ВКХ «Могилевоблводоканал» [0002]";"4";"";"01.08.2024";"01.01.2100";"2,2927";"0";"0";"0";"0";"0";"12,13";"0";"50,52";"5,31";"5,31";"62,65";"0";"4795770178";"03.10.2026 20:19:34";"";"";"";"0";"0";"0"
"MG6000";"Могилев МОЦИС";"720759";"12105654";"3";"Холодная вода";"";"6000548";"Могилевоблводоканал";"Ф-л «Могилевводоканал» УПКП ВКХ «Могилевоблводоканал» [0002]";"4";"";"01.08.2024";"01.01.2100";"2,2927";"1,49";"3,42";"3,42";"0";"0,36";"0";"0";"6,84";"0,14";"0,5";"10,26";"0";"4783485079";"28.09.2026 21:07:20";"";"";"";"0";"0";"0"
"MG6000";"Могилев МОЦИС";"726475";"12029038";"3";"Холодная вода";"";"6000548";"Могилевоблводоканал";"Ф-л «Могилевводоканал» УПКП ВКХ «Могилевоблводоканал» [0002]";"4";"";"01.08.2024";"01.01.2100";"2,2927";"4,25";"9,74";"9,74";"0";"0";"0";"0";"19,48";"0,54";"0,36";"18,48";"0";"4795824049";"03.10.2026 20:41:18";"";"";"";"0";"10,74";"0,18"
"MG6000";"Могилев МОЦИС";"557345";"9999326";"3";"Холодная вода";"";"6000548";"Могилевоблводоканал";"Ф-л «Могилевводоканал» УПКП ВКХ «Могилевоблводоканал» [0002]";"4";"";"01.02.2020";"01.01.2100";"2,2927";"10";"22,93";"22,93";"0";"0";"0";"0";"20,63";"0,14";"0,14";"43,56";"0";"4790954563";"01.10.2026 19:46:49";"";"";"";"0";"0";"0"
"MG6000";"Могилев МОЦИС";"574107";"10091665";"3";"Холодная вода";"";"6000548";"Могилевоблводоканал";"Ф-л «Могилевводоканал» УПКП ВКХ «Могилевоблводоканал» [0002]";"4";"";"01.02.2020";"01.01.2100";"2,2927";"0,8";"1,83";"1,83";"0";"1,87";"0";"0";"22,87";"48,3";"50,17";"22,87";"0";"4782895757";"28.09.2026 19:27:02";"";"";"";"7";"1,83";"0"
"MG6000";"Могилев МОЦИС";"702594";"13259680";"3";"Холодная вода";"";"6000548";"Могилевоблводоканал";"Ф-л «Могилевводоканал» УПКП ВКХ «Могилевоблводоканал» [0002]";"4";"";"01.01.2025";"01.01.2100";"2,2927";"0";"0";"0";"0";"0";"0";"0";"0";"0";"0";"0";"0";"4794852809";"03.10.2026 16:57:37";"";"";"";"0";"0";"0"
"MG6000";"Могилев МОЦИС";"660160";"10019417";"3";"Холодная вода";"";"6000548";"Могилевоблводоканал";"Ф-л «Могилевводоканал» УПКП ВКХ «Могилевоблводоканал» [0002]";"4";"";"01.02.2020";"01.01.2100";"2,2927";"3";"6,88";"6,88";"0";"0";"0";"0";"13,76";"0,19";"0,13";"13,76";"0";"4787253863";"30.09.2026 9:15:23";"";"";"";"0";"6,88";"0,06"
"MG6000";"Могилев МОЦИС";"722252";"12075466";"3";"Холодная вода";"";"6000548";"Могилевоблводоканал";"Ф-л «Могилевводоканал» УПКП ВКХ «Могилевоблводоканал» [0002]";"4";"";"01.08.2024";"01.01.2100";"2,2927";"23,34";"53,51";"53,51";"0";"0";"0";"0";"168,49";"8,47";"8,47";"222";"0";"4795770158";"03.10.2026 20:19:34";"";"";"";"0";"0";"0"
"MG6000";"Могилев МОЦИС";"660111";"10021441";"3";"Холодная вода";"";"6000548";"Могилевоблводоканал";"Ф-л «Могилевводоканал» УПКП ВКХ «Могилевоблводоканал» [0002]";"4";"";"01.02.2020";"01.01.2100";"2,2927";"0";"0";"0";"0";"0";"0";"0";"0";"0";"0";"0";"0";"4787253930";"30.09.2026 9:15:23";"";"";"";"0";"0";"0"
"MG6000";"Могилев МОЦИС";"726397";"12028882";"3";"Холодная вода";"";"6000548";"Могилевоблводоканал";"Ф-л «Могилевводоканал» УПКП ВКХ «Могилевоблводоканал» [0002]";"4";"";"01.08.2024";"01.01.2100";"2,2927";"10";"22,93";"22,93";"0";"0";"0";"0";"22,93";"0";"0";"45,86";"0";"4795823898";"03.10.2026 20:41:18";"";"";"";"0";"0";"0"
"MG6000";"Могилев МОЦИС";"736982";"13529456";"3";"Холодная вода";"";"6000548";"Могилевоблводоканал";"Ф-л «Могилевводоканал» УПКП ВКХ «Могилевоблводоканал» [0002]";"4";"";"02.05.2025";"01.01.2100";"2,2927";"0";"0";"0";"0";"0";"-244,24";"0";"2,29";"0";"0";"-241,95";"0";"4783486902";"28.09.2026 21:07:20";"";"";"";"0";"0";"0"
"MG6000";"Могилев МОЦИС";"442192";"7485032";"3";"Холодная вода";"";"6000548";"Могилевоблводоканал";"Ф-л «Могилевводоканал» УПКП ВКХ «Могилевоблводоканал» [0002]";"4";"";"04.01.2020";"01.01.2100";"2,2927";"0";"0";"0";"0";"0";"0";"0";"0";"0";"0";"0";"0";"4796044955";"05.10.2026 10:10:10";"";"";"";"0";"0";"0"
"MG6000";"Могилев МОЦИС";"720735";"12105606";"3";"Холодная вода";"";"6000548";"Могилевоблводоканал";"Ф-л «Могилевводоканал» УПКП ВКХ «Могилевоблводоканал» [0002]";"4";"";"01.08.2024";"01.01.2100";"2,2927";"0";"0";"0";"0";"0,31";"0";"0";"9,55";"7,75";"8,06";"6,59";"0";"4783485035";"28.09.2026 21:07:20";"";"";"";"0";"2,96";"0"
"MG6000";"Могилев МОЦИС";"663947";"12771573";"3";"Холодная вода";"";"6000548";"Могилевоблводоканал";"Ф-л «Могилевводоканал» УПКП ВКХ «Могилевоблводоканал» [0002]";"4";"";"01.01.2025";"01.01.2100";"2,2927";"0";"0";"0";"0";"0";"0";"0";"0";"0";"0";"0";"0";"4794954055";"03.10.2026 17:52:57";"";"";"";"0";"0";"0"
"MG6000";"Могилев МОЦИС";"717654";"12049978";"3";"Холодная вода";"";"6000548";"Могилевоблводоканал";"Ф-л «Могилевводоканал» УПКП ВКХ «Могилевоблводоканал» [0002]";"4";"";"01.08.2024";"01.01.2100";"2,2927";"5,5";"12,61";"12,61";"0";"0";"0";"0";"97,14";"107,19";"107,19";"109,67";"0";"4795831832";"03.10.2026 20:45:50";"";"";"";"23";"0,08";"0"
"MG6000";"Могилев МОЦИС";"663970";"12771581";"3";"Холодная вода";"";"6000548";"Могилевоблводоканал";"Ф-л «Могилевводоканал» УПКП ВКХ «Могилевоблводоканал» [0002]";"4";"";"01.01.2025";"01.01.2100";"2,2927";"0,03";"0,07";"0,07";"0";"0";"0";"0";"0,1";"0,01";"0";"0,14";"0";"4794954063";"03.10.2026 17:52:57";"";"";"";"0";"0,03";"0,01"
"MG6000";"Могилев МОЦИС";"387923";"7488877";"3";"Холодная вода";"";"6000548";"Могилевоблводоканал";"Ф-л «Могилевводоканал» УПКП ВКХ «Могилевоблводоканал» [0002]";"4";"";"04.01.2020";"01.01.2100";"2,2927";"4,77";"10,94";"10,94";"0";"0";"0";"0";"21,88";"0,23";"0,2";"21,88";"0";"4791621215";"02.10.2026 2:59:10";"";"";"";"0";"10,94";"0,03"
"MG6000";"Могилев МОЦИС";"660111";"10026031";"24";"Холодная вода по ЭОЗ";"";"6000548";"Могилевоблводоканал";"Ф-л «Могилевводоканал» УПКП ВКХ «Могилевоблводоканал» [0002]";"4";"";"01.02.2020";"01.01.2100";"2,5208";"8,1";"20,42";"20,42";"0";"73,34";"0";"0";"832,68";"2182,43";"2255,77";"853,1";"0";"4787254087";"30.09.2026 9:15:23";"";"";"";"63";"0";"0"
"MG6000";"Могилев МОЦИС";"574107";"10098208";"24";"Холодная вода по ЭОЗ";"";"6000548";"Могилевоблводоканал";"Ф-л «Могилевводоканал» УПКП ВКХ «Могилевоблводоканал» [0002]";"4";"";"01.02.2020";"01.01.2100";"2,5208";"0";"0";"0";"0";"0";"0";"0";"0";"0";"0";"0";"0";"4782900784";"28.09.2026 19:27:02";"";"";"";"0";"0";"0"
"MG6000";"Могилев МОЦИС";"557345";"10009443";"24";"Холодная вода по ЭОЗ";"";"6000548";"Могилевоблводоканал";"Ф-л «Могилевводоканал» УПКП ВКХ «Могилевоблводоканал» [0002]";"4";"";"01.02.2020";"01.01.2100";"2,5208";"0";"0";"0";"0";"0";"0";"0";"0";"0";"0";"0";"0";"4790954663";"01.10.2026 19:46:49";"";"";"";"0";"0";"0"
"MG6000";"Могилев МОЦИС";"726475";"12029039";"24";"Холодная вода по ЭОЗ";"";"6000548";"Могилевоблводоканал";"Ф-л «Могилевводоканал» УПКП ВКХ «Могилевоблводоканал» [0002]";"4";"";"01.08.2024";"01.01.2100";"2,5208";"0";"0";"0";"0";"0";"0";"0";"0";"0";"0";"0";"0";"4795824050";"03.10.2026 20:41:18";"";"";"";"0";"0";"0"
"MG6000";"Могилев МОЦИС";"643569";"10027653";"24";"Холодная вода по ЭОЗ";"";"6000548";"Могилевоблводоканал";"Ф-л «Могилевводоканал» УПКП ВКХ «Могилевоблводоканал» [0002]";"4";"";"01.02.2020";"01.01.2100";"2,5208";"0";"0";"0";"0";"0";"0";"0";"0";"0";"0";"0";"0";"4787382668";"30.09.2026 9:33:28";"";"";"";"0";"0";"0"
"MG6000";"Могилев МОЦИС";"717654";"12049979";"24";"Холодная вода по ЭОЗ";"";"6000548";"Могилевоблводоканал";"Ф-л «Могилевводоканал» УПКП ВКХ «Могилевоблводоканал» [0002]";"4";"";"01.08.2024";"01.01.2100";"2,5208";"0";"0";"0";"0";"0";"0";"0";"0";"0";"0";"0";"0";"4795831833";"03.10.2026 20:45:50";"";"";"";"0";"0";"0"
"MG6000";"Могилев МОЦИС";"720759";"12105655";"24";"Холодная вода по ЭОЗ";"";"6000548";"Могилевоблводоканал";"Ф-л «Могилевводоканал» УПКП ВКХ «Могилевоблводоканал» [0002]";"4";"";"01.08.2024";"01.01.2100";"2,5208";"0";"0";"0";"0";"0";"0";"0";"0";"0";"0";"0";"0";"4783485080";"28.09.2026 21:07:20";"";"";"";"0";"0";"0"
"MG6000";"Могилев МОЦИС";"663970";"12771582";"24";"Холодная вода по ЭОЗ";"";"6000548";"Могилевоблводоканал";"Ф-л «Могилевводоканал» УПКП ВКХ «Могилевоблводоканал» [0002]";"4";"";"01.01.2025";"01.01.2100";"2,5208";"0";"0";"0";"0";"0";"0";"0";"0";"0";"0";"0";"0";"4794954064";"03.10.2026 17:52:57";"";"";"";"0";"0";"0"
"MG6000";"Могилев МОЦИС";"574575";"10098675";"24";"Холодная вода по ЭОЗ";"";"6000548";"Могилевоблводоканал";"Ф-л «Могилевводоканал» УПКП ВКХ «Могилевоблводоканал» [0002]";"4";"";"01.02.2020";"01.01.2100";"2,5208";"0";"0";"0";"0";"5,44";"0";"0";"60,53";"82,14";"87,58";"60,53";"0";"4782901180";"28.09.2026 19:27:02";"";"";"";"6";"0";"0"
"MG6000";"Могилев МОЦИС";"663947";"12771574";"24";"Холодная вода по ЭОЗ";"";"6000548";"Могилевоблводоканал";"Ф-л «Могилевводоканал» УПКП ВКХ «Могилевоблводоканал» [0002]";"4";"";"01.01.2025";"01.01.2100";"2,5208";"0";"0";"0";"0";"0";"0";"0";"0";"0";"0";"0";"0";"4794954056";"03.10.2026 17:52:57";"";"";"";"0";"0";"0"
"MG6000";"Могилев МОЦИС";"722252";"12075467";"24";"Холодная вода по ЭОЗ";"";"6000548";"Могилевоблводоканал";"Ф-л «Могилевводоканал» УПКП ВКХ «Могилевоблводоканал» [0002]";"4";"";"01.08.2024";"01.01.2100";"2,5208";"0";"0";"0";"0";"0";"0";"0";"0";"0";"0";"0";"0";"4795770159";"03.10.2026 20:19:34";"";"";"";"0";"0";"0"
"MG6000";"Могилев МОЦИС";"722263";"12075489";"24";"Холодная вода по ЭОЗ";"";"6000548";"Могилевоблводоканал";"Ф-л «Могилевводоканал» УПКП ВКХ «Могилевоблводоканал» [0002]";"4";"";"01.08.2024";"01.01.2100";"2,5208";"0";"0";"0";"0";"0";"0";"0";"0";"0";"0";"0";"0";"4795770179";"03.10.2026 20:19:34";"";"";"";"0";"0";"0"
"MG6000";"Могилев МОЦИС";"679160";"10574966";"24";"Холодная вода по ЭОЗ";"";"6000548";"Могилевоблводоканал";"Ф-л «Могилевводоканал» УПКП ВКХ «Могилевоблводоканал» [0002]";"4";"";"01.08.2021";"01.01.2100";"2,5208";"0";"0";"0";"0";"0";"0";"0";"0";"0";"0";"0";"0";"4787168594";"30.09.2026 8:56:01";"";"";"";"0";"0";"0"
"MG6000";"Могилев МОЦИС";"726397";"12028883";"24";"Холодная вода по ЭОЗ";"";"6000548";"Могилевоблводоканал";"Ф-л «Могилевводоканал» УПКП ВКХ «Могилевоблводоканал» [0002]";"4";"";"01.08.2024";"01.01.2100";"2,5208";"0";"0";"0";"0";"0";"0";"0";"0";"0";"0";"0";"0";"4795823899";"03.10.2026 20:41:18";"";"";"";"0";"0";"0"
"MG6000";"Могилев МОЦИС";"720735";"12105607";"24";"Холодная вода по ЭОЗ";"";"6000548";"Могилевоблводоканал";"Ф-л «Могилевводоканал» УПКП ВКХ «Могилевоблводоканал» [0002]";"4";"";"01.08.2024";"01.01.2100";"2,5208";"0";"0";"0";"0";"0";"0";"0";"0";"0,69";"0,69";"0";"0";"4783485036";"28.09.2026 21:07:20";"";"";"";"0";"0";"0"
"MG6000";"Могилев МОЦИС";"736982";"13529457";"24";"Холодная вода по ЭОЗ";"";"6000548";"Могилевоблводоканал";"Ф-л «Могилевводоканал» УПКП ВКХ «Могилевоблводоканал» [0002]";"4";"";"02.05.2025";"01.01.2100";"2,5208";"0";"0";"0";"0";"0";"0";"0";"0";"0";"0";"0";"0";"4783486903";"28.09.2026 21:07:20";"";"";"";"0";"0";"0"
"MG6000";"Могилев МОЦИС";"387923";"7507858";"24";"Холодная вода по ЭОЗ";"";"6000548";"Могилевоблводоканал";"Ф-л «Могилевводоканал» УПКП ВКХ «Могилевоблводоканал» [0002]";"4";"";"04.01.2020";"01.01.2100";"2,5208";"0";"0";"0";"0";"0";"0";"0";"0";"0";"0";"0";"0";"4791634993";"02.10.2026 2:59:10";"";"";"";"0";"0";"0"
"MG6000";"Могилев МОЦИС";"702594";"13259681";"24";"Холодная вода по ЭОЗ";"";"6000548";"Могилевоблводоканал";"Ф-л «Могилевводоканал» УПКП ВКХ «Могилевоблводоканал» [0002]";"4";"";"01.01.2025";"01.01.2100";"2,5208";"19,8";"49,91";"49,91";"0";"0";"0";"0";"51,58";"0";"0";"101,49";"0";"4794852810";"03.10.2026 16:57:37";"";"";"";"0";"0";"0"
"MG6000";"Могилев МОЦИС";"442192";"7504424";"24";"Холодная вода по ЭОЗ";"";"6000548";"Могилевоблводоканал";"Ф-л «Могилевводоканал» УПКП ВКХ «Могилевоблводоканал» [0002]";"4";"";"04.01.2020";"01.01.2100";"2,5208";"0";"0";"0";"0";"0";"0";"0";"0";"0";"0";"0";"0";"4796045378";"05.10.2026 10:10:10";"";"";"";"0";"0";"0"
"MG6000";"Могилев МОЦИС";"660160";"10026264";"24";"Холодная вода по ЭОЗ";"";"6000548";"Могилевоблводоканал";"Ф-л «Могилевводоканал» УПКП ВКХ «Могилевоблводоканал» [0002]";"4";"";"01.02.2020";"01.01.2100";"2,5208";"0";"0";"0";"0";"0";"0";"0";"0";"0";"0";"0";"0";"4787254106";"30.09.2026 9:15:23";"";"";"";"0";"0";"0"
"MG6000";"Могилев МОЦИС";"442192";"7491307";"4";"Горячая вода";"";"6000548";"Могилевоблводоканал";"Ф-л «Могилевводоканал» УПКП ВКХ «Могилевоблводоканал» [0002]";"5";"";"04.01.2020";"01.01.2100";"2,2927";"0";"0";"0";"0";"0";"0";"0";"0";"0";"0";"0";"0";"4796045082";"05.10.2026 10:10:10";"";"";"";"0";"0";"0"
"MG6000";"Могилев МОЦИС";"643569";"10023309";"4";"Горячая вода";"";"6000548";"Могилевоблводоканал";"Ф-л «Могилевводоканал» УПКП ВКХ «Могилевоблводоканал» [0002]";"5";"";"01.02.2020";"01.01.2100";"2,2927";"6,39";"14,65";"14,65";"0";"0";"0";"0";"29,3";"0,91";"0,32";"26,11";"0";"4787382525";"30.09.2026 9:33:28";"";"";"";"0";"17,84";"0,59"
"MG6000";"Могилев МОЦИС";"726397";"12032652";"4";"Горячая вода";"";"6000548";"Могилевоблводоканал";"Ф-л «Могилевводоканал» УПКП ВКХ «Могилевоблводоканал» [0002]";"5";"";"01.08.2024";"01.01.2100";"2,2927";"9,88";"22,65";"22,65";"0";"0";"0";"0";"21,78";"0";"0";"44,43";"0";"4795824182";"03.10.2026 20:41:18";"";"";"";"0";"0";"0"
"MG6000";"Могилев МОЦИС";"722252";"12079187";"4";"Горячая вода";"";"6000548";"Могилевоблводоканал";"Ф-л «Могилевводоканал» УПКП ВКХ «Могилевоблводоканал» [0002]";"5";"";"01.08.2024";"01.01.2100";"2,2927";"16,94";"38,84";"38,84";"0";"0";"0";"0";"124,82";"6,39";"6,39";"163,66";"0";"4795770388";"03.10.2026 20:19:34";"";"";"";"0";"0";"0"
"MG6000";"Могилев МОЦИС";"557345";"10002758";"4";"Горячая вода";"";"6000548";"Могилевоблводоканал";"Ф-л «Могилевводоканал» УПКП ВКХ «Могилевоблводоканал» [0002]";"5";"";"01.02.2020";"01.01.2100";"2,2927";"11";"25,22";"25,22";"0";"0";"0";"0";"13,76";"0,08";"0,08";"38,98";"0";"4790954594";"01.10.2026 19:46:49";"";"";"";"0";"0";"0"
"MG6000";"Могилев МОЦИС";"660160";"10021885";"4";"Горячая вода";"";"6000548";"Могилевоблводоканал";"Ф-л «Могилевводоканал» УПКП ВКХ «Могилевоблводоканал» [0002]";"5";"";"01.02.2020";"01.01.2100";"2,2927";"2";"4,59";"4,59";"0";"0";"0";"0";"9,18";"0,1";"0,08";"9,18";"0";"4787253949";"30.09.2026 9:15:23";"";"";"";"0";"4,59";"0,02"
"MG6000";"Могилев МОЦИС";"736982";"13529458";"4";"Горячая вода";"";"6000548";"Могилевоблводоканал";"Ф-л «Могилевводоканал» УПКП ВКХ «Могилевоблводоканал» [0002]";"5";"";"02.05.2025";"01.01.2100";"2,2927";"4";"9,17";"9,17";"0";"0";"0";"0";"32,56";"0";"0";"41,73";"0";"4783486904";"28.09.2026 21:07:20";"";"";"";"0";"0";"0"
"MG6000";"Могилев МОЦИС";"720759";"12111160";"4";"Горячая вода";"";"6000548";"Могилевоблводоканал";"Ф-л «Могилевводоканал» УПКП ВКХ «Могилевоблводоканал» [0002]";"5";"";"01.08.2024";"01.01.2100";"2,2927";"0,84";"1,93";"1,93";"0";"0,2";"0";"0";"3,86";"0,08";"0,28";"5,79";"0";"4783485225";"28.09.2026 21:07:20";"";"";"";"0";"0";"0"
"MG6000";"Могилев МОЦИС";"726475";"12032808";"4";"Горячая вода";"";"6000548";"Могилевоблводоканал";"Ф-л «Могилевводоканал» УПКП ВКХ «Могилевоблводоканал» [0002]";"5";"";"01.08.2024";"01.01.2100";"2,2927";"2,25";"5,16";"5,16";"0";"0";"0";"0";"10,32";"0,27";"0,18";"9,78";"0";"4795824332";"03.10.2026 20:41:18";"";"";"";"0";"5,7";"0,09"
"MG6000";"Могилев МОЦИС";"663970";"12771821";"4";"Горячая вода";"";"6000548";"Могилевоблводоканал";"Ф-л «Могилевводоканал» УПКП ВКХ «Могилевоблводоканал» [0002]";"5";"";"01.01.2025";"01.01.2100";"2,2927";"0,03";"0,07";"0,07";"0";"0";"0";"0";"0,09";"0,01";"0";"0,14";"0";"4794954296";"03.10.2026 17:52:57";"";"";"";"0";"0,02";"0,01"
"MG6000";"Могилев МОЦИС";"663947";"12771813";"4";"Горячая вода";"";"6000548";"Могилевоблводоканал";"Ф-л «Могилевводоканал» УПКП ВКХ «Могилевоблводоканал» [0002]";"5";"";"01.01.2025";"01.01.2100";"2,2927";"0";"0";"0";"0";"0";"0";"0";"0";"0";"0";"0";"0";"4794954288";"03.10.2026 17:52:57";"";"";"";"0";"0";"0"
"MG6000";"Могилев МОЦИС";"722263";"12079209";"4";"Горячая вода";"";"6000548";"Могилевоблводоканал";"Ф-л «Могилевводоканал» УПКП ВКХ «Могилевоблводоканал» [0002]";"5";"";"01.08.2024";"01.01.2100";"2,2927";"0";"0";"0";"0";"0";"-94,77";"0";"48,6";"4,71";"4,71";"-46,17";"0";"4795770407";"03.10.2026 20:19:34";"";"";"";"0";"0";"0"
"MG6000";"Могилев МОЦИС";"720735";"12111112";"4";"Горячая вода";"";"6000548";"Могилевоблводоканал";"Ф-л «Могилевводоканал» УПКП ВКХ «Могилевоблводоканал» [0002]";"5";"";"01.08.2024";"01.01.2100";"2,2927";"0";"0";"0";"0";"0,31";"0";"0";"9,55";"6,86";"7,17";"6,59";"0";"4783485181";"28.09.2026 21:07:20";"";"";"";"0";"2,96";"0"
"MG6000";"Могилев МОЦИС";"717654";"12051209";"4";"Горячая вода";"";"6000548";"Могилевоблводоканал";"Ф-л «Могилевводоканал» УПКП ВКХ «Могилевоблводоканал» [0002]";"5";"";"01.08.2024";"01.01.2100";"2,2927";"5";"11,46";"11,46";"0";"0";"0";"0";"87,71";"96,14";"96,14";"99,1";"0";"4795832027";"03.10.2026 20:45:50";"";"";"";"23";"0,07";"0"
"MG6000";"Могилев МОЦИС";"387923";"7495806";"4";"Горячая вода";"";"6000548";"Могилевоблводоканал";"Ф-л «Могилевводоканал» УПКП ВКХ «Могилевоблводоканал» [0002]";"5";"";"04.01.2020";"01.01.2100";"2,2927";"5,6";"12,84";"12,84";"0";"0";"0";"0";"25,68";"0,27";"0,23";"25,68";"0";"4791626264";"02.10.2026 2:59:10";"";"";"";"0";"12,84";"0,04"
"MG6000";"Могилев МОЦИС";"660111";"10023611";"4";"Горячая вода";"";"6000548";"Могилевоблводоканал";"Ф-л «Могилевводоканал» УПКП ВКХ «Могилевоблводоканал» [0002]";"5";"";"01.02.2020";"01.01.2100";"2,2927";"0";"0";"0";"0";"0";"0";"0";"0";"0";"0";"0";"0";"4787254008";"30.09.2026 9:15:23";"";"";"";"0";"0";"0"
"MG6000";"Могилев МОЦИС";"660160";"10028101";"25";"Горячая вода по ЭОЗ";"";"6000548";"Могилевоблводоканал";"Ф-л «Могилевводоканал» УПКП ВКХ «Могилевоблводоканал» [0002]";"5";"";"01.02.2020";"01.01.2100";"2,5208";"0";"0";"0";"0";"0";"0";"0";"0";"0";"0";"0";"0";"4787254173";"30.09.2026 9:15:23";"";"";"";"0";"0";"0"
"MG6000";"Могилев МОЦИС";"720759";"12111161";"25";"Горячая вода по ЭОЗ";"";"6000548";"Могилевоблводоканал";"Ф-л «Могилевводоканал» УПКП ВКХ «Могилевоблводоканал» [0002]";"5";"";"01.08.2024";"01.01.2100";"2,5208";"0";"0";"0";"0";"0";"0";"0";"0";"0";"0";"0";"0";"4783485226";"28.09.2026 21:07:20";"";"";"";"0";"0";"0"
"MG6000";"Могилев МОЦИС";"722263";"12079210";"25";"Горячая вода по ЭОЗ";"";"6000548";"Могилевоблводоканал";"Ф-л «Могилевводоканал» УПКП ВКХ «Могилевоблводоканал» [0002]";"5";"";"01.08.2024";"01.01.2100";"2,5208";"0";"0";"0";"0";"0";"0";"0";"0";"0";"0";"0";"0";"4795770408";"03.10.2026 20:19:34";"";"";"";"0";"0";"0"
"MG6000";"Могилев МОЦИС";"663970";"12771822";"25";"Горячая вода по ЭОЗ";"";"6000548";"Могилевоблводоканал";"Ф-л «Могилевводоканал» УПКП ВКХ «Могилевоблводоканал» [0002]";"5";"";"01.01.2025";"01.01.2100";"2,5208";"0";"0";"0";"0";"0";"0";"0";"0";"0";"0";"0";"0";"4794954297";"03.10.2026 17:52:57";"";"";"";"0";"0";"0"
"MG6000";"Могилев МОЦИС";"643569";"10029818";"25";"Горячая вода по ЭОЗ";"";"6000548";"Могилевоблводоканал";"Ф-л «Могилевводоканал» УПКП ВКХ «Могилевоблводоканал» [0002]";"5";"";"01.02.2020";"01.01.2100";"2,5208";"0";"0";"0";"0";"0";"0";"0";"0";"0";"0";"0";"0";"4787382737";"30.09.2026 9:33:28";"";"";"";"0";"0";"0"
"MG6000";"Могилев МОЦИС";"663947";"12771814";"25";"Горячая вода по ЭОЗ";"";"6000548";"Могилевоблводоканал";"Ф-л «Могилевводоканал» УПКП ВКХ «Могилевоблводоканал» [0002]";"5";"";"01.01.2025";"01.01.2100";"2,5208";"0";"0";"0";"0";"0";"0";"0";"0";"0";"0";"0";"0";"4794954289";"03.10.2026 17:52:57";"";"";"";"0";"0";"0"
"MG6000";"Могилев МОЦИС";"717654";"12051210";"25";"Горячая вода по ЭОЗ";"";"6000548";"Могилевоблводоканал";"Ф-л «Могилевводоканал» УПКП ВКХ «Могилевоблводоканал» [0002]";"5";"";"01.08.2024";"01.01.2100";"2,5208";"0";"0";"0";"0";"0";"0";"0";"0";"0";"0";"0";"0";"4795832028";"03.10.2026 20:45:50";"";"";"";"0";"0";"0"
"MG6000";"Могилев МОЦИС";"722252";"12079188";"25";"Горячая вода по ЭОЗ";"";"6000548";"Могилевоблводоканал";"Ф-л «Могилевводоканал» УПКП ВКХ «Могилевоблводоканал» [0002]";"5";"";"01.08.2024";"01.01.2100";"2,5208";"0";"0";"0";"0";"0";"0";"0";"0";"0";"0";"0";"0";"4795770389";"03.10.2026 20:19:34";"";"";"";"0";"0";"0"
"MG6000";"Могилев МОЦИС";"736982";"13529459";"25";"Горячая вода по ЭОЗ";"";"6000548";"Могилевоблводоканал";"Ф-л «Могилевводоканал» УПКП ВКХ «Могилевоблводоканал» [0002]";"5";"";"02.05.2025";"01.01.2100";"2,5208";"0";"0";"0";"0";"0";"0";"0";"0";"0";"0";"0";"0";"4783486905";"28.09.2026 21:07:20";"";"";"";"0";"0";"0"
"MG6000";"Могилев МОЦИС";"726397";"12032653";"25";"Горячая вода по ЭОЗ";"";"6000548";"Могилевоблводоканал";"Ф-л «Могилевводоканал» УПКП ВКХ «Могилевоблводоканал» [0002]";"5";"";"01.08.2024";"01.01.2100";"2,5208";"0";"0";"0";"0";"0";"0";"0";"0";"0";"0";"0";"0";"4795824183";"03.10.2026 20:41:18";"";"";"";"0";"0";"0"
"MG6000";"Могилев МОЦИС";"726475";"12032809";"25";"Горячая вода по ЭОЗ";"";"6000548";"Могилевоблводоканал";"Ф-л «Могилевводоканал» УПКП ВКХ «Могилевоблводоканал» [0002]";"5";"";"01.08.2024";"01.01.2100";"2,5208";"0";"0";"0";"0";"0";"0";"0";"0";"0";"0";"0";"0";"4795824333";"03.10.2026 20:41:18";"";"";"";"0";"0";"0"
"MG6000";"Могилев МОЦИС";"557345";"10012722";"25";"Горячая вода по ЭОЗ";"";"6000548";"Могилевоблводоканал";"Ф-л «Могилевводоканал» УПКП ВКХ «Могилевоблводоканал» [0002]";"5";"";"01.02.2020";"01.01.2100";"2,5208";"0";"0";"0";"0";"0";"0";"0";"0";"0";"0";"0";"0";"4790954681";"01.10.2026 19:46:49";"";"";"";"0";"0";"0"
"MG6000";"Могилев МОЦИС";"387923";"7514090";"25";"Горячая вода по ЭОЗ";"";"6000548";"Могилевоблводоканал";"Ф-л «Могилевводоканал» УПКП ВКХ «Могилевоблводоканал» [0002]";"5";"";"04.01.2020";"01.01.2100";"2,5208";"0";"0";"0";"0";"0";"0";"0";"0";"0";"0";"0";"0";"4791639220";"02.10.2026 2:59:10";"";"";"";"0";"0";"0"
"MG6000";"Могилев МОЦИС";"442192";"7509363";"25";"Горячая вода по ЭОЗ";"";"6000548";"Могилевоблводоканал";"Ф-л «Могилевводоканал» УПКП ВКХ «Могилевоблводоканал» [0002]";"5";"";"04.01.2020";"01.01.2100";"2,5208";"0";"0";"0";"0";"0";"0";"0";"0";"0";"0";"0";"0";"4796045484";"05.10.2026 10:10:10";"";"";"";"0";"0";"0"
"MG6000";"Могилев МОЦИС";"720735";"12111113";"25";"Горячая вода по ЭОЗ";"";"6000548";"Могилевоблводоканал";"Ф-л «Могилевводоканал» УПКП ВКХ «Могилевоблводоканал» [0002]";"5";"";"01.08.2024";"01.01.2100";"2,5208";"0";"0";"0";"0";"0";"0";"0";"0";"0,69";"0,69";"0";"0";"4783485182";"28.09.2026 21:07:20";"";"";"";"0";"0";"0"
"MG6000";"Могилев МОЦИС";"660111";"10028630";"25";"Горячая вода по ЭОЗ";"";"6000548";"Могилевоблводоканал";"Ф-л «Могилевводоканал» УПКП ВКХ «Могилевоблводоканал» [0002]";"5";"";"01.02.2020";"01.01.2100";"2,5208";"8,1";"20,42";"20,42";"0";"70,04";"0";"0";"796,02";"2086,56";"2156,6";"816,44";"0";"4787254182";"30.09.2026 9:15:23";"";"";"";"63";"0";"0"
"MG6000";"Могилев МОЦИС";"726475";"12036577";"5";"Водоотведение";"";"6000548";"Могилевоблводоканал";"Ф-л «Могилевводоканал» УПКП ВКХ «Могилевоблводоканал» [0002]";"6";"";"01.08.2024";"01.01.2100";"1,9701";"6,5";"12,81";"12,81";"0";"0";"0";"0";"25,62";"0,69";"0,46";"24,3";"0";"4795824616";"03.10.2026 20:41:18";"";"";"";"0";"14,13";"0,23"
"MG6000";"Могилев МОЦИС";"643569";"10025470";"5";"Водоотведение";"";"6000548";"Могилевоблводоканал";"Ф-л «Могилевводоканал» УПКП ВКХ «Могилевоблводоканал» [0002]";"6";"";"01.02.2020";"01.01.2100";"1,9701";"14,69";"28,94";"28,94";"0";"0";"0";"0";"57,86";"2,42";"0,55";"56,52";"0";"4787382592";"30.09.2026 9:33:28";"";"";"";"0";"30,28";"1,87"
"MG6000";"Могилев МОЦИС";"442192";"7497426";"5";"Водоотведение";"";"6000548";"Могилевоблводоканал";"Ф-л «Могилевводоканал» УПКП ВКХ «Могилевоблводоканал» [0002]";"6";"";"04.01.2020";"01.01.2100";"1,9701";"0";"0";"0";"0";"0";"0";"0";"0";"0";"0";"0";"0";"4796045228";"05.10.2026 10:10:10";"";"";"";"0";"0";"0"
"MG6000";"Могилев МОЦИС";"736982";"13529460";"5";"Водоотведение";"";"6000548";"Могилевоблводоканал";"Ф-л «Могилевводоканал» УПКП ВКХ «Могилевоблводоканал» [0002]";"6";"";"02.05.2025";"01.01.2100";"1,9701";"4";"7,88";"7,88";"0";"0";"-209,87";"0";"29,95";"0";"0";"-172,04";"0";"4783486906";"28.09.2026 21:07:20";"";"";"";"0";"0";"0"
"MG6000";"Могилев МОЦИС";"717654";"12052442";"5";"Водоотведение";"";"6000548";"Могилевоблводоканал";"Ф-л «Могилевводоканал» УПКП ВКХ «Могилевоблводоканал» [0002]";"6";"";"01.08.2024";"01.01.2100";"1,9701";"10,5";"20,69";"20,69";"0";"0";"0";"0";"162,48";"176,81";"176,81";"183,17";"0";"4795832224";"03.10.2026 20:45:50";"";"";"";"23";"0";"0"
"MG6000";"Могилев МОЦИС";"720735";"12116618";"5";"Водоотведение";"";"6000548";"Могилевоблводоканал";"Ф-л «Могилевводоканал» УПКП ВКХ «Могилевоблводоканал» [0002]";"6";"";"01.08.2024";"01.01.2100";"1,9701";"0";"0";"0";"0";"0,55";"0";"0";"16,39";"12,64";"13,19";"11,32";"0";"4783485327";"28.09.2026 21:07:20";"";"";"";"0";"5,07";"0"
"MG6000";"Могилев МОЦИС";"660160";"10023754";"5";"Водоотведение";"";"6000548";"Могилевоблводоканал";"Ф-л «Могилевводоканал» УПКП ВКХ «Могилевоблводоканал» [0002]";"6";"";"01.02.2020";"01.01.2100";"1,9701";"5";"9,85";"9,85";"0";"0";"0";"0";"19,7";"0,31";"0,2";"19,7";"0";"4787254018";"30.09.2026 9:15:23";"";"";"";"0";"9,85";"0,11"
"MG6000";"Могилев МОЦИС";"722252";"12082947";"5";"Водоотведение";"";"6000548";"Могилевоблводоканал";"Ф-л «Могилевводоканал» УПКП ВКХ «Могилевоблводоканал» [0002]";"6";"";"01.08.2024";"01.01.2100";"1,9701";"40,28";"79,36";"79,36";"0";"0";"0";"0";"252,04";"12,77";"12,77";"331,4";"0";"4795770617";"03.10.2026 20:19:34";"";"";"";"0";"0";"0"
"MG6000";"Могилев МОЦИС";"679160";"10574926";"5";"Водоотведение";"";"6000548";"Могилевоблводоканал";"Ф-л «Могилевводоканал» УПКП ВКХ «Могилевоблводоканал» [0002]";"6";"";"01.08.2021";"01.01.2100";"1,9701";"0,3";"0,59";"0,59";"0";"0";"0";"0";"0,55";"0,01";"0,01";"1,14";"0";"4787168560";"30.09.2026 8:56:01";"";"";"";"0";"0";"0"
"MG6000";"Могилев МОЦИС";"387923";"7502067";"5";"Водоотведение";"";"6000548";"Могилевоблводоканал";"Ф-л «Могилевводоканал» УПКП ВКХ «Могилевоблводоканал» [0002]";"6";"";"04.01.2020";"01.01.2100";"1,9701";"10,37";"20,43";"20,43";"0";"0";"0";"0";"40,86";"0,43";"0,37";"40,86";"0";"4791630601";"02.10.2026 2:59:10";"";"";"";"0";"20,43";"0,06"
"MG6000";"Могилев МОЦИС";"720759";"12116666";"5";"Водоотведение";"";"6000548";"Могилевоблводоканал";"Ф-л «Могилевводоканал» УПКП ВКХ «Могилевоблводоканал» [0002]";"6";"";"01.08.2024";"01.01.2100";"1,9701";"2,33";"4,59";"4,59";"0";"0,48";"0";"0";"9,18";"0,2";"0,68";"13,77";"0";"4783485371";"28.09.2026 21:07:20";"";"";"";"0";"0";"0"
"MG6000";"Могилев МОЦИС";"663947";"12772247";"5";"Водоотведение";"";"6000548";"Могилевоблводоканал";"Ф-л «Могилевводоканал» УПКП ВКХ «Могилевоблводоканал» [0002]";"6";"";"01.01.2025";"01.01.2100";"1,9701";"0";"0";"0";"0";"0";"0";"0";"0";"0";"0";"0";"0";"4794954522";"03.10.2026 17:52:57";"";"";"";"0";"0";"0"
"MG6000";"Могилев МОЦИС";"726397";"12036421";"5";"Водоотведение";"";"6000548";"Могилевоблводоканал";"Ф-л «Могилевводоканал» УПКП ВКХ «Могилевоблводоканал» [0002]";"6";"";"01.08.2024";"01.01.2100";"1,9701";"19,88";"39,17";"39,17";"0";"0";"0";"0";"38,42";"0";"0";"77,59";"0";"4795824465";"03.10.2026 20:41:18";"";"";"";"0";"0";"0"
"MG6000";"Могилев МОЦИС";"722263";"12082969";"5";"Водоотведение";"";"6000548";"Могилевоблводоканал";"Ф-л «Могилевводоканал» УПКП ВКХ «Могилевоблводоканал» [0002]";"6";"";"01.08.2024";"01.01.2100";"1,9701";"0";"0";"0";"0";"0";"-71,2";"0";"85,2";"8,6";"8,6";"14";"0";"4795770637";"03.10.2026 20:19:34";"";"";"";"0";"0";"0"
"MG6000";"Могилев МОЦИС";"660111";"10025781";"5";"Водоотведение";"";"6000548";"Могилевоблводоканал";"Ф-л «Могилевводоканал» УПКП ВКХ «Могилевоблводоканал» [0002]";"6";"";"01.02.2020";"01.01.2100";"1,9701";"0";"0";"0";"0";"0";"0";"0";"0";"0";"0";"0";"0";"4787254086";"30.09.2026 9:15:23";"";"";"";"0";"0";"0"
"MG6000";"Могилев МОЦИС";"557345";"10006615";"5";"Водоотведение";"";"6000548";"Могилевоблводоканал";"Ф-л «Могилевводоканал» УПКП ВКХ «Могилевоблводоканал» [0002]";"6";"";"01.02.2020";"01.01.2100";"1,9701";"21";"41,37";"41,37";"0";"0";"0";"0";"29,55";"0,2";"0,2";"70,92";"0";"4790954627";"01.10.2026 19:46:49";"";"";"";"0";"0";"0"
"MG6000";"Могилев МОЦИС";"663970";"12772255";"5";"Водоотведение";"";"6000548";"Могилевоблводоканал";"Ф-л «Могилевводоканал» УПКП ВКХ «Могилевоблводоканал» [0002]";"6";"";"01.01.2025";"01.01.2100";"1,9701";"0,06";"0,12";"0,12";"0";"0";"0";"0";"0,17";"0,01";"0";"0,24";"0";"4794954530";"03.10.2026 17:52:57";"";"";"";"0";"0,05";"0,01"
"MG6000";"Могилев МОЦИС";"726475";"12036578";"26";"Водоотведение по ЭОЗ";"";"6000548";"Могилевоблводоканал";"Ф-л «Могилевводоканал» УПКП ВКХ «Могилевоблводоканал» [0002]";"6";"";"01.08.2024";"01.01.2100";"2,0034";"0";"0";"0";"0";"0";"0";"0";"0";"0";"0";"0";"0";"4795824617";"03.10.2026 20:41:18";"";"";"";"0";"0";"0"
"MG6000";"Могилев МОЦИС";"720735";"12116619";"26";"Водоотведение по ЭОЗ";"";"6000548";"Могилевоблводоканал";"Ф-л «Могилевводоканал» УПКП ВКХ «Могилевоблводоканал» [0002]";"6";"";"01.08.2024";"01.01.2100";"2,0034";"0";"0";"0";"0";"0";"0";"0";"0";"1,09";"1,09";"0";"0";"4783485328";"28.09.2026 21:07:20";"";"";"";"0";"0";"0"
"MG6000";"Могилев МОЦИС";"660160";"10030315";"26";"Водоотведение по ЭОЗ";"";"6000548";"Могилевоблводоканал";"Ф-л «Могилевводоканал» УПКП ВКХ «Могилевоблводоканал» [0002]";"6";"";"01.02.2020";"01.01.2100";"2,0034";"0";"0";"0";"0";"0";"0";"0";"0";"0";"0";"0";"0";"4787254250";"30.09.2026 9:15:23";"";"";"";"0";"0";"0"
"MG6000";"Могилев МОЦИС";"442192";"7523996";"26";"Водоотведение по ЭОЗ";"";"6000548";"Могилевоблводоканал";"Ф-л «Могилевводоканал» УПКП ВКХ «Могилевоблводоканал» [0002]";"6";"";"04.01.2020";"01.01.2100";"2,0034";"0";"0";"0";"0";"0";"0";"0";"0";"0";"0";"0";"0";"4796045642";"05.10.2026 10:10:10";"";"";"";"0";"0";"0"
"MG6000";"Могилев МОЦИС";"679160";"10575046";"26";"Водоотведение по ЭОЗ";"";"6000548";"Могилевоблводоканал";"Ф-л «Могилевводоканал» УПКП ВКХ «Могилевоблводоканал» [0002]";"6";"";"01.08.2021";"01.01.2100";"2,0034";"0";"0";"0";"0";"0";"0";"0";"0";"0";"0";"0";"0";"4787168628";"30.09.2026 8:56:01";"";"";"";"0";"0";"0"
"MG6000";"Могилев МОЦИС";"387923";"7527350";"26";"Водоотведение по ЭОЗ";"";"6000548";"Могилевоблводоканал";"Ф-л «Могилевводоканал» УПКП ВКХ «Могилевоблводоканал» [0002]";"6";"";"04.01.2020";"01.01.2100";"2,0034";"0";"0";"0";"0";"0";"0";"0";"0";"0";"0";"0";"0";"4791643449";"02.10.2026 2:59:10";"";"";"";"0";"0";"0"
"MG6000";"Могилев МОЦИС";"663947";"12772248";"26";"Водоотведение по ЭОЗ";"";"6000548";"Могилевоблводоканал";"Ф-л «Могилевводоканал» УПКП ВКХ «Могилевоблводоканал» [0002]";"6";"";"01.01.2025";"01.01.2100";"2,0034";"0";"0";"0";"0";"0";"0";"0";"0";"0";"0";"0";"0";"4794954523";"03.10.2026 17:52:57";"";"";"";"0";"0";"0"
"MG6000";"Могилев МОЦИС";"720759";"12116667";"26";"Водоотведение по ЭОЗ";"";"6000548";"Могилевоблводоканал";"Ф-л «Могилевводоканал» УПКП ВКХ «Могилевоблводоканал» [0002]";"6";"";"01.08.2024";"01.01.2100";"2,0034";"0";"0";"0";"0";"0";"0";"0";"0";"0";"0";"0";"0";"4783485372";"28.09.2026 21:07:20";"";"";"";"0";"0";"0"
"MG6000";"Могилев МОЦИС";"557345";"10017457";"26";"Водоотведение по ЭОЗ";"";"6000548";"Могилевоблводоканал";"Ф-л «Могилевводоканал» УПКП ВКХ «Могилевоблводоканал» [0002]";"6";"";"01.02.2020";"01.01.2100";"2,0034";"0";"0";"0";"0";"0";"0";"0";"0";"0";"0";"0";"0";"4790954727";"01.10.2026 19:46:49";"";"";"";"0";"0";"0"
"MG6000";"Могилев МОЦИС";"726397";"12036422";"26";"Водоотведение по ЭОЗ";"";"6000548";"Могилевоблводоканал";"Ф-л «Могилевводоканал» УПКП ВКХ «Могилевоблводоканал» [0002]";"6";"";"01.08.2024";"01.01.2100";"2,0034";"0";"0";"0";"0";"0";"0";"0";"0";"0";"0";"0";"0";"4795824466";"03.10.2026 20:41:18";"";"";"";"0";"0";"0"
"MG6000";"Могилев МОЦИС";"660111";"10032250";"26";"Водоотведение по ЭОЗ";"";"6000548";"Могилевоблводоканал";"Ф-л «Могилевводоканал» УПКП ВКХ «Могилевоблводоканал» [0002]";"6";"";"01.02.2020";"01.01.2100";"2,0034";"16,2";"32,46";"32,46";"0";"113,05";"0";"0";"1284,4";"3352,8";"3465,85";"1316,86";"0";"4787254309";"30.09.2026 9:15:23";"";"";"";"63";"0";"0"
"MG6000";"Могилев МОЦИС";"643569";"10031735";"26";"Водоотведение по ЭОЗ";"";"6000548";"Могилевоблводоканал";"Ф-л «Могилевводоканал» УПКП ВКХ «Могилевоблводоканал» [0002]";"6";"";"01.02.2020";"01.01.2100";"2,0034";"0";"0";"0";"0";"0";"0";"0";"0";"0";"0";"0";"0";"4787382807";"30.09.2026 9:33:28";"";"";"";"0";"0";"0"
"MG6000";"Могилев МОЦИС";"663970";"12772256";"26";"Водоотведение по ЭОЗ";"";"6000548";"Могилевоблводоканал";"Ф-л «Могилевводоканал» УПКП ВКХ «Могилевоблводоканал» [0002]";"6";"";"01.01.2025";"01.01.2100";"2,0034";"0";"0";"0";"0";"0";"0";"0";"0";"0";"0";"0";"0";"4794954531";"03.10.2026 17:52:57";"";"";"";"0";"0";"0"
"MG6000";"Могилев МОЦИС";"736982";"13529462";"26";"Водоотведение по ЭОЗ";"";"6000548";"Могилевоблводоканал";"Ф-л «Могилевводоканал» УПКП ВКХ «Могилевоблводоканал» [0002]";"6";"";"02.05.2025";"01.01.2100";"2,0034";"0";"0";"0";"0";"0";"0";"0";"0";"0";"0";"0";"0";"4783486907";"28.09.2026 21:07:20";"";"";"";"0";"0";"0"
"MG6000";"Могилев МОЦИС";"717654";"12052443";"26";"Водоотведение по ЭОЗ";"";"6000548";"Могилевоблводоканал";"Ф-л «Могилевводоканал» УПКП ВКХ «Могилевоблводоканал» [0002]";"6";"";"01.08.2024";"01.01.2100";"2,0034";"0";"0";"0";"0";"0";"0";"0";"0";"0";"0";"0";"0";"4795832225";"03.10.2026 20:45:50";"";"";"";"0";"0";"0"
"MG6000";"Могилев МОЦИС";"722263";"12082970";"26";"Водоотведение по ЭОЗ";"";"6000548";"Могилевоблводоканал";"Ф-л «Могилевводоканал» УПКП ВКХ «Могилевоблводоканал» [0002]";"6";"";"01.08.2024";"01.01.2100";"2,0034";"0";"0";"0";"0";"0";"0";"0";"0";"0";"0";"0";"0";"4795770638";"03.10.2026 20:19:34";"";"";"";"0";"0";"0"
"MG6000";"Могилев МОЦИС";"722252";"12082948";"26";"Водоотведение по ЭОЗ";"";"6000548";"Могилевоблводоканал";"Ф-л «Могилевводоканал» УПКП ВКХ «Могилевоблводоканал» [0002]";"6";"";"01.08.2024";"01.01.2100";"2,0034";"0";"0";"0";"0";"0";"0";"0";"0";"0";"0";"0";"0";"4795770618";"03.10.2026 20:19:34";"";"";"";"0";"0";"0"
"MG6000";"Могилев МОЦИС";"720735";"13402263";"22";"Отопление";"";"759";"МГКУП теплоэнергетики (по уполномоченным организациям)";"МГКУП теплоэнергетики (по уполномоченным организациям)";"9";"2";"01.01.2025";"01.01.2100";"29,2224";"0";"0";"0";"0";"0";"0";"0";"0,01";"7,62";"7,62";"0";"0";"4783486407";"28.09.2026 21:07:20";"";"";"";"0";"0,01";"0"
"MG6000";"Могилев МОЦИС";"660160";"11706180";"22";"Отопление";"";"759";"МГКУП теплоэнергетики (по уполномоченным организациям)";"МГКУП теплоэнергетики (по уполномоченным организациям)";"9";"2";"01.08.2023";"01.01.2100";"29,2224";"0";"0";"0";"0";"0";"0";"0";"74,88";"1,35";"1,35";"0";"0";"4787255382";"30.09.2026 9:15:23";"";"";"";"0";"74,88";"0"
"MG6000";"Могилев МОЦИС";"722252";"13723930";"22";"Отопление";"";"759";"МГКУП теплоэнергетики (по уполномоченным организациям)";"МГКУП теплоэнергетики (по уполномоченным организациям)";"9";"2";"01.10.2025";"01.01.2100";"29,2224";"0";"0";"0";"0";"0";"0,22";"0";"0,22";"0,23";"0,23";"0,44";"0";"4795772134";"03.10.2026 20:19:34";"";"";"";"0";"0";"0"
"MG6000";"Могилев МОЦИС";"387923";"9747551";"22";"Отопление";"";"32600123";"МГКУП ""Теплоэнергетика""";"МГКУП ""Теплоэнергетика""";"9";"2";"01.02.2020";"01.01.2100";"29,2224";"0";"0";"0";"0";"0";"0";"0";"0";"0,01";"0";"0";"0";"4791645665";"02.10.2026 2:59:10";"";"";"";"0";"0";"0,01"
"MG6000";"Могилев МОЦИС";"663947";"13727088";"22";"Отопление";"";"759";"МГКУП теплоэнергетики (по уполномоченным организациям)";"МГКУП теплоэнергетики (по уполномоченным организациям)";"9";"2";"01.10.2025";"01.01.2100";"29,2224";"0";"0";"0";"0";"0";"0";"0";"0";"0";"0";"0";"0";"4794955707";"03.10.2026 17:52:57";"";"";"";"0";"0";"0"
"MG6000";"Могилев МОЦИС";"726475";"12040402";"22";"Отопление";"";"32600123";"МГКУП ""Теплоэнергетика""";"МГКУП ""Теплоэнергетика""";"9";"2";"01.08.2024";"01.01.2100";"29,2224";"0";"0";"0";"0";"0";"0";"0";"0";"0,04";"0";"0";"0";"4795824899";"03.10.2026 20:41:18";"";"";"";"0";"0";"0,04"
"MG6000";"Могилев МОЦИС";"736982";"13529463";"22";"Отопление";"";"759";"МГКУП теплоэнергетики (по уполномоченным организациям)";"МГКУП теплоэнергетики (по уполномоченным организациям)";"9";"2";"02.05.2025";"01.01.2100";"29,2224";"0";"0";"0";"0";"0";"0";"0";"0";"0";"0";"0";"0";"4783486908";"28.09.2026 21:07:20";"";"";"";"0";"0";"0"
"MG6000";"Могилев МОЦИС";"557345";"11707631";"22";"Отопление";"";"759";"МГКУП теплоэнергетики (по уполномоченным организациям)";"МГКУП теплоэнергетики (по уполномоченным организациям)";"9";"2";"01.08.2023";"01.01.2100";"29,2224";"0";"0";"0";"0";"0";"0";"0";"0";"0";"0";"0";"0";"4790955071";"01.10.2026 19:46:49";"";"";"";"0";"0";"0"
"MG6000";"Могилев МОЦИС";"660111";"11706131";"22";"Отопление";"";"759";"МГКУП теплоэнергетики (по уполномоченным организациям)";"МГКУП теплоэнергетики (по уполномоченным организациям)";"9";"2";"01.08.2023";"01.01.2100";"29,2224";"0";"0";"0";"0";"0";"0";"0";"0";"0";"0";"0";"0";"4787255334";"30.09.2026 9:15:23";"";"";"";"0";"0";"0"
"MG6000";"Могилев МОЦИС";"717654";"12053673";"22";"Отопление";"";"32600123";"МГКУП ""Теплоэнергетика""";"МГКУП ""Теплоэнергетика""";"9";"2";"01.08.2024";"01.01.2100";"29,2224";"0";"0";"0";"0";"0";"0";"0";"110,8";"110,38";"110,38";"110,8";"0";"4795832420";"03.10.2026 20:45:50";"";"";"";"15";"0";"0"
"MG6000";"Могилев МОЦИС";"726397";"12040246";"22";"Отопление";"";"32600123";"МГКУП ""Теплоэнергетика""";"МГКУП ""Теплоэнергетика""";"9";"2";"01.08.2024";"01.01.2100";"29,2224";"0";"0";"0";"0";"0";"0";"0";"0";"0";"0";"0";"0";"4795824749";"03.10.2026 20:41:18";"";"";"";"0";"0";"0"
"MG6000";"Могилев МОЦИС";"643569";"11743278";"22";"Отопление";"";"759";"МГКУП теплоэнергетики (по уполномоченным организациям)";"МГКУП теплоэнергетики (по уполномоченным организациям)";"9";"2";"01.09.2023";"01.01.2100";"29,2224";"0";"0";"0";"0";"0";"0";"0";"0";"0,29";"0";"0";"0";"4787383388";"30.09.2026 9:33:28";"";"";"";"0";"0";"0,29"
"MG6000";"Могилев МОЦИС";"720759";"13402338";"22";"Отопление";"";"759";"МГКУП теплоэнергетики (по уполномоченным организациям)";"МГКУП теплоэнергетики (по уполномоченным организациям)";"9";"2";"01.01.2025";"01.01.2100";"29,2224";"0";"0";"0";"0";"0";"0";"0";"0";"0";"0";"0";"0";"4783486474";"28.09.2026 21:07:20";"";"";"";"0";"0";"0"
"MG6000";"Могилев МОЦИС";"722263";"13723803";"22";"Отопление";"";"759";"МГКУП теплоэнергетики (по уполномоченным организациям)";"МГКУП теплоэнергетики (по уполномоченным организациям)";"9";"2";"01.10.2025";"01.01.2100";"29,2224";"0";"0";"0";"0";"0";"0,22";"0";"15,23";"6,25";"6,25";"15,45";"0";"4795772011";"03.10.2026 20:19:34";"";"";"";"0";"0";"0"
"MG6000";"Могилев МОЦИС";"663970";"13726960";"22";"Отопление";"";"759";"МГКУП теплоэнергетики (по уполномоченным организациям)";"МГКУП теплоэнергетики (по уполномоченным организациям)";"9";"2";"01.10.2025";"01.01.2100";"29,2224";"0";"0";"0";"0";"0";"0";"0";"0";"0";"0";"0";"0";"4794955580";"03.10.2026 17:52:57";"";"";"";"0";"0";"0"
"MG6000";"Могилев МОЦИС";"442192";"9748381";"22";"Отопление";"";"32600123";"МГКУП ""Теплоэнергетика""";"МГКУП ""Теплоэнергетика""";"9";"2";"01.02.2020";"01.01.2100";"29,2224";"0";"0";"0";"0";"0";"0";"0";"26,1";"365,57";"365,57";"25,5";"0";"4796045964";"05.10.2026 10:10:10";"";"";"";"41";"0,6";"0"
"MG6000";"Могилев МОЦИС";"663947";"13727025";"27";"Отопление по ЭОЗ";"";"759";"МГКУП теплоэнергетики (по уполномоченным организациям)";"МГКУП теплоэнергетики (по уполномоченным организациям)";"9";"2";"01.10.2025";"01.01.2100";"147,48";"0";"0";"0";"0";"0";"0";"0";"0";"0";"0";"0";"0";"4794955644";"03.10.2026 17:52:57";"";"";"";"0";"0";"0"
"MG6000";"Могилев МОЦИС";"726397";"12040247";"27";"Отопление по ЭОЗ";"";"32600123";"МГКУП ""Теплоэнергетика""";"МГКУП ""Теплоэнергетика""";"9";"2";"01.08.2024";"01.01.2100";"147,48";"0";"0";"0";"0";"0";"0";"0";"0";"0";"0";"0";"0";"4795824750";"03.10.2026 20:41:18";"";"";"";"0";"0";"0"
"MG6000";"Могилев МОЦИС";"720735";"13402360";"27";"Отопление по ЭОЗ";"";"759";"МГКУП теплоэнергетики (по уполномоченным организациям)";"МГКУП теплоэнергетики (по уполномоченным организациям)";"9";"2";"01.01.2025";"01.01.2100";"147,48";"0";"0";"0";"0";"0";"0";"0";"0";"0,02";"0,02";"0";"0";"4783486494";"28.09.2026 21:07:20";"";"";"";"0";"0";"0"
"MG6000";"Могилев МОЦИС";"736982";"13529464";"27";"Отопление по ЭОЗ";"";"759";"МГКУП теплоэнергетики (по уполномоченным организациям)";"МГКУП теплоэнергетики (по уполномоченным организациям)";"9";"2";"02.05.2025";"01.01.2100";"147,48";"0";"0";"0";"0";"0";"0";"0";"0";"0";"0";"0";"0";"4783486909";"28.09.2026 21:07:20";"";"";"";"0";"0";"0"
"MG6000";"Могилев МОЦИС";"557345";"11707559";"27";"Отопление по ЭОЗ";"";"759";"МГКУП теплоэнергетики (по уполномоченным организациям)";"МГКУП теплоэнергетики (по уполномоченным организациям)";"9";"2";"01.08.2023";"01.01.2100";"147,48";"0";"0";"0";"0";"0";"0";"0";"0";"0";"0";"0";"0";"4790955000";"01.10.2026 19:46:49";"";"";"";"0";"0";"0"
"MG6000";"Могилев МОЦИС";"442192";"9759021";"27";"Отопление по ЭОЗ";"";"32600123";"МГКУП ""Теплоэнергетика""";"МГКУП ""Теплоэнергетика""";"9";"2";"01.02.2020";"01.01.2100";"147,48";"0";"0";"0";"0";"0";"0";"0";"633,21";"1537,13";"1537,13";"626,79";"0";"4796046265";"05.10.2026 10:10:10";"";"";"";"39";"6,42";"0"
"MG6000";"Могилев МОЦИС";"660111";"11705969";"27";"Отопление по ЭОЗ";"";"759";"МГКУП теплоэнергетики (по уполномоченным организациям)";"МГКУП теплоэнергетики (по уполномоченным организациям)";"9";"2";"01.08.2023";"01.01.2100";"147,48";"0";"0";"0";"0";"265,86";"0";"0";"2953,63";"4138,89";"4404,75";"2953,63";"0";"4787255178";"30.09.2026 9:15:23";"";"";"";"23";"0";"0"
"MG6000";"Могилев МОЦИС";"643569";"11743434";"27";"Отопление по ЭОЗ";"";"759";"МГКУП теплоэнергетики (по уполномоченным организациям)";"МГКУП теплоэнергетики (по уполномоченным организациям)";"9";"2";"01.09.2023";"01.01.2100";"147,48";"0";"0";"0";"0";"0";"0";"0";"0";"0";"0";"0";"0";"4787383536";"30.09.2026 9:33:28";"";"";"";"0";"0";"0"
"MG6000";"Могилев МОЦИС";"717654";"12053674";"27";"Отопление по ЭОЗ";"";"32600123";"МГКУП ""Теплоэнергетика""";"МГКУП ""Теплоэнергетика""";"9";"2";"01.08.2024";"01.01.2100";"147,48";"0";"0";"0";"0";"0";"0";"0";"0";"0";"0";"0";"0";"4795832421";"03.10.2026 20:45:50";"";"";"";"0";"0";"0"
"MG6000";"Могилев МОЦИС";"722263";"13723777";"27";"Отопление по ЭОЗ";"";"759";"МГКУП теплоэнергетики (по уполномоченным организациям)";"МГКУП теплоэнергетики (по уполномоченным организациям)";"9";"2";"01.10.2025";"01.01.2100";"147,48";"0";"0";"0";"0";"0";"0";"0";"0";"0";"0";"0";"0";"4795771986";"03.10.2026 20:19:34";"";"";"";"0";"0";"0"
"MG6000";"Могилев МОЦИС";"660160";"11706018";"27";"Отопление по ЭОЗ";"";"759";"МГКУП теплоэнергетики (по уполномоченным организациям)";"МГКУП теплоэнергетики (по уполномоченным организациям)";"9";"2";"01.08.2023";"01.01.2100";"147,48";"0";"0";"0";"0";"0";"0";"0";"0";"0";"0";"0";"0";"4787255225";"30.09.2026 9:15:23";"";"";"";"0";"0";"0"
"MG6000";"Могилев МОЦИС";"387923";"9759025";"27";"Отопление по ЭОЗ";"";"32600123";"МГКУП ""Теплоэнергетика""";"МГКУП ""Теплоэнергетика""";"9";"2";"01.02.2020";"01.01.2100";"147,48";"0";"0";"0";"0";"0";"0";"0";"0";"0";"0";"0";"0";"4791655106";"02.10.2026 2:59:10";"";"";"";"0";"0";"0"
"MG6000";"Могилев МОЦИС";"663970";"13727013";"27";"Отопление по ЭОЗ";"";"759";"МГКУП теплоэнергетики (по уполномоченным организациям)";"МГКУП теплоэнергетики (по уполномоченным организациям)";"9";"2";"01.10.2025";"01.01.2100";"147,48";"0";"0";"0";"0";"0";"0";"0";"0";"0";"0";"0";"0";"4794955632";"03.10.2026 17:52:57";"";"";"";"0";"0";"0"
"MG6000";"Могилев МОЦИС";"720759";"13402389";"27";"Отопление по ЭОЗ";"";"759";"МГКУП теплоэнергетики (по уполномоченным организациям)";"МГКУП теплоэнергетики (по уполномоченным организациям)";"9";"2";"01.01.2025";"01.01.2100";"147,48";"0";"0";"0";"0";"0";"0";"0";"0";"0";"0";"0";"0";"4783486522";"28.09.2026 21:07:20";"";"";"";"0";"0";"0"
"MG6000";"Могилев МОЦИС";"726475";"12040403";"27";"Отопление по ЭОЗ";"";"32600123";"МГКУП ""Теплоэнергетика""";"МГКУП ""Теплоэнергетика""";"9";"2";"01.08.2024";"01.01.2100";"147,48";"0";"0";"0";"0";"0";"0";"0";"0";"0";"0";"0";"0";"4795824900";"03.10.2026 20:41:18";"";"";"";"0";"0";"0"
"MG6000";"Могилев МОЦИС";"722252";"13723898";"27";"Отопление по ЭОЗ";"";"759";"МГКУП теплоэнергетики (по уполномоченным организациям)";"МГКУП теплоэнергетики (по уполномоченным организациям)";"9";"2";"01.10.2025";"01.01.2100";"147,48";"0";"0";"0";"0";"0";"0";"0";"0";"0";"0";"0";"0";"4795772103";"03.10.2026 20:19:34";"";"";"";"0";"0";"0"
"MG6000";"Могилев МОЦИС";"720735";"13402423";"23";"Подогрев воды";"";"759";"МГКУП теплоэнергетики (по уполномоченным организациям)";"МГКУП теплоэнергетики (по уполномоченным организациям)";"10";"";"01.01.2025";"01.01.2100";"29,2224";"0";"0";"0";"0";"0,28";"0";"0";"7,9";"6,41";"6,69";"5,17";"0";"4783486551";"28.09.2026 21:07:20";"";"";"";"0";"2,73";"0"
"MG6000";"Могилев МОЦИС";"663947";"13727224";"23";"Подогрев воды";"";"759";"МГКУП теплоэнергетики (по уполномоченным организациям)";"МГКУП теплоэнергетики (по уполномоченным организациям)";"10";"";"01.10.2025";"01.01.2100";"29,2224";"0";"0";"0";"0";"0";"0";"0";"0";"0";"0";"0";"0";"4794955836";"03.10.2026 17:52:57";"";"";"";"0";"0";"0"
"MG6000";"Могилев МОЦИС";"660111";"11706050";"23";"Подогрев воды";"";"759";"МГКУП теплоэнергетики (по уполномоченным организациям)";"МГКУП теплоэнергетики (по уполномоченным организациям)";"10";"";"01.08.2023";"01.01.2100";"29,2224";"0";"0";"0";"0";"0";"0";"0";"0";"0";"0";"0";"0";"4787255256";"30.09.2026 9:15:23";"";"";"";"0";"0";"0"
"MG6000";"Могилев МОЦИС";"736982";"13529465";"23";"Подогрев воды";"";"759";"МГКУП теплоэнергетики (по уполномоченным организациям)";"МГКУП теплоэнергетики (по уполномоченным организациям)";"10";"";"02.05.2025";"01.01.2100";"29,2224";"0,261776";"7,65";"7,65";"0";"0";"0";"0";"23,38";"0";"0";"31,03";"0";"4783486910";"28.09.2026 21:07:20";"";"";"";"0";"0";"0"
"MG6000";"Могилев МОЦИС";"726397";"12044025";"23";"Подогрев воды";"";"32600123";"МГКУП ""Теплоэнергетика""";"МГКУП ""Теплоэнергетика""";"10";"";"01.08.2024";"01.01.2100";"29,2224";"0,64658672";"18,89";"18,89";"0";"0";"-2,02";"0";"22,43";"0";"0";"39,3";"0";"4795825032";"03.10.2026 20:41:18";"";"";"";"0";"0";"0"
"MG6000";"Могилев МОЦИС";"717654";"12054902";"23";"Подогрев воды";"";"32600123";"МГКУП ""Теплоэнергетика""";"МГКУП ""Теплоэнергетика""";"10";"";"01.08.2024";"01.01.2100";"29,2224";"0,32722";"9,56";"9,56";"0";"0";"0";"0";"63,61";"73,12";"73,12";"73,12";"0";"4795832615";"03.10.2026 20:45:50";"";"";"";"23";"0,05";"0"
"MG6000";"Могилев МОЦИС";"663970";"13727307";"23";"Подогрев воды";"";"759";"МГКУП теплоэнергетики (по уполномоченным организациям)";"МГКУП теплоэнергетики (по уполномоченным организациям)";"10";"";"01.10.2025";"01.01.2100";"29,2224";"0,00196332";"0,06";"0,06";"0";"0";"0";"0";"0,05";"0";"0";"0,11";"0";"4794955918";"03.10.2026 17:52:57";"";"";"";"0";"0";"0"
"MG6000";"Могилев МОЦИС";"720759";"13402431";"23";"Подогрев воды";"";"759";"МГКУП теплоэнергетики (по уполномоченным организациям)";"МГКУП теплоэнергетики (по уполномоченным организациям)";"10";"";"01.01.2025";"01.01.2100";"29,2224";"0,05497296";"1,61";"1,61";"0";"0,18";"0";"0";"3,17";"0,06";"0,24";"4,78";"0";"4783486558";"28.09.2026 21:07:20";"";"";"";"0";"0";"0"
"MG6000";"Могилев МОЦИС";"660160";"11706099";"23";"Подогрев воды";"";"759";"МГКУП теплоэнергетики (по уполномоченным организациям)";"МГКУП теплоэнергетики (по уполномоченным организациям)";"10";"";"01.08.2023";"01.01.2100";"29,2224";"0,130888";"3,82";"3,82";"0";"0";"0";"0";"7,37";"0,07";"0,07";"7,33";"0";"4787255304";"30.09.2026 9:15:23";"";"";"";"0";"3,86";"0"
"MG6000";"Могилев МОЦИС";"557345";"11707595";"23";"Подогрев воды";"";"759";"МГКУП теплоэнергетики (по уполномоченным организациям)";"МГКУП теплоэнергетики (по уполномоченным организациям)";"10";"";"01.08.2023";"01.01.2100";"29,2224";"0,719884";"21,04";"21,04";"0";"0";"0";"0";"14,65";"0,06";"0,06";"35,69";"0";"4790955036";"01.10.2026 19:46:49";"";"";"";"0";"0";"0"
"MG6000";"Могилев МОЦИС";"387923";"9754164";"23";"Подогрев воды";"";"32600123";"МГКУП ""Теплоэнергетика""";"МГКУП ""Теплоэнергетика""";"10";"";"01.02.2020";"01.01.2100";"29,2224";"0,3664864";"10,71";"10,71";"0";"0";"-0,05";"0";"76,6";"0,78";"0,69";"49,19";"0";"4791651134";"02.10.2026 2:59:10";"";"";"";"0";"38,07";"0,09"
"MG6000";"Могилев МОЦИС";"643569";"11743356";"23";"Подогрев воды";"";"759";"МГКУП теплоэнергетики (по уполномоченным организациям)";"МГКУП теплоэнергетики (по уполномоченным организациям)";"10";"";"01.09.2023";"01.01.2100";"29,2224";"0,41818716";"12,22";"12,22";"0";"0";"-0,42";"0";"26,46";"0,91";"0,26";"23,6";"0";"4787383462";"30.09.2026 9:33:28";"";"";"";"0";"14,66";"0,65"
"MG6000";"Могилев МОЦИС";"722263";"13724127";"23";"Подогрев воды";"";"759";"МГКУП теплоэнергетики (по уполномоченным организациям)";"МГКУП теплоэнергетики (по уполномоченным организациям)";"10";"";"01.10.2025";"01.01.2100";"29,2224";"0";"0";"0";"0";"0";"-75,37";"0";"39,88";"3,7";"3,7";"-35,49";"0";"4795772323";"03.10.2026 20:19:34";"";"";"";"0";"0";"0"
"MG6000";"Могилев МОЦИС";"722252";"13724181";"23";"Подогрев воды";"";"759";"МГКУП теплоэнергетики (по уполномоченным организациям)";"МГКУП теплоэнергетики (по уполномоченным организациям)";"10";"";"01.10.2025";"01.01.2100";"29,2224";"1,10862136";"32,4";"32,4";"0";"0";"-0,47";"0";"104,21";"5,31";"5,31";"136,14";"0";"4795772375";"03.10.2026 20:19:34";"";"";"";"0";"0";"0"
"MG6000";"Могилев МОЦИС";"442192";"9754161";"23";"Подогрев воды";"";"32600123";"МГКУП ""Теплоэнергетика""";"МГКУП ""Теплоэнергетика""";"10";"";"01.02.2020";"01.01.2100";"29,2224";"0";"0";"0";"0";"0";"0";"0";"0";"0";"0";"0";"0";"4796046101";"05.10.2026 10:10:10";"";"";"";"0";"0";"0"
"MG6000";"Могилев МОЦИС";"726475";"12044181";"23";"Подогрев воды";"";"32600123";"МГКУП ""Теплоэнергетика""";"МГКУП ""Теплоэнергетика""";"10";"";"01.08.2024";"01.01.2100";"29,2224";"0,147249";"4,3";"4,3";"0";"0";"-0,46";"0";"10,91";"0,22";"0,16";"8,6";"0";"4795825183";"03.10.2026 20:41:18";"";"";"";"0";"6,15";"0,06"
"MG6000";"Могилев МОЦИС";"660160";"11705937";"28";"Подогрев воды по ЭОЗ";"";"759";"МГКУП теплоэнергетики (по уполномоченным организациям)";"МГКУП теплоэнергетики (по уполномоченным организациям)";"10";"";"01.08.2023";"01.01.2100";"147,48";"0";"0";"0";"0";"0";"0";"0";"0";"0";"0";"0";"0";"4787255147";"30.09.2026 9:15:23";"";"";"";"0";"0";"0"
"MG6000";"Могилев МОЦИС";"722252";"13724105";"28";"Подогрев воды по ЭОЗ";"";"759";"МГКУП теплоэнергетики (по уполномоченным организациям)";"МГКУП теплоэнергетики (по уполномоченным организациям)";"10";"";"01.10.2025";"01.01.2100";"147,48";"0";"0";"0";"0";"0";"0";"0";"0";"0";"0";"0";"0";"4795772301";"03.10.2026 20:19:34";"";"";"";"0";"0";"0"
"MG6000";"Могилев МОЦИС";"720759";"13402432";"28";"Подогрев воды по ЭОЗ";"";"759";"МГКУП теплоэнергетики (по уполномоченным организациям)";"МГКУП теплоэнергетики (по уполномоченным организациям)";"10";"";"01.01.2025";"01.01.2100";"147,48";"0";"0";"0";"0";"0";"0";"0";"0";"0";"0";"0";"0";"4783486559";"28.09.2026 21:07:20";"";"";"";"0";"0";"0"
"MG6000";"Могилев МОЦИС";"720735";"13402521";"28";"Подогрев воды по ЭОЗ";"";"759";"МГКУП теплоэнергетики (по уполномоченным организациям)";"МГКУП теплоэнергетики (по уполномоченным организациям)";"10";"";"01.01.2025";"01.01.2100";"147,48";"0";"0";"0";"0";"0";"0";"0";"0";"0,7";"0,7";"0";"0";"4783486638";"28.09.2026 21:07:20";"";"";"";"0";"0";"0"
"MG6000";"Могилев МОЦИС";"442192";"9764587";"28";"Подогрев воды по ЭОЗ";"";"32600123";"МГКУП ""Теплоэнергетика""";"МГКУП ""Теплоэнергетика""";"10";"";"01.02.2020";"01.01.2100";"147,48";"0";"0";"0";"0";"0";"0";"0";"0";"0";"0";"0";"0";"4796046400";"05.10.2026 10:10:10";"";"";"";"0";"0";"0"
"MG6000";"Могилев МОЦИС";"663947";"13727193";"28";"Подогрев воды по ЭОЗ";"";"759";"МГКУП теплоэнергетики (по уполномоченным организациям)";"МГКУП теплоэнергетики (по уполномоченным организациям)";"10";"";"01.10.2025";"01.01.2100";"147,48";"0";"0";"0";"0";"0";"0";"0";"0";"0";"0";"0";"0";"4794955806";"03.10.2026 17:52:57";"";"";"";"0";"0";"0"
"MG6000";"Могилев МОЦИС";"557345";"11707523";"28";"Подогрев воды по ЭОЗ";"";"759";"МГКУП теплоэнергетики (по уполномоченным организациям)";"МГКУП теплоэнергетики (по уполномоченным организациям)";"10";"";"01.08.2023";"01.01.2100";"147,48";"0";"0";"0";"0";"0";"0";"0";"0";"0";"0";"0";"0";"4790954964";"01.10.2026 19:46:49";"";"";"";"0";"0";"0"
"MG6000";"Могилев МОЦИС";"736982";"13529468";"28";"Подогрев воды по ЭОЗ";"";"759";"МГКУП теплоэнергетики (по уполномоченным организациям)";"МГКУП теплоэнергетики (по уполномоченным организациям)";"10";"";"02.05.2025";"01.01.2100";"147,48";"0";"0";"0";"0";"0";"0";"0";"0";"0";"0";"0";"0";"4783486911";"28.09.2026 21:07:20";"";"";"";"0";"0";"0"
"MG6000";"Могилев МОЦИС";"663970";"13727242";"28";"Подогрев воды по ЭОЗ";"";"759";"МГКУП теплоэнергетики (по уполномоченным организациям)";"МГКУП теплоэнергетики (по уполномоченным организациям)";"10";"";"01.10.2025";"01.01.2100";"147,48";"0";"0";"0";"0";"0";"0";"0";"0";"0";"0";"0";"0";"4794955854";"03.10.2026 17:52:57";"";"";"";"0";"0";"0"
"MG6000";"Могилев МОЦИС";"643569";"11743512";"28";"Подогрев воды по ЭОЗ";"";"759";"МГКУП теплоэнергетики (по уполномоченным организациям)";"МГКУП теплоэнергетики (по уполномоченным организациям)";"10";"";"01.09.2023";"01.01.2100";"147,48";"0";"0";"0";"0";"0";"0";"0";"0";"0";"0";"0";"0";"4787383610";"30.09.2026 9:33:28";"";"";"";"0";"0";"0"
"MG6000";"Могилев МОЦИС";"726397";"12044026";"28";"Подогрев воды по ЭОЗ";"";"32600123";"МГКУП ""Теплоэнергетика""";"МГКУП ""Теплоэнергетика""";"10";"";"01.08.2024";"01.01.2100";"147,48";"0";"0";"0";"0";"0";"0";"0";"0";"0";"0";"0";"0";"4795825033";"03.10.2026 20:41:18";"";"";"";"0";"0";"0"
"MG6000";"Могилев МОЦИС";"722263";"13724224";"28";"Подогрев воды по ЭОЗ";"";"759";"МГКУП теплоэнергетики (по уполномоченным организациям)";"МГКУП теплоэнергетики (по уполномоченным организациям)";"10";"";"01.10.2025";"01.01.2100";"147,48";"0";"0";"0";"0";"0";"0";"0";"0";"0";"0";"0";"0";"4795772416";"03.10.2026 20:19:34";"";"";"";"0";"0";"0"
"MG6000";"Могилев МОЦИС";"387923";"9764590";"28";"Подогрев воды по ЭОЗ";"";"32600123";"МГКУП ""Теплоэнергетика""";"МГКУП ""Теплоэнергетика""";"10";"";"01.02.2020";"01.01.2100";"147,48";"0";"0";"0";"0";"0";"0";"0";"0";"0";"0";"0";"0";"4791659894";"02.10.2026 2:59:10";"";"";"";"0";"0";"0"
"MG6000";"Могилев МОЦИС";"660111";"11705888";"28";"Подогрев воды по ЭОЗ";"";"759";"МГКУП теплоэнергетики (по уполномоченным организациям)";"МГКУП теплоэнергетики (по уполномоченным организациям)";"10";"";"01.08.2023";"01.01.2100";"147,48";"0,5300964";"78,18";"78,18";"0";"184,59";"0";"0";"2112,64";"3313,48";"3498,07";"2190,82";"0";"4787255100";"30.09.2026 9:15:23";"";"";"";"32";"0";"0"
"MG6000";"Могилев МОЦИС";"726475";"12044182";"28";"Подогрев воды по ЭОЗ";"";"32600123";"МГКУП ""Теплоэнергетика""";"МГКУП ""Теплоэнергетика""";"10";"";"01.08.2024";"01.01.2100";"147,48";"0";"0";"0";"0";"0";"0";"0";"0";"0";"0";"0";"0";"4795825184";"03.10.2026 20:41:18";"";"";"";"0";"0";"0"
"MG6000";"Могилев МОЦИС";"717654";"12054903";"28";"Подогрев воды по ЭОЗ";"";"32600123";"МГКУП ""Теплоэнергетика""";"МГКУП ""Теплоэнергетика""";"10";"";"01.08.2024";"01.01.2100";"147,48";"0";"0";"0";"0";"0";"0";"0";"0";"0";"0";"0";"0";"4795832616";"03.10.2026 20:45:50";"";"";"";"0";"0";"0"
"MG6000";"Могилев МОЦИС";"726397";"12218429";"10";"Техобслуживание лифта (кв. м)";"";"153";"Могилевлифт";"ОАО ""Могилевлифт""";"11";"";"01.08.2024";"01.01.2100";"0,1034";"55,4";"5,73";"5,73";"0";"0";"0";"0";"5,73";"0";"0";"11,46";"0";"4795826151";"03.10.2026 20:41:18";"";"";"";"0";"0";"0"
"MG6000";"Могилев МОЦИС";"643569";"13313684";"10";"Техобслуживание лифта (кв. м)";"";"153";"Могилевлифт";"ОАО ""Могилевлифт""";"11";"";"01.01.2025";"01.01.2100";"0,1034";"59,2";"6,12";"6,12";"0";"0";"0";"0";"12,24";"0,68";"0,11";"12,24";"0";"4787384282";"30.09.2026 9:33:28";"";"";"";"0";"6,12";"0,57"
"MG6000";"Могилев МОЦИС";"387923";"13446657";"10";"Техобслуживание лифта (кв. м)";"";"153";"Могилевлифт";"ОАО ""Могилевлифт""";"11";"";"01.01.2025";"01.01.2100";"0,1034";"79,3";"8,2";"8,2";"0";"0";"0";"0";"15,87";"0,17";"0,15";"15,87";"0";"4791771849";"02.10.2026 2:59:10";"";"";"";"0";"8,2";"0,02"
"MG6000";"Могилев МОЦИС";"663970";"12772495";"10";"Техобслуживание лифта (кв. м)";"";"153";"Могилевлифт";"ОАО ""Могилевлифт""";"11";"";"01.01.2025";"01.01.2100";"0,1034";"41,6";"4,3";"4,3";"0";"0";"0";"0";"6,06";"0,39";"0";"8,6";"0";"4794954748";"03.10.2026 17:52:57";"";"";"";"0";"1,76";"0,39"
"MG6000";"Могилев МОЦИС";"722263";"12224887";"10";"Техобслуживание лифта (кв. м)";"";"153";"Могилевлифт";"ОАО ""Могилевлифт""";"11";"";"01.08.2024";"01.01.2100";"0,1034";"67";"6,93";"6,93";"0";"0";"0";"0";"27,72";"3,06";"3,06";"34,65";"0";"4795771207";"03.10.2026 20:19:34";"";"";"";"0";"0";"0"
"MG6000";"Могилев МОЦИС";"722252";"12224865";"10";"Техобслуживание лифта (кв. м)";"";"153";"Могилевлифт";"ОАО ""Могилевлифт""";"11";"";"01.08.2024";"01.01.2100";"0,1034";"67";"6,93";"6,93";"0";"0";"0";"0";"20,79";"0,98";"0,98";"27,72";"0";"4795771187";"03.10.2026 20:19:34";"";"";"";"0";"0";"0"
"MG6000";"Могилев МОЦИС";"663947";"12772487";"10";"Техобслуживание лифта (кв. м)";"";"153";"Могилевлифт";"ОАО ""Могилевлифт""";"11";"";"01.01.2025";"01.01.2100";"0,1034";"41,5";"4,29";"4,29";"0";"0";"0";"0";"4,29";"0";"0";"8,58";"0";"4794954740";"03.10.2026 17:52:57";"";"";"";"0";"0";"0"
"MG6000";"Могилев МОЦИС";"660160";"13354645";"10";"Техобслуживание лифта (кв. м)";"";"153";"Могилевлифт";"ОАО ""Могилевлифт""";"11";"";"01.01.2025";"01.01.2100";"0,1034";"59,5";"6,15";"6,15";"0";"0";"0";"0";"12,3";"0,47";"0,13";"12,3";"0";"4787255977";"30.09.2026 9:15:23";"";"";"";"0";"6,15";"0,34"
"MG6000";"Могилев МОЦИС";"726475";"12218585";"10";"Техобслуживание лифта (кв. м)";"";"153";"Могилевлифт";"ОАО ""Могилевлифт""";"11";"";"01.08.2024";"01.01.2100";"0,1034";"42,9";"4,44";"4,44";"0";"0";"0";"0";"8,88";"0,36";"0,16";"8,42";"0";"4795826288";"03.10.2026 20:41:18";"";"";"";"0";"4,9";"0,2"
"MG6000";"Могилев МОЦИС";"660111";"13354555";"10";"Техобслуживание лифта (кв. м)";"";"153";"Могилевлифт";"ОАО ""Могилевлифт""";"11";"";"01.01.2025";"01.01.2100";"0,1034";"59,3";"6,13";"6,13";"0";"9,56";"0";"0";"111,68";"86,29";"95,85";"117,81";"0";"4787255888";"30.09.2026 9:15:23";"";"";"";"15";"0";"0"
"MG6000";"Могилев МОЦИС";"557345";"12599270";"10";"Техобслуживание лифта (кв. м)";"";"153";"Могилевлифт";"ОАО ""Могилевлифт""";"11";"";"01.01.2025";"01.01.2100";"0,1034";"56,1";"5,8";"5,8";"0";"0";"0";"0";"5,8";"0,05";"0,05";"11,6";"0";"4790955299";"01.10.2026 19:46:49";"";"";"";"0";"0";"0"
"MG6000";"Могилев МОЦИС";"720759";"12243362";"10";"Техобслуживание лифта (кв. м)";"";"153";"Могилевлифт";"ОАО ""Могилевлифт""";"11";"";"01.08.2024";"01.01.2100";"0,1034";"54,4";"5,62";"5,62";"0";"0,59";"0";"0";"11,24";"0,22";"0,81";"16,86";"0";"4783485821";"28.09.2026 21:07:20";"";"";"";"0";"0";"0"
"MG6000";"Могилев МОЦИС";"736982";"13529472";"10";"Техобслуживание лифта (кв. м)";"";"153";"Могилевлифт";"ОАО ""Могилевлифт""";"11";"";"02.05.2025";"01.01.2100";"0,1034";"66,6";"6,89";"6,89";"0";"0";"0";"0";"6,89";"0";"0";"13,78";"0";"4783486912";"28.09.2026 21:07:20";"";"";"";"0";"0";"0"
"MG6000";"Могилев МОЦИС";"717654";"12216898";"10";"Техобслуживание лифта (кв. м)";"";"153";"Могилевлифт";"ОАО ""Могилевлифт""";"11";"";"01.08.2024";"01.01.2100";"0,1034";"52,9";"5,47";"5,47";"0";"0";"0";"0";"40,84";"48,79";"48,79";"46,28";"0";"4795833188";"03.10.2026 20:45:50";"";"";"";"23";"0,03";"0"
"MG6000";"Могилев МОЦИС";"387923";"13446658";"210";"Техобслуживание лифта по ЭОЗ (кв. м)";"";"153";"Могилевлифт";"ОАО ""Могилевлифт""";"11";"";"01.01.2025";"01.01.2100";"0,1128";"0";"0";"0";"0";"0";"0";"0";"0";"0";"0";"0";"0";"4791771851";"02.10.2026 2:59:10";"";"";"";"0";"0";"0"
"MG6000";"Могилев МОЦИС";"660160";"13354646";"210";"Техобслуживание лифта по ЭОЗ (кв. м)";"";"153";"Могилевлифт";"ОАО ""Могилевлифт""";"11";"";"01.01.2025";"01.01.2100";"0,1128";"0";"0";"0";"0";"0";"0";"0";"0";"0";"0";"0";"0";"4787255978";"30.09.2026 9:15:23";"";"";"";"0";"0";"0"
"MG6000";"Могилев МОЦИС";"663970";"12772496";"210";"Техобслуживание лифта по ЭОЗ (кв. м)";"";"153";"Могилевлифт";"ОАО ""Могилевлифт""";"11";"";"01.01.2025";"01.01.2100";"0,1128";"0";"0";"0";"0";"0";"0";"0";"0";"0";"0";"0";"0";"4794954749";"03.10.2026 17:52:57";"";"";"";"0";"0";"0"
"MG6000";"Могилев МОЦИС";"717654";"12216899";"210";"Техобслуживание лифта по ЭОЗ (кв. м)";"";"153";"Могилевлифт";"ОАО ""Могилевлифт""";"11";"";"01.08.2024";"01.01.2100";"0,1128";"0";"0";"0";"0";"0";"0";"0";"0";"0";"0";"0";"0";"4795833189";"03.10.2026 20:45:50";"";"";"";"0";"0";"0"
"MG6000";"Могилев МОЦИС";"557345";"12599271";"210";"Техобслуживание лифта по ЭОЗ (кв. м)";"";"153";"Могилевлифт";"ОАО ""Могилевлифт""";"11";"";"01.01.2025";"01.01.2100";"0,1128";"0";"0";"0";"0";"0";"0";"0";"0";"0";"0";"0";"0";"4790955300";"01.10.2026 19:46:49";"";"";"";"0";"0";"0"
"MG6000";"Могилев МОЦИС";"726397";"12218430";"210";"Техобслуживание лифта по ЭОЗ (кв. м)";"";"153";"Могилевлифт";"ОАО ""Могилевлифт""";"11";"";"01.08.2024";"01.01.2100";"0,1128";"0";"0";"0";"0";"0";"0";"0";"0";"0";"0";"0";"0";"4795826152";"03.10.2026 20:41:18";"";"";"";"0";"0";"0"
"MG6000";"Могилев МОЦИС";"663947";"12772488";"210";"Техобслуживание лифта по ЭОЗ (кв. м)";"";"153";"Могилевлифт";"ОАО ""Могилевлифт""";"11";"";"01.01.2025";"01.01.2100";"0,1128";"0";"0";"0";"0";"0";"0";"0";"0";"0";"0";"0";"0";"4794954741";"03.10.2026 17:52:57";"";"";"";"0";"0";"0"
"MG6000";"Могилев МОЦИС";"722252";"12224866";"210";"Техобслуживание лифта по ЭОЗ (кв. м)";"";"153";"Могилевлифт";"ОАО ""Могилевлифт""";"11";"";"01.08.2024";"01.01.2100";"0,1128";"0";"0";"0";"0";"0";"0";"0";"0";"0";"0";"0";"0";"4795771188";"03.10.2026 20:19:34";"";"";"";"0";"0";"0"
"MG6000";"Могилев МОЦИС";"643569";"13313685";"210";"Техобслуживание лифта по ЭОЗ (кв. м)";"";"153";"Могилевлифт";"ОАО ""Могилевлифт""";"11";"";"01.01.2025";"01.01.2100";"0,1128";"0";"0";"0";"0";"0";"0";"0";"0";"0";"0";"0";"0";"4787384283";"30.09.2026 9:33:28";"";"";"";"0";"0";"0"
"MG6000";"Могилев МОЦИС";"720759";"12243363";"210";"Техобслуживание лифта по ЭОЗ (кв. м)";"";"153";"Могилевлифт";"ОАО ""Могилевлифт""";"11";"";"01.08.2024";"01.01.2100";"0,1128";"0";"0";"0";"0";"0";"0";"0";"0";"0";"0";"0";"0";"4783485822";"28.09.2026 21:07:20";"";"";"";"0";"0";"0"
"MG6000";"Могилев МОЦИС";"726475";"12218586";"210";"Техобслуживание лифта по ЭОЗ (кв. м)";"";"153";"Могилевлифт";"ОАО ""Могилевлифт""";"11";"";"01.08.2024";"01.01.2100";"0,1128";"0";"0";"0";"0";"0";"0";"0";"0";"0";"0";"0";"0";"4795826289";"03.10.2026 20:41:18";"";"";"";"0";"0";"0"
"MG6000";"Могилев МОЦИС";"660111";"13354556";"210";"Техобслуживание лифта по ЭОЗ (кв. м)";"";"153";"Могилевлифт";"ОАО ""Могилевлифт""";"11";"";"01.01.2025";"01.01.2100";"0,1128";"0";"0";"0";"0";"0";"0";"0";"0";"0";"0";"0";"0";"4787255889";"30.09.2026 9:15:23";"";"";"";"0";"0";"0"
"MG6000";"Могилев МОЦИС";"722263";"12224888";"210";"Техобслуживание лифта по ЭОЗ (кв. м)";"";"153";"Могилевлифт";"ОАО ""Могилевлифт""";"11";"";"01.08.2024";"01.01.2100";"0,1128";"0";"0";"0";"0";"0";"0";"0";"0";"0";"0";"0";"0";"4795771208";"03.10.2026 20:19:34";"";"";"";"0";"0";"0"
"MG6000";"Могилев МОЦИС";"736982";"13529477";"210";"Техобслуживание лифта по ЭОЗ (кв. м)";"";"153";"Могилевлифт";"ОАО ""Могилевлифт""";"11";"";"02.05.2025";"01.01.2100";"0,1128";"0";"0";"0";"0";"0";"0";"0";"0";"0";"0";"0";"0";"4783486913";"28.09.2026 21:07:20";"";"";"";"0";"0";"0"
"MG6000";"Могилев МОЦИС";"720735";"12183466";"16";"Обращение с ТКО";"";"32600124";"МГКУ Спецавтопредприятие";"МГКУ Спецавтопредприятие";"12";"";"01.08.2024";"01.01.2100";"18,737";"1,0066666667";"18,86";"18,86";"0";"1,17";"0";"0";"36,58";"12,71";"13,88";"45,04";"0";"4783485548";"28.09.2026 21:07:20";"";"";"";"0";"10,4";"0"
"MG6000";"Могилев МОЦИС";"574575";"12628213";"16";"Обращение с ТКО";"";"32600124";"МГКУ Спецавтопредприятие";"МГКУ Спецавтопредприятие";"12";"";"01.01.2025";"01.01.2100";"18,737";"1,02";"19,11";"19,11";"0";"26,9";"0";"0";"314,8";"236,64";"263,54";"333,91";"0";"4782910028";"28.09.2026 19:27:02";"";"";"";"17";"0";"0"
"MG6000";"Могилев МОЦИС";"387923";"12479089";"16";"Обращение с ТКО";"";"32600124";"МГКУ Спецавтопредприятие";"МГКУ Спецавтопредприятие";"12";"";"01.01.2025";"01.01.2100";"18,737";"1,0066666667";"18,86";"18,86";"0";"0";"0";"0";"36,27";"0,35";"0,31";"37,72";"0";"4791747726";"02.10.2026 2:59:10";"";"";"";"0";"17,41";"0,04"
"MG6000";"Могилев МОЦИС";"717654";"12149220";"16";"Обращение с ТКО";"";"32600124";"МГКУ Спецавтопредприятие";"МГКУ Спецавтопредприятие";"12";"";"01.08.2024";"01.01.2100";"18,737";"0,755";"14,15";"14,15";"0";"0";"0";"0";"80,65";"83,82";"83,82";"94,74";"0";"4795832909";"03.10.2026 20:45:50";"";"";"";"23";"0,06";"0"
"MG6000";"Могилев МОЦИС";"660160";"13329651";"16";"Обращение с ТКО";"";"32600124";"МГКУ Спецавтопредприятие";"МГКУ Спецавтопредприятие";"12";"";"01.01.2025";"01.01.2100";"18,737";"1,2583333333";"23,58";"23,58";"0";"0";"0";"0";"45,34";"1,37";"0,45";"47,16";"0";"4787255834";"30.09.2026 9:15:23";"";"";"";"0";"21,76";"0,92"
"MG6000";"Могилев МОЦИС";"574107";"12625024";"16";"Обращение с ТКО";"";"32600124";"МГКУ Спецавтопредприятие";"МГКУ Спецавтопредприятие";"12";"";"01.01.2025";"01.01.2100";"18,737";"0,255";"4,78";"4,78";"0";"2,76";"0";"0";"34,81";"21,37";"24,13";"39,59";"0";"4782909318";"28.09.2026 19:27:02";"";"";"";"16";"0";"0"
"MG6000";"Могилев МОЦИС";"679160";"13351836";"16";"Обращение с ТКО";"";"32600124";"МГКУ Спецавтопредприятие";"МГКУ Спецавтопредприятие";"12";"";"01.01.2025";"01.01.2100";"18,737";"0,5033333333";"9,43";"9,43";"0";"0";"0";"0";"9,43";"0,13";"0,13";"18,86";"0";"4787169001";"30.09.2026 8:56:01";"";"";"";"0";"0";"0"
"MG6000";"Могилев МОЦИС";"722252";"12153105";"16";"Обращение с ТКО";"";"32600124";"МГКУ Спецавтопредприятие";"МГКУ Спецавтопредприятие";"12";"";"01.08.2024";"01.01.2100";"18,737";"0,755";"14,15";"14,15";"0";"0";"0";"0";"37,14";"1,49";"1,49";"51,29";"0";"4795770846";"03.10.2026 20:19:34";"";"";"";"0";"0";"0"
"MG6000";"Могилев МОЦИС";"442192";"12482385";"16";"Обращение с ТКО";"";"32600124";"МГКУ Спецавтопредприятие";"МГКУ Спецавтопредприятие";"12";"";"01.01.2025";"01.01.2100";"18,737";"0,755";"14,15";"14,15";"0";"0";"0";"0";"181,03";"131,75";"131,75";"195,18";"0";"4796049588";"05.10.2026 10:10:10";"";"";"";"16";"0";"0"
"MG6000";"Могилев МОЦИС";"726397";"12148100";"16";"Обращение с ТКО";"";"32600124";"МГКУ Спецавтопредприятие";"МГКУ Спецавтопредприятие";"12";"";"01.08.2024";"01.01.2100";"18,737";"1,0066666667";"18,86";"18,86";"0";"0";"0";"0";"18,86";"0";"0";"37,72";"0";"4795823770";"03.10.2026 20:41:18";"";"";"";"0";"0";"0"
"MG6000";"Могилев МОЦИС";"726475";"12148256";"16";"Обращение с ТКО";"";"32600124";"МГКУ Спецавтопредприятие";"МГКУ Спецавтопредприятие";"12";"";"01.08.2024";"01.01.2100";"18,737";"1,0066666667";"18,86";"18,86";"0";"0";"0";"0";"36,27";"1,15";"0,55";"35,77";"0";"4795825890";"03.10.2026 20:41:18";"";"";"";"0";"19,36";"0,6"
"MG6000";"Могилев МОЦИС";"702594";"13292612";"16";"Обращение с ТКО";"";"32600124";"МГКУ Спецавтопредприятие";"МГКУ Спецавтопредприятие";"12";"";"01.01.2025";"01.01.2100";"18,737";"0,255";"4,78";"4,78";"0";"0";"0";"0";"4,78";"0";"0";"9,56";"0";"4794858716";"03.10.2026 16:57:37";"";"";"";"0";"0";"0"
"MG6000";"Могилев МОЦИС";"643569";"13284593";"16";"Обращение с ТКО";"";"32600124";"МГКУ Спецавтопредприятие";"МГКУ Спецавтопредприятие";"12";"";"01.01.2025";"01.01.2100";"18,737";"0,5033333333";"9,43";"9,43";"0";"0";"0";"0";"18,14";"0,78";"0,16";"18,86";"0";"4787384144";"30.09.2026 9:33:28";"";"";"";"0";"8,71";"0,62"
"MG6000";"Могилев МОЦИС";"557345";"12585210";"16";"Обращение с ТКО";"";"32600124";"МГКУ Спецавтопредприятие";"МГКУ Спецавтопредприятие";"12";"";"01.01.2025";"01.01.2100";"18,737";"1,0066666667";"18,86";"18,86";"0";"0";"0";"0";"18,86";"0,16";"0,16";"37,72";"0";"4790955235";"01.10.2026 19:46:49";"";"";"";"0";"0";"0"
"MG6000";"Могилев МОЦИС";"663970";"12773511";"16";"Обращение с ТКО";"";"32600124";"МГКУ Спецавтопредприятие";"МГКУ Спецавтопредприятие";"12";"";"01.01.2025";"01.01.2100";"18,737";"0,2516666667";"4,72";"4,72";"0";"0";"0";"0";"6,5";"0,31";"0";"9,44";"0";"4794954973";"03.10.2026 17:52:57";"";"";"";"0";"1,78";"0,31"
"MG6000";"Могилев МОЦИС";"720759";"12183514";"16";"Обращение с ТКО";"";"32600124";"МГКУ Спецавтопредприятие";"МГКУ Спецавтопредприятие";"12";"";"01.08.2024";"01.01.2100";"18,737";"0,755";"14,15";"14,15";"0";"1,39";"0";"0";"27,21";"0,45";"1,84";"41,36";"0";"4783485591";"28.09.2026 21:07:20";"";"";"";"0";"0";"0"
"MG6000";"Могилев МОЦИС";"722263";"12153127";"16";"Обращение с ТКО";"";"32600124";"МГКУ Спецавтопредприятие";"МГКУ Спецавтопредприятие";"12";"";"01.08.2024";"01.01.2100";"18,737";"1,2583333333";"23,58";"23,58";"0";"0";"0";"0";"78,44";"7,5";"7,5";"102,02";"0";"4795770866";"03.10.2026 20:19:34";"";"";"";"0";"0";"0"
"MG6000";"Могилев МОЦИС";"663947";"12773503";"16";"Обращение с ТКО";"";"32600124";"МГКУ Спецавтопредприятие";"МГКУ Спецавтопредприятие";"12";"";"01.01.2025";"01.01.2100";"18,737";"0,2516666667";"4,72";"4,72";"0";"0";"0";"0";"4,72";"0";"0";"9,44";"0";"4794954965";"03.10.2026 17:52:57";"";"";"";"0";"0";"0"
"MG6000";"Могилев МОЦИС";"660111";"13329553";"16";"Обращение с ТКО";"";"32600124";"МГКУ Спецавтопредприятие";"МГКУ Спецавтопредприятие";"12";"";"01.01.2025";"01.01.2100";"18,737";"0,2516666667";"4,72";"4,72";"0";"5,02";"0";"0";"60,39";"43,49";"48,51";"65,11";"0";"4787255739";"30.09.2026 9:15:23";"";"";"";"15";"0";"0"
"MG6000";"Могилев МОЦИС";"736982";"13529480";"16";"Обращение с ТКО";"";"32600124";"МГКУ Спецавтопредприятие";"МГКУ Спецавтопредприятие";"12";"";"02.05.2025";"01.01.2100";"18,737";"1,0066666667";"18,86";"18,86";"0";"0";"0";"0";"18,86";"0";"0";"37,72";"0";"4783486914";"28.09.2026 21:07:20";"";"";"";"0";"0";"0"
"MG6000";"Могилев МОЦИС";"726475";"12148257";"216";"Обращение с ТКО по ЭОЗ";"";"32600124";"МГКУ Спецавтопредприятие";"МГКУ Спецавтопредприятие";"12";"";"01.08.2024";"01.01.2100";"18,737";"0";"0";"0";"0";"0";"0";"0";"0";"0";"0";"0";"0";"4795825891";"03.10.2026 20:41:18";"";"";"";"0";"0";"0"
"MG6000";"Могилев МОЦИС";"717654";"12149221";"216";"Обращение с ТКО по ЭОЗ";"";"32600124";"МГКУ Спецавтопредприятие";"МГКУ Спецавтопредприятие";"12";"";"01.08.2024";"01.01.2100";"18,737";"0";"0";"0";"0";"0";"0";"0";"0";"0";"0";"0";"0";"4795832910";"03.10.2026 20:45:50";"";"";"";"0";"0";"0"
"MG6000";"Могилев МОЦИС";"557345";"12585211";"216";"Обращение с ТКО по ЭОЗ";"";"32600124";"МГКУ Спецавтопредприятие";"МГКУ Спецавтопредприятие";"12";"";"01.01.2025";"01.01.2100";"18,737";"0";"0";"0";"0";"0";"0";"0";"0";"0";"0";"0";"0";"4790955236";"01.10.2026 19:46:49";"";"";"";"0";"0";"0"
"MG6000";"Могилев МОЦИС";"722263";"12153128";"216";"Обращение с ТКО по ЭОЗ";"";"32600124";"МГКУ Спецавтопредприятие";"МГКУ Спецавтопредприятие";"12";"";"01.08.2024";"01.01.2100";"18,737";"0";"0";"0";"0";"0";"0";"0";"0";"0";"0";"0";"0";"4795770867";"03.10.2026 20:19:34";"";"";"";"0";"0";"0"
"MG6000";"Могилев МОЦИС";"574575";"12628214";"216";"Обращение с ТКО по ЭОЗ";"";"32600124";"МГКУ Спецавтопредприятие";"МГКУ Спецавтопредприятие";"12";"";"01.01.2025";"01.01.2100";"18,737";"0";"0";"0";"0";"0";"0";"0";"0";"0";"0";"0";"0";"4782910029";"28.09.2026 19:27:02";"";"";"";"0";"0";"0"
"MG6000";"Могилев МОЦИС";"643569";"13284594";"216";"Обращение с ТКО по ЭОЗ";"";"32600124";"МГКУ Спецавтопредприятие";"МГКУ Спецавтопредприятие";"12";"";"01.01.2025";"01.01.2100";"18,737";"0";"0";"0";"0";"0";"0";"0";"0";"0";"0";"0";"0";"4787384145";"30.09.2026 9:33:28";"";"";"";"0";"0";"0"
"MG6000";"Могилев МОЦИС";"722252";"12153106";"216";"Обращение с ТКО по ЭОЗ";"";"32600124";"МГКУ Спецавтопредприятие";"МГКУ Спецавтопредприятие";"12";"";"01.08.2024";"01.01.2100";"18,737";"0";"0";"0";"0";"0";"0";"0";"0";"0";"0";"0";"0";"4795770847";"03.10.2026 20:19:34";"";"";"";"0";"0";"0"
"MG6000";"Могилев МОЦИС";"663947";"12773504";"216";"Обращение с ТКО по ЭОЗ";"";"32600124";"МГКУ Спецавтопредприятие";"МГКУ Спецавтопредприятие";"12";"";"01.01.2025";"01.01.2100";"18,737";"0";"0";"0";"0";"0";"0";"0";"0";"0";"0";"0";"0";"4794954966";"03.10.2026 17:52:57";"";"";"";"0";"0";"0"
"MG6000";"Могилев МОЦИС";"660160";"13329652";"216";"Обращение с ТКО по ЭОЗ";"";"32600124";"МГКУ Спецавтопредприятие";"МГКУ Спецавтопредприятие";"12";"";"01.01.2025";"01.01.2100";"18,737";"0";"0";"0";"0";"0";"0";"0";"0";"0";"0";"0";"0";"4787255835";"30.09.2026 9:15:23";"";"";"";"0";"0";"0"
"MG6000";"Могилев МОЦИС";"574107";"12625025";"216";"Обращение с ТКО по ЭОЗ";"";"32600124";"МГКУ Спецавтопредприятие";"МГКУ Спецавтопредприятие";"12";"";"01.01.2025";"01.01.2100";"18,737";"0";"0";"0";"0";"0";"0";"0";"0";"0";"0";"0";"0";"4782909319";"28.09.2026 19:27:02";"";"";"";"0";"0";"0"
"MG6000";"Могилев МОЦИС";"736982";"13529482";"216";"Обращение с ТКО по ЭОЗ";"";"32600124";"МГКУ Спецавтопредприятие";"МГКУ Спецавтопредприятие";"12";"";"02.05.2025";"01.01.2100";"18,737";"0";"0";"0";"0";"0";"0";"0";"0";"0";"0";"0";"0";"4783486915";"28.09.2026 21:07:20";"";"";"";"0";"0";"0"
"MG6000";"Могилев МОЦИС";"663970";"12773512";"216";"Обращение с ТКО по ЭОЗ";"";"32600124";"МГКУ Спецавтопредприятие";"МГКУ Спецавтопредприятие";"12";"";"01.01.2025";"01.01.2100";"18,737";"0";"0";"0";"0";"0";"0";"0";"0";"0";"0";"0";"0";"4794954974";"03.10.2026 17:52:57";"";"";"";"0";"0";"0"
"MG6000";"Могилев МОЦИС";"726397";"12148101";"216";"Обращение с ТКО по ЭОЗ";"";"32600124";"МГКУ Спецавтопредприятие";"МГКУ Спецавтопредприятие";"12";"";"01.08.2024";"01.01.2100";"18,737";"0";"0";"0";"0";"0";"0";"0";"0";"0";"0";"0";"0";"4795825740";"03.10.2026 20:41:18";"";"";"";"0";"0";"0"
"MG6000";"Могилев МОЦИС";"679160";"13351837";"216";"Обращение с ТКО по ЭОЗ";"";"32600124";"МГКУ Спецавтопредприятие";"МГКУ Спецавтопредприятие";"12";"";"01.01.2025";"01.01.2100";"18,737";"0";"0";"0";"0";"0";"0";"0";"0";"0";"0";"0";"0";"4787169002";"30.09.2026 8:56:01";"";"";"";"0";"0";"0"
"MG6000";"Могилев МОЦИС";"720735";"12183467";"216";"Обращение с ТКО по ЭОЗ";"";"32600124";"МГКУ Спецавтопредприятие";"МГКУ Спецавтопредприятие";"12";"";"01.08.2024";"01.01.2100";"18,737";"0";"0";"0";"0";"0";"0";"0";"0";"0";"0";"0";"0";"4783485549";"28.09.2026 21:07:20";"";"";"";"0";"0";"0"
"MG6000";"Могилев МОЦИС";"720759";"12183515";"216";"Обращение с ТКО по ЭОЗ";"";"32600124";"МГКУ Спецавтопредприятие";"МГКУ Спецавтопредприятие";"12";"";"01.08.2024";"01.01.2100";"18,737";"0";"0";"0";"0";"0";"0";"0";"0";"0";"0";"0";"0";"4783485592";"28.09.2026 21:07:20";"";"";"";"0";"0";"0"
"MG6000";"Могилев МОЦИС";"387923";"12479090";"216";"Обращение с ТКО по ЭОЗ";"";"32600124";"МГКУ Спецавтопредприятие";"МГКУ Спецавтопредприятие";"12";"";"01.01.2025";"01.01.2100";"18,737";"0";"0";"0";"0";"0";"0";"0";"0";"0";"0";"0";"0";"4791747728";"02.10.2026 2:59:10";"";"";"";"0";"0";"0"
"MG6000";"Могилев МОЦИС";"660111";"13329554";"216";"Обращение с ТКО по ЭОЗ";"";"32600124";"МГКУ Спецавтопредприятие";"МГКУ Спецавтопредприятие";"12";"";"01.01.2025";"01.01.2100";"18,737";"0";"0";"0";"0";"0";"0";"0";"0";"0";"0";"0";"0";"4787255740";"30.09.2026 9:15:23";"";"";"";"0";"0";"0"
"MG6000";"Могилев МОЦИС";"702594";"13292613";"216";"Обращение с ТКО по ЭОЗ";"";"32600124";"МГКУ Спецавтопредприятие";"МГКУ Спецавтопредприятие";"12";"";"01.01.2025";"01.01.2100";"18,737";"0";"0";"0";"0";"0";"0";"0";"0";"0";"0";"0";"0";"4794858717";"03.10.2026 16:57:37";"";"";"";"0";"0";"0"
"MG6000";"Могилев МОЦИС";"442192";"12482386";"216";"Обращение с ТКО по ЭОЗ";"";"32600124";"МГКУ Спецавтопредприятие";"МГКУ Спецавтопредприятие";"12";"";"01.01.2025";"01.01.2100";"18,737";"0";"0";"0";"0";"0";"0";"0";"0";"0";"0";"0";"0";"4796049589";"05.10.2026 10:10:10";"";"";"";"0";"0";"0"
"MG6000";"Могилев МОЦИС";"557345";"10700312";"608";"Санитарное содержание вспом. помещений жил. дома (кв. м)";"";"32600065";"Коммунальник МК";"ОДО ""Коммунальник МК""";"13";"";"01.09.2021";"01.01.2100";"0,0833";"56,1";"4,67";"4,67";"0";"0";"0";"0";"4,67";"0,04";"0,04";"9,34";"0";"4790954754";"01.10.2026 19:46:49";"";"";"";"0";"0";"0"
"MG6000";"Могилев МОЦИС";"660160";"10705725";"608";"Санитарное содержание вспом. помещений жил. дома (кв. м)";"";"32600065";"Коммунальник МК";"ОДО ""Коммунальник МК""";"13";"";"01.09.2021";"01.01.2100";"0,0833";"59,5";"4,96";"4,96";"0";"0";"0";"0";"9,92";"0,38";"0,1";"9,92";"0";"4787254549";"30.09.2026 9:15:23";"";"";"";"0";"4,96";"0,28"
"MG6000";"Могилев МОЦИС";"722252";"12205266";"608";"Санитарное содержание вспом. помещений жил. дома (кв. м)";"";"32600307";"ООО ""ЖилЭкспо"" (поставщик)";"ООО ""ЖилЭкспо"" (поставщик)";"13";"";"01.08.2024";"01.01.2100";"0,074815";"67";"5,01";"5,01";"0";"0";"0";"0";"11,7";"0,73";"0,73";"16,71";"0";"4795771037";"03.10.2026 20:19:34";"";"";"";"0";"0";"0"
"MG6000";"Могилев МОЦИС";"663970";"10609553";"608";"Санитарное содержание вспом. помещений жил. дома (кв. м)";"";"32600071";"Коммунальник-строй";"ОДО ""Коммунальник-строй""";"13";"";"01.09.2021";"01.01.2100";"0,0829";"41,6";"3,45";"3,45";"0";"0";"0";"0";"4,87";"0,32";"0";"6,9";"0";"4794953342";"03.10.2026 17:52:57";"";"";"";"0";"1,42";"0,32"
"MG6000";"Могилев МОЦИС";"722263";"12205277";"608";"Санитарное содержание вспом. помещений жил. дома (кв. м)";"";"32600307";"ООО ""ЖилЭкспо"" (поставщик)";"ООО ""ЖилЭкспо"" (поставщик)";"13";"";"01.08.2024";"01.01.2100";"0,074815";"67";"5,01";"5,01";"0";"0";"0";"0";"16,71";"2,27";"2,27";"21,72";"0";"4795771047";"03.10.2026 20:19:34";"";"";"";"0";"0";"0"
"MG6000";"Могилев МОЦИС";"643569";"10704767";"608";"Санитарное содержание вспом. помещений жил. дома (кв. м)";"";"32600065";"Коммунальник МК";"ОДО ""Коммунальник МК""";"13";"";"01.09.2021";"01.01.2100";"0,0833";"59,2";"4,93";"4,93";"0";"0";"0";"0";"9,86";"0,54";"0,09";"9,86";"0";"4787382905";"30.09.2026 9:33:28";"";"";"";"0";"4,93";"0,45"
"MG6000";"Могилев МОЦИС";"387923";"10649367";"608";"Санитарное содержание вспом. помещений жил. дома (кв. м)";"";"72";"Ленинское ЖРЭУ г.Могилев (поставщик)";"КУП ЖРЭУ Ленинского района поставщик";"13";"";"01.09.2021";"01.01.2100";"0,012192";"79,3";"0,97";"0,97";"0";"0";"0";"0";"1,04";"0";"0";"1,94";"0";"4791675180";"02.10.2026 2:59:10";"";"";"";"0";"0,07";"0"
"MG6000";"Могилев МОЦИС";"736982";"13529483";"608";"Санитарное содержание вспом. помещений жил. дома (кв. м)";"";"72";"Ленинское ЖРЭУ г.Могилев (поставщик)";"КУП ЖРЭУ Ленинского района поставщик";"13";"";"02.05.2025";"01.01.2100";"0,025382";"66,6";"1,69";"1,69";"0";"0";"0";"0";"1,69";"0";"0";"3,38";"0";"4783486916";"28.09.2026 21:07:20";"";"";"";"0";"0";"0"
"MG6000";"Могилев МОЦИС";"663947";"10609624";"608";"Санитарное содержание вспом. помещений жил. дома (кв. м)";"";"32600071";"Коммунальник-строй";"ОДО ""Коммунальник-строй""";"13";"";"01.09.2021";"01.01.2100";"0,0829";"41,5";"3,44";"3,44";"0";"0";"0";"0";"3,44";"0";"0";"6,88";"0";"4794953363";"03.10.2026 17:52:57";"";"";"";"0";"0";"0"
"MG6000";"Могилев МОЦИС";"717654";"12199870";"608";"Санитарное содержание вспом. помещений жил. дома (кв. м)";"";"32600307";"ООО ""ЖилЭкспо"" (поставщик)";"ООО ""ЖилЭкспо"" (поставщик)";"13";"";"01.08.2024";"01.01.2100";"0,07993";"52,9";"4,23";"4,23";"0";"0";"0";"0";"30,72";"38,31";"38,31";"34,92";"0";"4795833041";"03.10.2026 20:45:50";"";"";"";"23";"0,03";"0"
"MG6000";"Могилев МОЦИС";"720759";"13373507";"608";"Санитарное содержание вспом. помещений жил. дома (кв. м)";"";"72";"Ленинское ЖРЭУ г.Могилев (поставщик)";"КУП ЖРЭУ Ленинского района поставщик";"13";"";"24.01.2025";"01.01.2100";"0,025382";"54,4";"1,38";"1,38";"0";"0,18";"0";"0";"3,18";"0,06";"0,24";"4,56";"0";"4783486365";"28.09.2026 21:07:20";"";"";"";"0";"0";"0"
"MG6000";"Могилев МОЦИС";"726397";"12196634";"608";"Санитарное содержание вспом. помещений жил. дома (кв. м)";"";"32600307";"ООО ""ЖилЭкспо"" (поставщик)";"ООО ""ЖилЭкспо"" (поставщик)";"13";"";"01.08.2024";"01.01.2100";"0,064473";"55,4";"3,57";"3,57";"0";"0";"0";"0";"3,57";"0";"0";"7,14";"0";"4795825967";"03.10.2026 20:41:18";"";"";"";"0";"0";"0"
"MG6000";"Могилев МОЦИС";"720735";"13373492";"608";"Санитарное содержание вспом. помещений жил. дома (кв. м)";"";"72";"Ленинское ЖРЭУ г.Могилев (поставщик)";"КУП ЖРЭУ Ленинского района поставщик";"13";"";"24.01.2025";"01.01.2100";"0,025382";"54,5";"1,38";"1,38";"0";"0,11";"0";"0";"3,22";"0,76";"0,87";"3,52";"0";"4783486352";"28.09.2026 21:07:20";"";"";"";"0";"1,08";"0"
"MG6000";"Могилев МОЦИС";"679160";"10610078";"608";"Санитарное содержание вспом. помещений жил. дома (кв. м)";"";"32600070";"ЖилКонтакт";"ОДО ""ЖилКонтакт""";"13";"";"01.09.2021";"01.01.2100";"0,0833";"38,2";"3,18";"3,18";"0";"0";"0";"0";"3,18";"0,05";"0,05";"6,36";"0";"4787168662";"30.09.2026 8:56:01";"";"";"";"0";"0";"0"
"MG6000";"Могилев МОЦИС";"442192";"10647124";"608";"Санитарное содержание вспом. помещений жил. дома (кв. м)";"";"72";"Ленинское ЖРЭУ г.Могилев (поставщик)";"КУП ЖРЭУ Ленинского района поставщик";"13";"";"01.09.2021";"01.01.2100";"0,000846";"20,3";"0,02";"0,02";"0";"0";"0";"0";"4,26";"11,89";"11,89";"4,27";"0";"4796047126";"05.10.2026 10:10:10";"";"";"";"54";"0,01";"0"
"MG6000";"Могилев МОЦИС";"726475";"12196712";"608";"Санитарное содержание вспом. помещений жил. дома (кв. м)";"";"32600307";"ООО ""ЖилЭкспо"" (поставщик)";"ООО ""ЖилЭкспо"" (поставщик)";"13";"";"01.08.2024";"01.01.2100";"0,064473";"42,9";"2,77";"2,77";"0";"0";"0";"0";"4,45";"0,2";"0,08";"5,26";"0";"4795826042";"03.10.2026 20:41:18";"";"";"";"0";"1,96";"0,12"
"MG6000";"Могилев МОЦИС";"660111";"10705735";"608";"Санитарное содержание вспом. помещений жил. дома (кв. м)";"";"32600065";"Коммунальник МК";"ОДО ""Коммунальник МК""";"13";"";"01.09.2021";"01.01.2100";"0,0833";"59,3";"4,94";"4,94";"0";"16,55";"0";"0";"187,26";"355,44";"371,99";"192,2";"0";"4787254558";"30.09.2026 9:15:23";"";"";"";"55";"0";"0"
"MG6000";"Могилев МОЦИС";"660160";"11188717";"613";"Электроэнергия на освещение вспом. помещений (кв. м)";"";"81";"Октябрьское ЖРЭУ (поставщик)";"КУП ЖРЭУ Октябрьского района поставщик";"14";"";"01.07.2022";"01.01.2100";"0";"59,5";"0";"0";"0";"0";"0";"0";"0,51";"0,07";"0,01";"0,17";"0";"4787254740";"30.09.2026 9:15:23";"";"";"";"0";"0,34";"0,06"
"MG6000";"Могилев МОЦИС";"442192";"10657084";"613";"Электроэнергия на освещение вспом. помещений (кв. м)";"";"72";"Ленинское ЖРЭУ г.Могилев (поставщик)";"КУП ЖРЭУ Ленинского района поставщик";"14";"";"01.09.2021";"01.01.2100";"0,0348";"20,3";"0,71";"0,71";"0";"0";"0";"0";"11,39";"6,01";"6,01";"12,1";"0";"4796047261";"05.10.2026 10:10:10";"";"";"";"40";"0";"0"
"MG6000";"Могилев МОЦИС";"726475";"12255976";"613";"Электроэнергия на освещение вспом. помещений (кв. м)";"";"32600307";"ООО ""ЖилЭкспо"" (поставщик)";"ООО ""ЖилЭкспо"" (поставщик)";"14";"";"01.08.2024";"01.01.2100";"0";"42,9";"0";"0";"0";"0";"0";"0";"1";"0,05";"0,02";"0,44";"0";"4795826450";"03.10.2026 20:41:18";"";"";"";"0";"0,56";"0,03"
"MG6000";"Могилев МОЦИС";"663970";"13924019";"613";"Электроэнергия на освещение вспом. помещений (кв. м)";"";"72";"Ленинское ЖРЭУ г.Могилев (поставщик)";"КУП ЖРЭУ Ленинского района поставщик";"14";"";"01.03.2026";"01.01.2100";"0";"41,6";"0";"0";"0";"0";"0";"0";"0,89";"0,06";"0";"0,64";"0";"4794956040";"03.10.2026 17:52:57";"";"";"";"0";"0,25";"0,06"
"MG6000";"Могилев МОЦИС";"557345";"11110765";"613";"Электроэнергия на освещение вспом. помещений (кв. м)";"";"81";"Октябрьское ЖРЭУ (поставщик)";"КУП ЖРЭУ Октябрьского района поставщик";"14";"";"01.03.2022";"01.01.2100";"0";"56,1";"0";"0";"0";"0";"0";"0";"0,81";"0,01";"0,01";"0,81";"0";"4790954848";"01.10.2026 19:46:49";"";"";"";"0";"0";"0"
"MG6000";"Могилев МОЦИС";"660111";"11188727";"613";"Электроэнергия на освещение вспом. помещений (кв. м)";"";"81";"Октябрьское ЖРЭУ (поставщик)";"КУП ЖРЭУ Октябрьского района поставщик";"14";"";"01.07.2022";"01.01.2100";"0";"59,3";"0";"0";"0";"5,42";"0";"0";"60,73";"115,15";"120,57";"60,73";"0";"4787254749";"30.09.2026 9:15:23";"";"";"";"45";"0";"0"
"MG6000";"Могилев МОЦИС";"663947";"13924095";"613";"Электроэнергия на освещение вспом. помещений (кв. м)";"";"72";"Ленинское ЖРЭУ г.Могилев (поставщик)";"КУП ЖРЭУ Ленинского района поставщик";"14";"";"01.03.2026";"01.01.2100";"0";"41,5";"0";"0";"0";"0";"0";"0";"0,64";"0";"0";"0,64";"0";"4794956116";"03.10.2026 17:52:57";"";"";"";"0";"0";"0"
"MG6000";"Могилев МОЦИС";"722252";"12273925";"613";"Электроэнергия на освещение вспом. помещений (кв. м)";"";"32600307";"ООО ""ЖилЭкспо"" (поставщик)";"ООО ""ЖилЭкспо"" (поставщик)";"14";"";"01.08.2024";"01.01.2100";"0";"67";"0";"0";"0";"0";"0";"0";"4,71";"0,23";"0,23";"4,71";"0";"4795771477";"03.10.2026 20:19:34";"";"";"";"0";"0";"0"
"MG6000";"Могилев МОЦИС";"720759";"12291031";"613";"Электроэнергия на освещение вспом. помещений (кв. м)";"";"72";"Ленинское ЖРЭУ г.Могилев (поставщик)";"КУП ЖРЭУ Ленинского района поставщик";"14";"";"01.08.2024";"01.01.2100";"0";"54,4";"0";"0";"0";"0,16";"0";"0";"3,21";"0,07";"0,23";"3,21";"0";"4783486205";"28.09.2026 21:07:20";"";"";"";"0";"0";"0"
"MG6000";"Могилев МОЦИС";"726397";"12255898";"613";"Электроэнергия на освещение вспом. помещений (кв. м)";"";"32600307";"ООО ""ЖилЭкспо"" (поставщик)";"ООО ""ЖилЭкспо"" (поставщик)";"14";"";"01.08.2024";"01.01.2100";"0";"55,4";"0";"0";"0";"0";"0";"0";"0,63";"0";"0";"0,63";"0";"4795826375";"03.10.2026 20:41:18";"";"";"";"0";"0";"0"
"MG6000";"Могилев МОЦИС";"717654";"12268366";"613";"Электроэнергия на освещение вспом. помещений (кв. м)";"";"32600307";"ООО ""ЖилЭкспо"" (поставщик)";"ООО ""ЖилЭкспо"" (поставщик)";"14";"";"01.08.2024";"01.01.2100";"0";"52,9";"0";"0";"0";"0";"0";"0";"5,41";"9,12";"9,12";"5,4";"0";"4795833418";"03.10.2026 20:45:50";"";"";"";"23";"0,01";"0"
"MG6000";"Могилев МОЦИС";"643569";"11731581";"613";"Электроэнергия на освещение вспом. помещений (кв. м)";"";"81";"Октябрьское ЖРЭУ (поставщик)";"КУП ЖРЭУ Октябрьского района поставщик";"14";"";"01.08.2023";"01.01.2100";"0";"59,2";"0";"0";"0";"0";"0";"0";"4,12";"0,23";"0,04";"2,06";"0";"4787383309";"30.09.2026 9:33:28";"";"";"";"0";"2,06";"0,19"
"MG6000";"Могилев МОЦИС";"387923";"10659744";"613";"Электроэнергия на освещение вспом. помещений (кв. м)";"";"72";"Ленинское ЖРЭУ г.Могилев (поставщик)";"КУП ЖРЭУ Ленинского района поставщик";"14";"";"01.09.2021";"01.01.2100";"0,024482";"79,3";"1,94";"1,94";"0";"0";"0";"0";"4,17";"0,05";"0,04";"4,16";"0";"4791679412";"02.10.2026 2:59:10";"";"";"";"0";"1,95";"0,01"
"MG6000";"Могилев МОЦИС";"722263";"12273936";"613";"Электроэнергия на освещение вспом. помещений (кв. м)";"";"32600307";"ООО ""ЖилЭкспо"" (поставщик)";"ООО ""ЖилЭкспо"" (поставщик)";"14";"";"01.08.2024";"01.01.2100";"0";"67";"0";"0";"0";"0";"0";"0";"6,56";"0,85";"0,85";"6,56";"0";"4795771487";"03.10.2026 20:19:34";"";"";"";"0";"0";"0"
"MG6000";"Могилев МОЦИС";"720735";"12291007";"613";"Электроэнергия на освещение вспом. помещений (кв. м)";"";"72";"Ленинское ЖРЭУ г.Могилев (поставщик)";"КУП ЖРЭУ Ленинского района поставщик";"14";"";"01.08.2024";"01.01.2100";"0";"54,5";"0";"0";"0";"0,1";"0";"0";"3,27";"1,92";"2,02";"2,32";"0";"4783486183";"28.09.2026 21:07:20";"";"";"";"0";"0,95";"0"
"MG6000";"Могилев МОЦИС";"736982";"13529484";"613";"Электроэнергия на освещение вспом. помещений (кв. м)";"";"72";"Ленинское ЖРЭУ г.Могилев (поставщик)";"КУП ЖРЭУ Ленинского района поставщик";"14";"";"02.05.2025";"01.01.2100";"0";"66,6";"0";"0";"0";"0";"0";"0";"2,03";"0";"0";"2,03";"0";"4783486917";"28.09.2026 21:07:20";"";"";"";"0";"0";"0"
"MG6000";"Могилев МОЦИС";"679160";"10610118";"613";"Электроэнергия на освещение вспом. помещений (кв. м)";"";"32600070";"ЖилКонтакт";"ОДО ""ЖилКонтакт""";"14";"";"01.09.2021";"01.01.2100";"0";"38,2";"0";"0";"0";"0";"0";"0";"0,68";"0,01";"0,01";"0,68";"0";"4787168695";"30.09.2026 8:56:01";"";"";"";"0";"0";"0"
"MG6000";"Могилев МОЦИС";"643569";"11730380";"611";"Электроэнергия на работу лифта";"";"81";"Октябрьское ЖРЭУ (поставщик)";"КУП ЖРЭУ Октябрьского района поставщик";"15";"";"01.08.2023";"01.01.2100";"0";"2";"0";"0";"0";"0";"0";"0";"4,11";"0,25";"0,04";"1,87";"0";"4787383203";"30.09.2026 9:33:28";"";"";"";"0";"2,24";"0,21"
"MG6000";"Могилев МОЦИС";"660160";"11188791";"611";"Электроэнергия на работу лифта";"";"81";"Октябрьское ЖРЭУ (поставщик)";"КУП ЖРЭУ Октябрьского района поставщик";"15";"";"01.07.2022";"01.01.2100";"0";"5";"0";"0";"0";"0";"0";"0";"6,44";"0,28";"0,07";"2,98";"0";"4787254813";"30.09.2026 9:15:23";"";"";"";"0";"3,46";"0,21"
"MG6000";"Могилев МОЦИС";"726397";"12256080";"611";"Электроэнергия на работу лифта";"";"32600307";"ООО ""ЖилЭкспо"" (поставщик)";"ООО ""ЖилЭкспо"" (поставщик)";"15";"";"01.08.2024";"01.01.2100";"0";"4";"0";"0";"0";"0";"0";"0";"2,83";"0";"0";"2,83";"0";"4795826510";"03.10.2026 20:41:18";"";"";"";"0";"0";"0"
"MG6000";"Могилев МОЦИС";"722252";"12273529";"611";"Электроэнергия на работу лифта";"";"32600307";"ООО ""ЖилЭкспо"" (поставщик)";"ООО ""ЖилЭкспо"" (поставщик)";"15";"";"01.08.2024";"01.01.2100";"0";"3";"0";"0";"0";"0";"0";"0";"4,61";"0,22";"0,22";"4,61";"0";"4795771367";"03.10.2026 20:19:34";"";"";"";"0";"0";"0"
"MG6000";"Могилев МОЦИС";"736982";"13529485";"611";"Электроэнергия на работу лифта";"";"72";"Ленинское ЖРЭУ г.Могилев (поставщик)";"КУП ЖРЭУ Ленинского района поставщик";"15";"";"02.05.2025";"01.01.2100";"0";"2";"0";"0";"0";"0";"0";"0";"1,26";"0";"0";"1,26";"0";"4783486918";"28.09.2026 21:07:20";"";"";"";"0";"0";"0"
"MG6000";"Могилев МОЦИС";"557345";"11110394";"611";"Электроэнергия на работу лифта";"";"81";"Октябрьское ЖРЭУ (поставщик)";"КУП ЖРЭУ Октябрьского района поставщик";"15";"";"01.03.2022";"01.01.2100";"0";"4";"0";"0";"0";"0";"0";"0";"4,09";"0,04";"0,04";"4,09";"0";"4790954817";"01.10.2026 19:46:49";"";"";"";"0";"0";"0"
"MG6000";"Могилев МОЦИС";"387923";"6927316";"611";"Электроэнергия на работу лифта";"";"72";"Ленинское ЖРЭУ г.Могилев (поставщик)";"КУП ЖРЭУ Ленинского района поставщик";"15";"";"01.03.2019";"01.01.2100";"0,399149";"4";"1,6";"1,6";"0";"0";"0";"0";"3,41";"0,04";"0,03";"3,46";"0";"4791616056";"02.10.2026 2:59:10";"";"";"";"0";"1,55";"0,01"
"MG6000";"Могилев МОЦИС";"722263";"12273540";"611";"Электроэнергия на работу лифта";"";"32600307";"ООО ""ЖилЭкспо"" (поставщик)";"ООО ""ЖилЭкспо"" (поставщик)";"15";"";"01.08.2024";"01.01.2100";"0";"4";"0";"0";"0";"0";"0";"0";"8,19";"0,95";"0,95";"8,19";"0";"4795771377";"03.10.2026 20:19:34";"";"";"";"0";"0";"0"
"MG6000";"Могилев МОЦИС";"726475";"12256158";"611";"Электроэнергия на работу лифта";"";"32600307";"ООО ""ЖилЭкспо"" (поставщик)";"ООО ""ЖилЭкспо"" (поставщик)";"15";"";"01.08.2024";"01.01.2100";"0";"4";"0";"0";"0";"0";"0";"0";"5,81";"0,24";"0,11";"2,54";"0";"4795826578";"03.10.2026 20:41:18";"";"";"";"0";"3,27";"0,13"
"MG6000";"Могилев МОЦИС";"663947";"13924240";"611";"Электроэнергия на работу лифта";"";"72";"Ленинское ЖРЭУ г.Могилев (поставщик)";"КУП ЖРЭУ Ленинского района поставщик";"15";"";"01.03.2026";"01.01.2100";"0";"1";"0";"0";"0";"0";"0,01";"0";"1,15";"0";"0";"1,16";"0";"4794956257";"03.10.2026 17:52:57";"";"";"";"0";"0";"0"
"MG6000";"Могилев МОЦИС";"720759";"12290747";"611";"Электроэнергия на работу лифта";"";"72";"Ленинское ЖРЭУ г.Могилев (поставщик)";"КУП ЖРЭУ Ленинского района поставщик";"15";"";"01.08.2024";"01.01.2100";"0";"2";"0";"0";"0";"0,12";"0";"0";"2,41";"0,04";"0,16";"2,41";"0";"4783486132";"28.09.2026 21:07:20";"";"";"";"0";"0";"0"
"MG6000";"Могилев МОЦИС";"660111";"11188799";"611";"Электроэнергия на работу лифта";"";"81";"Октябрьское ЖРЭУ (поставщик)";"КУП ЖРЭУ Октябрьского района поставщик";"15";"";"01.07.2022";"01.01.2100";"0";"2";"0";"0";"0";"4,99";"0";"0";"56,25";"107,05";"112,04";"56,25";"0";"4787254820";"30.09.2026 9:15:23";"";"";"";"45";"0";"0"
"MG6000";"Могилев МОЦИС";"717654";"12268143";"611";"Электроэнергия на работу лифта";"";"32600307";"ООО ""ЖилЭкспо"" (поставщик)";"ООО ""ЖилЭкспо"" (поставщик)";"15";"";"01.08.2024";"01.01.2100";"0";"3";"0";"0";"0";"0";"0";"0";"28,6";"37,83";"37,83";"28,57";"0";"4795833320";"03.10.2026 20:45:50";"";"";"";"23";"0,03";"0"
"MG6000";"Могилев МОЦИС";"663970";"13924229";"611";"Электроэнергия на работу лифта";"";"72";"Ленинское ЖРЭУ г.Могилев (поставщик)";"КУП ЖРЭУ Ленинского района поставщик";"15";"";"01.03.2026";"01.01.2100";"0";"1";"0";"0";"0";"0";"0,01";"0";"1,56";"0,13";"0";"1,16";"0";"4794956246";"03.10.2026 17:52:57";"";"";"";"0";"0,41";"0,13"
"MG6000";"Могилев МОЦИС";"660160";"11486082";"1701";"Управление общим имуществом совместного домовладения (м.кв.) от площ.";"";"81";"Октябрьское ЖРЭУ (поставщик)";"КУП ЖРЭУ Октябрьского района поставщик";"29";"";"17.09.2022";"01.01.2100";"0,0394";"59,5";"2,34";"2,34";"0";"0";"0";"0";"4,68";"0,17";"0,05";"4,68";"0";"4787254901";"30.09.2026 9:15:23";"";"";"";"0";"2,34";"0,12"
"MG6000";"Могилев МОЦИС";"722252";"13485773";"1701";"Управление общим имуществом совместного домовладения (м.кв.) от площ.";"";"72";"Ленинское ЖРЭУ г.Могилев (поставщик)";"КУП ЖРЭУ Ленинского района поставщик";"29";"";"14.03.2025";"01.01.2100";"0,0394";"67";"2,64";"2,64";"0";"0";"0";"0";"7,92";"0,39";"0,39";"10,56";"0";"4795771829";"03.10.2026 20:19:34";"";"";"";"0";"0";"0"
"MG6000";"Могилев МОЦИС";"720759";"12211785";"1701";"Управление общим имуществом совместного домовладения (м.кв.) от площ.";"";"72";"Ленинское ЖРЭУ г.Могилев (поставщик)";"КУП ЖРЭУ Ленинского района поставщик";"29";"";"01.08.2024";"01.01.2100";"0,0394";"54,4";"2,14";"2,14";"0";"0,22";"0";"0";"4,28";"0,09";"0,31";"6,42";"0";"4783485692";"28.09.2026 21:07:20";"";"";"";"0";"0";"0"
"MG6000";"Могилев МОЦИС";"663947";"13567038";"1701";"Управление общим имуществом совместного домовладения (м.кв.) от площ.";"";"72";"Ленинское ЖРЭУ г.Могилев (поставщик)";"КУП ЖРЭУ Ленинского района поставщик";"29";"";"14.06.2025";"01.01.2100";"0,0394";"41,5";"1,64";"1,64";"0";"0";"0";"0";"1,64";"0";"0";"3,28";"0";"4794955156";"03.10.2026 17:52:57";"";"";"";"0";"0";"0"
"MG6000";"Могилев МОЦИС";"663970";"13567042";"1701";"Управление общим имуществом совместного домовладения (м.кв.) от площ.";"";"72";"Ленинское ЖРЭУ г.Могилев (поставщик)";"КУП ЖРЭУ Ленинского района поставщик";"29";"";"14.06.2025";"01.01.2100";"0,0394";"41,6";"1,64";"1,64";"0";"0";"0";"0";"2,32";"0,15";"0";"3,28";"0";"4794955160";"03.10.2026 17:52:57";"";"";"";"0";"0,68";"0,15"
"MG6000";"Могилев МОЦИС";"736982";"13529486";"1701";"Управление общим имуществом совместного домовладения (м.кв.) от площ.";"";"72";"Ленинское ЖРЭУ г.Могилев (поставщик)";"КУП ЖРЭУ Ленинского района поставщик";"29";"";"02.05.2025";"01.01.2100";"0,0394";"66,6";"2,62";"2,62";"0";"0";"0";"0";"2,62";"0";"0";"5,24";"0";"4783486919";"28.09.2026 21:07:20";"";"";"";"0";"0";"0"
"MG6000";"Могилев МОЦИС";"660111";"11486033";"1701";"Управление общим имуществом совместного домовладения (м.кв.) от площ.";"";"81";"Октябрьское ЖРЭУ (поставщик)";"КУП ЖРЭУ Октябрьского района поставщик";"29";"";"17.09.2022";"01.01.2100";"0,0394";"59,3";"2,34";"2,34";"0";"7,93";"0";"0";"89,76";"121,92";"129,85";"92,1";"0";"4787254853";"30.09.2026 9:15:23";"";"";"";"12";"0";"0"
"MG6000";"Могилев МОЦИС";"679160";"11985261";"1701";"Управление общим имуществом совместного домовладения (м.кв.) от площ.";"";"81";"Октябрьское ЖРЭУ (поставщик)";"КУП ЖРЭУ Октябрьского района поставщик";"29";"";"14.06.2024";"01.01.2100";"0,0394";"38,2";"1,51";"1,51";"0";"0";"0";"0";"1,51";"0,02";"0,02";"3,02";"0";"4787168874";"30.09.2026 8:56:01";"";"";"";"0";"0";"0"
"MG6000";"Могилев МОЦИС";"720735";"12211761";"1701";"Управление общим имуществом совместного домовладения (м.кв.) от площ.";"";"72";"Ленинское ЖРЭУ г.Могилев (поставщик)";"КУП ЖРЭУ Ленинского района поставщик";"29";"";"01.08.2024";"01.01.2100";"0,0394";"54,5";"2,15";"2,15";"0";"0,14";"0";"0";"4,36";"2,13";"2,27";"5,2";"0";"4783485670";"28.09.2026 21:07:20";"";"";"";"0";"1,31";"0"
"MG6000";"Могилев МОЦИС";"442192";"11444305";"1701";"Управление общим имуществом совместного домовладения (м.кв.) от площ.";"";"72";"Ленинское ЖРЭУ г.Могилев (поставщик)";"КУП ЖРЭУ Ленинского района поставщик";"29";"";"17.09.2022";"01.01.2100";"0,0394";"20,3";"0,8";"0,8";"0";"0";"0";"0";"21,84";"33,73";"33,73";"22,51";"0";"4796048038";"05.10.2026 10:10:10";"";"";"";"0";"0,13";"0"
"MG6000";"Могилев МОЦИС";"557345";"11487698";"1701";"Управление общим имуществом совместного домовладения (м.кв.) от площ.";"";"81";"Октябрьское ЖРЭУ (поставщик)";"КУП ЖРЭУ Октябрьского района поставщик";"29";"";"17.09.2022";"01.01.2100";"0,0394";"56,1";"2,21";"2,21";"0";"0";"0";"0";"2,21";"0,02";"0,02";"4,42";"0";"4790954867";"01.10.2026 19:46:49";"";"";"";"0";"0";"0"
"MG6000";"Могилев МОЦИС";"387923";"11442662";"1701";"Управление общим имуществом совместного домовладения (м.кв.) от площ.";"";"72";"Ленинское ЖРЭУ г.Могилев (поставщик)";"КУП ЖРЭУ Ленинского района поставщик";"29";"";"17.09.2022";"01.01.2100";"0,0394";"79,3";"3,12";"3,12";"0";"0";"0";"0";"6,24";"0,07";"0,06";"6,24";"0";"4791693773";"02.10.2026 2:59:10";"";"";"";"0";"3,12";"0,01"
"MG6000";"Могилев МОЦИС";"722263";"13485784";"1701";"Управление общим имуществом совместного домовладения (м.кв.) от площ.";"";"72";"Ленинское ЖРЭУ г.Могилев (поставщик)";"КУП ЖРЭУ Ленинского района поставщик";"29";"";"14.03.2025";"01.01.2100";"0,0394";"67";"2,64";"2,64";"0";"0";"0";"0";"10,56";"1,21";"1,21";"13,2";"0";"4795771839";"03.10.2026 20:19:34";"";"";"";"0";"0";"0"
"MG6000";"Могилев МОЦИС";"643569";"11696534";"1701";"Управление общим имуществом совместного домовладения (м.кв.) от площ.";"";"81";"Октябрьское ЖРЭУ (поставщик)";"КУП ЖРЭУ Октябрьского района поставщик";"29";"";"01.08.2023";"01.01.2100";"0,0394";"59,2";"2,33";"2,33";"0";"0";"0";"0";"4,66";"0,26";"0,04";"4,66";"0";"4787383168";"30.09.2026 9:33:28";"";"";"";"0";"2,33";"0,22"
"MG6000";"Могилев МОЦИС";"679160";"10957403";"308";"ТО ЗПУ (руб.)";"";"32600106";"Альфакомгарант";"ООО ""Альфакомгарант""";"113";"";"01.09.2021";"01.01.2100";"1,68";"1";"1,68";"1,68";"0";"0";"0";"0";"1,68";"0";"0";"3,36";"0";"4787168728";"30.09.2026 8:56:01";"";"";"";"0";"0";"0"
"MG6000";"Могилев МОЦИС";"643569";"8810570";"308";"ТО ЗПУ (руб.)";"";"32600106";"Альфакомгарант";"ООО ""Альфакомгарант""";"113";"";"01.10.2017";"01.01.2100";"1,68";"1";"1,68";"1,68";"0";"0";"0";"0";"3,36";"0";"0";"3,36";"0";"4787382329";"30.09.2026 9:33:28";"";"";"";"0";"1,68";"0"
"MG6000";"Могилев МОЦИС";"726397";"12278017";"308";"ТО ЗПУ (руб.)";"";"32600307";"ООО ""ЖилЭкспо"" (поставщик)";"ООО ""ЖилЭкспо"" (поставщик)";"113";"";"01.08.2024";"01.01.2100";"1,68";"1";"1,68";"1,68";"0";"0";"0";"0";"1,68";"0";"0";"3,36";"0";"4795826643";"03.10.2026 20:41:18";"";"";"";"0";"0";"0"
"MG6000";"Могилев МОЦИС";"720735";"12260819";"308";"ТО ЗПУ (руб.)";"";"32600307";"ООО ""ЖилЭкспо"" (поставщик)";"ООО ""ЖилЭкспо"" (поставщик)";"113";"";"01.08.2024";"01.01.2100";"1,68";"1";"1,68";"1,68";"0";"0";"0";"0";"3,4";"0";"0";"4,06";"0";"4783485900";"28.09.2026 21:07:20";"";"";"";"0";"1,02";"0"
"MG6000";"Могилев МОЦИС";"387923";"3267253";"308";"ТО ЗПУ (руб.)";"";"165";"ЭТЭРНИЯ";"ООО ""Этэрния""";"113";"";"01.02.2014";"01.01.2100";"1,68";"1";"1,68";"1,68";"0";"0";"0";"0";"3,36";"0";"0";"3,36";"0";"4791591602";"02.10.2026 2:59:10";"";"";"";"0";"1,68";"0"
"MG6000";"Могилев МОЦИС";"722263";"12279869";"308";"ТО ЗПУ (руб.)";"";"32600307";"ООО ""ЖилЭкспо"" (поставщик)";"ООО ""ЖилЭкспо"" (поставщик)";"113";"";"01.08.2024";"01.01.2100";"1,68";"1";"1,68";"1,68";"0";"0";"0";"0";"6,72";"0";"0";"8,4";"0";"4795771602";"03.10.2026 20:19:34";"";"";"";"0";"0";"0"
"MG6000";"Могилев МОЦИС";"663970";"10442006";"308";"ТО ЗПУ (руб.)";"";"295";"ИП Пашкевич Д.В. (ЗПУ)";"ИП Пашкевич Дмитрий Владимирович (ЗПУ)";"113";"";"01.03.2021";"01.01.2100";"1,68";"1";"1,68";"1,68";"0";"0";"0";"0";"2,36";"0";"0";"3,36";"0";"4794953071";"03.10.2026 17:52:57";"";"";"";"0";"0,68";"0"
"MG6000";"Могилев МОЦИС";"726475";"12278095";"308";"ТО ЗПУ (руб.)";"";"32600307";"ООО ""ЖилЭкспо"" (поставщик)";"ООО ""ЖилЭкспо"" (поставщик)";"113";"";"01.08.2024";"01.01.2100";"1,68";"1";"1,68";"1,68";"0";"0";"0";"0";"3,36";"0";"0";"3,18";"0";"4795826718";"03.10.2026 20:41:18";"";"";"";"0";"1,86";"0"
"MG6000";"Могилев МОЦИС";"720759";"12260843";"308";"ТО ЗПУ (руб.)";"";"32600307";"ООО ""ЖилЭкспо"" (поставщик)";"ООО ""ЖилЭкспо"" (поставщик)";"113";"";"01.08.2024";"01.01.2100";"1,68";"1";"1,68";"1,68";"0";"0";"0";"0";"3,36";"0";"0";"5,04";"0";"4783485923";"28.09.2026 21:07:20";"";"";"";"0";"0";"0"
"MG6000";"Могилев МОЦИС";"717654";"12278733";"308";"ТО ЗПУ (руб.)";"";"32600307";"ООО ""ЖилЭкспо"" (поставщик)";"ООО ""ЖилЭкспо"" (поставщик)";"113";"";"01.08.2024";"01.01.2100";"1,68";"1";"1,68";"1,68";"0";"0";"0";"0";"11,02";"0";"0";"12,69";"0";"4795833516";"03.10.2026 20:45:50";"";"";"";"23";"0,01";"0"
"MG6000";"Могилев МОЦИС";"557345";"8186158";"308";"ТО ЗПУ (руб.)";"";"32600106";"Альфакомгарант";"ООО ""Альфакомгарант""";"113";"";"01.01.2016";"01.01.2100";"1,68";"1";"1,68";"1,68";"0";"0";"0";"0";"1,68";"0";"0";"3,36";"0";"4790954450";"01.10.2026 19:46:49";"";"";"";"0";"0";"0"
"MG6000";"Могилев МОЦИС";"660160";"8933492";"308";"ТО ЗПУ (руб.)";"";"32600106";"Альфакомгарант";"ООО ""Альфакомгарант""";"113";"";"01.10.2018";"01.01.2100";"1,68";"1";"1,68";"1,68";"0";"0";"0";"0";"3,36";"0";"0";"3,36";"0";"4787253625";"30.09.2026 9:15:23";"";"";"";"0";"1,68";"0"
"MG6000";"Могилев МОЦИС";"722252";"12279858";"308";"ТО ЗПУ (руб.)";"";"32600307";"ООО ""ЖилЭкспо"" (поставщик)";"ООО ""ЖилЭкспо"" (поставщик)";"113";"";"01.08.2024";"01.01.2100";"1,68";"1";"1,68";"1,68";"0";"0";"0";"0";"5,04";"0";"0";"6,72";"0";"4795771592";"03.10.2026 20:19:34";"";"";"";"0";"0";"0"
"MG6000";"Могилев МОЦИС";"663947";"10442002";"308";"ТО ЗПУ (руб.)";"";"295";"ИП Пашкевич Д.В. (ЗПУ)";"ИП Пашкевич Дмитрий Владимирович (ЗПУ)";"113";"";"01.03.2021";"01.01.2100";"1,68";"1";"1,68";"1,68";"0";"0";"0";"0";"1,68";"0";"0";"3,36";"0";"4794953067";"03.10.2026 17:52:57";"";"";"";"0";"0";"0"
"MG6000";"Могилев МОЦИС";"643569";"13668247";"312";"Установка и (или) ТО видеонаблюдения (руб.)";"";"32600106";"Альфакомгарант";"ООО ""Альфакомгарант""";"115";"";"01.09.2025";"01.01.2100";"4,7";"1";"4,7";"4,7";"0";"0";"0";"0";"9,4";"0";"0";"9,4";"0";"4787384387";"30.09.2026 9:33:28";"";"";"";"0";"4,7";"0"
"MG6000";"Могилев МОЦИС";"663947";"13680167";"312";"Установка и (или) ТО видеонаблюдения (руб.)";"";"295";"ИП Пашкевич Д.В. (ЗПУ)";"ИП Пашкевич Дмитрий Владимирович (ЗПУ)";"115";"";"01.09.2025";"01.01.2100";"3,5";"1";"3,5";"3,5";"0";"0";"0";"0";"3,5";"0";"0";"7";"0";"4794955489";"03.10.2026 17:52:57";"";"";"";"0";"0";"0"
"MG6000";"Могилев МОЦИС";"720735";"13689541";"312";"Установка и (или) ТО видеонаблюдения (руб.)";"";"32600307";"ООО ""ЖилЭкспо"" (поставщик)";"ООО ""ЖилЭкспо"" (поставщик)";"115";"";"01.09.2025";"01.01.2100";"3,99";"1";"3,99";"3,99";"0";"0";"0";"0";"8,08";"0";"0";"9,65";"0";"4783487030";"28.09.2026 21:07:20";"";"";"";"0";"2,42";"0"
"MG6000";"Могилев МОЦИС";"720759";"13689573";"312";"Установка и (или) ТО видеонаблюдения (руб.)";"";"32600307";"ООО ""ЖилЭкспо"" (поставщик)";"ООО ""ЖилЭкспо"" (поставщик)";"115";"";"01.09.2025";"01.01.2100";"3,99";"1";"3,99";"3,99";"0";"0";"0";"0";"7,98";"0";"0";"11,97";"0";"4783487057";"28.09.2026 21:07:20";"";"";"";"0";"0";"0"
"MG6000";"Могилев МОЦИС";"663970";"13680171";"312";"Установка и (или) ТО видеонаблюдения (руб.)";"";"295";"ИП Пашкевич Д.В. (ЗПУ)";"ИП Пашкевич Дмитрий Владимирович (ЗПУ)";"115";"";"01.09.2025";"01.01.2100";"3,5";"1";"3,5";"3,5";"0";"0";"0";"0";"4,93";"0";"0";"7";"0";"4794955493";"03.10.2026 17:52:57";"";"";"";"0";"1,43";"0"
"MG6000";"Могилев МОЦИС";"726397";"13703630";"312";"Установка и (или) ТО видеонаблюдения (руб.)";"";"32600307";"ООО ""ЖилЭкспо"" (поставщик)";"ООО ""ЖилЭкспо"" (поставщик)";"115";"";"01.10.2025";"01.01.2100";"2,49";"1";"2,49";"2,49";"0";"0";"0";"0";"2,49";"0";"0";"4,98";"0";"4795827099";"03.10.2026 20:41:18";"";"";"";"0";"0";"0"
"MG6000";"Могилев МОЦИС";"726475";"13703707";"312";"Установка и (или) ТО видеонаблюдения (руб.)";"";"32600307";"ООО ""ЖилЭкспо"" (поставщик)";"ООО ""ЖилЭкспо"" (поставщик)";"115";"";"01.10.2025";"01.01.2100";"2,49";"1";"2,49";"2,49";"0";"0";"0";"0";"4,98";"0";"0";"4,72";"0";"4795827153";"03.10.2026 20:41:18";"";"";"";"0";"2,75";"0"
"MG6000";"Могилев МОЦИС";"660160";"13657129";"312";"Установка и (или) ТО видеонаблюдения (руб.)";"";"32600106";"Альфакомгарант";"ООО ""Альфакомгарант""";"115";"";"01.09.2025";"01.01.2100";"4,1";"1";"4,1";"4,1";"0";"0";"0";"0";"8,2";"0";"0";"8,2";"0";"4787256152";"30.09.2026 9:15:23";"";"";"";"0";"4,1";"0"
"MG6000";"Могилев МОЦИС";"557345";"13651798";"312";"Установка и (или) ТО видеонаблюдения (руб.)";"";"32600106";"Альфакомгарант";"ООО ""Альфакомгарант""";"115";"";"01.09.2025";"01.01.2100";"5,1";"1";"5,1";"5,1";"0";"0";"0";"0";"5,1";"0";"0";"10,2";"0";"4790955361";"01.10.2026 19:46:49";"";"";"";"0";"0";"0"
"MG6000";"Могилев МОЦИС";"679160";"13668823";"312";"Установка и (или) ТО видеонаблюдения (руб.)";"";"32600106";"Альфакомгарант";"ООО ""Альфакомгарант""";"115";"";"01.09.2025";"01.01.2100";"4,1";"1";"4,1";"4,1";"0";"0";"0";"0";"4,1";"0";"0";"8,2";"0";"4787169132";"30.09.2026 8:56:01";"";"";"";"0";"0";"0"
"MG6000";"Могилев МОЦИС";"643569";"11171089";"868";"Ремонтно-восстановительные работы ЗПУ жилого дома (иные услуги)";"";"32600106";"Альфакомгарант";"ООО ""Альфакомгарант""";"121";"";"01.06.2022";"01.01.2100";"0,59";"1";"0,59";"0,59";"0";"0";"0";"0";"1,18";"0";"0";"1,18";"0";"4787382995";"30.09.2026 9:33:28";"";"";"";"0";"0,59";"0"
"MG6000";"Могилев МОЦИС";"660160";"11172070";"868";"Ремонтно-восстановительные работы ЗПУ жилого дома (иные услуги)";"";"32600106";"Альфакомгарант";"ООО ""Альфакомгарант""";"121";"";"01.06.2022";"01.01.2100";"0,59";"1";"0,59";"0,59";"0";"0";"0";"0";"1,18";"0";"0";"1,18";"0";"4787254669";"30.09.2026 9:15:23";"";"";"";"0";"0,59";"0"
"MG6000";"Могилев МОЦИС";"736982";"13529489";"183";"Плата за польз.жил.помещением гос.жил.фонда (пониж.коэфф.)";"";"72";"Ленинское ЖРЭУ г.Могилев (поставщик)";"КУП ЖРЭУ Ленинского района поставщик";"183";"";"02.05.2025";"01.01.2100";"0,54";"66,6";"35,96";"35,96";"0";"0";"0";"0";"35,96";"0";"0";"71,92";"0";"4783486921";"28.09.2026 21:07:20";"";"";"";"0";"0";"0"
"MG6000";"Могилев МОЦИС";"442192";"10211276";"183";"Плата за польз.жил.помещением гос.жил.фонда (пониж.коэфф.)";"";"72";"Ленинское ЖРЭУ г.Могилев (поставщик)";"КУП ЖРЭУ Ленинского района поставщик";"183";"";"01.03.2020";"01.01.2100";"0,54";"20,3";"10,96";"10,96";"0";"0";"0";"0";"306,67";"875,99";"875,99";"315,63";"0";"4796046600";"05.10.2026 10:10:10";"";"";"";"72";"2";"0"
"MG6000";"Могилев МОЦИС";"442192";"10211276";"183";"Плата за пользование арендным жильем (пониж.коэфф.)";"";"72";"Ленинское ЖРЭУ г.Могилев (поставщик)";"КУП ЖРЭУ Ленинского района поставщик";"183";"";"01.03.2020";"01.01.2100";"0,54";"20,3";"10,96";"10,96";"0";"0";"0";"0";"306,67";"875,99";"875,99";"315,63";"0";"4796046600";"05.10.2026 10:10:10";"";"";"";"72";"2";"0"
"MG6000";"Могилев МОЦИС";"736982";"13529489";"183";"Плата за пользование арендным жильем (пониж.коэфф.)";"";"72";"Ленинское ЖРЭУ г.Могилев (поставщик)";"КУП ЖРЭУ Ленинского района поставщик";"183";"";"02.05.2025";"01.01.2100";"0,54";"66,6";"35,96";"35,96";"0";"0";"0";"0";"35,96";"0";"0";"71,92";"0";"4783486921";"28.09.2026 21:07:20";"";"";"";"0";"0";"0"
"MG6000";"Могилев МОЦИС";"736982";"13529492";"283";"Плата за польз.жил.помещением гос.жил.фонда.";"";"72";"Ленинское ЖРЭУ г.Могилев (поставщик)";"КУП ЖРЭУ Ленинского района поставщик";"184";"";"02.05.2025";"01.01.2100";"5,4";"0";"0";"0";"0";"0";"0";"0";"0";"0";"0";"0";"0";"4783486922";"28.09.2026 21:07:20";"";"";"";"0";"0";"0"
"MG6000";"Могилев МОЦИС";"736982";"13529492";"283";"Плата за пользование арендным жильем";"";"72";"Ленинское ЖРЭУ г.Могилев (поставщик)";"КУП ЖРЭУ Ленинского района поставщик";"184";"";"02.05.2025";"01.01.2100";"5,4";"0";"0";"0";"0";"0";"0";"0";"0";"0";"0";"0";"0";"4783486922";"28.09.2026 21:07:20";"";"";"";"0";"0";"0"
"MG6000";"Могилев МОЦИС";"643569";"14016108";"30";"Налог за владение собаками";"";"81";"Октябрьское ЖРЭУ (поставщик)";"КУП ЖРЭУ Октябрьского района поставщик";"187";"";"01.06.2026";"01.01.2100";"1";"0";"0";"0";"0";"0";"0";"0";"14";"0";"0";"0";"0";"4787384474";"30.09.2026 9:33:28";"";"";"";"0";"14";"0"
"MG6000";"Могилев МОЦИС";"720735";"12350437";"80";"Земельный налог";"";"72";"Ленинское ЖРЭУ г.Могилев (поставщик)";"КУП ЖРЭУ Ленинского района поставщик";"188";"";"01.11.2024";"01.01.2100";"0,002283";"54,5";"0,12";"0,12";"0";"0";"0";"0";"0,24";"0";"0";"0,29";"0";"4783486258";"28.09.2026 21:07:20";"";"";"";"0";"0,07";"0"
"MG6000";"Могилев МОЦИС";"736982";"13529487";"80";"Земельный налог";"";"72";"Ленинское ЖРЭУ г.Могилев (поставщик)";"КУП ЖРЭУ Ленинского района поставщик";"188";"";"02.05.2025";"01.01.2100";"0,002283";"66,6";"0,15";"0,15";"0";"0";"0";"0";"0,15";"0";"0";"0,3";"0";"4783486920";"28.09.2026 21:07:20";"";"";"";"0";"0";"0"
"MG6000";"Могилев МОЦИС";"557345";"11582350";"80";"Земельный налог";"";"81";"Октябрьское ЖРЭУ (поставщик)";"КУП ЖРЭУ Октябрьского района поставщик";"188";"";"01.02.2023";"01.01.2100";"0,00307";"56,1";"0,17";"0,17";"0";"0";"0";"0";"0,17";"0";"0";"0,34";"0";"4790954941";"01.10.2026 19:46:49";"";"";"";"0";"0";"0"
"MG6000";"Могилев МОЦИС";"660160";"11583710";"80";"Земельный налог";"";"81";"Октябрьское ЖРЭУ (поставщик)";"КУП ЖРЭУ Октябрьского района поставщик";"188";"";"01.02.2023";"01.01.2100";"0,00213";"59,5";"0,13";"0";"0,13";"0";"0";"0";"0";"0";"0";"0";"0";"4787254940";"30.09.2026 9:15:23";"";"";"";"0";"0";"0"
"MG6000";"Могилев МОЦИС";"720759";"12350461";"80";"Земельный налог";"";"72";"Ленинское ЖРЭУ г.Могилев (поставщик)";"КУП ЖРЭУ Ленинского района поставщик";"188";"";"01.11.2024";"01.01.2100";"0,002283";"54,4";"0,12";"0,12";"0";"0";"0";"0";"0,24";"0";"0";"0,36";"0";"4783486280";"28.09.2026 21:07:20";"";"";"";"0";"0";"0"
"MG6000";"Могилев МОЦИС";"387923";"9838069";"80";"Земельный налог";"";"72";"Ленинское ЖРЭУ г.Могилев (поставщик)";"КУП ЖРЭУ Ленинского района поставщик";"188";"";"01.02.2020";"01.01.2100";"0,001517";"79,3";"0,12";"0,12";"0";"0";"0";"0";"0,24";"0";"0";"0,24";"0";"4791664119";"02.10.2026 2:59:10";"";"";"";"0";"0,12";"0"
"MG6000";"Могилев МОЦИС";"660111";"11583715";"80";"Земельный налог";"";"81";"Октябрьское ЖРЭУ (поставщик)";"КУП ЖРЭУ Октябрьского района поставщик";"188";"";"01.02.2023";"01.01.2100";"0,00213";"59,3";"0,13";"0,13";"0";"0";"0";"0";"4,15";"0";"0";"4,28";"0";"4787254945";"30.09.2026 9:15:23";"";"";"";"12";"0";"0"
"MG6000";"Могилев МОЦИС";"663947";"13611576";"80";"Земельный налог";"";"72";"Ленинское ЖРЭУ г.Могилев (поставщик)";"КУП ЖРЭУ Ленинского района поставщик";"188";"";"01.08.2025";"01.01.2100";"0,00098";"41,5";"0,04";"0,04";"0";"0";"0";"0";"0,04";"0";"0";"0,08";"0";"4794955408";"03.10.2026 17:52:57";"";"";"";"0";"0";"0"
"MG6000";"Могилев МОЦИС";"643569";"11861495";"80";"Земельный налог";"";"81";"Октябрьское ЖРЭУ (поставщик)";"КУП ЖРЭУ Октябрьского района поставщик";"188";"";"01.02.2024";"01.01.2100";"0,00231";"59,2";"0,14";"0,14";"0";"0";"0";"0";"0,28";"0";"0";"0,28";"0";"4787383759";"30.09.2026 9:33:28";"";"";"";"0";"0,14";"0"
"MG6000";"Могилев МОЦИС";"442192";"9838985";"80";"Земельный налог";"";"72";"Ленинское ЖРЭУ г.Могилев (поставщик)";"КУП ЖРЭУ Ленинского района поставщик";"188";"";"01.02.2020";"01.01.2100";"0,000966";"20,3";"0,02";"0,02";"0";"0";"0";"0";"0,59";"0";"0";"0,6";"0";"4796046556";"05.10.2026 10:10:10";"";"";"";"0";"0,01";"0"
"MG6000";"Могилев МОЦИС";"722263";"13804963";"80";"Земельный налог";"";"72";"Ленинское ЖРЭУ г.Могилев (поставщик)";"КУП ЖРЭУ Ленинского района поставщик";"188";"";"01.12.2025";"01.01.2100";"0,004045";"67";"0,27";"0,27";"0";"0";"0";"0";"1,08";"0";"0";"1,35";"0";"4795772492";"03.10.2026 20:19:34";"";"";"";"0";"0";"0"
"MG6000";"Могилев МОЦИС";"722252";"13804953";"80";"Земельный налог";"";"72";"Ленинское ЖРЭУ г.Могилев (поставщик)";"КУП ЖРЭУ Ленинского района поставщик";"188";"";"01.12.2025";"01.01.2100";"0,004045";"67";"0,27";"0,27";"0";"0";"0";"0";"0,81";"0";"0";"1,08";"0";"4795772482";"03.10.2026 20:19:34";"";"";"";"0";"0";"0"
"MG6000";"Могилев МОЦИС";"679160";"13476045";"80";"Земельный налог";"";"81";"Октябрьское ЖРЭУ (поставщик)";"КУП ЖРЭУ Октябрьского района поставщик";"188";"";"01.02.2025";"01.01.2100";"0,00412";"38,2";"0,16";"0,16";"0";"0";"0";"0";"0,16";"0";"0";"0,32";"0";"4787169078";"30.09.2026 8:56:01";"";"";"";"0";"0";"0"
"MG6000";"Могилев МОЦИС";"717654";"13460278";"80";"Земельный налог";"";"6000881";"ТС ""Спутник премиум""";"ТС ""Спутник премиум""";"188";"";"01.02.2025";"01.01.2100";"0";"52,9";"0";"0";"0";"0";"0";"0";"0";"0";"0";"0";"0";"4795833900";"03.10.2026 20:45:50";"";"";"";"0";"0";"0"
"MG6000";"Могилев МОЦИС";"663970";"13611555";"80";"Земельный налог";"";"72";"Ленинское ЖРЭУ г.Могилев (поставщик)";"КУП ЖРЭУ Ленинского района поставщик";"188";"";"01.08.2025";"01.01.2100";"0,00098";"41,6";"0,04";"0,04";"0";"0";"0";"0";"0,05";"0";"0";"0,08";"0";"4794955387";"03.10.2026 17:52:57";"";"";"";"0";"0,01";"0"
"MG6000";"Могилев МОЦИС";"387923";"11044009";"714";"Кабельное телевидение (ТВ-программы)";"";"32600361";"ООО ""Т1-Групп"" (ремонтные работы)";"ООО ""Т1-Групп"" (ремонтные работы)";"191";"";"01.12.2021";"01.01.2100";"15,89";"1";"15,89";"15,89";"0";"0";"0";"0";"31,78";"0";"0";"31,78";"0";"4791683437";"02.10.2026 2:59:10";"";"";"";"0";"15,89";"0"
"MG6000";"Могилев МОЦИС";"720735";"12264227";"858";"Уборка придомовой территории (м.кв.)";"";"32600307";"ООО ""ЖилЭкспо"" (поставщик)";"ООО ""ЖилЭкспо"" (поставщик)";"212";"";"01.08.2024";"01.01.2100";"0,19775";"54,5";"10,78";"10,78";"0";"0";"0";"0";"21,81";"0";"0";"26,09";"0";"4783485974";"28.09.2026 21:07:20";"";"";"";"0";"6,5";"0"
"MG6000";"Могилев МОЦИС";"663970";"9057167";"858";"Уборка придомовой территории (м.кв.)";"";"32600071";"Коммунальник-строй";"ОДО ""Коммунальник-строй""";"212";"";"01.09.2019";"01.01.2100";"0,08509";"41,6";"3,54";"3,54";"0";"0";"0";"0";"4,99";"0";"0";"7,08";"0";"4794952485";"03.10.2026 17:52:57";"";"";"";"0";"1,45";"0"
"MG6000";"Могилев МОЦИС";"726475";"12286596";"858";"Уборка придомовой территории (м.кв.)";"";"32600307";"ООО ""ЖилЭкспо"" (поставщик)";"ООО ""ЖилЭкспо"" (поставщик)";"212";"";"01.08.2024";"01.01.2100";"0,0351";"42,9";"1,51";"1,51";"0";"0";"0";"0";"3,02";"0";"0";"2,87";"0";"4795826970";"03.10.2026 20:41:18";"";"";"";"0";"1,66";"0"
"MG6000";"Могилев МОЦИС";"720759";"12264251";"858";"Уборка придомовой территории (м.кв.)";"";"32600307";"ООО ""ЖилЭкспо"" (поставщик)";"ООО ""ЖилЭкспо"" (поставщик)";"212";"";"01.08.2024";"01.01.2100";"0,19775";"54,4";"10,76";"10,76";"0";"0";"0";"0";"21,52";"0";"0";"32,28";"0";"4783485995";"28.09.2026 21:07:20";"";"";"";"0";"0";"0"
"MG6000";"Могилев МОЦИС";"717654";"12286016";"858";"Уборка придомовой территории (м.кв.)";"";"32600307";"ООО ""ЖилЭкспо"" (поставщик)";"ООО ""ЖилЭкспо"" (поставщик)";"212";"";"01.08.2024";"01.01.2100";"0,03155";"52,9";"1,67";"1,67";"0";"0";"0";"0";"10,14";"0";"0";"11,81";"0";"4795833614";"03.10.2026 20:45:50";"";"";"";"19";"0";"0"
"MG6000";"Могилев МОЦИС";"722252";"12289979";"858";"Уборка придомовой территории (м.кв.)";"";"32600307";"ООО ""ЖилЭкспо"" (поставщик)";"ООО ""ЖилЭкспо"" (поставщик)";"212";"";"01.08.2024";"01.01.2100";"0,19146";"67";"12,83";"12,83";"0";"0";"0";"0";"38,49";"0";"0";"51,32";"0";"4795771706";"03.10.2026 20:19:34";"";"";"";"0";"0";"0"
"MG6000";"Могилев МОЦИС";"679160";"10558925";"858";"Уборка придомовой территории (м.кв.)";"";"32600070";"ЖилКонтакт";"ОДО ""ЖилКонтакт""";"212";"";"01.08.2021";"01.01.2100";"0,223";"38,2";"8,52";"8,52";"0";"0";"0";"0";"8,52";"0";"0";"17,04";"0";"4787168425";"30.09.2026 8:56:01";"";"";"";"0";"0";"0"
"MG6000";"Могилев МОЦИС";"726397";"12286518";"858";"Уборка придомовой территории (м.кв.)";"";"32600307";"ООО ""ЖилЭкспо"" (поставщик)";"ООО ""ЖилЭкспо"" (поставщик)";"212";"";"01.08.2024";"01.01.2100";"0,0351";"55,4";"1,94";"1,94";"0";"0";"0";"0";"1,94";"0";"0";"3,88";"0";"4795826894";"03.10.2026 20:41:18";"";"";"";"0";"0";"0"
"MG6000";"Могилев МОЦИС";"557345";"8186151";"858";"Уборка придомовой территории (м.кв.)";"";"32600065";"Коммунальник МК";"ОДО ""Коммунальник МК""";"212";"";"01.02.2016";"01.01.2100";"0,085";"56,1";"4,77";"4,77";"0";"0";"0";"0";"4,77";"0";"0";"9,54";"0";"4790954449";"01.10.2026 19:46:49";"";"";"";"0";"0";"0"
"MG6000";"Могилев МОЦИС";"722263";"12289990";"858";"Уборка придомовой территории (м.кв.)";"";"32600307";"ООО ""ЖилЭкспо"" (поставщик)";"ООО ""ЖилЭкспо"" (поставщик)";"212";"";"01.08.2024";"01.01.2100";"0,19146";"67";"12,83";"12,83";"0";"0";"0";"0";"51,32";"0";"0";"64,15";"0";"4795771716";"03.10.2026 20:19:34";"";"";"";"0";"0";"0"
"MG6000";"Могилев МОЦИС";"660111";"9063275";"858";"Уборка придомовой территории (м.кв.)";"";"32600065";"Коммунальник МК";"ОДО ""Коммунальник МК""";"212";"";"14.10.2019";"01.01.2100";"0,119";"59,3";"7,06";"7,06";"0";"0";"0";"0";"327,28";"0";"0";"334,34";"0";"4787253843";"30.09.2026 9:15:23";"";"";"";"0";"0";"0"
"MG6000";"Могилев МОЦИС";"660160";"9063265";"858";"Уборка придомовой территории (м.кв.)";"";"32600065";"Коммунальник МК";"ОДО ""Коммунальник МК""";"212";"";"14.10.2019";"01.01.2100";"0,119";"59,5";"7,08";"7,08";"0";"0";"0";"0";"14,16";"0";"0";"14,16";"0";"4787253834";"30.09.2026 9:15:23";"";"";"";"0";"7,08";"0"
"MG6000";"Могилев МОЦИС";"663947";"9057165";"858";"Уборка придомовой территории (м.кв.)";"";"32600071";"Коммунальник-строй";"ОДО ""Коммунальник-строй""";"212";"";"01.09.2019";"01.01.2100";"0,08509";"41,5";"3,53";"3,53";"0";"0";"0";"0";"3,53";"0";"0";"7,06";"0";"4794952483";"03.10.2026 17:52:57";"";"";"";"0";"0";"0"
"MG6000";"Могилев МОЦИС";"643569";"8773745";"858";"Уборка придомовой территории (м.кв.)";"";"32600065";"Коммунальник МК";"ОДО ""Коммунальник МК""";"212";"";"01.09.2017";"01.01.2100";"0,073";"59,2";"4,32";"4,32";"0";"0";"0";"0";"8,64";"0";"0";"8,64";"0";"4787382221";"30.09.2026 9:33:28";"";"";"";"0";"4,32";"0"
"MG6000";"Могилев МОЦИС";"387923";"13917600";"746";"Платные услуги (клининг)";"";"172";"Моя Вежа";"ОДО ""Моя Вежа""";"505";"";"01.03.2026";"01.01.2100";"4,47";"1";"4,47";"4,47";"0";"0";"0";"0";"8,73";"0";"0";"8,94";"0";"4791583309";"02.10.2026 2:59:10";"";"";"";"0";"4,26";"0"
"MG6000";"Могилев МОЦИС";"679160";"10564651";"761";"Платные услуги (обслуживание электрооборудования) (м.кв.)";"";"32600070";"ЖилКонтакт";"ОДО ""ЖилКонтакт""";"739";"";"01.08.2021";"01.01.2100";"0";"38,2";"0";"0";"0";"0";"0";"0";"0";"0";"0";"0";"0";"4787168492";"30.09.2026 8:56:01";"";"";"";"0";"0";"0"
"MG6000";"Могилев МОЦИС";"643569";"11501318";"761";"Платные услуги (обслуживание электрооборудования) (м.кв.)";"";"32600065";"Коммунальник МК";"ОДО ""Коммунальник МК""";"739";"";"01.10.2022";"01.01.2100";"0";"59,2";"0";"0";"0";"0";"0";"0";"0";"0";"0";"0";"0";"4787383086";"30.09.2026 9:33:28";"";"";"";"0";"0";"0"