"Код схемы";"Наименование схемы";"Код ЛС (ID ЛС)";"Код договора на услугу (ID Договора)";"Код услуги (ID Услуги)";"Наименование услуги";"Наименование услуги в извещении для дополнительных";"Код поставщика услуги";"Краткое наименование поставщика";"Полное наименование поставщика";"Код сортировки";"ID группы отчёта";"Дата начала действия услуги (Дата с)";"Дата окончания действия услуги (Дата по)";"Тариф";"Начислено (количество)";"Всего начислено";"Начислено";"Льгота";"Начислено пени";"Перерасчёт";"Взаимозачет по услуге";"Входящее сальдо без пени";"Входящее сальдо пени";"Исходящее сальдо пени";"Исходящее сальдо с пенями";"Субсидия (сумма субсидии)";"Код операции расчета (ID Расчёта)";"Фактическая дата выполнения расчета (Дата расчёта)";"Перерасчет по пене";"Взаимозачет пени";"Просроченная задолженность";"Кол-во периодов долга";"Распределённая оплата услуг в текущем опер. периоде";"Распределённая оплата пени в текущем опер. периоде"
"BR2000";"Бреcт ЖРЭУ г.Брест";"216816";"1555944";"1";"Техобслуживание";"";"1";"ЖРЭУ";"Коммунальное унитарное предприятие ""Жилищное ремонтно-эксплуатационное управление г.Бреста""";"1";"2";"01.01.2000";"01.01.2100";"0,20745";"20,11";"4,17";"4,17";"0";"0";"0";"0";"4,17";"0";"0";"8,34";"0";"2279096401";"02.10.2026 19:53:59";"";"";"";"0";"0";"0"
"BR2000";"Бреcт ЖРЭУ г.Брест";"367826";"5260346";"1";"Техобслуживание";"";"1";"ЖРЭУ";"Коммунальное унитарное предприятие ""Жилищное ремонтно-эксплуатационное управление г.Бреста""";"1";"2";"01.09.2023";"01.01.2100";"0,2305";"64,7";"14,91";"14,91";"0";"0";"0";"0";"14,91";"0";"0";"29,82";"0";"2278857091";"02.10.2026 19:07:34";"";"";"";"0";"0";"0"
"BR2000";"Бреcт ЖРЭУ г.Брест";"180401";"1126914";"1";"Техобслуживание";"";"1";"ЖРЭУ";"Коммунальное унитарное предприятие ""Жилищное ремонтно-эксплуатационное управление г.Бреста""";"1";"2";"01.01.2000";"01.01.2100";"0,2305";"58,5";"13,48";"13,48";"0";"0";"0";"0";"13,48";"0,36";"0,36";"26,96";"0";"2280870147";"05.10.2026 11:15:21";"";"";"";"0";"0";"0"
"BR2000";"Бреcт ЖРЭУ г.Брест";"196682";"1397627";"1";"Техобслуживание";"";"1";"ЖРЭУ";"Коммунальное унитарное предприятие ""Жилищное ремонтно-эксплуатационное управление г.Бреста""";"1";"2";"01.01.2000";"01.01.2100";"0,2305";"64,8";"14,94";"14,94";"0";"0";"0";"0";"14,94";"579,11";"579,11";"29,88";"0";"2278950289";"02.10.2026 19:33:34";"";"";"";"23";"0";"0"
"BR2000";"Бреcт ЖРЭУ г.Брест";"178334";"1130387";"1";"Техобслуживание";"";"1";"ЖРЭУ";"Коммунальное унитарное предприятие ""Жилищное ремонтно-эксплуатационное управление г.Бреста""";"1";"2";"01.01.2000";"01.01.2100";"0,2305";"49,9";"11,5";"11,5";"0";"0";"0";"0";"23";"0";"0";"34,5";"0";"2280871256";"05.10.2026 11:15:21";"";"";"";"0";"0";"0"
"BR2000";"Бреcт ЖРЭУ г.Брест";"405133";"6921985";"1";"Техобслуживание";"";"1";"ЖРЭУ";"Коммунальное унитарное предприятие ""Жилищное ремонтно-эксплуатационное управление г.Бреста""";"1";"2";"01.08.2026";"01.01.2100";"0,2305";"0";"0";"0";"0";"0";"0";"0";"0";"0";"0";"0";"0";"2278884280";"02.10.2026 19:07:34";"";"";"";"0";"0";"0"
"BR2000";"Бреcт ЖРЭУ г.Брест";"405134";"6922031";"1";"Техобслуживание";"";"1";"ЖРЭУ";"Коммунальное унитарное предприятие ""Жилищное ремонтно-эксплуатационное управление г.Бреста""";"1";"2";"01.08.2026";"01.01.2100";"0,2305";"13,75";"3,17";"3,17";"0";"0";"0";"0";"3,17";"0";"0";"6,34";"0";"2278884301";"02.10.2026 19:07:34";"";"";"";"0";"0";"0"
"BR2000";"Бреcт ЖРЭУ г.Брест";"201244";"1401911";"1";"Техобслуживание";"";"1";"ЖРЭУ";"Коммунальное унитарное предприятие ""Жилищное ремонтно-эксплуатационное управление г.Бреста""";"1";"2";"01.01.2000";"01.01.2100";"0,2305";"49,2";"11,34";"11,34";"0";"0";"0";"0";"45,36";"4,12";"4,12";"23,37";"0";"2278952060";"02.10.2026 19:33:34";"";"";"";"0";"33,33";"0"
"BR2000";"Бреcт ЖРЭУ г.Брест";"213557";"1549001";"1";"Техобслуживание";"";"1";"ЖРЭУ";"Коммунальное унитарное предприятие ""Жилищное ремонтно-эксплуатационное управление г.Бреста""";"1";"2";"01.01.2000";"01.01.2100";"0,2305";"25,1";"5,79";"5,79";"0";"0";"0";"0";"17,37";"0,97";"0,64";"11,58";"0";"2279093822";"02.10.2026 19:53:59";"";"";"";"0";"11,58";"0,33"
"BR2000";"Бреcт ЖРЭУ г.Брест";"222142";"1692899";"1";"Техобслуживание";"";"1";"ЖРЭУ";"Коммунальное унитарное предприятие ""Жилищное ремонтно-эксплуатационное управление г.Бреста""";"1";"2";"01.01.2000";"01.01.2100";"0,2305";"47,2";"10,88";"8,57";"2,31";"0";"0";"0";"8,57";"0,7";"0,7";"17,14";"0";"2280185351";"03.10.2026 0:30:41";"";"";"";"0";"0";"0"
"BR2000";"Бреcт ЖРЭУ г.Брест";"176139";"1158893";"1";"Техобслуживание";"";"1";"ЖРЭУ";"Коммунальное унитарное предприятие ""Жилищное ремонтно-эксплуатационное управление г.Бреста""";"1";"2";"01.01.2000";"01.01.2100";"0,2305";"49,2";"11,34";"11,34";"0";"0";"0";"0";"86,25";"41,13";"41,13";"97,59";"0";"2280875029";"05.10.2026 11:15:21";"";"";"";"15";"0";"0"
"BR2000";"Бреcт ЖРЭУ г.Брест";"201233";"1401864";"1";"Техобслуживание";"";"1";"ЖРЭУ";"Коммунальное унитарное предприятие ""Жилищное ремонтно-эксплуатационное управление г.Бреста""";"1";"2";"01.01.2000";"01.01.2100";"0,2305";"49,44";"11,4";"11,4";"0";"0";"0";"0";"11,4";"0,03";"0,03";"22,8";"0";"2278952045";"02.10.2026 19:33:34";"";"";"";"0";"0";"0"
"BR2000";"Бреcт ЖРЭУ г.Брест";"178602";"1131841";"1";"Техобслуживание";"";"1";"ЖРЭУ";"Коммунальное унитарное предприятие ""Жилищное ремонтно-эксплуатационное управление г.Бреста""";"1";"2";"01.01.2000";"01.01.2100";"0,2305";"49,4";"11,39";"11,39";"0";"0";"0";"0";"22,78";"0,31";"0,31";"20,07";"0";"2280871694";"05.10.2026 11:15:21";"";"";"";"0";"14,1";"0"
"BR2000";"Бреcт ЖРЭУ г.Брест";"175880";"1158034";"1";"Техобслуживание";"";"1";"ЖРЭУ";"Коммунальное унитарное предприятие ""Жилищное ремонтно-эксплуатационное управление г.Бреста""";"1";"2";"01.01.2000";"01.01.2100";"0,2305";"31,33";"7,22";"7,22";"0";"0";"0";"0";"7,22";"0,11";"0,11";"14,44";"0";"2280874664";"05.10.2026 11:15:21";"";"";"";"0";"0";"0"
"BR2000";"Бреcт ЖРЭУ г.Брест";"180100";"1158408";"1";"Техобслуживание";"";"1";"ЖРЭУ";"Коммунальное унитарное предприятие ""Жилищное ремонтно-эксплуатационное управление г.Бреста""";"1";"2";"01.01.2000";"01.01.2100";"0,2305";"49,1";"11,32";"11,32";"0";"0";"0";"0";"11,32";"0,12";"0,12";"22,64";"0";"2280874799";"05.10.2026 11:15:21";"";"";"";"0";"0";"0"
"BR2000";"Бреcт ЖРЭУ г.Брест";"179635";"1164074";"1";"Техобслуживание";"";"1";"ЖРЭУ";"Коммунальное унитарное предприятие ""Жилищное ремонтно-эксплуатационное управление г.Бреста""";"1";"2";"01.01.2000";"01.01.2100";"0,2305";"49,88";"11,5";"11,5";"0";"0";"0";"0";"11,5";"0,07";"0,07";"23";"0";"2280876601";"05.10.2026 11:15:21";"";"";"";"0";"0";"0"
"BR2000";"Бреcт ЖРЭУ г.Брест";"206077";"1522706";"1";"Техобслуживание";"";"1";"ЖРЭУ";"Коммунальное унитарное предприятие ""Жилищное ремонтно-эксплуатационное управление г.Бреста""";"1";"2";"01.01.2000";"01.01.2100";"0,2305";"36,9";"8,51";"8,51";"0";"0";"0";"0";"8,51";"0";"0";"17,02";"0";"2279088255";"02.10.2026 19:53:59";"";"";"";"0";"0";"0"
"BR2000";"Бреcт ЖРЭУ г.Брест";"196440";"1396430";"1";"Техобслуживание";"";"1";"ЖРЭУ";"Коммунальное унитарное предприятие ""Жилищное ремонтно-эксплуатационное управление г.Бреста""";"1";"2";"01.01.2000";"01.01.2100";"0,2305";"0";"0";"0";"0";"0";"0";"0";"0";"0";"0";"0";"0";"2278949764";"02.10.2026 19:33:34";"";"";"";"0";"0";"0"
"BR2000";"Бреcт ЖРЭУ г.Брест";"200266";"1410250";"1";"Техобслуживание";"";"1";"ЖРЭУ";"Коммунальное унитарное предприятие ""Жилищное ремонтно-эксплуатационное управление г.Бреста""";"1";"2";"01.01.2000";"01.01.2100";"0,2305";"50,8";"11,71";"11,71";"0";"0";"0";"0";"11,71";"0";"0";"23,42";"0";"2278953981";"02.10.2026 19:33:34";"";"";"";"0";"0";"0"
"BR2000";"Бреcт ЖРЭУ г.Брест";"206077";"1522707";"2";"Техобслуживание по ЭОЗ";"";"1";"ЖРЭУ";"Коммунальное унитарное предприятие ""Жилищное ремонтно-эксплуатационное управление г.Бреста""";"2";"2";"01.01.2000";"01.01.2100";"0,2473";"0";"0";"0";"0";"0";"0";"0";"0";"0";"0";"0";"0";"2279088256";"02.10.2026 19:53:59";"";"";"";"0";"0";"0"
"BR2000";"Бреcт ЖРЭУ г.Брест";"176139";"1158894";"2";"Техобслуживание по ЭОЗ";"";"1";"ЖРЭУ";"Коммунальное унитарное предприятие ""Жилищное ремонтно-эксплуатационное управление г.Бреста""";"2";"2";"01.01.2000";"01.01.2100";"0,2473";"0";"0";"0";"0";"0";"0";"0";"0";"0";"0";"0";"0";"2280875030";"05.10.2026 11:15:21";"";"";"";"0";"0";"0"
"BR2000";"Бреcт ЖРЭУ г.Брест";"405133";"6921986";"2";"Техобслуживание по ЭОЗ";"";"1";"ЖРЭУ";"Коммунальное унитарное предприятие ""Жилищное ремонтно-эксплуатационное управление г.Бреста""";"2";"2";"01.08.2026";"01.01.2100";"0,2473";"13,75";"3,4";"3,4";"0";"0";"0";"0";"3,4";"0";"0";"6,8";"0";"2278884281";"02.10.2026 19:07:34";"";"";"";"0";"0";"0"
"BR2000";"Бреcт ЖРЭУ г.Брест";"367826";"5260347";"2";"Техобслуживание по ЭОЗ";"";"1";"ЖРЭУ";"Коммунальное унитарное предприятие ""Жилищное ремонтно-эксплуатационное управление г.Бреста""";"2";"2";"01.09.2023";"01.01.2100";"0,2473";"0";"0";"0";"0";"0";"0";"0";"0";"0";"0";"0";"0";"2278857092";"02.10.2026 19:07:34";"";"";"";"0";"0";"0"
"BR2000";"Бреcт ЖРЭУ г.Брест";"179635";"1164075";"2";"Техобслуживание по ЭОЗ";"";"1";"ЖРЭУ";"Коммунальное унитарное предприятие ""Жилищное ремонтно-эксплуатационное управление г.Бреста""";"2";"2";"01.01.2000";"01.01.2100";"0,2473";"0";"0";"0";"0";"0";"0";"0";"0";"0";"0";"0";"0";"2280876602";"05.10.2026 11:15:21";"";"";"";"0";"0";"0"
"BR2000";"Бреcт ЖРЭУ г.Брест";"180100";"1158409";"2";"Техобслуживание по ЭОЗ";"";"1";"ЖРЭУ";"Коммунальное унитарное предприятие ""Жилищное ремонтно-эксплуатационное управление г.Бреста""";"2";"2";"01.01.2000";"01.01.2100";"0,2473";"0";"0";"0";"0";"0";"0";"0";"0";"0";"0";"0";"0";"2280874800";"05.10.2026 11:15:21";"";"";"";"0";"0";"0"
"BR2000";"Бреcт ЖРЭУ г.Брест";"216816";"1555945";"2";"Техобслуживание по ЭОЗ";"";"1";"ЖРЭУ";"Коммунальное унитарное предприятие ""Жилищное ремонтно-эксплуатационное управление г.Бреста""";"2";"2";"01.01.2000";"01.01.2100";"0,22257";"0";"0";"0";"0";"0";"0";"0";"0";"0";"0";"0";"0";"2279096402";"02.10.2026 19:53:59";"";"";"";"0";"0";"0"
"BR2000";"Бреcт ЖРЭУ г.Брест";"201244";"1401912";"2";"Техобслуживание по ЭОЗ";"";"1";"ЖРЭУ";"Коммунальное унитарное предприятие ""Жилищное ремонтно-эксплуатационное управление г.Бреста""";"2";"2";"01.01.2000";"01.01.2100";"0,2473";"0";"0";"0";"0";"0";"0";"0";"0";"0";"0";"0";"0";"2278952061";"02.10.2026 19:33:34";"";"";"";"0";"0";"0"
"BR2000";"Бреcт ЖРЭУ г.Брест";"178602";"1131842";"2";"Техобслуживание по ЭОЗ";"";"1";"ЖРЭУ";"Коммунальное унитарное предприятие ""Жилищное ремонтно-эксплуатационное управление г.Бреста""";"2";"2";"01.01.2000";"01.01.2100";"0,2473";"0";"0";"0";"0";"0";"0";"0";"0";"0";"0";"0";"0";"2280871695";"05.10.2026 11:15:21";"";"";"";"0";"0";"0"
"BR2000";"Бреcт ЖРЭУ г.Брест";"180401";"1126915";"2";"Техобслуживание по ЭОЗ";"";"1";"ЖРЭУ";"Коммунальное унитарное предприятие ""Жилищное ремонтно-эксплуатационное управление г.Бреста""";"2";"2";"01.01.2000";"01.01.2100";"0,2473";"0";"0";"0";"0";"0";"0";"0";"0";"0";"0";"0";"0";"2280870148";"05.10.2026 11:15:21";"";"";"";"0";"0";"0"
"BR2000";"Бреcт ЖРЭУ г.Брест";"196682";"1397628";"2";"Техобслуживание по ЭОЗ";"";"1";"ЖРЭУ";"Коммунальное унитарное предприятие ""Жилищное ремонтно-эксплуатационное управление г.Бреста""";"2";"2";"01.01.2000";"01.01.2100";"0,2473";"0";"0";"0";"0";"0";"0";"0";"0";"0";"0";"0";"0";"2278950290";"02.10.2026 19:33:34";"";"";"";"0";"0";"0"
"BR2000";"Бреcт ЖРЭУ г.Брест";"222142";"1692900";"2";"Техобслуживание по ЭОЗ";"";"1";"ЖРЭУ";"Коммунальное унитарное предприятие ""Жилищное ремонтно-эксплуатационное управление г.Бреста""";"2";"2";"01.01.2000";"01.01.2100";"0,2473";"0";"0";"0";"0";"0";"0";"0";"0";"0";"0";"0";"0";"2280174221";"03.10.2026 0:30:41";"";"";"";"0";"0";"0"
"BR2000";"Бреcт ЖРЭУ г.Брест";"213557";"1549002";"2";"Техобслуживание по ЭОЗ";"";"1";"ЖРЭУ";"Коммунальное унитарное предприятие ""Жилищное ремонтно-эксплуатационное управление г.Бреста""";"2";"2";"01.01.2000";"01.01.2100";"0,2473";"0";"0";"0";"0";"0";"0";"0";"0";"0";"0";"0";"0";"2279093823";"02.10.2026 19:53:59";"";"";"";"0";"0";"0"
"BR2000";"Бреcт ЖРЭУ г.Брест";"178334";"1130388";"2";"Техобслуживание по ЭОЗ";"";"1";"ЖРЭУ";"Коммунальное унитарное предприятие ""Жилищное ремонтно-эксплуатационное управление г.Бреста""";"2";"2";"01.01.2000";"01.01.2100";"0,2473";"0";"0";"0";"0";"0";"0";"0";"0";"0";"0";"0";"0";"2280871257";"05.10.2026 11:15:21";"";"";"";"0";"0";"0"
"BR2000";"Бреcт ЖРЭУ г.Брест";"405134";"6922032";"2";"Техобслуживание по ЭОЗ";"";"1";"ЖРЭУ";"Коммунальное унитарное предприятие ""Жилищное ремонтно-эксплуатационное управление г.Бреста""";"2";"2";"01.08.2026";"01.01.2100";"0,2473";"0";"0";"0";"0";"0";"0";"0";"0";"0";"0";"0";"0";"2278884302";"02.10.2026 19:07:34";"";"";"";"0";"0";"0"
"BR2000";"Бреcт ЖРЭУ г.Брест";"196440";"1396431";"2";"Техобслуживание по ЭОЗ";"";"1";"ЖРЭУ";"Коммунальное унитарное предприятие ""Жилищное ремонтно-эксплуатационное управление г.Бреста""";"2";"2";"01.01.2000";"01.01.2100";"0,2473";"34,1";"8,43";"8,43";"0";"0";"0";"0";"8,43";"0";"0";"16,86";"0";"2278949765";"02.10.2026 19:33:34";"";"";"";"0";"0";"0"
"BR2000";"Бреcт ЖРЭУ г.Брест";"200266";"1410251";"2";"Техобслуживание по ЭОЗ";"";"1";"ЖРЭУ";"Коммунальное унитарное предприятие ""Жилищное ремонтно-эксплуатационное управление г.Бреста""";"2";"2";"01.01.2000";"01.01.2100";"0,2473";"0";"0";"0";"0";"0";"0";"0";"0";"0";"0";"0";"0";"2278953982";"02.10.2026 19:33:34";"";"";"";"0";"0";"0"
"BR2000";"Бреcт ЖРЭУ г.Брест";"201233";"1401865";"2";"Техобслуживание по ЭОЗ";"";"1";"ЖРЭУ";"Коммунальное унитарное предприятие ""Жилищное ремонтно-эксплуатационное управление г.Бреста""";"2";"2";"01.01.2000";"01.01.2100";"0,2473";"0";"0";"0";"0";"0";"0";"0";"0";"0";"0";"0";"0";"2278952046";"02.10.2026 19:33:34";"";"";"";"0";"0";"0"
"BR2000";"Бреcт ЖРЭУ г.Брест";"175880";"1158035";"2";"Техобслуживание по ЭОЗ";"";"1";"ЖРЭУ";"Коммунальное унитарное предприятие ""Жилищное ремонтно-эксплуатационное управление г.Бреста""";"2";"2";"01.01.2000";"01.01.2100";"0,2473";"0";"0";"0";"0";"0";"0";"0";"0";"0";"0";"0";"0";"2280874665";"05.10.2026 11:15:21";"";"";"";"0";"0";"0"
"BR2000";"Бреcт ЖРЭУ г.Брест";"367826";"5260348";"3";"Холодная вода";"";"32200087";"ГП Брестводоканал";"ГП Брестводоканал";"3";"";"01.09.2023";"01.01.2100";"2,2357";"0";"0";"0";"0";"0";"0";"0";"15,65";"0";"0";"15,65";"0";"2278857093";"02.10.2026 19:07:34";"";"";"";"0";"0";"0"
"BR2000";"Бреcт ЖРЭУ г.Брест";"216816";"2988366";"3";"Холодная вода";"";"32200087";"ГП Брестводоканал";"ГП Брестводоканал";"3";"";"01.06.2017";"01.01.2100";"2,2357";"0";"0";"0";"0";"0";"0";"0";"0";"0";"0";"0";"0";"2279107026";"02.10.2026 19:53:59";"";"";"";"0";"0";"0"
"BR2000";"Бреcт ЖРЭУ г.Брест";"405134";"6922033";"3";"Холодная вода";"";"32200087";"ГП Брестводоканал";"ГП Брестводоканал";"3";"";"01.08.2026";"01.01.2100";"2,2357";"1,5";"3,35";"3,35";"0";"0";"0";"0";"13,41";"0";"0";"16,76";"0";"2278884303";"02.10.2026 19:07:34";"";"";"";"0";"0";"0"
"BR2000";"Бреcт ЖРЭУ г.Брест";"176139";"3048480";"3";"Холодная вода";"";"32200087";"ГП Брестводоканал";"ГП Брестводоканал";"3";"";"01.06.2017";"01.01.2100";"2,2357";"0";"0";"0";"0";"0";"0";"0";"0";"5,47";"5,47";"0";"0";"2280886204";"05.10.2026 11:15:21";"";"";"";"0";"0";"0"
"BR2000";"Бреcт ЖРЭУ г.Брест";"200266";"3342520";"3";"Холодная вода";"";"32200087";"ГП Брестводоканал";"ГП Брестводоканал";"3";"";"01.06.2017";"01.01.2100";"2,2357";"6";"13,41";"13,41";"0";"0";"0";"0";"11,18";"0";"0";"24,59";"0";"2278983617";"02.10.2026 19:33:34";"";"";"";"0";"0";"0"
"BR2000";"Бреcт ЖРЭУ г.Брест";"178602";"3199566";"3";"Холодная вода";"";"32200087";"ГП Брестводоканал";"ГП Брестводоканал";"3";"";"01.06.2017";"01.01.2100";"2,2357";"4";"8,94";"8,94";"0";"0";"0";"0";"20,12";"0,27";"0,27";"15,76";"0";"2280893765";"05.10.2026 11:15:21";"";"";"";"0";"13,3";"0"
"BR2000";"Бреcт ЖРЭУ г.Брест";"405133";"6921987";"3";"Холодная вода";"";"32200087";"ГП Брестводоканал";"ГП Брестводоканал";"3";"";"01.08.2026";"01.01.2100";"2,2357";"0";"0";"0";"0";"0";"0";"0";"0";"0";"0";"0";"0";"2278884282";"02.10.2026 19:07:34";"";"";"";"0";"0";"0"
"BR2000";"Бреcт ЖРЭУ г.Брест";"213557";"3422804";"3";"Холодная вода";"";"32200087";"ГП Брестводоканал";"ГП Брестводоканал";"3";"";"01.06.2017";"01.01.2100";"2,2357";"0";"0";"0";"0";"0";"0";"0";"0";"0";"0";"0";"0";"2279136525";"02.10.2026 19:53:59";"";"";"";"0";"0";"0"
"BR2000";"Бреcт ЖРЭУ г.Брест";"201233";"3189760";"3";"Холодная вода";"";"32200087";"ГП Брестводоканал";"ГП Брестводоканал";"3";"";"01.06.2017";"01.01.2100";"2,2357";"4";"8,94";"8,94";"0";"0";"0";"0";"17,89";"0,03";"0,03";"26,83";"0";"2278975059";"02.10.2026 19:33:34";"";"";"";"0";"0";"0"
"BR2000";"Бреcт ЖРЭУ г.Брест";"180401";"3240429";"3";"Холодная вода";"";"32200087";"ГП Брестводоканал";"ГП Брестводоканал";"3";"";"01.06.2017";"01.01.2100";"2,2357";"3,75";"8,38";"8,38";"0";"0";"0";"0";"12,3";"0,14";"0,14";"20,68";"0";"2280895688";"05.10.2026 11:15:21";"";"";"";"0";"0";"0"
"BR2000";"Бреcт ЖРЭУ г.Брест";"222142";"3168447";"3";"Холодная вода";"";"32200087";"ГП Брестводоканал";"ГП Брестводоканал";"3";"";"01.06.2017";"01.01.2100";"2,2357";"3";"6,71";"3,36";"3,35";"0";"0";"0";"2,23";"0,27";"0,27";"5,59";"0";"2280216274";"03.10.2026 0:30:41";"";"";"";"0";"0";"0"
"BR2000";"Бреcт ЖРЭУ г.Брест";"179635";"3282453";"3";"Холодная вода";"";"32200087";"ГП Брестводоканал";"ГП Брестводоканал";"3";"";"01.06.2017";"01.01.2100";"2,2357";"4,77";"10,66";"10,66";"0";"0";"0";"0";"15,02";"0,04";"0,04";"25,68";"0";"2280897941";"05.10.2026 11:15:21";"";"";"";"0";"0";"0"
"BR2000";"Бреcт ЖРЭУ г.Брест";"196440";"5337916";"3";"Холодная вода";"";"32200087";"ГП Брестводоканал";"ГП Брестводоканал";"3";"";"01.10.2023";"01.01.2100";"2,2357";"0";"0";"0";"0";"0";"0";"0";"0";"0";"0";"0";"0";"2279016129";"02.10.2026 19:33:34";"";"";"";"0";"0";"0"
"BR2000";"Бреcт ЖРЭУ г.Брест";"180100";"3167483";"3";"Холодная вода";"";"32200087";"ГП Брестводоканал";"ГП Брестводоканал";"3";"";"01.06.2017";"01.01.2100";"2,2357";"13,5";"30,18";"30,18";"0";"0";"0";"0";"44,71";"0,16";"0,16";"74,89";"0";"2280891609";"05.10.2026 11:15:21";"";"";"";"0";"0";"0"
"BR2000";"Бреcт ЖРЭУ г.Брест";"175880";"3366434";"3";"Холодная вода";"";"32200087";"ГП Брестводоканал";"ГП Брестводоканал";"3";"";"01.06.2017";"01.01.2100";"2,2357";"1,875";"4,19";"4,19";"0";"0";"0";"0";"4,47";"0,06";"0,06";"8,66";"0";"2280901798";"05.10.2026 11:15:21";"";"";"";"0";"0";"0"
"BR2000";"Бреcт ЖРЭУ г.Брест";"206077";"2970590";"3";"Холодная вода";"";"32200087";"ГП Брестводоканал";"ГП Брестводоканал";"3";"";"01.06.2017";"01.01.2100";"2,2357";"5,5";"12,3";"12,3";"0";"0";"0";"0";"15,65";"0";"0";"27,95";"0";"2279105403";"02.10.2026 19:53:59";"";"";"";"0";"0";"0"
"BR2000";"Бреcт ЖРЭУ г.Брест";"201244";"3236204";"3";"Холодная вода";"";"32200087";"ГП Брестводоканал";"ГП Брестводоканал";"3";"";"01.06.2017";"01.01.2100";"2,2357";"4,5";"10,06";"10,06";"0";"0";"0";"0";"81,59";"7,59";"7,59";"30,22";"0";"2278978156";"02.10.2026 19:33:34";"";"";"";"0";"61,43";"0"
"BR2000";"Бреcт ЖРЭУ г.Брест";"178334";"3157919";"3";"Холодная вода";"";"32200087";"ГП Брестводоканал";"ГП Брестводоканал";"3";"";"01.06.2017";"01.01.2100";"2,2357";"4";"8,94";"8,94";"0";"0";"0";"0";"15,65";"0";"0";"24,59";"0";"2280891404";"05.10.2026 11:15:21";"";"";"";"0";"0";"0"
"BR2000";"Бреcт ЖРЭУ г.Брест";"176139";"3048482";"4";"Горячая вода";"";"32200087";"ГП Брестводоканал";"ГП Брестводоканал";"4";"";"01.06.2017";"01.01.2100";"2,2357";"0";"0";"0";"0";"0";"0";"0";"21,84";"12,73";"12,73";"21,84";"0";"2280886206";"05.10.2026 11:15:21";"";"";"";"0";"0";"0"
"BR2000";"Бреcт ЖРЭУ г.Брест";"222142";"3168449";"4";"Горячая вода";"";"32200087";"ГП Брестводоканал";"ГП Брестводоканал";"4";"";"01.06.2017";"01.01.2100";"2,2357";"2,5";"5,59";"2,8";"2,79";"0";"-0,56";"0";"1,78";"0,18";"0,18";"4,02";"0";"2280216276";"03.10.2026 0:30:41";"";"";"";"0";"0";"0"
"BR2000";"Бреcт ЖРЭУ г.Брест";"213557";"3422078";"4";"Горячая вода";"";"32200087";"ГП Брестводоканал";"ГП Брестводоканал";"4";"";"01.06.2017";"01.01.2100";"2,2357";"0";"0";"0";"0";"0";"0";"0";"0";"0,34";"0";"0";"0";"2279136516";"02.10.2026 19:53:59";"";"";"";"0";"0";"0,34"
"BR2000";"Бреcт ЖРЭУ г.Брест";"405134";"6922035";"4";"Горячая вода";"";"32200087";"ГП Брестводоканал";"ГП Брестводоканал";"4";"";"01.08.2026";"01.01.2100";"2,2357";"0";"0";"0";"0";"0";"0";"0";"1,68";"0";"0";"1,68";"0";"2278884305";"02.10.2026 19:07:34";"";"";"";"0";"0";"0"
"BR2000";"Бреcт ЖРЭУ г.Брест";"175880";"3366436";"4";"Горячая вода";"";"32200087";"ГП Брестводоканал";"ГП Брестводоканал";"4";"";"01.06.2017";"01.01.2100";"2,2357";"2,125";"4,75";"4,75";"0";"0";"0";"0";"4,47";"0,08";"0,08";"9,22";"0";"2280901800";"05.10.2026 11:15:21";"";"";"";"0";"0";"0"
"BR2000";"Бреcт ЖРЭУ г.Брест";"180100";"3167485";"4";"Горячая вода";"";"32200087";"ГП Брестводоканал";"ГП Брестводоканал";"4";"";"01.06.2017";"01.01.2100";"2,2357";"8";"17,89";"17,89";"0";"0";"-1,79";"0";"20,12";"0,12";"0,12";"36,22";"0";"2280891611";"05.10.2026 11:15:21";"";"";"";"0";"0";"0"
"BR2000";"Бреcт ЖРЭУ г.Брест";"179635";"3282455";"4";"Горячая вода";"";"32200087";"ГП Брестводоканал";"ГП Брестводоканал";"4";"";"01.06.2017";"01.01.2100";"2,2357";"0";"0";"0";"0";"0";"0";"0";"0";"0";"0";"0";"0";"2280897943";"05.10.2026 11:15:21";"";"";"";"0";"0";"0"
"BR2000";"Бреcт ЖРЭУ г.Брест";"206077";"2970592";"4";"Горячая вода";"";"32200087";"ГП Брестводоканал";"ГП Брестводоканал";"4";"";"01.06.2017";"01.01.2100";"2,2357";"2";"4,47";"4,47";"0";"0";"0";"0";"6,71";"0";"0";"11,18";"0";"2279105405";"02.10.2026 19:53:59";"";"";"";"0";"0";"0"
"BR2000";"Бреcт ЖРЭУ г.Брест";"178334";"3157921";"4";"Горячая вода";"";"32200087";"ГП Брестводоканал";"ГП Брестводоканал";"4";"";"01.06.2017";"01.01.2100";"2,2357";"3";"6,71";"6,71";"0";"0";"0";"0";"13,42";"0";"0";"20,13";"0";"2280891406";"05.10.2026 11:15:21";"";"";"";"0";"0";"0"
"BR2000";"Бреcт ЖРЭУ г.Брест";"178602";"3199568";"4";"Горячая вода";"";"32200087";"ГП Брестводоканал";"ГП Брестводоканал";"4";"";"01.06.2017";"01.01.2100";"2,2357";"3";"6,71";"6,71";"0";"0";"0";"0";"13,42";"0,18";"0,18";"11,82";"0";"2280893767";"05.10.2026 11:15:21";"";"";"";"0";"8,31";"0"
"BR2000";"Бреcт ЖРЭУ г.Брест";"201244";"3236206";"4";"Горячая вода";"";"32200087";"ГП Брестводоканал";"ГП Брестводоканал";"4";"";"01.06.2017";"01.01.2100";"2,2357";"2";"4,47";"4,47";"0";"0";"0";"0";"26,84";"2,38";"2,38";"11,59";"0";"2278978158";"02.10.2026 19:33:34";"";"";"";"0";"19,72";"0"
"BR2000";"Бреcт ЖРЭУ г.Брест";"180401";"3240431";"4";"Горячая вода";"";"32200087";"ГП Брестводоканал";"ГП Брестводоканал";"4";"";"01.06.2017";"01.01.2100";"2,2357";"5,63";"12,59";"12,59";"0";"0";"0";"0";"9,5";"0,43";"0,43";"22,09";"0";"2280895690";"05.10.2026 11:15:21";"";"";"";"0";"0";"0"
"BR2000";"Бреcт ЖРЭУ г.Брест";"405133";"6921989";"4";"Горячая вода";"";"32200087";"ГП Брестводоканал";"ГП Брестводоканал";"4";"";"01.08.2026";"01.01.2100";"2,2357";"0";"0";"0";"0";"0";"0";"0";"0";"0";"0";"0";"0";"2278884284";"02.10.2026 19:07:34";"";"";"";"0";"0";"0"
"BR2000";"Бреcт ЖРЭУ г.Брест";"200266";"3342522";"4";"Горячая вода";"";"32200087";"ГП Брестводоканал";"ГП Брестводоканал";"4";"";"01.06.2017";"01.01.2100";"2,2357";"3,5";"7,82";"7,82";"0";"0";"0";"0";"13,41";"0";"0";"21,23";"0";"2278983619";"02.10.2026 19:33:34";"";"";"";"0";"0";"0"
"BR2000";"Бреcт ЖРЭУ г.Брест";"367826";"5260349";"4";"Горячая вода";"";"32200087";"ГП Брестводоканал";"ГП Брестводоканал";"4";"";"01.09.2023";"01.01.2100";"2,2357";"0";"0";"0";"0";"0";"0";"0";"13,41";"0";"0";"13,41";"0";"2278857094";"02.10.2026 19:07:34";"";"";"";"0";"0";"0"
"BR2000";"Бреcт ЖРЭУ г.Брест";"196440";"5338839";"4";"Горячая вода";"";"32200087";"ГП Брестводоканал";"ГП Брестводоканал";"4";"";"01.10.2023";"01.01.2100";"2,2357";"0";"0";"0";"0";"0";"0";"0";"0";"0";"0";"0";"0";"2279017003";"02.10.2026 19:33:34";"";"";"";"0";"0";"0"
"BR2000";"Бреcт ЖРЭУ г.Брест";"201233";"3189762";"4";"Горячая вода";"";"32200087";"ГП Брестводоканал";"ГП Брестводоканал";"4";"";"01.06.2017";"01.01.2100";"2,2357";"1";"2,24";"2,24";"0";"0";"0";"0";"11,18";"0,02";"0,02";"13,42";"0";"2278975061";"02.10.2026 19:33:34";"";"";"";"0";"0";"0"
"BR2000";"Бреcт ЖРЭУ г.Брест";"216816";"2988368";"5";"Водоотведение";"";"32200087";"ГП Брестводоканал";"ГП Брестводоканал";"5";"";"01.06.2017";"01.01.2100";"1,9701";"0";"0";"0";"0";"0";"0";"0";"0";"0";"0";"0";"0";"2279107028";"02.10.2026 19:53:59";"";"";"";"0";"0";"0"
"BR2000";"Бреcт ЖРЭУ г.Брест";"180100";"3167487";"5";"Водоотведение";"";"32200087";"ГП Брестводоканал";"ГП Брестводоканал";"5";"";"01.06.2017";"01.01.2100";"1,9701";"21,5";"42,36";"42,36";"0";"0";"-1,58";"0";"57,13";"0,25";"0,25";"97,91";"0";"2280891613";"05.10.2026 11:15:21";"";"";"";"0";"0";"0"
"BR2000";"Бреcт ЖРЭУ г.Брест";"201233";"3189764";"5";"Водоотведение";"";"32200087";"ГП Брестводоканал";"ГП Брестводоканал";"5";"";"01.06.2017";"01.01.2100";"1,9701";"5";"9,85";"9,85";"0";"0";"0";"0";"25,61";"0,04";"0,04";"35,46";"0";"2278975063";"02.10.2026 19:33:34";"";"";"";"0";"0";"0"
"BR2000";"Бреcт ЖРЭУ г.Брест";"175880";"3366438";"5";"Водоотведение";"";"32200087";"ГП Брестводоканал";"ГП Брестводоканал";"5";"";"01.06.2017";"01.01.2100";"1,9701";"4";"7,88";"7,88";"0";"0";"0";"0";"7,88";"0,12";"0,12";"15,76";"0";"2280901802";"05.10.2026 11:15:21";"";"";"";"0";"0";"0"
"BR2000";"Бреcт ЖРЭУ г.Брест";"200266";"3342524";"5";"Водоотведение";"";"32200087";"ГП Брестводоканал";"ГП Брестводоканал";"5";"";"01.06.2017";"01.01.2100";"1,9701";"9,5";"18,72";"18,72";"0";"0";"0";"0";"21,67";"0";"0";"40,39";"0";"2278983621";"02.10.2026 19:33:34";"";"";"";"0";"0";"0"
"BR2000";"Бреcт ЖРЭУ г.Брест";"367826";"5260350";"5";"Водоотведение";"";"32200087";"ГП Брестводоканал";"ГП Брестводоканал";"5";"";"01.09.2023";"01.01.2100";"1,9701";"0";"0";"0";"0";"0";"0";"0";"25,61";"0";"0";"25,61";"0";"2278857095";"02.10.2026 19:07:34";"";"";"";"0";"0";"0"
"BR2000";"Бреcт ЖРЭУ г.Брест";"178334";"3156611";"5";"Водоотведение";"";"32200087";"ГП Брестводоканал";"ГП Брестводоканал";"5";"";"01.06.2017";"01.01.2100";"1,9701";"7";"13,79";"13,79";"0";"0";"0";"0";"25,61";"0";"0";"39,4";"0";"2280890981";"05.10.2026 11:15:21";"";"";"";"0";"0";"0"
"BR2000";"Бреcт ЖРЭУ г.Брест";"405134";"6922037";"5";"Водоотведение";"";"32200087";"ГП Брестводоканал";"ГП Брестводоканал";"5";"";"01.08.2026";"01.01.2100";"1,9701";"1,5";"2,96";"2,96";"0";"0";"0";"0";"13,3";"0";"0";"16,26";"0";"2278884307";"02.10.2026 19:07:34";"";"";"";"0";"0";"0"
"BR2000";"Бреcт ЖРЭУ г.Брест";"206077";"2970594";"5";"Водоотведение";"";"32200087";"ГП Брестводоканал";"ГП Брестводоканал";"5";"";"01.06.2017";"01.01.2100";"1,9701";"7,5";"14,78";"14,78";"0";"0";"0";"0";"19,7";"0";"0";"34,48";"0";"2279105407";"02.10.2026 19:53:59";"";"";"";"0";"0";"0"
"BR2000";"Бреcт ЖРЭУ г.Брест";"405133";"6921991";"5";"Водоотведение";"";"32200087";"ГП Брестводоканал";"ГП Брестводоканал";"5";"";"01.08.2026";"01.01.2100";"1,9701";"0";"0";"0";"0";"0";"0";"0";"0";"0";"0";"0";"0";"2278884286";"02.10.2026 19:07:34";"";"";"";"0";"0";"0"
"BR2000";"Бреcт ЖРЭУ г.Брест";"222142";"3168451";"5";"Водоотведение";"";"32200087";"ГП Брестводоканал";"ГП Брестводоканал";"5";"";"01.06.2017";"01.01.2100";"1,9701";"5,5";"10,84";"5,42";"5,42";"0";"-0,49";"0";"3,55";"0,39";"0,39";"8,48";"0";"2280216278";"03.10.2026 0:30:41";"";"";"";"0";"0";"0"
"BR2000";"Бреcт ЖРЭУ г.Брест";"180401";"3240433";"5";"Водоотведение";"";"32200087";"ГП Брестводоканал";"ГП Брестводоканал";"5";"";"01.06.2017";"01.01.2100";"1,9701";"9,38";"18,48";"18,48";"0";"0";"0";"0";"19,21";"0,5";"0,5";"37,69";"0";"2280895692";"05.10.2026 11:15:21";"";"";"";"0";"0";"0"
"BR2000";"Бреcт ЖРЭУ г.Брест";"213557";"3422080";"5";"Водоотведение";"";"32200087";"ГП Брестводоканал";"ГП Брестводоканал";"5";"";"01.06.2017";"01.01.2100";"1,9701";"0";"0";"0";"0";"0";"0";"0";"0";"0,3";"0";"0";"0";"2279136517";"02.10.2026 19:53:59";"";"";"";"0";"0";"0,3"
"BR2000";"Бреcт ЖРЭУ г.Брест";"196440";"3277027";"5";"Водоотведение";"";"32200087";"ГП Брестводоканал";"ГП Брестводоканал";"5";"";"01.06.2017";"01.01.2100";"1,9701";"0";"0";"0";"0";"0";"0";"0";"0";"0";"0";"0";"0";"2278980230";"02.10.2026 19:33:34";"";"";"";"0";"0";"0"
"BR2000";"Бреcт ЖРЭУ г.Брест";"201244";"3236208";"5";"Водоотведение";"";"32200087";"ГП Брестводоканал";"ГП Брестводоканал";"5";"";"01.06.2017";"01.01.2100";"1,9701";"6,5";"12,81";"12,81";"0";"0";"0";"0";"95,56";"8,78";"8,78";"36,85";"0";"2278978160";"02.10.2026 19:33:34";"";"";"";"0";"71,52";"0"
"BR2000";"Бреcт ЖРЭУ г.Брест";"176139";"3048484";"5";"Водоотведение";"";"32200087";"ГП Брестводоканал";"ГП Брестводоканал";"5";"";"01.06.2017";"01.01.2100";"1,9701";"0";"0";"0";"0";"0";"0";"0";"1,49";"7,2";"7,2";"1,49";"0";"2280886208";"05.10.2026 11:15:21";"";"";"";"0";"0";"0"
"BR2000";"Бреcт ЖРЭУ г.Брест";"179635";"3282457";"5";"Водоотведение";"";"32200087";"ГП Брестводоканал";"ГП Брестводоканал";"5";"";"01.06.2017";"01.01.2100";"1,9701";"4,77";"9,4";"9,4";"0";"0";"0";"0";"13,24";"0,03";"0,03";"22,64";"0";"2280897945";"05.10.2026 11:15:21";"";"";"";"0";"0";"0"
"BR2000";"Бреcт ЖРЭУ г.Брест";"178602";"3199570";"5";"Водоотведение";"";"32200087";"ГП Брестводоканал";"ГП Брестводоканал";"5";"";"01.06.2017";"01.01.2100";"1,9701";"7";"13,79";"13,79";"0";"0";"0";"0";"29,55";"0,4";"0,4";"24,31";"0";"2280893769";"05.10.2026 11:15:21";"";"";"";"0";"19,03";"0"
"BR2000";"Бреcт ЖРЭУ г.Брест";"405134";"6922039";"10";"Техобслуживание лифта (кв. м)";"";"41";"Брестлифт";"Открытое акционерное общество «Брестлифт»";"10";"";"01.08.2026";"01.01.2100";"0,1034";"13,75";"1,42";"1,42";"0";"0";"0";"0";"1,42";"0";"0";"2,84";"0";"2278884309";"02.10.2026 19:07:34";"";"";"";"0";"0";"0"
"BR2000";"Бреcт ЖРЭУ г.Брест";"213557";"5564257";"10";"Техобслуживание лифта (кв. м)";"";"41";"Брестлифт";"Открытое акционерное общество «Брестлифт»";"10";"";"01.03.2024";"01.01.2100";"0,1034";"25,1";"2,6";"2,6";"0";"0";"0";"0";"7,78";"0,58";"0,29";"5,2";"0";"2279188827";"02.10.2026 19:53:59";"";"";"";"0";"5,18";"0,29"
"BR2000";"Бреcт ЖРЭУ г.Брест";"201233";"5466127";"10";"Техобслуживание лифта (кв. м)";"";"41";"Брестлифт";"Открытое акционерное общество «Брестлифт»";"10";"";"01.03.2024";"01.01.2100";"0,1034";"49,44";"5,11";"5,11";"0";"0";"0";"0";"5,11";"0,02";"0,02";"10,22";"0";"2279022305";"02.10.2026 19:33:34";"";"";"";"0";"0";"0"
"BR2000";"Бреcт ЖРЭУ г.Брест";"405133";"6921993";"10";"Техобслуживание лифта (кв. м)";"";"41";"Брестлифт";"Открытое акционерное общество «Брестлифт»";"10";"";"01.08.2026";"01.01.2100";"0,1034";"13,75";"1,42";"1,42";"0";"0";"0";"0";"1,42";"0";"0";"2,84";"0";"2278884288";"02.10.2026 19:07:34";"";"";"";"0";"0";"0"
"BR2000";"Бреcт ЖРЭУ г.Брест";"206077";"5557692";"10";"Техобслуживание лифта (кв. м)";"";"41";"Брестлифт";"Открытое акционерное общество «Брестлифт»";"10";"";"01.03.2024";"01.01.2100";"0,1034";"36,9";"3,82";"3,82";"0";"0";"0";"0";"3,82";"0";"0";"7,64";"0";"2279187372";"02.10.2026 19:53:59";"";"";"";"0";"0";"0"
"BR2000";"Бреcт ЖРЭУ г.Брест";"200266";"5462735";"10";"Техобслуживание лифта (кв. м)";"";"41";"Брестлифт";"Открытое акционерное общество «Брестлифт»";"10";"";"01.03.2024";"01.01.2100";"0,1034";"50,8";"5,25";"5,25";"0";"0";"0";"0";"5,25";"0";"0";"10,5";"0";"2279021872";"02.10.2026 19:33:34";"";"";"";"0";"0";"0"
"BR2000";"Бреcт ЖРЭУ г.Брест";"178602";"5466805";"10";"Техобслуживание лифта (кв. м)";"";"41";"Брестлифт";"Открытое акционерное общество «Брестлифт»";"10";"";"01.03.2024";"01.01.2100";"0,1034";"49,4";"5,11";"5,11";"0";"0";"0";"0";"10,22";"0,13";"0,13";"9";"0";"2280926385";"05.10.2026 11:15:21";"";"";"";"0";"6,33";"0"
"BR2000";"Бреcт ЖРЭУ г.Брест";"201233";"3971134";"611";"Электроэнергия на работу лифта";"";"29";"БЭС";"БЭС";"11";"";"01.03.2019";"01.01.2100";"0";"2";"0";"0";"0";"0";"0";"0";"1,52";"0,01";"0,01";"1,52";"0";"2278990952";"02.10.2026 19:33:34";"";"";"";"0";"0";"0"
"BR2000";"Бреcт ЖРЭУ г.Брест";"206077";"3982552";"611";"Электроэнергия на работу лифта";"";"29";"БЭС";"БЭС";"11";"";"01.03.2019";"01.01.2100";"0";"1";"0";"0";"0";"0";"0";"0";"0,69";"0";"0";"0,69";"0";"2279140246";"02.10.2026 19:53:59";"";"";"";"0";"0";"0"
"BR2000";"Бреcт ЖРЭУ г.Брест";"405133";"6921995";"611";"Электроэнергия на работу лифта";"";"29";"БЭС";"БЭС";"11";"";"01.08.2026";"01.01.2100";"0";"1";"0";"0";"0";"0";"0";"0";"0,65";"0";"0";"0,65";"0";"2278884290";"02.10.2026 19:07:34";"";"";"";"0";"0";"0"
"BR2000";"Бреcт ЖРЭУ г.Брест";"213557";"3987411";"611";"Электроэнергия на работу лифта";"";"29";"БЭС";"БЭС";"11";"";"01.03.2019";"01.01.2100";"0";"1";"0";"0";"0";"0";"0";"0";"2,54";"0,15";"0,09";"1,11";"0";"2279141651";"02.10.2026 19:53:59";"";"";"";"0";"1,43";"0,06"
"BR2000";"Бреcт ЖРЭУ г.Брест";"405134";"6922041";"611";"Электроэнергия на работу лифта";"";"29";"БЭС";"БЭС";"11";"";"01.08.2026";"01.01.2100";"0";"3";"0";"0";"0";"0";"0";"0";"1,96";"0";"0";"1,96";"0";"2278884311";"02.10.2026 19:07:34";"";"";"";"0";"0";"0"
"BR2000";"Бреcт ЖРЭУ г.Брест";"200266";"3970105";"611";"Электроэнергия на работу лифта";"";"29";"БЭС";"БЭС";"11";"";"01.03.2019";"01.01.2100";"0";"3";"0";"0";"0";"0";"0";"0";"1,84";"0";"0";"1,84";"0";"2278990425";"02.10.2026 19:33:34";"";"";"";"0";"0";"0"
"BR2000";"Бреcт ЖРЭУ г.Брест";"178602";"3944078";"611";"Электроэнергия на работу лифта";"";"29";"БЭС";"БЭС";"11";"";"01.03.2019";"01.01.2100";"0";"3";"0";"0";"0";"0";"0";"0";"5,58";"0,1";"0,1";"1,19";"0";"2280904759";"05.10.2026 11:15:21";"";"";"";"0";"4,39";"0"
"BR2000";"Бреcт ЖРЭУ г.Брест";"206077";"4955971";"13";"Капремонт";"";"26";"ЖРЭУ(капремонт)";"Коммунальное унитарное предприятие ""Жилищное ремонтно-эксплутационное г.Бреста""(капремонт)";"13";"";"01.08.2022";"01.01.2100";"0,2825";"36,9";"10,42";"10,42";"0";"0";"0";"0";"10,42";"0";"0";"20,84";"0";"2279159814";"02.10.2026 19:53:59";"";"";"";"0";"0";"0"
"BR2000";"Бреcт ЖРЭУ г.Брест";"178602";"4920396";"13";"Капремонт";"";"26";"ЖРЭУ(капремонт)";"Коммунальное унитарное предприятие ""Жилищное ремонтно-эксплутационное г.Бреста""(капремонт)";"13";"";"01.08.2022";"01.01.2100";"0,2825";"49,4";"13,96";"13,96";"0";"0";"0";"0";"27,92";"0,37";"0,37";"24,61";"0";"2280917118";"05.10.2026 11:15:21";"";"";"";"0";"17,27";"0"
"BR2000";"Бреcт ЖРЭУ г.Брест";"201244";"4944586";"13";"Капремонт";"";"26";"ЖРЭУ(капремонт)";"Коммунальное унитарное предприятие ""Жилищное ремонтно-эксплутационное г.Бреста""(капремонт)";"13";"";"01.08.2022";"01.01.2100";"0,2825";"49,2";"13,9";"13,9";"0";"0";"0";"0";"55,6";"5,09";"5,09";"28,65";"0";"2279005462";"02.10.2026 19:33:34";"";"";"";"0";"40,85";"0"
"BR2000";"Бреcт ЖРЭУ г.Брест";"176139";"4920558";"13";"Капремонт";"";"26";"ЖРЭУ(капремонт)";"Коммунальное унитарное предприятие ""Жилищное ремонтно-эксплутационное г.Бреста""(капремонт)";"13";"";"01.08.2022";"01.01.2100";"0,2825";"49,2";"13,9";"13,9";"0";"0";"0";"0";"107,29";"53,05";"53,05";"121,19";"0";"2280917271";"05.10.2026 11:15:21";"";"";"";"15";"0";"0"
"BR2000";"Бреcт ЖРЭУ г.Брест";"180100";"4923603";"13";"Капремонт";"";"26";"ЖРЭУ(капремонт)";"Коммунальное унитарное предприятие ""Жилищное ремонтно-эксплутационное г.Бреста""(капремонт)";"13";"";"01.08.2022";"01.01.2100";"0,2825";"49,1";"13,87";"13,87";"0";"0";"0";"0";"13,87";"0,14";"0,14";"27,74";"0";"2280920116";"05.10.2026 11:15:21";"";"";"";"0";"0";"0"
"BR2000";"Бреcт ЖРЭУ г.Брест";"178334";"4920232";"13";"Капремонт";"";"26";"ЖРЭУ(капремонт)";"Коммунальное унитарное предприятие ""Жилищное ремонтно-эксплутационное г.Бреста""(капремонт)";"13";"";"01.08.2022";"01.01.2100";"0,2825";"49,9";"14,1";"14,1";"0";"0";"0";"0";"28,2";"0";"0";"42,3";"0";"2280916970";"05.10.2026 11:15:21";"";"";"";"0";"0";"0"
"BR2000";"Бреcт ЖРЭУ г.Брест";"196440";"4944380";"13";"Капремонт";"";"26";"ЖРЭУ(капремонт)";"Коммунальное унитарное предприятие ""Жилищное ремонтно-эксплутационное г.Бреста""(капремонт)";"13";"";"01.08.2022";"01.01.2100";"0,2825";"34,1";"9,63";"9,63";"0";"0";"0";"0";"9,63";"0";"0";"19,26";"0";"2279005267";"02.10.2026 19:33:34";"";"";"";"0";"0";"0"
"BR2000";"Бреcт ЖРЭУ г.Брест";"175880";"4920585";"13";"Капремонт";"";"26";"ЖРЭУ(капремонт)";"Коммунальное унитарное предприятие ""Жилищное ремонтно-эксплутационное г.Бреста""(капремонт)";"13";"";"01.08.2022";"01.01.2100";"0,2825";"31,33";"8,85";"8,85";"0";"0";"0";"0";"8,85";"0,13";"0,13";"17,7";"0";"2280917296";"05.10.2026 11:15:21";"";"";"";"0";"0";"0"
"BR2000";"Бреcт ЖРЭУ г.Брест";"222142";"4971682";"13";"Капремонт";"";"26";"ЖРЭУ(капремонт)";"Коммунальное унитарное предприятие ""Жилищное ремонтно-эксплутационное г.Бреста""(капремонт)";"13";"";"01.08.2022";"01.01.2100";"0,2825";"47,2";"13,33";"13,33";"0";"0";"0";"0";"13,33";"1,08";"1,08";"26,66";"0";"2280265792";"03.10.2026 0:30:41";"";"";"";"0";"0";"0"
"BR2000";"Бреcт ЖРЭУ г.Брест";"179635";"4921314";"13";"Капремонт";"";"26";"ЖРЭУ(капремонт)";"Коммунальное унитарное предприятие ""Жилищное ремонтно-эксплутационное г.Бреста""(капремонт)";"13";"";"01.08.2022";"01.01.2100";"0,2825";"49,88";"14,09";"14,09";"0";"0";"0";"0";"14,09";"0,08";"0,08";"28,18";"0";"2280917987";"05.10.2026 11:15:21";"";"";"";"0";"0";"0"
"BR2000";"Бреcт ЖРЭУ г.Брест";"213557";"4957835";"13";"Капремонт";"";"26";"ЖРЭУ(капремонт)";"Коммунальное унитарное предприятие ""Жилищное ремонтно-эксплутационное г.Бреста""(капремонт)";"13";"";"01.08.2022";"01.01.2100";"0,2825";"25,1";"7,09";"7,09";"0";"0";"0";"0";"21,27";"1,58";"0,79";"14,18";"0";"2279161534";"02.10.2026 19:53:59";"";"";"";"0";"14,18";"0,79"
"BR2000";"Бреcт ЖРЭУ г.Брест";"405133";"6921996";"13";"Капремонт";"";"26";"ЖРЭУ(капремонт)";"Коммунальное унитарное предприятие ""Жилищное ремонтно-эксплутационное г.Бреста""(капремонт)";"13";"";"01.08.2026";"01.01.2100";"0,2825";"13,75";"3,88";"3,88";"0";"0";"0";"0";"3,88";"0";"0";"7,76";"0";"2278884291";"02.10.2026 19:07:34";"";"";"";"0";"0";"0"
"BR2000";"Бреcт ЖРЭУ г.Брест";"180401";"4920170";"13";"Капремонт";"";"26";"ЖРЭУ(капремонт)";"Коммунальное унитарное предприятие ""Жилищное ремонтно-эксплутационное г.Бреста""(капремонт)";"13";"";"01.08.2022";"01.01.2100";"0,2825";"58,5";"16,53";"16,53";"0";"0";"0";"0";"16,53";"0,45";"0,45";"33,06";"0";"2280916913";"05.10.2026 11:15:21";"";"";"";"0";"0";"0"
"BR2000";"Бреcт ЖРЭУ г.Брест";"216816";"4958378";"13";"Капремонт";"";"26";"ЖРЭУ(капремонт)";"Коммунальное унитарное предприятие ""Жилищное ремонтно-эксплутационное г.Бреста""(капремонт)";"13";"";"01.08.2022";"01.01.2100";"0,2825";"20,11";"5,68";"5,68";"0";"0";"0";"0";"5,68";"0";"0";"11,36";"0";"2279162043";"02.10.2026 19:53:59";"";"";"";"0";"0";"0"
"BR2000";"Бреcт ЖРЭУ г.Брест";"367826";"5260351";"13";"Капремонт";"";"26";"ЖРЭУ(капремонт)";"Коммунальное унитарное предприятие ""Жилищное ремонтно-эксплутационное г.Бреста""(капремонт)";"13";"";"01.09.2023";"01.01.2100";"0,2825";"64,7";"18,28";"18,28";"0";"0";"0";"0";"18,28";"0";"0";"36,56";"0";"2278857096";"02.10.2026 19:07:34";"";"";"";"0";"0";"0"
"BR2000";"Бреcт ЖРЭУ г.Брест";"200266";"4943915";"13";"Капремонт";"";"26";"ЖРЭУ(капремонт)";"Коммунальное унитарное предприятие ""Жилищное ремонтно-эксплутационное г.Бреста""(капремонт)";"13";"";"01.08.2022";"01.01.2100";"0,2825";"50,8";"14,35";"14,35";"0";"0";"0";"0";"14,35";"0";"0";"28,7";"0";"2279004835";"02.10.2026 19:33:34";"";"";"";"0";"0";"0"
"BR2000";"Бреcт ЖРЭУ г.Брест";"196682";"4948308";"13";"Капремонт";"";"26";"ЖРЭУ(капремонт)";"Коммунальное унитарное предприятие ""Жилищное ремонтно-эксплутационное г.Бреста""(капремонт)";"13";"";"01.08.2022";"01.01.2100";"0,2825";"64,8";"18,31";"18,31";"0";"0";"0";"0";"71,85";"999,91";"951,22";"18,31";"0";"2279008941";"02.10.2026 19:33:34";"";"";"";"23";"71,85";"48,69"
"BR2000";"Бреcт ЖРЭУ г.Брест";"201233";"4948293";"13";"Капремонт";"";"26";"ЖРЭУ(капремонт)";"Коммунальное унитарное предприятие ""Жилищное ремонтно-эксплутационное г.Бреста""(капремонт)";"13";"";"01.08.2022";"01.01.2100";"0,2825";"49,44";"13,97";"13,97";"0";"0";"0";"0";"13,97";"0,04";"0,04";"27,94";"0";"2279008927";"02.10.2026 19:33:34";"";"";"";"0";"0";"0"
"BR2000";"Бреcт ЖРЭУ г.Брест";"405134";"6922042";"13";"Капремонт";"";"26";"ЖРЭУ(капремонт)";"Коммунальное унитарное предприятие ""Жилищное ремонтно-эксплутационное г.Бреста""(капремонт)";"13";"";"01.08.2026";"01.01.2100";"0,2825";"13,75";"3,88";"3,88";"0";"0";"0";"0";"3,88";"0";"0";"7,76";"0";"2278884312";"02.10.2026 19:07:34";"";"";"";"0";"0";"0"
"BR2000";"Бреcт ЖРЭУ г.Брест";"180100";"5522027";"16";"Обращение с ТКО";"";"47";"ГП БМПЗ";"ГП Брестский мусороперерабатывающий завод";"16";"22";"01.03.2024";"01.01.2100";"18,8376";"0,585";"11,02";"11,02";"0";"0";"0";"0";"11,02";"0,11";"0,11";"22,04";"0";"2280931938";"05.10.2026 11:15:21";"";"";"";"0";"0";"0"
"BR2000";"Бреcт ЖРЭУ г.Брест";"176139";"5518203";"16";"Обращение с ТКО";"";"47";"ГП БМПЗ";"ГП Брестский мусороперерабатывающий завод";"16";"22";"01.03.2024";"01.01.2100";"18,8376";"0,39";"7,35";"7,35";"0";"0";"0";"0";"66,83";"37,63";"37,63";"74,18";"0";"2280928318";"05.10.2026 11:15:21";"";"";"";"15";"0";"0"
"BR2000";"Бреcт ЖРЭУ г.Брест";"175880";"5518045";"16";"Обращение с ТКО";"";"47";"ГП БМПЗ";"ГП Брестский мусороперерабатывающий завод";"16";"22";"01.03.2024";"01.01.2100";"18,8376";"0,195";"3,67";"3,67";"0";"0";"0";"0";"3,67";"0,06";"0,06";"7,34";"0";"2280928164";"05.10.2026 11:15:21";"";"";"";"0";"0";"0"
"BR2000";"Бреcт ЖРЭУ г.Брест";"200266";"5503275";"16";"Обращение с ТКО";"";"47";"ГП БМПЗ";"ГП Брестский мусороперерабатывающий завод";"16";"22";"01.03.2024";"01.01.2100";"18,8376";"0,585";"11,02";"11,02";"0";"0";"0";"0";"11,02";"0";"0";"22,04";"0";"2279029958";"02.10.2026 19:33:34";"";"";"";"0";"0";"0"
"BR2000";"Бреcт ЖРЭУ г.Брест";"201233";"5503675";"16";"Обращение с ТКО";"";"47";"ГП БМПЗ";"ГП Брестский мусороперерабатывающий завод";"16";"22";"01.03.2024";"01.01.2100";"18,8376";"0,39";"7,35";"7,35";"0";"0";"0";"0";"7,35";"0,02";"0,02";"14,7";"0";"2279030340";"02.10.2026 19:33:34";"";"";"";"0";"0";"0"
"BR2000";"Бреcт ЖРЭУ г.Брест";"180401";"5522617";"16";"Обращение с ТКО";"";"47";"ГП БМПЗ";"ГП Брестский мусороперерабатывающий завод";"16";"22";"01.03.2024";"01.01.2100";"18,8376";"0,585";"11,02";"11,02";"0";"0";"0";"0";"11,02";"0,29";"0,29";"22,04";"0";"2280932493";"05.10.2026 11:15:21";"";"";"";"0";"0";"0"
"BR2000";"Бреcт ЖРЭУ г.Брест";"213557";"5556245";"16";"Обращение с ТКО";"";"47";"ГП БМПЗ";"ГП Брестский мусороперерабатывающий завод";"16";"22";"01.03.2024";"01.01.2100";"18,8376";"0,195";"3,67";"3,67";"0";"0";"0";"0";"11,01";"0,83";"0,41";"7,34";"0";"2279186349";"02.10.2026 19:53:59";"";"";"";"0";"7,34";"0,42"
"BR2000";"Бреcт ЖРЭУ г.Брест";"405134";"6922043";"16";"Обращение с ТКО";"";"47";"ГП БМПЗ";"ГП Брестский мусороперерабатывающий завод";"16";"22";"01.08.2026";"01.01.2100";"18,8376";"0,585";"11,02";"11,02";"0";"0";"0";"0";"11,02";"0";"0";"22,04";"0";"2278884313";"02.10.2026 19:07:34";"";"";"";"0";"0";"0"
"BR2000";"Бреcт ЖРЭУ г.Брест";"201244";"5503695";"16";"Обращение с ТКО";"";"47";"ГП БМПЗ";"ГП Брестский мусороперерабатывающий завод";"16";"22";"01.03.2024";"01.01.2100";"18,8376";"0,195";"3,67";"3,67";"0";"0";"0";"0";"14,68";"1,35";"1,35";"7,56";"0";"2279030358";"02.10.2026 19:33:34";"";"";"";"0";"10,79";"0"
"BR2000";"Бреcт ЖРЭУ г.Брест";"178334";"5519409";"16";"Обращение с ТКО";"";"47";"ГП БМПЗ";"ГП Брестский мусороперерабатывающий завод";"16";"22";"01.03.2024";"01.01.2100";"18,8376";"0";"0";"0";"0";"0";"0";"0";"2,6";"0";"0";"2,6";"0";"2280929453";"05.10.2026 11:15:21";"";"";"";"0";"0";"0"
"BR2000";"Бреcт ЖРЭУ г.Брест";"196682";"5498303";"16";"Обращение с ТКО";"";"47";"ГП БМПЗ";"ГП Брестский мусороперерабатывающий завод";"16";"22";"01.03.2024";"01.01.2100";"18,8376";"0,39";"7,35";"7,35";"0";"0";"0";"0";"82,12";"179,93";"179,93";"89,47";"0";"2279025210";"02.10.2026 19:33:34";"";"";"";"20";"0";"0"
"BR2000";"Бреcт ЖРЭУ г.Брест";"222142";"5752483";"16";"Обращение с ТКО";"";"47";"ГП БМПЗ";"ГП Брестский мусороперерабатывающий завод";"16";"22";"01.03.2024";"01.01.2100";"18,8376";"0,195";"3,67";"1,83";"1,84";"0";"0";"0";"1,83";"0,15";"0,15";"3,66";"0";"2280283521";"03.10.2026 0:30:41";"";"";"";"0";"0";"0"
"BR2000";"Бреcт ЖРЭУ г.Брест";"206077";"5555823";"16";"Обращение с ТКО";"";"47";"ГП БМПЗ";"ГП Брестский мусороперерабатывающий завод";"16";"22";"01.03.2024";"01.01.2100";"18,8376";"0,195";"3,67";"3,67";"0";"0";"0";"0";"3,67";"0";"0";"7,34";"0";"2279185963";"02.10.2026 19:53:59";"";"";"";"0";"0";"0"
"BR2000";"Бреcт ЖРЭУ г.Брест";"216816";"5494119";"16";"Обращение с ТКО";"";"47";"ГП БМПЗ";"ГП Брестский мусороперерабатывающий завод";"16";"22";"01.03.2024";"01.01.2100";"18,8376";"0,195";"3,67";"3,67";"0";"0";"0";"0";"3,67";"0";"0";"7,34";"0";"2279178924";"02.10.2026 19:53:59";"";"";"";"0";"0";"0"
"BR2000";"Бреcт ЖРЭУ г.Брест";"405133";"6921997";"16";"Обращение с ТКО";"";"47";"ГП БМПЗ";"ГП Брестский мусороперерабатывающий завод";"16";"22";"01.08.2026";"01.01.2100";"18,8376";"0,195";"3,67";"3,67";"0";"0";"0";"0";"3,67";"0";"0";"7,34";"0";"2278884292";"02.10.2026 19:07:34";"";"";"";"0";"0";"0"
"BR2000";"Бреcт ЖРЭУ г.Брест";"196440";"5497843";"16";"Обращение с ТКО";"";"47";"ГП БМПЗ";"ГП Брестский мусороперерабатывающий завод";"16";"22";"01.03.2024";"01.01.2100";"18,8376";"0,195";"3,67";"3,67";"0";"0";"0";"0";"3,67";"0";"0";"7,34";"0";"2279024779";"02.10.2026 19:33:34";"";"";"";"0";"0";"0"
"BR2000";"Бреcт ЖРЭУ г.Брест";"179635";"5521371";"16";"Обращение с ТКО";"";"47";"ГП БМПЗ";"ГП Брестский мусороперерабатывающий завод";"16";"22";"01.03.2024";"01.01.2100";"18,8376";"0,585";"11,02";"11,02";"0";"0";"0";"0";"11,02";"0,07";"0,07";"22,04";"0";"2280931310";"05.10.2026 11:15:21";"";"";"";"0";"0";"0"
"BR2000";"Бреcт ЖРЭУ г.Брест";"367826";"5537821";"16";"Обращение с ТКО";"";"47";"ГП БМПЗ";"ГП Брестский мусороперерабатывающий завод";"16";"22";"01.03.2024";"01.01.2100";"18,8376";"0,39";"7,35";"7,35";"0";"0";"0";"0";"7,35";"0";"0";"14,7";"0";"2278865052";"02.10.2026 19:07:34";"";"";"";"0";"0";"0"
"BR2000";"Бреcт ЖРЭУ г.Брест";"178602";"5519819";"16";"Обращение с ТКО";"";"47";"ГП БМПЗ";"ГП Брестский мусороперерабатывающий завод";"16";"22";"01.03.2024";"01.01.2100";"18,8376";"0,585";"11,02";"11,02";"0";"0";"0";"0";"22,04";"0,3";"0,3";"19,43";"0";"2280929828";"05.10.2026 11:15:21";"";"";"";"0";"13,63";"0"
"BR2000";"Бреcт ЖРЭУ г.Брест";"196682";"5977440";"22";"Отопление";"";"2000001";"КУПП БКХ";"КУПП Брестское котельное хозяйство";"22";"";"01.05.2024";"01.01.2100";"29,2224";"0";"0";"0";"0";"0";"0";"0";"0";"324,65";"324,65";"0";"0";"2279038595";"02.10.2026 19:33:34";"";"";"";"11";"0";"0"
"BR2000";"Бреcт ЖРЭУ г.Брест";"178602";"6105470";"22";"Отопление";"";"11";"БТС";"БТС";"22";"";"01.05.2024";"01.01.2100";"29,2224";"0";"0";"0";"0";"0";"0";"0";"0";"0";"0";"0";"0";"2280940857";"05.10.2026 11:15:21";"";"";"";"0";"0";"0"
"BR2000";"Бреcт ЖРЭУ г.Брест";"405134";"6922045";"22";"Отопление";"";"11";"БТС";"БТС";"22";"";"01.08.2026";"01.01.2100";"29,2224";"0";"0";"0";"0";"0";"0";"0";"0";"0";"0";"0";"0";"2278884315";"02.10.2026 19:07:34";"";"";"";"0";"0";"0"
"BR2000";"Бреcт ЖРЭУ г.Брест";"213557";"6146244";"22";"Отопление";"";"11";"БТС";"БТС";"22";"";"01.05.2024";"01.01.2100";"29,2224";"0";"0";"0";"0";"0";"0";"0";"0";"0,72";"0";"0";"0";"2279191815";"02.10.2026 19:53:59";"";"";"";"0";"0";"0,72"
"BR2000";"Бреcт ЖРЭУ г.Брест";"367826";"6010161";"22";"Отопление";"";"11";"БТС";"БТС";"22";"";"01.05.2024";"01.01.2100";"29,2224";"0";"0";"0";"0";"0";"0";"0";"0";"0";"0";"0";"0";"2278870730";"02.10.2026 19:07:34";"";"";"";"0";"0";"0"
"BR2000";"Бреcт ЖРЭУ г.Брест";"201244";"6009015";"22";"Отопление";"";"2000001";"КУПП БКХ";"КУПП Брестское котельное хозяйство";"22";"";"01.05.2024";"01.01.2100";"29,2224";"0";"0";"0";"0";"0";"0";"0";"1,83";"1,29";"1,29";"0";"0";"2279051168";"02.10.2026 19:33:34";"";"";"";"0";"1,83";"0"
"BR2000";"Бреcт ЖРЭУ г.Брест";"178334";"6103190";"22";"Отопление";"";"11";"БТС";"БТС";"22";"";"01.05.2024";"01.01.2100";"29,2224";"0";"0";"0";"0";"0";"0";"0";"0";"0";"0";"0";"0";"2280938895";"05.10.2026 11:15:21";"";"";"";"0";"0";"0"
"BR2000";"Бреcт ЖРЭУ г.Брест";"216816";"6169947";"22";"Отопление";"";"11";"БТС";"БТС";"22";"";"01.06.2024";"01.01.2100";"29,2224";"0";"0";"0";"0";"0";"0";"0";"0";"0";"0";"0";"0";"2279210396";"02.10.2026 19:53:59";"";"";"";"0";"0";"0"
"BR2000";"Бреcт ЖРЭУ г.Брест";"222142";"6183248";"22";"Отопление";"";"11";"БТС";"БТС";"22";"";"01.06.2024";"01.01.2100";"29,2224";"0";"0";"0";"0";"0";"0";"0";"0";"0";"0";"0";"0";"2280309995";"03.10.2026 0:30:41";"";"";"";"0";"0";"0"
"BR2000";"Бреcт ЖРЭУ г.Брест";"175880";"6104568";"22";"Отопление";"";"11";"БТС";"БТС";"22";"";"01.05.2024";"01.01.2100";"29,2224";"0";"0";"0";"0";"0";"0";"0";"0";"0";"0";"0";"0";"2280939991";"05.10.2026 11:15:21";"";"";"";"0";"0";"0"
"BR2000";"Бреcт ЖРЭУ г.Брест";"176139";"6104726";"22";"Отопление";"";"11";"БТС";"БТС";"22";"";"01.05.2024";"01.01.2100";"29,2224";"0";"0";"0";"0";"0";"0";"0";"76,47";"48,54";"48,54";"76,47";"0";"2280940145";"05.10.2026 11:15:21";"";"";"";"11";"0";"0"
"BR2000";"Бреcт ЖРЭУ г.Брест";"206077";"6145824";"22";"Отопление";"";"11";"БТС";"БТС";"22";"";"01.05.2024";"01.01.2100";"29,2224";"0";"0";"0";"0";"0";"0";"0";"0";"0";"0";"0";"0";"2279191429";"02.10.2026 19:53:59";"";"";"";"0";"0";"0"
"BR2000";"Бреcт ЖРЭУ г.Брест";"196440";"6004917";"22";"Отопление";"";"2000001";"КУПП БКХ";"КУПП Брестское котельное хозяйство";"22";"";"01.05.2024";"01.01.2100";"29,2224";"0";"0";"0";"0";"0";"0";"0";"0";"0";"0";"0";"0";"2279047623";"02.10.2026 19:33:34";"";"";"";"0";"0";"0"
"BR2000";"Бреcт ЖРЭУ г.Брест";"180100";"6100566";"22";"Отопление";"";"11";"БТС";"БТС";"22";"";"01.05.2024";"01.01.2100";"29,2224";"0";"0";"0";"0";"0";"0";"0";"0";"0";"0";"0";"0";"2280936462";"05.10.2026 11:15:21";"";"";"";"0";"0";"0"
"BR2000";"Бреcт ЖРЭУ г.Брест";"200266";"5973210";"22";"Отопление";"";"2000001";"КУПП БКХ";"КУПП Брестское котельное хозяйство";"22";"";"01.05.2024";"01.01.2100";"29,2224";"0";"0";"0";"0";"0";"0";"0";"0";"0";"0";"0";"0";"2279034577";"02.10.2026 19:33:34";"";"";"";"0";"0";"0"
"BR2000";"Бреcт ЖРЭУ г.Брест";"405133";"6921999";"22";"Отопление";"";"11";"БТС";"БТС";"22";"";"01.08.2026";"01.01.2100";"29,2224";"0";"0";"0";"0";"0";"0";"0";"0";"0";"0";"0";"0";"2278884294";"02.10.2026 19:07:34";"";"";"";"0";"0";"0"
"BR2000";"Бреcт ЖРЭУ г.Брест";"180401";"6101174";"22";"Отопление";"";"11";"БТС";"БТС";"22";"";"01.05.2024";"01.01.2100";"29,2224";"0";"0";"0";"0";"0";"0";"0";"0";"0";"0";"0";"0";"2280937036";"05.10.2026 11:15:21";"";"";"";"0";"0";"0"
"BR2000";"Бреcт ЖРЭУ г.Брест";"179635";"6107320";"22";"Отопление";"";"11";"БТС";"БТС";"22";"";"01.05.2024";"01.01.2100";"29,2224";"0";"0";"0";"0";"0";"0";"0";"0";"0";"0";"0";"0";"2280942399";"05.10.2026 11:15:21";"";"";"";"0";"0";"0"
"BR2000";"Бреcт ЖРЭУ г.Брест";"201233";"5973330";"22";"Отопление";"";"2000001";"КУПП БКХ";"КУПП Брестское котельное хозяйство";"22";"";"01.05.2024";"01.01.2100";"29,2224";"0";"0";"0";"0";"0";"0";"0";"0";"0";"0";"0";"0";"2279034692";"02.10.2026 19:33:34";"";"";"";"0";"0";"0"
"BR2000";"Бреcт ЖРЭУ г.Брест";"206077";"6148530";"23";"Подогрев воды";"";"11";"БТС";"БТС";"23";"";"01.05.2024";"01.01.2100";"29,2224";"0";"0";"0";"0";"0";"0";"0";"12,22";"0";"0";"12,22";"0";"2279193969";"02.10.2026 19:53:59";"";"";"";"0";"0";"0"
"BR2000";"Бреcт ЖРЭУ г.Брест";"200266";"5974768";"23";"Подогрев воды";"";"2000001";"КУПП БКХ";"КУПП Брестское котельное хозяйство";"23";"";"01.05.2024";"01.01.2100";"29,2224";"0,262955";"7,68";"7,68";"0";"0";"0";"0";"14,58";"0";"0";"22,26";"0";"2279036062";"02.10.2026 19:33:34";"";"";"";"0";"0";"0"
"BR2000";"Бреcт ЖРЭУ г.Брест";"180401";"6113948";"23";"Подогрев воды";"";"11";"БТС";"БТС";"23";"";"01.05.2024";"01.01.2100";"29,2224";"0,39495013";"11,54";"11,54";"0";"0";"0";"0";"20,63";"0,38";"0,38";"32,17";"0";"2280944567";"05.10.2026 11:15:21";"";"";"";"0";"0";"0"
"BR2000";"Бреcт ЖРЭУ г.Брест";"405133";"6922001";"23";"Подогрев воды";"";"11";"БТС";"БТС";"23";"";"01.08.2026";"01.01.2100";"29,2224";"0";"0";"0";"0";"0";"0";"0";"0";"0";"0";"0";"0";"2278884295";"02.10.2026 19:07:34";"";"";"";"0";"0";"0"
"BR2000";"Бреcт ЖРЭУ г.Брест";"222142";"6184054";"23";"Подогрев воды";"";"11";"БТС";"БТС";"23";"";"01.06.2024";"01.01.2100";"29,2224";"0,1753775";"5,12";"2,56";"2,56";"0";"-0,51";"0";"3,19";"0,17";"0,17";"5,24";"0";"2280310712";"03.10.2026 0:30:41";"";"";"";"0";"0";"0"
"BR2000";"Бреcт ЖРЭУ г.Брест";"367826";"6010309";"23";"Подогрев воды";"";"11";"БТС";"БТС";"23";"";"01.05.2024";"01.01.2100";"29,2224";"0";"0";"0";"0";"0";"0";"0";"18,3";"0";"0";"18,3";"0";"2278870870";"02.10.2026 19:07:34";"";"";"";"0";"0";"0"
"BR2000";"Бреcт ЖРЭУ г.Брест";"405134";"6922047";"23";"Подогрев воды";"";"11";"БТС";"БТС";"23";"";"01.08.2026";"01.01.2100";"29,2224";"0";"0";"0";"0";"0";"0";"0";"0";"0";"0";"0";"0";"2278884317";"02.10.2026 19:07:34";"";"";"";"0";"0";"0"
"BR2000";"Бреcт ЖРЭУ г.Брест";"178334";"6116340";"23";"Подогрев воды";"";"11";"БТС";"БТС";"23";"";"01.05.2024";"01.01.2100";"29,2224";"0";"0";"0";"0";"0";"0";"0";"12,63";"0";"0";"12,63";"0";"2280946603";"05.10.2026 11:15:21";"";"";"";"0";"0";"0"
"BR2000";"Бреcт ЖРЭУ г.Брест";"175880";"6119299";"23";"Подогрев воды";"";"11";"БТС";"БТС";"23";"";"01.05.2024";"01.01.2100";"29,2224";"0";"0";"0";"0";"0";"0,29";"0";"5,31";"0,09";"0,09";"5,6";"0";"2280949055";"05.10.2026 11:15:21";"";"";"";"0";"0";"0"
"BR2000";"Бреcт ЖРЭУ г.Брест";"213557";"6148884";"23";"Подогрев воды";"";"11";"БТС";"БТС";"23";"";"01.05.2024";"01.01.2100";"29,2224";"0";"0";"0";"0";"0";"0";"0";"0,29";"0,18";"0";"0,29";"0";"2279194292";"02.10.2026 19:53:59";"";"";"";"0";"0";"0,18"
"BR2000";"Бреcт ЖРЭУ г.Брест";"201233";"5974888";"23";"Подогрев воды";"";"2000001";"КУПП БКХ";"КУПП Брестское котельное хозяйство";"23";"";"01.05.2024";"01.01.2100";"29,2224";"0";"0";"0";"0";"0";"0";"0";"11,25";"0,02";"0,02";"11,25";"0";"2279036177";"02.10.2026 19:33:34";"";"";"";"0";"0";"0"
"BR2000";"Бреcт ЖРЭУ г.Брест";"176139";"6119457";"23";"Подогрев воды";"";"11";"БТС";"БТС";"23";"";"01.05.2024";"01.01.2100";"29,2224";"0";"0";"0";"0";"0";"0";"0";"33,14";"19,32";"19,32";"33,14";"0";"2280949209";"05.10.2026 11:15:21";"";"";"";"4";"0";"0"
"BR2000";"Бреcт ЖРЭУ г.Брест";"201244";"6009069";"23";"Подогрев воды";"";"2000001";"КУПП БКХ";"КУПП Брестское котельное хозяйство";"23";"";"01.05.2024";"01.01.2100";"29,2224";"0";"0";"0";"0";"0";"0";"0";"32,65";"2,95";"2,95";"6,72";"0";"2279051222";"02.10.2026 19:33:34";"";"";"";"0";"25,93";"0"
"BR2000";"Бреcт ЖРЭУ г.Брест";"180100";"6113646";"23";"Подогрев воды";"";"11";"БТС";"БТС";"23";"";"01.05.2024";"01.01.2100";"29,2224";"0";"0";"0";"0";"0";"0";"0";"8,67";"0,03";"0,03";"8,67";"0";"2280944294";"05.10.2026 11:15:21";"";"";"";"0";"0";"0"
"BR2000";"Бреcт ЖРЭУ г.Брест";"196440";"6005041";"23";"Подогрев воды";"";"2000001";"КУПП БКХ";"КУПП Брестское котельное хозяйство";"23";"";"01.05.2024";"01.01.2100";"29,2224";"0";"0";"0";"0";"0";"0";"0";"0";"0";"0";"0";"0";"2279047746";"02.10.2026 19:33:34";"";"";"";"0";"0";"0"
"BR2000";"Бреcт ЖРЭУ г.Брест";"179635";"6120584";"23";"Подогрев воды";"";"11";"БТС";"БТС";"23";"";"01.05.2024";"01.01.2100";"29,2224";"0";"0";"0";"0";"0";"0";"0";"7,86";"0";"0";"7,86";"0";"2280950205";"05.10.2026 11:15:21";"";"";"";"0";"0";"0"
"BR2000";"Бреcт ЖРЭУ г.Брест";"178602";"6118648";"23";"Подогрев воды";"";"11";"БТС";"БТС";"23";"";"01.05.2024";"01.01.2100";"29,2224";"0";"0";"0";"0";"0";"0";"0";"15,74";"0,19";"0,19";"5,99";"0";"2280948702";"05.10.2026 11:15:21";"";"";"";"0";"9,75";"0"
"BR2000";"Бреcт ЖРЭУ г.Брест";"196440";"5339359";"24";"Холодная вода по ЭОЗ";"";"32200087";"ГП Брестводоканал";"ГП Брестводоканал";"24";"";"01.10.2023";"01.01.2100";"2,2357";"0,75";"1,68";"1,68";"0";"0";"0";"0";"2,24";"0";"0";"3,92";"0";"2279017503";"02.10.2026 19:33:34";"";"";"";"0";"0";"0"
"BR2000";"Бреcт ЖРЭУ г.Брест";"405134";"6922034";"24";"Холодная вода по ЭОЗ";"";"32200087";"ГП Брестводоканал";"ГП Брестводоканал";"24";"";"01.08.2026";"01.01.2100";"2,2357";"0";"0";"0";"0";"0";"0";"0";"0";"0";"0";"0";"0";"2278884304";"02.10.2026 19:07:34";"";"";"";"0";"0";"0"
"BR2000";"Бреcт ЖРЭУ г.Брест";"213557";"3422076";"24";"Холодная вода по ЭОЗ";"";"32200087";"ГП Брестводоканал";"ГП Брестводоканал";"24";"";"01.06.2017";"01.01.2100";"2,2357";"0";"0";"0";"0";"0";"0";"0";"0";"0";"0";"0";"0";"2279136515";"02.10.2026 19:53:59";"";"";"";"0";"0";"0"
"BR2000";"Бреcт ЖРЭУ г.Брест";"201233";"3189761";"24";"Холодная вода по ЭОЗ";"";"32200087";"ГП Брестводоканал";"ГП Брестводоканал";"24";"";"01.06.2017";"01.01.2100";"2,2357";"0";"0";"0";"0";"0";"0";"0";"0";"0";"0";"0";"0";"2278975060";"02.10.2026 19:33:34";"";"";"";"0";"0";"0"
"BR2000";"Бреcт ЖРЭУ г.Брест";"180401";"3240430";"24";"Холодная вода по ЭОЗ";"";"32200087";"ГП Брестводоканал";"ГП Брестводоканал";"24";"";"01.06.2017";"01.01.2100";"2,2357";"0";"0";"0";"0";"0";"0";"0";"0";"0";"0";"0";"0";"2280895689";"05.10.2026 11:15:21";"";"";"";"0";"0";"0"
"BR2000";"Бреcт ЖРЭУ г.Брест";"179635";"3282454";"24";"Холодная вода по ЭОЗ";"";"32200087";"ГП Брестводоканал";"ГП Брестводоканал";"24";"";"01.06.2017";"01.01.2100";"2,2357";"0";"0";"0";"0";"0";"0";"0";"0";"0";"0";"0";"0";"2280897942";"05.10.2026 11:15:21";"";"";"";"0";"0";"0"
"BR2000";"Бреcт ЖРЭУ г.Брест";"175880";"3366435";"24";"Холодная вода по ЭОЗ";"";"32200087";"ГП Брестводоканал";"ГП Брестводоканал";"24";"";"01.06.2017";"01.01.2100";"2,2357";"0";"0";"0";"0";"0";"0";"0";"0";"0";"0";"0";"0";"2280901799";"05.10.2026 11:15:21";"";"";"";"0";"0";"0"
"BR2000";"Бреcт ЖРЭУ г.Брест";"200266";"3342521";"24";"Холодная вода по ЭОЗ";"";"32200087";"ГП Брестводоканал";"ГП Брестводоканал";"24";"";"01.06.2017";"01.01.2100";"2,2357";"0";"0";"0";"0";"0";"0";"0";"0";"0";"0";"0";"0";"2278983618";"02.10.2026 19:33:34";"";"";"";"0";"0";"0"
"BR2000";"Бреcт ЖРЭУ г.Брест";"367826";"5260355";"24";"Холодная вода по ЭОЗ";"";"32200087";"ГП Брестводоканал";"ГП Брестводоканал";"24";"";"01.09.2023";"01.01.2100";"2,2357";"0";"0";"0";"0";"0";"0";"0";"0";"0";"0";"0";"0";"2278857097";"02.10.2026 19:07:34";"";"";"";"0";"0";"0"
"BR2000";"Бреcт ЖРЭУ г.Брест";"178334";"3157920";"24";"Холодная вода по ЭОЗ";"";"32200087";"ГП Брестводоканал";"ГП Брестводоканал";"24";"";"01.06.2017";"01.01.2100";"2,2357";"0";"0";"0";"0";"0";"0";"0";"0";"0";"0";"0";"0";"2280891405";"05.10.2026 11:15:21";"";"";"";"0";"0";"0"
"BR2000";"Бреcт ЖРЭУ г.Брест";"216816";"2988367";"24";"Холодная вода по ЭОЗ";"";"32200087";"ГП Брестводоканал";"ГП Брестводоканал";"24";"";"01.06.2017";"01.01.2100";"2,2357";"0";"0";"0";"0";"0";"0";"0";"0";"0";"0";"0";"0";"2279107027";"02.10.2026 19:53:59";"";"";"";"0";"0";"0"
"BR2000";"Бреcт ЖРЭУ г.Брест";"405133";"6921988";"24";"Холодная вода по ЭОЗ";"";"32200087";"ГП Брестводоканал";"ГП Брестводоканал";"24";"";"01.08.2026";"01.01.2100";"2,2357";"0";"0";"0";"0";"0";"0";"0";"0";"0";"0";"0";"0";"2278884283";"02.10.2026 19:07:34";"";"";"";"0";"0";"0"
"BR2000";"Бреcт ЖРЭУ г.Брест";"176139";"3048481";"24";"Холодная вода по ЭОЗ";"";"32200087";"ГП Брестводоканал";"ГП Брестводоканал";"24";"";"01.06.2017";"01.01.2100";"2,2357";"0";"0";"0";"0";"0";"0";"0";"0";"0";"0";"0";"0";"2280886205";"05.10.2026 11:15:21";"";"";"";"0";"0";"0"
"BR2000";"Бреcт ЖРЭУ г.Брест";"201244";"3236205";"24";"Холодная вода по ЭОЗ";"";"32200087";"ГП Брестводоканал";"ГП Брестводоканал";"24";"";"01.06.2017";"01.01.2100";"2,2357";"0";"0";"0";"0";"0";"0";"0";"0";"0";"0";"0";"0";"2278978157";"02.10.2026 19:33:34";"";"";"";"0";"0";"0"
"BR2000";"Бреcт ЖРЭУ г.Брест";"206077";"2970591";"24";"Холодная вода по ЭОЗ";"";"32200087";"ГП Брестводоканал";"ГП Брестводоканал";"24";"";"01.06.2017";"01.01.2100";"2,2357";"0";"0";"0";"0";"0";"0";"0";"0";"0";"0";"0";"0";"2279105404";"02.10.2026 19:53:59";"";"";"";"0";"0";"0"
"BR2000";"Бреcт ЖРЭУ г.Брест";"180100";"3167484";"24";"Холодная вода по ЭОЗ";"";"32200087";"ГП Брестводоканал";"ГП Брестводоканал";"24";"";"01.06.2017";"01.01.2100";"2,2357";"0";"0";"0";"0";"0";"0";"0";"0";"0";"0";"0";"0";"2280891610";"05.10.2026 11:15:21";"";"";"";"0";"0";"0"
"BR2000";"Бреcт ЖРЭУ г.Брест";"222142";"3168448";"24";"Холодная вода по ЭОЗ";"";"32200087";"ГП Брестводоканал";"ГП Брестводоканал";"24";"";"01.06.2017";"01.01.2100";"2,2357";"0";"0";"0";"0";"0";"0";"0";"0";"0";"0";"0";"0";"2280216275";"03.10.2026 0:30:41";"";"";"";"0";"0";"0"
"BR2000";"Бреcт ЖРЭУ г.Брест";"178602";"3199567";"24";"Холодная вода по ЭОЗ";"";"32200087";"ГП Брестводоканал";"ГП Брестводоканал";"24";"";"01.06.2017";"01.01.2100";"2,2357";"0";"0";"0";"0";"0";"0";"0";"0";"0";"0";"0";"0";"2280893766";"05.10.2026 11:15:21";"";"";"";"0";"0";"0"
"BR2000";"Бреcт ЖРЭУ г.Брест";"180100";"3167486";"25";"Горячая вода по ЭОЗ";"";"32200087";"ГП Брестводоканал";"ГП Брестводоканал";"25";"";"01.06.2017";"01.01.2100";"2,2357";"0";"0";"0";"0";"0";"0";"0";"0";"0";"0";"0";"0";"2280891612";"05.10.2026 11:15:21";"";"";"";"0";"0";"0"
"BR2000";"Бреcт ЖРЭУ г.Брест";"200266";"3342523";"25";"Горячая вода по ЭОЗ";"";"32200087";"ГП Брестводоканал";"ГП Брестводоканал";"25";"";"01.06.2017";"01.01.2100";"2,2357";"0";"0";"0";"0";"0";"0";"0";"0";"0";"0";"0";"0";"2278983620";"02.10.2026 19:33:34";"";"";"";"0";"0";"0"
"BR2000";"Бреcт ЖРЭУ г.Брест";"196440";"5340533";"25";"Горячая вода по ЭОЗ";"";"32200087";"ГП Брестводоканал";"ГП Брестводоканал";"25";"";"01.10.2023";"01.01.2100";"2,2357";"0,25";"0,56";"0,56";"0";"0";"0";"0";"0";"0";"0";"0,56";"0";"2279018615";"02.10.2026 19:33:34";"";"";"";"0";"0";"0"
"BR2000";"Бреcт ЖРЭУ г.Брест";"405133";"6921990";"25";"Горячая вода по ЭОЗ";"";"32200087";"ГП Брестводоканал";"ГП Брестводоканал";"25";"";"01.08.2026";"01.01.2100";"2,2357";"0";"0";"0";"0";"0";"0";"0";"0";"0";"0";"0";"0";"2278884285";"02.10.2026 19:07:34";"";"";"";"0";"0";"0"
"BR2000";"Бреcт ЖРЭУ г.Брест";"176139";"3048483";"25";"Горячая вода по ЭОЗ";"";"32200087";"ГП Брестводоканал";"ГП Брестводоканал";"25";"";"01.06.2017";"01.01.2100";"2,2357";"0";"0";"0";"0";"0";"0";"0";"0";"0";"0";"0";"0";"2280886207";"05.10.2026 11:15:21";"";"";"";"0";"0";"0"
"BR2000";"Бреcт ЖРЭУ г.Брест";"178334";"3157922";"25";"Горячая вода по ЭОЗ";"";"32200087";"ГП Брестводоканал";"ГП Брестводоканал";"25";"";"01.06.2017";"01.01.2100";"2,2357";"0";"0";"0";"0";"0";"0";"0";"0";"0";"0";"0";"0";"2280891407";"05.10.2026 11:15:21";"";"";"";"0";"0";"0"
"BR2000";"Бреcт ЖРЭУ г.Брест";"180401";"3240432";"25";"Горячая вода по ЭОЗ";"";"32200087";"ГП Брестводоканал";"ГП Брестводоканал";"25";"";"01.06.2017";"01.01.2100";"2,2357";"0";"0";"0";"0";"0";"0";"0";"0";"0";"0";"0";"0";"2280895691";"05.10.2026 11:15:21";"";"";"";"0";"0";"0"
"BR2000";"Бреcт ЖРЭУ г.Брест";"405134";"6922036";"25";"Горячая вода по ЭОЗ";"";"32200087";"ГП Брестводоканал";"ГП Брестводоканал";"25";"";"01.08.2026";"01.01.2100";"2,2357";"0";"0";"0";"0";"0";"0";"0";"0";"0";"0";"0";"0";"2278884306";"02.10.2026 19:07:34";"";"";"";"0";"0";"0"
"BR2000";"Бреcт ЖРЭУ г.Брест";"175880";"3366437";"25";"Горячая вода по ЭОЗ";"";"32200087";"ГП Брестводоканал";"ГП Брестводоканал";"25";"";"01.06.2017";"01.01.2100";"2,2357";"0";"0";"0";"0";"0";"0";"0";"0";"0";"0";"0";"0";"2280901801";"05.10.2026 11:15:21";"";"";"";"0";"0";"0"
"BR2000";"Бреcт ЖРЭУ г.Брест";"201233";"3189763";"25";"Горячая вода по ЭОЗ";"";"32200087";"ГП Брестводоканал";"ГП Брестводоканал";"25";"";"01.06.2017";"01.01.2100";"2,2357";"0";"0";"0";"0";"0";"0";"0";"0";"0";"0";"0";"0";"2278975062";"02.10.2026 19:33:34";"";"";"";"0";"0";"0"
"BR2000";"Бреcт ЖРЭУ г.Брест";"206077";"2970593";"25";"Горячая вода по ЭОЗ";"";"32200087";"ГП Брестводоканал";"ГП Брестводоканал";"25";"";"01.06.2017";"01.01.2100";"2,2357";"0";"0";"0";"0";"0";"0";"0";"0";"0";"0";"0";"0";"2279105406";"02.10.2026 19:53:59";"";"";"";"0";"0";"0"
"BR2000";"Бреcт ЖРЭУ г.Брест";"222142";"3168450";"25";"Горячая вода по ЭОЗ";"";"32200087";"ГП Брестводоканал";"ГП Брестводоканал";"25";"";"01.06.2017";"01.01.2100";"2,2357";"0";"0";"0";"0";"0";"0";"0";"0";"0";"0";"0";"0";"2280216277";"03.10.2026 0:30:41";"";"";"";"0";"0";"0"
"BR2000";"Бреcт ЖРЭУ г.Брест";"213557";"3423372";"25";"Горячая вода по ЭОЗ";"";"32200087";"ГП Брестводоканал";"ГП Брестводоканал";"25";"";"01.06.2017";"01.01.2100";"2,2357";"0";"0";"0";"0";"0";"0";"0";"0";"0";"0";"0";"0";"2279136544";"02.10.2026 19:53:59";"";"";"";"0";"0";"0"
"BR2000";"Бреcт ЖРЭУ г.Брест";"201244";"3236207";"25";"Горячая вода по ЭОЗ";"";"32200087";"ГП Брестводоканал";"ГП Брестводоканал";"25";"";"01.06.2017";"01.01.2100";"2,2357";"0";"0";"0";"0";"0";"0";"0";"0";"0";"0";"0";"0";"2278978159";"02.10.2026 19:33:34";"";"";"";"0";"0";"0"
"BR2000";"Бреcт ЖРЭУ г.Брест";"178602";"3199569";"25";"Горячая вода по ЭОЗ";"";"32200087";"ГП Брестводоканал";"ГП Брестводоканал";"25";"";"01.06.2017";"01.01.2100";"2,2357";"0";"0";"0";"0";"0";"0";"0";"0";"0";"0";"0";"0";"2280893768";"05.10.2026 11:15:21";"";"";"";"0";"0";"0"
"BR2000";"Бреcт ЖРЭУ г.Брест";"367826";"5260356";"25";"Горячая вода по ЭОЗ";"";"32200087";"ГП Брестводоканал";"ГП Брестводоканал";"25";"";"01.09.2023";"01.01.2100";"2,2357";"0";"0";"0";"0";"0";"0";"0";"0";"0";"0";"0";"0";"2278857098";"02.10.2026 19:07:34";"";"";"";"0";"0";"0"
"BR2000";"Бреcт ЖРЭУ г.Брест";"179635";"3282456";"25";"Горячая вода по ЭОЗ";"";"32200087";"ГП Брестводоканал";"ГП Брестводоканал";"25";"";"01.06.2017";"01.01.2100";"2,2357";"0";"0";"0";"0";"0";"0";"0";"0";"0";"0";"0";"0";"2280897944";"05.10.2026 11:15:21";"";"";"";"0";"0";"0"
"BR2000";"Бреcт ЖРЭУ г.Брест";"178602";"3199571";"26";"Водоотведение по ЭОЗ";"";"32200087";"ГП Брестводоканал";"ГП Брестводоканал";"26";"";"01.06.2017";"01.01.2100";"2,2156";"0";"0";"0";"0";"0";"0";"0";"0";"0";"0";"0";"0";"2280893770";"05.10.2026 11:15:21";"";"";"";"0";"0";"0"
"BR2000";"Бреcт ЖРЭУ г.Брест";"179635";"3282458";"26";"Водоотведение по ЭОЗ";"";"32200087";"ГП Брестводоканал";"ГП Брестводоканал";"26";"";"01.06.2017";"01.01.2100";"2,2156";"0";"0";"0";"0";"0";"0";"0";"0";"0";"0";"0";"0";"2280897946";"05.10.2026 11:15:21";"";"";"";"0";"0";"0"
"BR2000";"Бреcт ЖРЭУ г.Брест";"405133";"6921992";"26";"Водоотведение по ЭОЗ";"";"32200087";"ГП Брестводоканал";"ГП Брестводоканал";"26";"";"01.08.2026";"01.01.2100";"2,2156";"0";"0";"0";"0";"0";"0";"0";"0";"0";"0";"0";"0";"2278884287";"02.10.2026 19:07:34";"";"";"";"0";"0";"0"
"BR2000";"Бреcт ЖРЭУ г.Брест";"216816";"2988369";"26";"Водоотведение по ЭОЗ";"";"32200087";"ГП Брестводоканал";"ГП Брестводоканал";"26";"";"01.06.2017";"01.01.2100";"2,2156";"0";"0";"0";"0";"0";"0";"0";"0";"0";"0";"0";"0";"2279107029";"02.10.2026 19:53:59";"";"";"";"0";"0";"0"
"BR2000";"Бреcт ЖРЭУ г.Брест";"176139";"3048485";"26";"Водоотведение по ЭОЗ";"";"32200087";"ГП Брестводоканал";"ГП Брестводоканал";"26";"";"01.06.2017";"01.01.2100";"2,2156";"0";"0";"0";"0";"0";"0";"0";"0";"0";"0";"0";"0";"2280886209";"05.10.2026 11:15:21";"";"";"";"0";"0";"0"
"BR2000";"Бреcт ЖРЭУ г.Брест";"200266";"3342525";"26";"Водоотведение по ЭОЗ";"";"32200087";"ГП Брестводоканал";"ГП Брестводоканал";"26";"";"01.06.2017";"01.01.2100";"2,2156";"0";"0";"0";"0";"0";"0";"0";"0";"0";"0";"0";"0";"2278983622";"02.10.2026 19:33:34";"";"";"";"0";"0";"0"
"BR2000";"Бреcт ЖРЭУ г.Брест";"180401";"3240434";"26";"Водоотведение по ЭОЗ";"";"32200087";"ГП Брестводоканал";"ГП Брестводоканал";"26";"";"01.06.2017";"01.01.2100";"2,2156";"0";"0";"0";"0";"0";"0";"0";"0";"0";"0";"0";"0";"2280895693";"05.10.2026 11:15:21";"";"";"";"0";"0";"0"
"BR2000";"Бреcт ЖРЭУ г.Брест";"213557";"3422806";"26";"Водоотведение по ЭОЗ";"";"32200087";"ГП Брестводоканал";"ГП Брестводоканал";"26";"";"01.06.2017";"01.01.2100";"2,2156";"0";"0";"0";"0";"0";"0";"0";"0";"0";"0";"0";"0";"2279136526";"02.10.2026 19:53:59";"";"";"";"0";"0";"0"
"BR2000";"Бреcт ЖРЭУ г.Брест";"201244";"3236209";"26";"Водоотведение по ЭОЗ";"";"32200087";"ГП Брестводоканал";"ГП Брестводоканал";"26";"";"01.06.2017";"01.01.2100";"2,2156";"0";"0";"0";"0";"0";"0";"0";"0";"0";"0";"0";"0";"2278978161";"02.10.2026 19:33:34";"";"";"";"0";"0";"0"
"BR2000";"Бреcт ЖРЭУ г.Брест";"201233";"3189765";"26";"Водоотведение по ЭОЗ";"";"32200087";"ГП Брестводоканал";"ГП Брестводоканал";"26";"";"01.06.2017";"01.01.2100";"2,2156";"0";"0";"0";"0";"0";"0";"0";"0";"0";"0";"0";"0";"2278975064";"02.10.2026 19:33:34";"";"";"";"0";"0";"0"
"BR2000";"Бреcт ЖРЭУ г.Брест";"196440";"3277028";"26";"Водоотведение по ЭОЗ";"";"32200087";"ГП Брестводоканал";"ГП Брестводоканал";"26";"";"01.06.2017";"01.01.2100";"2,2156";"1";"2,22";"2,22";"0";"0";"0";"0";"2,22";"0";"0";"4,44";"0";"2278980231";"02.10.2026 19:33:34";"";"";"";"0";"0";"0"
"BR2000";"Бреcт ЖРЭУ г.Брест";"178334";"3156612";"26";"Водоотведение по ЭОЗ";"";"32200087";"ГП Брестводоканал";"ГП Брестводоканал";"26";"";"01.06.2017";"01.01.2100";"2,2156";"0";"0";"0";"0";"0";"0";"0";"0";"0";"0";"0";"0";"2280890982";"05.10.2026 11:15:21";"";"";"";"0";"0";"0"
"BR2000";"Бреcт ЖРЭУ г.Брест";"222142";"3168452";"26";"Водоотведение по ЭОЗ";"";"32200087";"ГП Брестводоканал";"ГП Брестводоканал";"26";"";"01.06.2017";"01.01.2100";"2,2156";"0";"0";"0";"0";"0";"0";"0";"0";"0";"0";"0";"0";"2280216279";"03.10.2026 0:30:41";"";"";"";"0";"0";"0"
"BR2000";"Бреcт ЖРЭУ г.Брест";"367826";"5260357";"26";"Водоотведение по ЭОЗ";"";"32200087";"ГП Брестводоканал";"ГП Брестводоканал";"26";"";"01.09.2023";"01.01.2100";"2,2156";"0";"0";"0";"0";"0";"0";"0";"0";"0";"0";"0";"0";"2278857099";"02.10.2026 19:07:34";"";"";"";"0";"0";"0"
"BR2000";"Бреcт ЖРЭУ г.Брест";"180100";"3167488";"26";"Водоотведение по ЭОЗ";"";"32200087";"ГП Брестводоканал";"ГП Брестводоканал";"26";"";"01.06.2017";"01.01.2100";"2,2156";"0";"0";"0";"0";"0";"0";"0";"0";"0";"0";"0";"0";"2280891614";"05.10.2026 11:15:21";"";"";"";"0";"0";"0"
"BR2000";"Бреcт ЖРЭУ г.Брест";"405134";"6922038";"26";"Водоотведение по ЭОЗ";"";"32200087";"ГП Брестводоканал";"ГП Брестводоканал";"26";"";"01.08.2026";"01.01.2100";"2,2156";"0";"0";"0";"0";"0";"0";"0";"0";"0";"0";"0";"0";"2278884308";"02.10.2026 19:07:34";"";"";"";"0";"0";"0"
"BR2000";"Бреcт ЖРЭУ г.Брест";"206077";"2970595";"26";"Водоотведение по ЭОЗ";"";"32200087";"ГП Брестводоканал";"ГП Брестводоканал";"26";"";"01.06.2017";"01.01.2100";"2,2156";"0";"0";"0";"0";"0";"0";"0";"0";"0";"0";"0";"0";"2279105408";"02.10.2026 19:53:59";"";"";"";"0";"0";"0"
"BR2000";"Бреcт ЖРЭУ г.Брест";"175880";"3366439";"26";"Водоотведение по ЭОЗ";"";"32200087";"ГП Брестводоканал";"ГП Брестводоканал";"26";"";"01.06.2017";"01.01.2100";"2,2156";"0";"0";"0";"0";"0";"0";"0";"0";"0";"0";"0";"0";"2280901803";"05.10.2026 11:15:21";"";"";"";"0";"0";"0"
"BR2000";"Бреcт ЖРЭУ г.Брест";"178334";"6103191";"27";"Отопление по ЭОЗ";"";"11";"БТС";"БТС";"27";"";"01.05.2024";"01.01.2100";"147,48";"0";"0";"0";"0";"0";"0";"0";"0";"0";"0";"0";"0";"2280938896";"05.10.2026 11:15:21";"";"";"";"0";"0";"0"
"BR2000";"Бреcт ЖРЭУ г.Брест";"180100";"6100567";"27";"Отопление по ЭОЗ";"";"11";"БТС";"БТС";"27";"";"01.05.2024";"01.01.2100";"147,48";"0";"0";"0";"0";"0";"0";"0";"0";"0";"0";"0";"0";"2280936463";"05.10.2026 11:15:21";"";"";"";"0";"0";"0"
"BR2000";"Бреcт ЖРЭУ г.Брест";"216816";"6169948";"27";"Отопление по ЭОЗ";"";"11";"БТС";"БТС";"27";"";"01.06.2024";"01.01.2100";"147,48";"0";"0";"0";"0";"0";"0";"0";"0";"0";"0";"0";"0";"2279210397";"02.10.2026 19:53:59";"";"";"";"0";"0";"0"
"BR2000";"Бреcт ЖРЭУ г.Брест";"178602";"6105471";"27";"Отопление по ЭОЗ";"";"11";"БТС";"БТС";"27";"";"01.05.2024";"01.01.2100";"147,48";"0";"0";"0";"0";"0";"0";"0";"0";"0";"0";"0";"0";"2280940858";"05.10.2026 11:15:21";"";"";"";"0";"0";"0"
"BR2000";"Бреcт ЖРЭУ г.Брест";"176139";"6104727";"27";"Отопление по ЭОЗ";"";"11";"БТС";"БТС";"27";"";"01.05.2024";"01.01.2100";"147,48";"0";"0";"0";"0";"0";"0";"0";"0";"0";"0";"0";"0";"2280940146";"05.10.2026 11:15:21";"";"";"";"0";"0";"0"
"BR2000";"Бреcт ЖРЭУ г.Брест";"213557";"6146245";"27";"Отопление по ЭОЗ";"";"11";"БТС";"БТС";"27";"";"01.05.2024";"01.01.2100";"147,48";"0";"0";"0";"0";"0";"0";"0";"0";"0";"0";"0";"0";"2279191816";"02.10.2026 19:53:59";"";"";"";"0";"0";"0"
"BR2000";"Бреcт ЖРЭУ г.Брест";"201244";"6009016";"27";"Отопление по ЭОЗ";"";"2000001";"КУПП БКХ";"КУПП Брестское котельное хозяйство";"27";"";"01.05.2024";"01.01.2100";"147,48";"0";"0";"0";"0";"0";"0";"0";"0";"0";"0";"0";"0";"2279051169";"02.10.2026 19:33:34";"";"";"";"0";"0";"0"
"BR2000";"Бреcт ЖРЭУ г.Брест";"206077";"6145825";"27";"Отопление по ЭОЗ";"";"11";"БТС";"БТС";"27";"";"01.05.2024";"01.01.2100";"147,48";"0";"0";"0";"0";"0";"0";"0";"0";"0";"0";"0";"0";"2279191430";"02.10.2026 19:53:59";"";"";"";"0";"0";"0"
"BR2000";"Бреcт ЖРЭУ г.Брест";"180401";"6101175";"27";"Отопление по ЭОЗ";"";"11";"БТС";"БТС";"27";"";"01.05.2024";"01.01.2100";"147,48";"0";"0";"0";"0";"0";"0";"0";"0";"0";"0";"0";"0";"2280937037";"05.10.2026 11:15:21";"";"";"";"0";"0";"0"
"BR2000";"Бреcт ЖРЭУ г.Брест";"200266";"5973211";"27";"Отопление по ЭОЗ";"";"2000001";"КУПП БКХ";"КУПП Брестское котельное хозяйство";"27";"";"01.05.2024";"01.01.2100";"147,48";"0";"0";"0";"0";"0";"0";"0";"0";"0";"0";"0";"0";"2279034578";"02.10.2026 19:33:34";"";"";"";"0";"0";"0"
"BR2000";"Бреcт ЖРЭУ г.Брест";"405133";"6922000";"27";"Отопление по ЭОЗ";"";"11";"БТС";"БТС";"27";"";"01.08.2026";"01.01.2100";"147,48";"0";"0";"0";"0";"0";"0";"0";"0";"0";"0";"0";"0";"2278803724";"02.10.2026 19:07:34";"";"";"";"0";"0";"0"
"BR2000";"Бреcт ЖРЭУ г.Брест";"196682";"5977441";"27";"Отопление по ЭОЗ";"";"2000001";"КУПП БКХ";"КУПП Брестское котельное хозяйство";"27";"";"01.05.2024";"01.01.2100";"147,48";"0";"0";"0";"0";"0";"0";"0";"0";"0";"0";"0";"0";"2279038596";"02.10.2026 19:33:34";"";"";"";"0";"0";"0"
"BR2000";"Бреcт ЖРЭУ г.Брест";"405134";"6922046";"27";"Отопление по ЭОЗ";"";"11";"БТС";"БТС";"27";"";"01.08.2026";"01.01.2100";"147,48";"0";"0";"0";"0";"0";"0";"0";"0";"0";"0";"0";"0";"2278884316";"02.10.2026 19:07:34";"";"";"";"0";"0";"0"
"BR2000";"Бреcт ЖРЭУ г.Брест";"222142";"6183249";"27";"Отопление по ЭОЗ";"";"11";"БТС";"БТС";"27";"";"01.06.2024";"01.01.2100";"147,48";"0";"0";"0";"0";"0";"0";"0";"0";"0";"0";"0";"0";"2280309996";"03.10.2026 0:30:41";"";"";"";"0";"0";"0"
"BR2000";"Бреcт ЖРЭУ г.Брест";"175880";"6104569";"27";"Отопление по ЭОЗ";"";"11";"БТС";"БТС";"27";"";"01.05.2024";"01.01.2100";"147,48";"0";"0";"0";"0";"0";"0";"0";"0";"0";"0";"0";"0";"2280939992";"05.10.2026 11:15:21";"";"";"";"0";"0";"0"
"BR2000";"Бреcт ЖРЭУ г.Брест";"201233";"5973331";"27";"Отопление по ЭОЗ";"";"2000001";"КУПП БКХ";"КУПП Брестское котельное хозяйство";"27";"";"01.05.2024";"01.01.2100";"147,48";"0";"0";"0";"0";"0";"0";"0";"0";"0";"0";"0";"0";"2279034693";"02.10.2026 19:33:34";"";"";"";"0";"0";"0"
"BR2000";"Бреcт ЖРЭУ г.Брест";"196440";"6004918";"27";"Отопление по ЭОЗ";"";"2000001";"КУПП БКХ";"КУПП Брестское котельное хозяйство";"27";"";"01.05.2024";"01.01.2100";"147,48";"0";"0";"0";"0";"0";"0";"0";"0";"0";"0";"0";"0";"2279047624";"02.10.2026 19:33:34";"";"";"";"0";"0";"0"
"BR2000";"Бреcт ЖРЭУ г.Брест";"179635";"6107321";"27";"Отопление по ЭОЗ";"";"11";"БТС";"БТС";"27";"";"01.05.2024";"01.01.2100";"147,48";"0";"0";"0";"0";"0";"0";"0";"0";"0";"0";"0";"0";"2280942400";"05.10.2026 11:15:21";"";"";"";"0";"0";"0"
"BR2000";"Бреcт ЖРЭУ г.Брест";"367826";"6010162";"27";"Отопление по ЭОЗ";"";"11";"БТС";"БТС";"27";"";"01.05.2024";"01.01.2100";"147,48";"0";"0";"0";"0";"0";"0";"0";"0";"0";"0";"0";"0";"2278870731";"02.10.2026 19:07:34";"";"";"";"0";"0";"0"
"BR2000";"Бреcт ЖРЭУ г.Брест";"175880";"6119300";"28";"Подогрев воды по ЭОЗ";"";"11";"БТС";"БТС";"28";"";"01.05.2024";"01.01.2100";"147,48";"0";"0";"0";"0";"0";"0";"0";"0";"0";"0";"0";"0";"2280865152";"05.10.2026 11:15:21";"";"";"";"0";"0";"0"
"BR2000";"Бреcт ЖРЭУ г.Брест";"176139";"6119458";"28";"Подогрев воды по ЭОЗ";"";"11";"БТС";"БТС";"28";"";"01.05.2024";"01.01.2100";"147,48";"0";"0";"0";"0";"0";"0";"0";"0";"0";"0";"0";"0";"2280949210";"05.10.2026 11:15:21";"";"";"";"0";"0";"0"
"BR2000";"Бреcт ЖРЭУ г.Брест";"178602";"6118649";"28";"Подогрев воды по ЭОЗ";"";"11";"БТС";"БТС";"28";"";"01.05.2024";"01.01.2100";"147,48";"0";"0";"0";"0";"0";"0";"0";"0";"0";"0";"0";"0";"2280948703";"05.10.2026 11:15:21";"";"";"";"0";"0";"0"
"BR2000";"Бреcт ЖРЭУ г.Брест";"201233";"5974889";"28";"Подогрев воды по ЭОЗ";"";"2000001";"КУПП БКХ";"КУПП Брестское котельное хозяйство";"28";"";"01.05.2024";"01.01.2100";"147,48";"0";"0";"0";"0";"0";"0";"0";"0";"0";"0";"0";"0";"2279036178";"02.10.2026 19:33:34";"";"";"";"0";"0";"0"
"BR2000";"Бреcт ЖРЭУ г.Брест";"201244";"6009070";"28";"Подогрев воды по ЭОЗ";"";"2000001";"КУПП БКХ";"КУПП Брестское котельное хозяйство";"28";"";"01.05.2024";"01.01.2100";"147,48";"0";"0";"0";"0";"0";"0";"0";"0";"0";"0";"0";"0";"2279051223";"02.10.2026 19:33:34";"";"";"";"0";"0";"0"
"BR2000";"Бреcт ЖРЭУ г.Брест";"180401";"6113949";"28";"Подогрев воды по ЭОЗ";"";"11";"БТС";"БТС";"28";"";"01.05.2024";"01.01.2100";"147,48";"0";"0";"0";"0";"0";"0";"0";"0";"0";"0";"0";"0";"2280944568";"05.10.2026 11:15:21";"";"";"";"0";"0";"0"
"BR2000";"Бреcт ЖРЭУ г.Брест";"405133";"6922002";"28";"Подогрев воды по ЭОЗ";"";"11";"БТС";"БТС";"28";"";"01.08.2026";"01.01.2100";"147,48";"0";"0";"0";"0";"0";"0";"0";"0";"0";"0";"0";"0";"2278884296";"02.10.2026 19:07:34";"";"";"";"0";"0";"0"
"BR2000";"Бреcт ЖРЭУ г.Брест";"178334";"6116341";"28";"Подогрев воды по ЭОЗ";"";"11";"БТС";"БТС";"28";"";"01.05.2024";"01.01.2100";"147,48";"0";"0";"0";"0";"0";"0";"0";"0";"0";"0";"0";"0";"2280946604";"05.10.2026 11:15:21";"";"";"";"0";"0";"0"
"BR2000";"Бреcт ЖРЭУ г.Брест";"200266";"5974769";"28";"Подогрев воды по ЭОЗ";"";"2000001";"КУПП БКХ";"КУПП Брестское котельное хозяйство";"28";"";"01.05.2024";"01.01.2100";"147,48";"0";"0";"0";"0";"0";"0";"0";"0";"0";"0";"0";"0";"2279036063";"02.10.2026 19:33:34";"";"";"";"0";"0";"0"
"BR2000";"Бреcт ЖРЭУ г.Брест";"222142";"6184055";"28";"Подогрев воды по ЭОЗ";"";"11";"БТС";"БТС";"28";"";"01.06.2024";"01.01.2100";"147,48";"0";"0";"0";"0";"0";"0";"0";"0";"0";"0";"0";"0";"2280310713";"03.10.2026 0:30:41";"";"";"";"0";"0";"0"
"BR2000";"Бреcт ЖРЭУ г.Брест";"179635";"6120585";"28";"Подогрев воды по ЭОЗ";"";"11";"БТС";"БТС";"28";"";"01.05.2024";"01.01.2100";"147,48";"0";"0";"0";"0";"0";"0";"0";"0";"0";"0";"0";"0";"2280950206";"05.10.2026 11:15:21";"";"";"";"0";"0";"0"
"BR2000";"Бреcт ЖРЭУ г.Брест";"180100";"6113647";"28";"Подогрев воды по ЭОЗ";"";"11";"БТС";"БТС";"28";"";"01.05.2024";"01.01.2100";"147,48";"0";"0";"0";"0";"0";"0";"0";"0";"0";"0";"0";"0";"2280944295";"05.10.2026 11:15:21";"";"";"";"0";"0";"0"
"BR2000";"Бреcт ЖРЭУ г.Брест";"213557";"6148885";"28";"Подогрев воды по ЭОЗ";"";"11";"БТС";"БТС";"28";"";"01.05.2024";"01.01.2100";"147,48";"0";"0";"0";"0";"0";"0";"0";"11,01";"0";"0";"11,01";"0";"2279194293";"02.10.2026 19:53:59";"";"";"";"0";"0";"0"
"BR2000";"Бреcт ЖРЭУ г.Брест";"405134";"6922048";"28";"Подогрев воды по ЭОЗ";"";"11";"БТС";"БТС";"28";"";"01.08.2026";"01.01.2100";"147,48";"0";"0";"0";"0";"0";"0";"0";"8,32";"0";"0";"8,32";"0";"2278884318";"02.10.2026 19:07:34";"";"";"";"0";"0";"0"
"BR2000";"Бреcт ЖРЭУ г.Брест";"367826";"6010310";"28";"Подогрев воды по ЭОЗ";"";"11";"БТС";"БТС";"28";"";"01.05.2024";"01.01.2100";"147,48";"0";"0";"0";"0";"0";"0";"0";"0,84";"0";"0";"0,84";"0";"2278870871";"02.10.2026 19:07:34";"";"";"";"0";"0";"0"
"BR2000";"Бреcт ЖРЭУ г.Брест";"196440";"6005042";"28";"Подогрев воды по ЭОЗ";"";"2000001";"КУПП БКХ";"КУПП Брестское котельное хозяйство";"28";"";"01.05.2024";"01.01.2100";"147,48";"0,0187825";"2,77";"2,77";"0";"0";"0";"0";"0,34";"0";"0";"3,11";"0";"2279047747";"02.10.2026 19:33:34";"";"";"";"0";"0";"0"
"BR2000";"Бреcт ЖРЭУ г.Брест";"206077";"6148531";"28";"Подогрев воды по ЭОЗ";"";"11";"БТС";"БТС";"28";"";"01.05.2024";"01.01.2100";"147,48";"0,140302";"20,69";"20,69";"0";"0";"0";"0";"0";"0";"0";"20,69";"0";"2279193970";"02.10.2026 19:53:59";"";"";"";"0";"0";"0"
"BR2000";"Бреcт ЖРЭУ г.Брест";"201244";"5863141";"57";"Страхование квартир";"";"40";"Белорусское республиканское унитарное страховое предприятие Белгосстрах";"Белорусское республиканское унитарное страховое предприятие Белгосстрах";"57";"";"01.04.2024";"01.01.2100";"5";"1";"5";"5";"0";"0";"0";"0";"20";"0";"0";"10,3";"0";"2279033961";"02.10.2026 19:33:34";"";"";"";"0";"14,7";"0"
"BR2000";"Бреcт ЖРЭУ г.Брест";"201244";"2196096";"81";"Возмещение сумм земельного налога по площади застройки";"";"1";"ЖРЭУ";"Коммунальное унитарное предприятие ""Жилищное ремонтно-эксплуатационное управление г.Бреста""";"81";"";"01.06.2016";"01.01.2100";"0,004925";"23,4870940883";"0,12";"0,12";"0";"0";"0";"0";"0,48";"0";"0";"0,25";"0";"2278960604";"02.10.2026 19:33:34";"";"";"";"0";"0,35";"0"
"BR2000";"Бреcт ЖРЭУ г.Брест";"178334";"2177763";"81";"Возмещение сумм земельного налога по площади застройки";"";"1";"ЖРЭУ";"Коммунальное унитарное предприятие ""Жилищное ремонтно-эксплуатационное управление г.Бреста""";"81";"";"01.06.2016";"01.01.2100";"0,0078";"16,451108503";"0,13";"0,13";"0";"0";"0";"0";"0,16";"0";"0";"0,29";"0";"2280881126";"05.10.2026 11:15:21";"";"";"";"0";"0";"0"
"BR2000";"Бреcт ЖРЭУ г.Брест";"180401";"2146223";"81";"Возмещение сумм земельного налога по площади застройки";"";"1";"ЖРЭУ";"Коммунальное унитарное предприятие ""Жилищное ремонтно-эксплуатационное управление г.Бреста""";"81";"";"01.06.2016";"01.01.2100";"0,0078";"7,9984138494";"0,06";"0,06";"0";"0";"0";"0";"0,06";"0";"0";"0,12";"0";"2280879510";"05.10.2026 11:15:21";"";"";"";"0";"0";"0"
"BR2000";"Бреcт ЖРЭУ г.Брест";"222142";"2154273";"81";"Возмещение сумм земельного налога по площади застройки";"";"1";"ЖРЭУ";"Коммунальное унитарное предприятие ""Жилищное ремонтно-эксплуатационное управление г.Бреста""";"81";"";"01.06.2016";"01.01.2100";"0,005733";"13,3827460017";"0,08";"0,08";"0";"0";"0";"0";"0,08";"0";"0";"0,16";"0";"2280194412";"03.10.2026 0:30:41";"";"";"";"0";"0";"0"
"BR2000";"Бреcт ЖРЭУ г.Брест";"200266";"2150203";"81";"Возмещение сумм земельного налога по площади застройки";"";"1";"ЖРЭУ";"Коммунальное унитарное предприятие ""Жилищное ремонтно-эксплуатационное управление г.Бреста""";"81";"";"01.06.2016";"01.01.2100";"0,005192";"16,7522192457";"0,09";"0,09";"0";"0";"0";"0";"0,09";"0";"0";"0,18";"0";"2278956897";"02.10.2026 19:33:34";"";"";"";"0";"0";"0"
"BR2000";"Бреcт ЖРЭУ г.Брест";"176139";"2144174";"81";"Возмещение сумм земельного налога по площади застройки";"";"1";"ЖРЭУ";"Коммунальное унитарное предприятие ""Жилищное ремонтно-эксплуатационное управление г.Бреста""";"81";"";"01.06.2016";"01.01.2100";"0,0078";"12,3407639979";"0,1";"0,1";"0";"0";"0";"0";"0,79";"0";"0";"0,89";"0";"2280879170";"05.10.2026 11:15:21";"";"";"";"0";"0";"0"
"BR2000";"Бреcт ЖРЭУ г.Брест";"206077";"2140302";"81";"Возмещение сумм земельного налога по площади застройки";"";"1";"ЖРЭУ";"Коммунальное унитарное предприятие ""Жилищное ремонтно-эксплуатационное управление г.Бреста""";"81";"";"01.06.2016";"01.01.2100";"0,0156";"109,464114273";"1,71";"1,71";"0";"0";"0";"0";"1,71";"0";"0";"3,42";"0";"2279099246";"02.10.2026 19:53:59";"";"";"";"0";"0";"0"
"BR2000";"Бреcт ЖРЭУ г.Брест";"196682";"2151013";"81";"Возмещение сумм земельного налога по площади застройки";"";"1";"ЖРЭУ";"Коммунальное унитарное предприятие ""Жилищное ремонтно-эксплуатационное управление г.Бреста""";"81";"";"01.06.2016";"01.01.2100";"0,006083";"20,0997931246";"0,12";"0,12";"0";"0";"0";"0";"0,12";"0";"0";"0,24";"0";"2278957449";"02.10.2026 19:33:34";"";"";"";"0";"0";"0"
"BR2000";"Бреcт ЖРЭУ г.Брест";"216816";"2199187";"81";"Возмещение сумм земельного налога по площади застройки";"";"1";"ЖРЭУ";"Коммунальное унитарное предприятие ""Жилищное ремонтно-эксплуатационное управление г.Бреста""";"81";"";"01.06.2016";"01.01.2100";"0,0078";"8,8987303657";"0,07";"0,07";"0";"0";"0";"0";"0,07";"0";"0";"0,14";"0";"2279103004";"02.10.2026 19:53:59";"";"";"";"0";"0";"0"
"BR2000";"Бреcт ЖРЭУ г.Брест";"213557";"4526574";"81";"Возмещение сумм земельного налога по площади застройки";"";"1";"ЖРЭУ";"Коммунальное унитарное предприятие ""Жилищное ремонтно-эксплуатационное управление г.Бреста""";"81";"";"01.08.2021";"01.01.2100";"0,0078";"4,8259806693";"0,04";"0,04";"0";"0";"0";"0";"0,12";"0";"0";"0,08";"0";"2279145560";"02.10.2026 19:53:59";"";"";"";"0";"0,08";"0"
"BR2000";"Бреcт ЖРЭУ г.Брест";"179635";"2144497";"81";"Возмещение сумм земельного налога по площади застройки";"";"1";"ЖРЭУ";"Коммунальное унитарное предприятие ""Жилищное ремонтно-эксплуатационное управление г.Бреста""";"81";"";"01.06.2016";"01.01.2100";"0,0078";"13,8211340536";"0,11";"0,11";"0";"0";"0";"0";"0,11";"0";"0";"0,22";"0";"2280879363";"05.10.2026 11:15:21";"";"";"";"0";"0";"0"
"BR2000";"Бреcт ЖРЭУ г.Брест";"196440";"2192589";"81";"Возмещение сумм земельного налога по площади застройки";"";"1";"ЖРЭУ";"Коммунальное унитарное предприятие ""Жилищное ремонтно-эксплуатационное управление г.Бреста""";"81";"";"01.06.2016";"01.01.2100";"0,006083";"10,6475225225";"0,06";"0,06";"0";"0";"0";"0";"0,06";"0";"0";"0,12";"0";"2278959771";"02.10.2026 19:33:34";"";"";"";"0";"0";"0"
"BR2000";"Бреcт ЖРЭУ г.Брест";"201233";"2150566";"81";"Возмещение сумм земельного налога по площади застройки";"";"1";"ЖРЭУ";"Коммунальное унитарное предприятие ""Жилищное ремонтно-эксплуатационное управление г.Бреста""";"81";"";"01.06.2016";"01.01.2100";"0,005192";"9,3771069489";"0,05";"0,05";"0";"0";"0";"0";"0,05";"0";"0";"0,1";"0";"2278957231";"02.10.2026 19:33:34";"";"";"";"0";"0";"0"
"BR2000";"Бреcт ЖРЭУ г.Брест";"405133";"6922003";"81";"Возмещение сумм земельного налога по площади застройки";"";"1";"ЖРЭУ";"Коммунальное унитарное предприятие ""Жилищное ремонтно-эксплуатационное управление г.Бреста""";"81";"";"01.08.2026";"01.01.2100";"0,0078";"2,1809231984";"0,02";"0,02";"0";"0";"0";"0";"0,02";"0";"0";"0,04";"0";"2278884297";"02.10.2026 19:07:34";"";"";"";"0";"0";"0"
"BR2000";"Бреcт ЖРЭУ г.Брест";"405134";"6922049";"81";"Возмещение сумм земельного налога по площади застройки";"";"1";"ЖРЭУ";"Коммунальное унитарное предприятие ""Жилищное ремонтно-эксплуатационное управление г.Бреста""";"81";"";"01.08.2026";"01.01.2100";"0,0078";"2,1809231984";"0,02";"0,02";"0";"0";"0";"0";"0,02";"0";"0";"0,04";"0";"2278884319";"02.10.2026 19:07:34";"";"";"";"0";"0";"0"
"BR2000";"Бреcт ЖРЭУ г.Брест";"175880";"2144280";"81";"Возмещение сумм земельного налога по площади застройки";"";"1";"ЖРЭУ";"Коммунальное унитарное предприятие ""Жилищное ремонтно-эксплуатационное управление г.Бреста""";"81";"";"01.06.2016";"01.01.2100";"0,0078";"7,8584580499";"0,06";"0,06";"0";"0";"0";"0";"0,06";"0";"0";"0,12";"0";"2280879266";"05.10.2026 11:15:21";"";"";"";"0";"0";"0"
"BR2000";"Бреcт ЖРЭУ г.Брест";"180100";"2176559";"81";"Возмещение сумм земельного налога по площади застройки";"";"1";"ЖРЭУ";"Коммунальное унитарное предприятие ""Жилищное ремонтно-эксплуатационное управление г.Бреста""";"81";"";"01.06.2016";"01.01.2100";"0,0078";"15,3478218669";"0,12";"0,12";"0";"0";"0";"0";"0,12";"0";"0";"0,24";"0";"2280880381";"05.10.2026 11:15:21";"";"";"";"0";"0";"0"
"BR2000";"Бреcт ЖРЭУ г.Брест";"367826";"5260359";"81";"Возмещение сумм земельного налога по площади застройки";"";"1";"ЖРЭУ";"Коммунальное унитарное предприятие ""Жилищное ремонтно-эксплуатационное управление г.Бреста""";"81";"";"01.09.2023";"01.01.2100";"0,0078";"19,9750408005";"0,16";"0";"0,16";"0";"0";"0";"0";"0";"0";"0";"0";"2278857100";"02.10.2026 19:07:34";"";"";"";"0";"0";"0"
"BR2000";"Бреcт ЖРЭУ г.Брест";"178602";"2205430";"82";"Возмещение суммы арендной платы за земельный участок (м.кв.) от площади";"";"1";"ЖРЭУ";"Коммунальное унитарное предприятие ""Жилищное ремонтно-эксплуатационное управление г.Бреста""";"82";"";"01.06.2016";"01.01.2100";"0,002897";"49,4";"0,14";"0,14";"0";"0";"0";"0";"0,28";"0";"0";"0,25";"0";"2280881415";"05.10.2026 11:15:21";"";"";"";"0";"0,17";"0"
"BR2000";"Бреcт ЖРЭУ г.Брест";"176139";"2210598";"183";"Плата за польз.жил.помещением гос.жил.фонда (пониж.коэфф.)";"";"52";"Брестский ГИК коммерч.жилье";"Брестский ГИК коммерч.жилье";"183";"";"01.07.2016";"01.01.2100";"0,675";"49,2";"33,21";"33,21";"0";"0";"0";"0";"262,84";"132,84";"132,84";"296,05";"0";"2280881484";"05.10.2026 11:15:21";"";"";"";"15";"0";"0"
"BR2000";"Бреcт ЖРЭУ г.Брест";"196682";"2213836";"183";"Плата за польз.жил.помещением гос.жил.фонда (пониж.коэфф.)";"";"52";"Брестский ГИК коммерч.жилье";"Брестский ГИК коммерч.жилье";"183";"";"01.07.2016";"01.01.2100";"0,675";"64,8";"43,74";"43,74";"0";"0";"0";"0";"605,38";"4626,86";"4626,86";"649,12";"0";"2278960907";"02.10.2026 19:33:34";"";"";"";"29";"0";"0"
"BR2000";"Бреcт ЖРЭУ г.Брест";"196682";"2213836";"183";"Плата за пользование арендным жильем (пониж.коэфф.)";"";"52";"Брестский ГИК коммерч.жилье";"Брестский ГИК коммерч.жилье";"183";"";"01.07.2016";"01.01.2100";"0,675";"64,8";"43,74";"43,74";"0";"0";"0";"0";"605,38";"4626,86";"4626,86";"649,12";"0";"2278960907";"02.10.2026 19:33:34";"";"";"";"29";"0";"0"
"BR2000";"Бреcт ЖРЭУ г.Брест";"176139";"2210598";"183";"Плата за пользование арендным жильем (пониж.коэфф.)";"";"52";"Брестский ГИК коммерч.жилье";"Брестский ГИК коммерч.жилье";"183";"";"01.07.2016";"01.01.2100";"0,675";"49,2";"33,21";"33,21";"0";"0";"0";"0";"262,84";"132,84";"132,84";"296,05";"0";"2280881484";"05.10.2026 11:15:21";"";"";"";"15";"0";"0"
"BR2000";"Бреcт ЖРЭУ г.Брест";"405134";"6922040";"210";"Техобслуживание лифта по ЭОЗ (кв. м)";"";"41";"Брестлифт";"Открытое акционерное общество «Брестлифт»";"210";"";"01.08.2026";"01.01.2100";"0,1034";"0";"0";"0";"0";"0";"0";"0";"0";"0";"0";"0";"0";"2278884310";"02.10.2026 19:07:34";"";"";"";"0";"0";"0"
"BR2000";"Бреcт ЖРЭУ г.Брест";"178602";"5466806";"210";"Техобслуживание лифта по ЭОЗ (кв. м)";"";"41";"Брестлифт";"Открытое акционерное общество «Брестлифт»";"210";"";"01.03.2024";"01.01.2100";"0,1034";"0";"0";"0";"0";"0";"0";"0";"0";"0";"0";"0";"0";"2280926386";"05.10.2026 11:15:21";"";"";"";"0";"0";"0"
"BR2000";"Бреcт ЖРЭУ г.Брест";"213557";"5564258";"210";"Техобслуживание лифта по ЭОЗ (кв. м)";"";"41";"Брестлифт";"Открытое акционерное общество «Брестлифт»";"210";"";"01.03.2024";"01.01.2100";"0,1034";"0";"0";"0";"0";"0";"0";"0";"0";"0";"0";"0";"0";"2279188828";"02.10.2026 19:53:59";"";"";"";"0";"0";"0"
"BR2000";"Бреcт ЖРЭУ г.Брест";"200266";"5462736";"210";"Техобслуживание лифта по ЭОЗ (кв. м)";"";"41";"Брестлифт";"Открытое акционерное общество «Брестлифт»";"210";"";"01.03.2024";"01.01.2100";"0,1034";"0";"0";"0";"0";"0";"0";"0";"0";"0";"0";"0";"0";"2279021873";"02.10.2026 19:33:34";"";"";"";"0";"0";"0"
"BR2000";"Бреcт ЖРЭУ г.Брест";"405133";"6921994";"210";"Техобслуживание лифта по ЭОЗ (кв. м)";"";"41";"Брестлифт";"Открытое акционерное общество «Брестлифт»";"210";"";"01.08.2026";"01.01.2100";"0,1034";"0";"0";"0";"0";"0";"0";"0";"0";"0";"0";"0";"0";"2278884289";"02.10.2026 19:07:34";"";"";"";"0";"0";"0"
"BR2000";"Бреcт ЖРЭУ г.Брест";"201233";"5466128";"210";"Техобслуживание лифта по ЭОЗ (кв. м)";"";"41";"Брестлифт";"Открытое акционерное общество «Брестлифт»";"210";"";"01.03.2024";"01.01.2100";"0,1034";"0";"0";"0";"0";"0";"0";"0";"0";"0";"0";"0";"0";"2279022306";"02.10.2026 19:33:34";"";"";"";"0";"0";"0"
"BR2000";"Бреcт ЖРЭУ г.Брест";"206077";"5557693";"210";"Техобслуживание лифта по ЭОЗ (кв. м)";"";"41";"Брестлифт";"Открытое акционерное общество «Брестлифт»";"210";"";"01.03.2024";"01.01.2100";"0,1034";"0";"0";"0";"0";"0";"0";"0";"0";"0";"0";"0";"0";"2279187373";"02.10.2026 19:53:59";"";"";"";"0";"0";"0"
"BR2000";"Бреcт ЖРЭУ г.Брест";"176139";"5518204";"216";"Обращение с ТКО по ЭОЗ";"";"47";"ГП БМПЗ";"ГП Брестский мусороперерабатывающий завод";"216";"23";"01.03.2024";"01.01.2100";"20,9089";"0";"0";"0";"0";"0";"0";"0";"0";"0";"0";"0";"0";"2280928319";"05.10.2026 11:15:21";"";"";"";"0";"0";"0"
"BR2000";"Бреcт ЖРЭУ г.Брест";"367826";"5537822";"216";"Обращение с ТКО по ЭОЗ";"";"47";"ГП БМПЗ";"ГП Брестский мусороперерабатывающий завод";"216";"23";"01.03.2024";"01.01.2100";"20,9089";"0";"0";"0";"0";"0";"0";"0";"0";"0";"0";"0";"0";"2278865053";"02.10.2026 19:07:34";"";"";"";"0";"0";"0"
"BR2000";"Бреcт ЖРЭУ г.Брест";"200266";"5503276";"216";"Обращение с ТКО по ЭОЗ";"";"47";"ГП БМПЗ";"ГП Брестский мусороперерабатывающий завод";"216";"23";"01.03.2024";"01.01.2100";"20,9089";"0";"0";"0";"0";"0";"0";"0";"0";"0";"0";"0";"0";"2279029959";"02.10.2026 19:33:34";"";"";"";"0";"0";"0"
"BR2000";"Бреcт ЖРЭУ г.Брест";"196440";"5497844";"216";"Обращение с ТКО по ЭОЗ";"";"47";"ГП БМПЗ";"ГП Брестский мусороперерабатывающий завод";"216";"23";"01.03.2024";"01.01.2100";"20,9089";"0";"0";"0";"0";"0";"0";"0";"0";"0";"0";"0";"0";"2279024780";"02.10.2026 19:33:34";"";"";"";"0";"0";"0"
"BR2000";"Бреcт ЖРЭУ г.Брест";"216816";"5494120";"216";"Обращение с ТКО по ЭОЗ";"";"47";"ГП БМПЗ";"ГП Брестский мусороперерабатывающий завод";"216";"23";"01.03.2024";"01.01.2100";"20,9089";"0";"0";"0";"0";"0";"0";"0";"0";"0";"0";"0";"0";"2279178925";"02.10.2026 19:53:59";"";"";"";"0";"0";"0"
"BR2000";"Бреcт ЖРЭУ г.Брест";"405134";"6922044";"216";"Обращение с ТКО по ЭОЗ";"";"47";"ГП БМПЗ";"ГП Брестский мусороперерабатывающий завод";"216";"23";"01.08.2026";"01.01.2100";"20,9089";"0";"0";"0";"0";"0";"0";"0";"0";"0";"0";"0";"0";"2278884314";"02.10.2026 19:07:34";"";"";"";"0";"0";"0"
"BR2000";"Бреcт ЖРЭУ г.Брест";"222142";"5752484";"216";"Обращение с ТКО по ЭОЗ";"";"47";"ГП БМПЗ";"ГП Брестский мусороперерабатывающий завод";"216";"23";"01.03.2024";"01.01.2100";"20,9089";"0";"0";"0";"0";"0";"0";"0";"0";"0";"0";"0";"0";"2280283522";"03.10.2026 0:30:41";"";"";"";"0";"0";"0"
"BR2000";"Бреcт ЖРЭУ г.Брест";"180100";"5522028";"216";"Обращение с ТКО по ЭОЗ";"";"47";"ГП БМПЗ";"ГП Брестский мусороперерабатывающий завод";"216";"23";"01.03.2024";"01.01.2100";"20,9089";"0";"0";"0";"0";"0";"0";"0";"0";"0";"0";"0";"0";"2280931939";"05.10.2026 11:15:21";"";"";"";"0";"0";"0"
"BR2000";"Бреcт ЖРЭУ г.Брест";"179635";"5521372";"216";"Обращение с ТКО по ЭОЗ";"";"47";"ГП БМПЗ";"ГП Брестский мусороперерабатывающий завод";"216";"23";"01.03.2024";"01.01.2100";"20,9089";"0";"0";"0";"0";"0";"0";"0";"0";"0";"0";"0";"0";"2280931311";"05.10.2026 11:15:21";"";"";"";"0";"0";"0"
"BR2000";"Бреcт ЖРЭУ г.Брест";"201244";"5503696";"216";"Обращение с ТКО по ЭОЗ";"";"47";"ГП БМПЗ";"ГП Брестский мусороперерабатывающий завод";"216";"23";"01.03.2024";"01.01.2100";"20,9089";"0";"0";"0";"0";"0";"0";"0";"0";"0";"0";"0";"0";"2279030359";"02.10.2026 19:33:34";"";"";"";"0";"0";"0"
"BR2000";"Бреcт ЖРЭУ г.Брест";"178334";"5519410";"216";"Обращение с ТКО по ЭОЗ";"";"47";"ГП БМПЗ";"ГП Брестский мусороперерабатывающий завод";"216";"23";"01.03.2024";"01.01.2100";"20,9089";"0";"0";"0";"0";"0";"0";"0";"0";"0";"0";"0";"0";"2280929454";"05.10.2026 11:15:21";"";"";"";"0";"0";"0"
"BR2000";"Бреcт ЖРЭУ г.Брест";"206077";"5555824";"216";"Обращение с ТКО по ЭОЗ";"";"47";"ГП БМПЗ";"ГП Брестский мусороперерабатывающий завод";"216";"23";"01.03.2024";"01.01.2100";"20,9089";"0";"0";"0";"0";"0";"0";"0";"0";"0";"0";"0";"0";"2279185964";"02.10.2026 19:53:59";"";"";"";"0";"0";"0"
"BR2000";"Бреcт ЖРЭУ г.Брест";"178602";"5519820";"216";"Обращение с ТКО по ЭОЗ";"";"47";"ГП БМПЗ";"ГП Брестский мусороперерабатывающий завод";"216";"23";"01.03.2024";"01.01.2100";"20,9089";"0";"0";"0";"0";"0";"0";"0";"0";"0";"0";"0";"0";"2280929829";"05.10.2026 11:15:21";"";"";"";"0";"0";"0"
"BR2000";"Бреcт ЖРЭУ г.Брест";"196682";"5498304";"216";"Обращение с ТКО по ЭОЗ";"";"47";"ГП БМПЗ";"ГП Брестский мусороперерабатывающий завод";"216";"23";"01.03.2024";"01.01.2100";"20,9089";"0";"0";"0";"0";"0";"0";"0";"0";"0";"0";"0";"0";"2279025211";"02.10.2026 19:33:34";"";"";"";"0";"0";"0"
"BR2000";"Бреcт ЖРЭУ г.Брест";"201233";"5503676";"216";"Обращение с ТКО по ЭОЗ";"";"47";"ГП БМПЗ";"ГП Брестский мусороперерабатывающий завод";"216";"23";"01.03.2024";"01.01.2100";"20,9089";"0";"0";"0";"0";"0";"0";"0";"0";"0";"0";"0";"0";"2279030341";"02.10.2026 19:33:34";"";"";"";"0";"0";"0"
"BR2000";"Бреcт ЖРЭУ г.Брест";"180401";"5522618";"216";"Обращение с ТКО по ЭОЗ";"";"47";"ГП БМПЗ";"ГП Брестский мусороперерабатывающий завод";"216";"23";"01.03.2024";"01.01.2100";"20,9089";"0";"0";"0";"0";"0";"0";"0";"0";"0";"0";"0";"0";"2280932494";"05.10.2026 11:15:21";"";"";"";"0";"0";"0"
"BR2000";"Бреcт ЖРЭУ г.Брест";"405133";"6921998";"216";"Обращение с ТКО по ЭОЗ";"";"47";"ГП БМПЗ";"ГП Брестский мусороперерабатывающий завод";"216";"23";"01.08.2026";"01.01.2100";"20,9089";"0";"0";"0";"0";"0";"0";"0";"0";"0";"0";"0";"0";"2278884293";"02.10.2026 19:07:34";"";"";"";"0";"0";"0"
"BR2000";"Бреcт ЖРЭУ г.Брест";"175880";"5518046";"216";"Обращение с ТКО по ЭОЗ";"";"47";"ГП БМПЗ";"ГП Брестский мусороперерабатывающий завод";"216";"23";"01.03.2024";"01.01.2100";"20,9089";"0";"0";"0";"0";"0";"0";"0";"0";"0";"0";"0";"0";"2280928165";"05.10.2026 11:15:21";"";"";"";"0";"0";"0"
"BR2000";"Бреcт ЖРЭУ г.Брест";"213557";"5556246";"216";"Обращение с ТКО по ЭОЗ";"";"47";"ГП БМПЗ";"ГП Брестский мусороперерабатывающий завод";"216";"23";"01.03.2024";"01.01.2100";"20,9089";"0";"0";"0";"0";"0";"0";"0";"0";"0";"0";"0";"0";"2279186350";"02.10.2026 19:53:59";"";"";"";"0";"0";"0"
"BR2000";"Бреcт ЖРЭУ г.Брест";"179635";"1110564";"714";"Кабельное телевидение (ТВ-программы)";"";"21";"Брестоблгарант";"ОАО Брестоблгарант";"303";"";"01.01.2000";"01.01.2100";"3";"1";"3";"3";"0";"0";"0";"0";"3";"0";"0";"6";"0";"2280866264";"05.10.2026 11:15:21";"";"";"";"0";"0";"0"
"BR2000";"Бреcт ЖРЭУ г.Брест";"178602";"1113395";"714";"Кабельное телевидение (ТВ-программы)";"";"21";"Брестоблгарант";"ОАО Брестоблгарант";"303";"";"01.01.2000";"01.01.2100";"3";"1";"3";"3";"0";"0";"0";"0";"6";"0";"0";"5,29";"0";"2280866629";"05.10.2026 11:15:21";"";"";"";"0";"3,71";"0"
"BR2000";"Бреcт ЖРЭУ г.Брест";"206077";"1490629";"714";"Кабельное телевидение (ТВ-программы)";"";"21";"Брестоблгарант";"ОАО Брестоблгарант";"303";"";"01.01.2000";"01.01.2100";"3";"1";"3";"3";"0";"0";"0";"0";"3";"0";"0";"6";"0";"2279081870";"02.10.2026 19:53:59";"";"";"";"0";"0";"0"
"BR2000";"Бреcт ЖРЭУ г.Брест";"201233";"1389223";"714";"Кабельное телевидение (ТВ-программы)";"";"21";"Брестоблгарант";"ОАО Брестоблгарант";"303";"";"01.01.2000";"01.01.2100";"3";"1";"3";"3";"0";"0";"0";"0";"3";"0";"0";"6";"0";"2278946980";"02.10.2026 19:33:34";"";"";"";"0";"0";"0"
"BR2000";"Бреcт ЖРЭУ г.Брест";"175880";"4269970";"714";"Кабельное телевидение (ТВ-программы)";"";"49";"СП Кабельное телевидение ООО";"СП Кабельное телевидение ООО";"303";"";"01.02.2020";"01.01.2100";"3,9";"1";"3,9";"3,9";"0";"0";"0";"0";"3,9";"0";"0";"7,8";"0";"2280906121";"05.10.2026 11:15:21";"";"";"";"0";"0";"0"
"BR2000";"Бреcт ЖРЭУ г.Брест";"180401";"1120157";"714";"Кабельное телевидение (ТВ-программы)";"";"21";"Брестоблгарант";"ОАО Брестоблгарант";"303";"";"01.01.2000";"01.01.2100";"3";"1";"3";"3";"0";"0";"0";"0";"3";"0";"0";"6";"0";"2280868331";"05.10.2026 11:15:21";"";"";"";"0";"0";"0"
"BR2000";"Бреcт ЖРЭУ г.Брест";"201244";"1390666";"714";"Кабельное телевидение (ТВ-программы)";"";"21";"Брестоблгарант";"ОАО Брестоблгарант";"303";"";"01.01.2000";"01.01.2100";"3";"1";"3";"3";"0";"0";"0";"0";"12";"0";"0";"6,18";"0";"2278947662";"02.10.2026 19:33:34";"";"";"";"0";"8,82";"0"
"BR2000";"Бреcт ЖРЭУ г.Брест";"201233";"4067689";"301";"Установка и (или) ТО ЗПУ (руб.)";"";"38";"ООО ""СТРОЙМИР ЗАПАД""";"ООО ""СТРОЙМИР ЗАПАД""";"304";"";"01.05.2019";"01.01.2100";"1,68";"1";"1,68";"1,68";"0";"0";"0";"0";"1,68";"0,01";"0,01";"3,36";"0";"2278991461";"02.10.2026 19:33:34";"";"";"";"0";"0";"0"
"BR2000";"Бреcт ЖРЭУ г.Брест";"367826";"6750462";"301";"Установка и (или) ТО ЗПУ (руб.)";"";"32200088";"ОАО Белсплат";"ОАО Белсплат";"304";"";"01.12.2025";"01.01.2100";"1,68";"1";"1,68";"1,68";"0";"0";"0";"0";"1,68";"0";"0";"3,36";"0";"2278882359";"02.10.2026 19:07:34";"";"";"";"0";"0";"0"
"BR2000";"Бреcт ЖРЭУ г.Брест";"180401";"4283434";"301";"Установка и (или) ТО ЗПУ (руб.)";"";"2000626";"ИП Каленкович И.А.";"ИП Каленкович Игорь Алексеевич";"304";"";"01.03.2020";"01.01.2100";"1,68";"1";"1,68";"1,68";"0";"0";"0";"0";"1,68";"0,02";"0,02";"3,36";"0";"2280906303";"05.10.2026 11:15:21";"";"";"";"0";"0";"0"
"BR2000";"Бреcт ЖРЭУ г.Брест";"196440";"6578178";"301";"Установка и (или) ТО ЗПУ (руб.)";"";"38";"ООО ""СТРОЙМИР ЗАПАД""";"ООО ""СТРОЙМИР ЗАПАД""";"304";"";"01.06.2025";"01.01.2100";"1,68";"1";"1,68";"1,68";"0";"0";"0";"0";"1,68";"0";"0";"3,36";"0";"2279067019";"02.10.2026 19:33:34";"";"";"";"0";"0";"0"
"BR2000";"Бреcт ЖРЭУ г.Брест";"180100";"6256177";"301";"Установка и (или) ТО ЗПУ (руб.)";"";"38";"ООО ""СТРОЙМИР ЗАПАД""";"ООО ""СТРОЙМИР ЗАПАД""";"304";"";"01.07.2024";"01.01.2100";"1,68";"1";"1,68";"1,68";"0";"0";"0";"0";"1,68";"0,02";"0,02";"3,36";"0";"2280950806";"05.10.2026 11:15:21";"";"";"";"0";"0";"0"
"BR2000";"Бреcт ЖРЭУ г.Брест";"222142";"4237108";"301";"Установка и (или) ТО ЗПУ (руб.)";"";"2000626";"ИП Каленкович И.А.";"ИП Каленкович Игорь Алексеевич";"304";"";"01.12.2019";"01.01.2100";"1,68";"1";"1,68";"1,68";"0";"0";"0";"0";"1,68";"0,07";"0,07";"3,36";"0";"2280241876";"03.10.2026 0:30:41";"";"";"";"0";"0";"0"
"BR2000";"Бреcт ЖРЭУ г.Брест";"200266";"4067652";"301";"Установка и (или) ТО ЗПУ (руб.)";"";"38";"ООО ""СТРОЙМИР ЗАПАД""";"ООО ""СТРОЙМИР ЗАПАД""";"304";"";"01.05.2019";"01.01.2100";"1,68";"1";"1,68";"1,68";"0";"0";"0";"0";"1,68";"0";"0";"3,36";"0";"2278991450";"02.10.2026 19:33:34";"";"";"";"0";"0";"0"
"BR2000";"Бреcт ЖРЭУ г.Брест";"206077";"3921986";"301";"Установка и (или) ТО ЗПУ (руб.)";"";"38";"ООО ""СТРОЙМИР ЗАПАД""";"ООО ""СТРОЙМИР ЗАПАД""";"304";"";"01.03.2019";"01.01.2100";"1,68";"1";"1,68";"1,68";"0";"0";"0";"0";"1,68";"0";"0";"3,36";"0";"2279138219";"02.10.2026 19:53:59";"";"";"";"0";"0";"0"
"BR2000";"Бреcт ЖРЭУ г.Брест";"176139";"6264328";"1701";"Управление общим имуществом совместного домовладения (м.кв.) от площ.";"";"1";"ЖРЭУ";"Коммунальное унитарное предприятие ""Жилищное ремонтно-эксплуатационное управление г.Бреста""";"318";"";"06.07.2024";"01.01.2100";"0,0394";"49,2";"1,94";"1,94";"0";"0";"0";"0";"14,95";"7,39";"7,39";"16,89";"0";"2280950866";"05.10.2026 11:15:21";"";"";"";"0";"0";"0"
"BR2000";"Бреcт ЖРЭУ г.Брест";"367826";"5260360";"1701";"Управление общим имуществом совместного домовладения (м.кв.) от площ.";"";"1";"ЖРЭУ";"Коммунальное унитарное предприятие ""Жилищное ремонтно-эксплуатационное управление г.Бреста""";"318";"";"01.09.2023";"01.01.2100";"0,0394";"64,7";"2,55";"2,55";"0";"0";"0";"0";"2,55";"0";"0";"5,1";"0";"2278857101";"02.10.2026 19:07:34";"";"";"";"0";"0";"0"
"BR2000";"Бреcт ЖРЭУ г.Брест";"178334";"5018125";"1701";"Управление общим имуществом совместного домовладения (м.кв.) от площ.";"";"1";"ЖРЭУ";"Коммунальное унитарное предприятие ""Жилищное ремонтно-эксплуатационное управление г.Бреста""";"318";"";"01.09.2022";"01.01.2100";"0,0394";"49,9";"1,97";"1,97";"0";"0";"0";"0";"3,94";"0";"0";"5,91";"0";"2280923183";"05.10.2026 11:15:21";"";"";"";"0";"0";"0"
"BR2000";"Бреcт ЖРЭУ г.Брест";"405133";"6922005";"1701";"Управление общим имуществом совместного домовладения (м.кв.) от площ.";"";"1";"ЖРЭУ";"Коммунальное унитарное предприятие ""Жилищное ремонтно-эксплуатационное управление г.Бреста""";"318";"";"01.08.2026";"01.01.2100";"0,0394";"13,75";"0,54";"0,54";"0";"0";"0";"0";"0,54";"0";"0";"1,08";"0";"2278884299";"02.10.2026 19:07:34";"";"";"";"0";"0";"0"
"BR2000";"Бреcт ЖРЭУ г.Брест";"196682";"6264104";"1701";"Управление общим имуществом совместного домовладения (м.кв.) от площ.";"";"1";"ЖРЭУ";"Коммунальное унитарное предприятие ""Жилищное ремонтно-эксплуатационное управление г.Бреста""";"318";"";"06.07.2024";"01.01.2100";"0,0394";"64,8";"2,55";"2,55";"0";"0";"0";"0";"2,55";"21,17";"21,17";"5,1";"0";"2279053189";"02.10.2026 19:33:34";"";"";"";"0";"0";"0"
"BR2000";"Бреcт ЖРЭУ г.Брест";"201233";"5113879";"1701";"Управление общим имуществом совместного домовладения (м.кв.) от площ.";"";"1";"ЖРЭУ";"Коммунальное унитарное предприятие ""Жилищное ремонтно-эксплуатационное управление г.Бреста""";"318";"";"01.09.2022";"01.01.2100";"0,0394";"49,44";"1,95";"1,95";"0";"0";"0";"0";"1,95";"0,01";"0,01";"3,9";"0";"2279010992";"02.10.2026 19:33:34";"";"";"";"0";"0";"0"
"BR2000";"Бреcт ЖРЭУ г.Брест";"178602";"5010249";"1701";"Управление общим имуществом совместного домовладения (м.кв.) от площ.";"";"1";"ЖРЭУ";"Коммунальное унитарное предприятие ""Жилищное ремонтно-эксплуатационное управление г.Бреста""";"318";"";"01.09.2022";"01.01.2100";"0,0394";"49,4";"1,95";"1,95";"0";"0";"0";"0";"3,9";"0,06";"0,06";"3,44";"0";"2280921272";"05.10.2026 11:15:21";"";"";"";"0";"2,41";"0"
"BR2000";"Бреcт ЖРЭУ г.Брест";"196440";"5108049";"1701";"Управление общим имуществом совместного домовладения (м.кв.) от площ.";"";"1";"ЖРЭУ";"Коммунальное унитарное предприятие ""Жилищное ремонтно-эксплуатационное управление г.Бреста""";"318";"";"01.09.2022";"01.01.2100";"0,0394";"34,1";"1,34";"1,34";"0";"0";"0";"0";"1,34";"0";"0";"2,68";"0";"2279010051";"02.10.2026 19:33:34";"";"";"";"0";"0";"0"
"BR2000";"Бреcт ЖРЭУ г.Брест";"222142";"5028495";"1701";"Управление общим имуществом совместного домовладения (м.кв.) от площ.";"";"1";"ЖРЭУ";"Коммунальное унитарное предприятие ""Жилищное ремонтно-эксплуатационное управление г.Бреста""";"318";"";"01.09.2022";"01.01.2100";"0,0394";"47,2";"1,86";"1,86";"0";"0";"0";"0";"1,86";"0,16";"0,16";"3,72";"0";"2280268678";"03.10.2026 0:30:41";"";"";"";"0";"0";"0"
"BR2000";"Бреcт ЖРЭУ г.Брест";"201244";"5108833";"1701";"Управление общим имуществом совместного домовладения (м.кв.) от площ.";"";"1";"ЖРЭУ";"Коммунальное унитарное предприятие ""Жилищное ремонтно-эксплуатационное управление г.Бреста""";"318";"";"01.09.2022";"01.01.2100";"0,0394";"49,2";"1,94";"1,94";"0";"0";"0";"0";"7,76";"0,7";"0,7";"4";"0";"2279010284";"02.10.2026 19:33:34";"";"";"";"0";"5,7";"0"
"BR2000";"Бреcт ЖРЭУ г.Брест";"216816";"5107794";"1701";"Управление общим имуществом совместного домовладения (м.кв.) от площ.";"";"1";"ЖРЭУ";"Коммунальное унитарное предприятие ""Жилищное ремонтно-эксплуатационное управление г.Бреста""";"318";"";"01.09.2022";"01.01.2100";"0,0394";"20,11";"0,79";"0,79";"0";"0";"0";"0";"0,79";"0";"0";"1,58";"0";"2279165875";"02.10.2026 19:53:59";"";"";"";"0";"0";"0"
"BR2000";"Бреcт ЖРЭУ г.Брест";"175880";"5009757";"1701";"Управление общим имуществом совместного домовладения (м.кв.) от площ.";"";"1";"ЖРЭУ";"Коммунальное унитарное предприятие ""Жилищное ремонтно-эксплуатационное управление г.Бреста""";"318";"";"01.09.2022";"01.01.2100";"0,0394";"31,33";"1,23";"1,23";"0";"0";"0";"0";"1,23";"0,02";"0,02";"2,46";"0";"2280920815";"05.10.2026 11:15:21";"";"";"";"0";"0";"0"
"BR2000";"Бреcт ЖРЭУ г.Брест";"213557";"5113134";"1701";"Управление общим имуществом совместного домовладения (м.кв.) от площ.";"";"1";"ЖРЭУ";"Коммунальное унитарное предприятие ""Жилищное ремонтно-эксплуатационное управление г.Бреста""";"318";"";"01.09.2022";"01.01.2100";"0,0394";"25,1";"0,99";"0,99";"0";"0";"0";"0";"2,97";"0,17";"0,11";"1,98";"0";"2279168140";"02.10.2026 19:53:59";"";"";"";"0";"1,98";"0,06"
"BR2000";"Бреcт ЖРЭУ г.Брест";"200266";"5110985";"1701";"Управление общим имуществом совместного домовладения (м.кв.) от площ.";"";"1";"ЖРЭУ";"Коммунальное унитарное предприятие ""Жилищное ремонтно-эксплуатационное управление г.Бреста""";"318";"";"01.09.2022";"01.01.2100";"0,0394";"50,8";"2";"2";"0";"0";"0";"0";"2";"0";"0";"4";"0";"2279010779";"02.10.2026 19:33:34";"";"";"";"0";"0";"0"
"BR2000";"Бреcт ЖРЭУ г.Брест";"206077";"5113055";"1701";"Управление общим имуществом совместного домовладения (м.кв.) от площ.";"";"1";"ЖРЭУ";"Коммунальное унитарное предприятие ""Жилищное ремонтно-эксплуатационное управление г.Бреста""";"318";"";"01.09.2022";"01.01.2100";"0,0394";"36,9";"1,45";"1,45";"0";"0";"0";"0";"1,45";"0";"0";"2,9";"0";"2279168074";"02.10.2026 19:53:59";"";"";"";"0";"0";"0"
"BR2000";"Бреcт ЖРЭУ г.Брест";"180401";"5012529";"1701";"Управление общим имуществом совместного домовладения (м.кв.) от площ.";"";"1";"ЖРЭУ";"Коммунальное унитарное предприятие ""Жилищное ремонтно-эксплуатационное управление г.Бреста""";"318";"";"01.09.2022";"01.01.2100";"0,0394";"58,5";"2,3";"2,3";"0";"0";"0";"0";"2,3";"0,07";"0,07";"4,6";"0";"2280922155";"05.10.2026 11:15:21";"";"";"";"0";"0";"0"
"BR2000";"Бреcт ЖРЭУ г.Брест";"405134";"6922052";"1701";"Управление общим имуществом совместного домовладения (м.кв.) от площ.";"";"1";"ЖРЭУ";"Коммунальное унитарное предприятие ""Жилищное ремонтно-эксплуатационное управление г.Бреста""";"318";"";"01.08.2026";"01.01.2100";"0,0394";"13,75";"0,54";"0,54";"0";"0";"0";"0";"0,54";"0";"0";"1,08";"0";"2278884322";"02.10.2026 19:07:34";"";"";"";"0";"0";"0"
"BR2000";"Бреcт ЖРЭУ г.Брест";"180100";"5021049";"1701";"Управление общим имуществом совместного домовладения (м.кв.) от площ.";"";"1";"ЖРЭУ";"Коммунальное унитарное предприятие ""Жилищное ремонтно-эксплуатационное управление г.Бреста""";"318";"";"01.09.2022";"01.01.2100";"0,0394";"49,1";"1,93";"1,93";"0";"0";"0";"0";"1,93";"0,02";"0,02";"3,86";"0";"2280924009";"05.10.2026 11:15:21";"";"";"";"0";"0";"0"
"BR2000";"Бреcт ЖРЭУ г.Брест";"179635";"5010604";"1701";"Управление общим имуществом совместного домовладения (м.кв.) от площ.";"";"1";"ЖРЭУ";"Коммунальное унитарное предприятие ""Жилищное ремонтно-эксплуатационное управление г.Бреста""";"318";"";"01.09.2022";"01.01.2100";"0,0394";"49,88";"1,97";"1,97";"0";"0";"0";"0";"1,97";"0,01";"0,01";"3,94";"0";"2280921603";"05.10.2026 11:15:21";"";"";"";"0";"0";"0"
"BR2000";"Бреcт ЖРЭУ г.Брест";"176139";"4719259";"608";"Санитарное содержание вспом. помещений жил. дома (кв. м)";"";"1";"ЖРЭУ";"Коммунальное унитарное предприятие ""Жилищное ремонтно-эксплуатационное управление г.Бреста""";"608";"";"01.09.2021";"01.01.2100";"0,019386";"49,2";"0,95";"0,95";"0";"0";"0";"0";"13,81";"9,39";"9,39";"14,76";"0";"2280909150";"05.10.2026 11:15:21";"";"";"";"11";"0";"0"
"BR2000";"Бреcт ЖРЭУ г.Брест";"367826";"6230621";"608";"Санитарное содержание вспом. помещений жил. дома (кв. м)";"";"1";"ЖРЭУ";"Коммунальное унитарное предприятие ""Жилищное ремонтно-эксплуатационное управление г.Бреста""";"608";"";"01.06.2024";"01.01.2100";"0,021664";"64,7";"1,4";"1,4";"0";"0";"0";"0";"0";"0";"0";"1,4";"0";"2278879398";"02.10.2026 19:07:34";"";"";"";"0";"0";"0"
"BR2000";"Бреcт ЖРЭУ г.Брест";"206077";"4784004";"608";"Санитарное содержание вспом. помещений жил. дома (кв. м)";"";"1";"ЖРЭУ";"Коммунальное унитарное предприятие ""Жилищное ремонтно-эксплуатационное управление г.Бреста""";"608";"";"01.09.2021";"01.01.2100";"0,083265";"36,9";"3,07";"3,07";"0";"0";"0";"0";"3,07";"0";"0";"6,14";"0";"2279146527";"02.10.2026 19:53:59";"";"";"";"0";"0";"0"
"BR2000";"Бреcт ЖРЭУ г.Брест";"180100";"4726362";"608";"Санитарное содержание вспом. помещений жил. дома (кв. м)";"";"1";"ЖРЭУ";"Коммунальное унитарное предприятие ""Жилищное ремонтно-эксплуатационное управление г.Бреста""";"608";"";"01.09.2021";"01.01.2100";"0";"49,1";"0";"0";"0";"0";"0";"0";"4,07";"0";"0";"4,07";"0";"2280914995";"05.10.2026 11:15:21";"";"";"";"0";"0";"0"
"BR2000";"Бреcт ЖРЭУ г.Брест";"179635";"4727163";"608";"Санитарное содержание вспом. помещений жил. дома (кв. м)";"";"1";"ЖРЭУ";"Коммунальное унитарное предприятие ""Жилищное ремонтно-эксплуатационное управление г.Бреста""";"608";"";"01.09.2021";"01.01.2100";"0,066887";"49,88";"3,34";"3,34";"0";"0";"0";"0";"0";"0";"0";"3,34";"0";"2280915640";"05.10.2026 11:15:21";"";"";"";"0";"0";"0"
"BR2000";"Бреcт ЖРЭУ г.Брест";"178334";"4725644";"608";"Санитарное содержание вспом. помещений жил. дома (кв. м)";"";"1";"ЖРЭУ";"Коммунальное унитарное предприятие ""Жилищное ремонтно-эксплуатационное управление г.Бреста""";"608";"";"01.09.2021";"01.01.2100";"0";"49,9";"0";"0";"0";"0";"0";"0";"4,15";"0";"0";"4,15";"0";"2280914392";"05.10.2026 11:15:21";"";"";"";"0";"0";"0"
"BR2000";"Бреcт ЖРЭУ г.Брест";"180401";"4720022";"608";"Санитарное содержание вспом. помещений жил. дома (кв. м)";"";"1";"ЖРЭУ";"Коммунальное унитарное предприятие ""Жилищное ремонтно-эксплуатационное управление г.Бреста""";"608";"";"01.09.2021";"01.01.2100";"0,008281";"58,5";"0,48";"0,48";"0";"0";"0";"0";"4,83";"0,1";"0,1";"5,31";"0";"2280909848";"05.10.2026 11:15:21";"";"";"";"0";"0";"0"
"BR2000";"Бреcт ЖРЭУ г.Брест";"201233";"4739228";"608";"Санитарное содержание вспом. помещений жил. дома (кв. м)";"";"1";"ЖРЭУ";"Коммунальное унитарное предприятие ""Жилищное ремонтно-эксплуатационное управление г.Бреста""";"608";"";"01.09.2021";"01.01.2100";"0,083036";"49,44";"4,11";"4,11";"0";"0";"0";"0";"4,11";"0,01";"0,01";"8,22";"0";"2278996273";"02.10.2026 19:33:34";"";"";"";"0";"0";"0"
"BR2000";"Бреcт ЖРЭУ г.Брест";"200266";"4755763";"608";"Санитарное содержание вспом. помещений жил. дома (кв. м)";"";"1";"ЖРЭУ";"Коммунальное унитарное предприятие ""Жилищное ремонтно-эксплуатационное управление г.Бреста""";"608";"";"01.09.2021";"01.01.2100";"0";"50,8";"0";"0";"0";"0";"0";"0";"0";"0";"0";"0";"0";"2279003122";"02.10.2026 19:33:34";"";"";"";"0";"0";"0"
"BR2000";"Бреcт ЖРЭУ г.Брест";"201244";"4756722";"608";"Санитарное содержание вспом. помещений жил. дома (кв. м)";"";"1";"ЖРЭУ";"Коммунальное унитарное предприятие ""Жилищное ремонтно-эксплуатационное управление г.Бреста""";"608";"";"01.09.2021";"01.01.2100";"0";"49,2";"0";"0";"0";"0";"0";"0";"0";"0";"0";"0";"0";"2279003306";"02.10.2026 19:33:34";"";"";"";"0";"0";"0"
"BR2000";"Бреcт ЖРЭУ г.Брест";"222142";"4657342";"608";"Санитарное содержание вспом. помещений жил. дома (кв. м)";"";"1";"ЖРЭУ";"Коммунальное унитарное предприятие ""Жилищное ремонтно-эксплуатационное управление г.Бреста""";"608";"";"01.09.2021";"01.01.2100";"0,082111";"47,2";"3,88";"3,88";"0";"0";"0";"0";"3,88";"0,32";"0,32";"7,76";"0";"2280247556";"03.10.2026 0:30:41";"";"";"";"0";"0";"0"
"BR2000";"Бреcт ЖРЭУ г.Брест";"405133";"6922004";"608";"Санитарное содержание вспом. помещений жил. дома (кв. м)";"";"1";"ЖРЭУ";"Коммунальное унитарное предприятие ""Жилищное ремонтно-эксплуатационное управление г.Бреста""";"608";"";"01.08.2026";"01.01.2100";"0,081614";"13,75";"1,12";"1,12";"0";"0";"0";"0";"1,1";"0";"0";"2,22";"0";"2278884298";"02.10.2026 19:07:34";"";"";"";"0";"0";"0"
"BR2000";"Бреcт ЖРЭУ г.Брест";"196440";"4734609";"608";"Санитарное содержание вспом. помещений жил. дома (кв. м)";"";"1";"ЖРЭУ";"Коммунальное унитарное предприятие ""Жилищное ремонтно-эксплуатационное управление г.Бреста""";"608";"";"01.09.2021";"01.01.2100";"0,082402";"34,1";"2,81";"2,81";"0";"0";"0";"0";"2,81";"0";"0";"5,62";"0";"2278994480";"02.10.2026 19:33:34";"";"";"";"0";"0";"0"
"BR2000";"Бреcт ЖРЭУ г.Брест";"213557";"4782211";"608";"Санитарное содержание вспом. помещений жил. дома (кв. м)";"";"1";"ЖРЭУ";"Коммунальное унитарное предприятие ""Жилищное ремонтно-эксплуатационное управление г.Бреста""";"608";"";"01.09.2021";"01.01.2100";"0,082451";"25,1";"2,07";"2,07";"0";"0";"0";"0";"4,48";"0,29";"0,17";"3,1";"0";"2279146169";"02.10.2026 19:53:59";"";"";"";"0";"3,45";"0,12"
"BR2000";"Бреcт ЖРЭУ г.Брест";"405134";"6922050";"608";"Санитарное содержание вспом. помещений жил. дома (кв. м)";"";"1";"ЖРЭУ";"Коммунальное унитарное предприятие ""Жилищное ремонтно-эксплуатационное управление г.Бреста""";"608";"";"01.08.2026";"01.01.2100";"0,081614";"13,75";"1,12";"1,12";"0";"0";"0";"0";"1,1";"0";"0";"2,22";"0";"2278884320";"02.10.2026 19:07:34";"";"";"";"0";"0";"0"
"BR2000";"Бреcт ЖРЭУ г.Брест";"178602";"4719680";"608";"Санитарное содержание вспом. помещений жил. дома (кв. м)";"";"1";"ЖРЭУ";"Коммунальное унитарное предприятие ""Жилищное ремонтно-эксплуатационное управление г.Бреста""";"608";"";"01.09.2021";"01.01.2100";"0";"49,4";"0";"0";"0";"0";"0";"0";"8,14";"0,1";"0,1";"3,1";"0";"2280909529";"05.10.2026 11:15:21";"";"";"";"0";"5,04";"0"
"BR2000";"Бреcт ЖРЭУ г.Брест";"196682";"4749866";"608";"Санитарное содержание вспом. помещений жил. дома (кв. м)";"";"1";"ЖРЭУ";"Коммунальное унитарное предприятие ""Жилищное ремонтно-эксплуатационное управление г.Бреста""";"608";"";"01.09.2021";"01.01.2100";"0,082942";"64,8";"5,37";"5,37";"0";"0";"0";"0";"5,37";"193,89";"193,89";"10,74";"0";"2279000980";"02.10.2026 19:33:34";"";"";"";"23";"0";"0"
"BR2000";"Бреcт ЖРЭУ г.Брест";"175880";"4719290";"608";"Санитарное содержание вспом. помещений жил. дома (кв. м)";"";"1";"ЖРЭУ";"Коммунальное унитарное предприятие ""Жилищное ремонтно-эксплуатационное управление г.Бреста""";"608";"";"01.09.2021";"01.01.2100";"0,019386";"31,33";"0,61";"0,61";"0";"0";"0";"0";"0";"0";"0";"0,61";"0";"2280909179";"05.10.2026 11:15:21";"";"";"";"0";"0";"0"
"BR2000";"Бреcт ЖРЭУ г.Брест";"216816";"4793949";"608";"Санитарное содержание вспом. помещений жил. дома (кв. м)";"";"1";"ЖРЭУ";"Коммунальное унитарное предприятие ""Жилищное ремонтно-эксплуатационное управление г.Бреста""";"608";"";"01.09.2021";"01.01.2100";"0";"20,11";"0";"0";"0";"0";"0";"0";"0";"0";"0";"0";"0";"2279152981";"02.10.2026 19:53:59";"";"";"";"0";"0";"0"
"BR2000";"Бреcт ЖРЭУ г.Брест";"178602";"4722175";"613";"Электроэнергия на освещение вспом. помещений (кв. м)";"";"29";"БЭС";"БЭС";"613";"";"01.09.2021";"01.01.2100";"0";"49,4";"0";"0";"0";"0";"0";"0";"2,42";"0,04";"0,04";"0,76";"0";"2280911557";"05.10.2026 11:15:21";"";"";"";"0";"1,66";"0"
"BR2000";"Бреcт ЖРЭУ г.Брест";"180401";"4724702";"613";"Электроэнергия на освещение вспом. помещений (кв. м)";"";"29";"БЭС";"БЭС";"613";"";"01.09.2021";"01.01.2100";"0";"58,5";"0";"0";"0";"0";"0";"0";"1,16";"0,04";"0,04";"1,16";"0";"2280913570";"05.10.2026 11:15:21";"";"";"";"0";"0";"0"
"BR2000";"Бреcт ЖРЭУ г.Брест";"405134";"6922051";"613";"Электроэнергия на освещение вспом. помещений (кв. м)";"";"29";"БЭС";"БЭС";"613";"";"01.08.2026";"01.01.2100";"0";"13,75";"0";"0";"0";"0";"0";"0";"0,12";"0";"0";"0,12";"0";"2278884321";"02.10.2026 19:07:34";"";"";"";"0";"0";"0"
"BR2000";"Бреcт ЖРЭУ г.Брест";"405133";"6922006";"613";"Электроэнергия на освещение вспом. помещений (кв. м)";"";"29";"БЭС";"БЭС";"613";"";"01.08.2026";"01.01.2100";"0";"13,75";"0";"0";"0";"0";"0";"0";"0,12";"0";"0";"0,12";"0";"2278884300";"02.10.2026 19:07:34";"";"";"";"0";"0";"0"
"BR2000";"Бреcт ЖРЭУ г.Брест";"179635";"4723870";"613";"Электроэнергия на освещение вспом. помещений (кв. м)";"";"29";"БЭС";"БЭС";"613";"";"01.09.2021";"01.01.2100";"0";"49,88";"0";"0";"0";"0";"0";"0";"0,62";"0";"0";"0,62";"0";"2280912917";"05.10.2026 11:15:21";"";"";"";"0";"0";"0"
"BR2000";"Бреcт ЖРЭУ г.Брест";"222142";"4663437";"613";"Электроэнергия на освещение вспом. помещений (кв. м)";"";"29";"БЭС";"БЭС";"613";"";"01.09.2021";"01.01.2100";"0";"47,2";"0";"0";"0";"0";"0";"0";"0,33";"0,04";"0,04";"0,33";"0";"2280250169";"03.10.2026 0:30:41";"";"";"";"0";"0";"0"
"BR2000";"Бреcт ЖРЭУ г.Брест";"175880";"4723136";"613";"Электроэнергия на освещение вспом. помещений (кв. м)";"";"29";"БЭС";"БЭС";"613";"";"01.09.2021";"01.01.2100";"0";"31,33";"0";"0";"0";"0";"0";"0";"0,6";"0,01";"0,01";"0,6";"0";"2280912345";"05.10.2026 11:15:21";"";"";"";"0";"0";"0"
"BR2000";"Бреcт ЖРЭУ г.Брест";"201244";"4740746";"613";"Электроэнергия на освещение вспом. помещений (кв. м)";"";"29";"БЭС";"БЭС";"613";"";"01.09.2021";"01.01.2100";"0";"49,2";"0";"0";"0";"0";"0";"0";"6,84";"0,63";"0,63";"1,81";"0";"2278997692";"02.10.2026 19:33:34";"";"";"";"0";"5,03";"0"
"BR2000";"Бреcт ЖРЭУ г.Брест";"180100";"4721881";"613";"Электроэнергия на освещение вспом. помещений (кв. м)";"";"29";"БЭС";"БЭС";"613";"";"01.09.2021";"01.01.2100";"0";"49,1";"0";"0";"0";"0";"0";"0";"0,75";"0,01";"0,01";"0,75";"0";"2280911279";"05.10.2026 11:15:21";"";"";"";"0";"0";"0"
"BR2000";"Бреcт ЖРЭУ г.Брест";"367826";"5260361";"613";"Электроэнергия на освещение вспом. помещений (кв. м)";"";"29";"БЭС";"БЭС";"613";"";"01.09.2023";"01.01.2100";"0";"64,7";"0";"0";"0";"0";"0";"0";"2,16";"0";"0";"2,16";"0";"2278857102";"02.10.2026 19:07:34";"";"";"";"0";"0";"0"
"BR2000";"Бреcт ЖРЭУ г.Брест";"196440";"4742375";"613";"Электроэнергия на освещение вспом. помещений (кв. м)";"";"12";"НГЧ";"НГЧ";"613";"";"01.09.2021";"01.01.2100";"0";"34,1";"0";"0";"0";"0";"0";"0";"0,46";"0";"0";"0,46";"0";"2278999232";"02.10.2026 19:33:34";"";"";"";"0";"0";"0"
"BR2000";"Бреcт ЖРЭУ г.Брест";"200266";"4742134";"613";"Электроэнергия на освещение вспом. помещений (кв. м)";"";"29";"БЭС";"БЭС";"613";"";"01.09.2021";"01.01.2100";"0";"50,8";"0";"0";"0";"0";"0";"0";"0,12";"0";"0";"0,12";"0";"2278998999";"02.10.2026 19:33:34";"";"";"";"0";"0";"0"
"BR2000";"Бреcт ЖРЭУ г.Брест";"213557";"4800869";"613";"Электроэнергия на освещение вспом. помещений (кв. м)";"";"29";"БЭС";"БЭС";"613";"";"01.09.2021";"01.01.2100";"0";"25,1";"0";"0";"0";"0";"0";"0";"1,2";"0,06";"0,04";"0,34";"0";"2279155342";"02.10.2026 19:53:59";"";"";"";"0";"0,86";"0,02"
"BR2000";"Бреcт ЖРЭУ г.Брест";"178334";"4720862";"613";"Электроэнергия на освещение вспом. помещений (кв. м)";"";"29";"БЭС";"БЭС";"613";"";"01.09.2021";"01.01.2100";"0";"49,9";"0";"0";"0";"0";"0";"0";"2,23";"0";"0";"2,23";"0";"2280910455";"05.10.2026 11:15:21";"";"";"";"0";"0";"0"
"BR2000";"Бреcт ЖРЭУ г.Брест";"201233";"4742962";"613";"Электроэнергия на освещение вспом. помещений (кв. м)";"";"29";"БЭС";"БЭС";"613";"";"01.09.2021";"01.01.2100";"0";"49,44";"0";"0";"0";"0";"0";"0";"0,5";"0";"0";"0,5";"0";"2278999708";"02.10.2026 19:33:34";"";"";"";"0";"0";"0"
"BR2000";"Бреcт ЖРЭУ г.Брест";"196682";"4740976";"613";"Электроэнергия на освещение вспом. помещений (кв. м)";"";"29";"БЭС";"БЭС";"613";"";"01.09.2021";"01.01.2100";"0";"64,8";"0";"0";"0";"0";"0";"0";"11,6";"83,66";"83,66";"11,6";"0";"2278997912";"02.10.2026 19:33:34";"";"";"";"23";"0";"0"
"BR2000";"Бреcт ЖРЭУ г.Брест";"206077";"4796061";"613";"Электроэнергия на освещение вспом. помещений (кв. м)";"";"29";"БЭС";"БЭС";"613";"";"01.09.2021";"01.01.2100";"0";"36,9";"0";"0";"0";"0";"0";"0";"0,24";"0";"0";"0,24";"0";"2279154040";"02.10.2026 19:53:59";"";"";"";"0";"0";"0"
"BR2000";"Бреcт ЖРЭУ г.Брест";"176139";"4723455";"613";"Электроэнергия на освещение вспом. помещений (кв. м)";"";"29";"БЭС";"БЭС";"613";"";"01.09.2021";"01.01.2100";"0";"49,2";"0";"0";"0";"0";"0";"0";"9,69";"4,07";"4,07";"9,69";"0";"2280912546";"05.10.2026 11:15:21";"";"";"";"15";"0";"0"
"BR2000";"Бреcт ЖРЭУ г.Брест";"216816";"4788086";"613";"Электроэнергия на освещение вспом. помещений (кв. м)";"";"29";"БЭС";"БЭС";"613";"";"01.09.2021";"01.01.2100";"0";"20,11";"0";"0";"0";"0";"0";"0";"0,27";"0";"0";"0,27";"0";"2279149718";"02.10.2026 19:53:59";"";"";"";"0";"0";"0"