"Код схемы";"Наименование схемы";"Код ЛС (ID ЛС)";"Код договора на услугу (ID Договора)";"Код услуги (ID Услуги)";"Наименование услуги";"Наименование услуги в извещении для дополнительных";"Код поставщика услуги";"Краткое наименование поставщика";"Полное наименование поставщика";"Код сортировки";"ID группы отчёта";"Дата начала действия услуги (Дата с)";"Дата окончания действия услуги (Дата по)";"Тариф";"Начислено (количество)";"Всего начислено";"Начислено";"Льгота";"Начислено пени";"Перерасчёт";"Взаимозачет по услуге";"Входящее сальдо без пени";"Входящее сальдо пени";"Исходящее сальдо пени";"Исходящее сальдо с пенями";"Субсидия (сумма субсидии)";"Код операции расчета (ID Расчёта)";"Фактическая дата выполнения расчета (Дата расчёта)";"Перерасчет по пене";"Взаимозачет пени";"Просроченная задолженность";"Кол-во периодов долга";"Распределённая оплата услуг в текущем опер. периоде";"Распределённая оплата пени в текущем опер. периоде"
"GR5000";"Гродно EИРКЦ г.Гродно";"620073";"7969057";"1";"Техобслуживание";"";"5000664";"ЖСПК №192 г.Гродно";"ЖСПК №192 г.Гродно";"1";"";"01.12.2016";"01.01.2100";"0,2305";"51,3";"11,82";"11,82";"0";"0";"0";"0";"11,82";"0,04";"0,04";"23,64";"0";"4580150321";"02.10.2026 23:53:39";"";"";"";"0";"0";"0"
"GR5000";"Гродно EИРКЦ г.Гродно";"472334";"5768046";"1";"Техобслуживание";"";"1";"УЖРЭП Октябрьского района г. Гродно";"УЖРЭП Октябрьского района г. Гродно";"1";"";"01.01.2008";"31.12.2100";"0,2305";"63,2";"14,57";"14,57";"0";"0";"0";"0";"14,57";"0,17";"0,17";"29,14";"0";"4584049211";"03.10.2026 18:55:05";"";"";"";"0";"0";"0"
"GR5000";"Гродно EИРКЦ г.Гродно";"620130";"7969114";"1";"Техобслуживание";"";"5000664";"ЖСПК №192 г.Гродно";"ЖСПК №192 г.Гродно";"1";"";"01.12.2016";"01.01.2100";"0,2305";"74,4";"17,15";"17,15";"0";"0";"0";"0";"17,15";"0";"0";"34,3";"0";"4580150376";"02.10.2026 23:53:39";"";"";"";"0";"0";"0"
"GR5000";"Гродно EИРКЦ г.Гродно";"795127";"14465160";"1";"Техобслуживание";"";"500007520";"ЖСПК №533 г. Гродно";"ЖСПК №533 г. Гродно";"1";"";"01.02.2025";"01.01.2100";"0,2305";"53,3";"12,29";"12,29";"0";"0";"0";"0";"24,58";"2,86";"2,86";"36,87";"0";"4579405583";"02.10.2026 20:33:04";"";"";"";"0";"0";"0"
"GR5000";"Гродно EИРКЦ г.Гродно";"584376";"7695983";"1";"Техобслуживание";"";"5000981";"ЖСПК №15 г.Гродно";"ЖСПК №15 г.Гродно";"1";"";"01.11.2016";"01.01.2100";"0,2305";"48,3";"11,13";"11,13";"0";"0";"0";"0";"11,13";"2,28";"2,28";"19,82";"0";"4584221018";"05.10.2026 8:31:03";"";"";"";"0";"2,44";"0"
"GR5000";"Гродно EИРКЦ г.Гродно";"471685";"5761776";"1";"Техобслуживание";"";"1";"УЖРЭП Октябрьского района г. Гродно";"УЖРЭП Октябрьского района г. Гродно";"1";"";"01.01.2008";"31.12.2100";"0,2305";"73,1";"16,85";"16,85";"0";"0";"0";"0";"16,85";"0,1";"0,1";"33,7";"0";"4584046249";"03.10.2026 18:55:05";"";"";"";"0";"0";"0"
"GR5000";"Гродно EИРКЦ г.Гродно";"614914";"8647240";"1";"Техобслуживание";"";"50000292";"ТС ""Вишневецкая башня""";"ТС ""Вишневецкая башня""";"1";"";"01.03.2017";"01.01.2100";"0,2305";"77,1";"17,77";"17,77";"0";"0";"0";"0";"17,77";"0";"0";"35,54";"0";"4584194647";"03.10.2026 19:23:23";"";"";"";"0";"0";"0"
"GR5000";"Гродно EИРКЦ г.Гродно";"624554";"8460500";"1";"Техобслуживание";"";"50000349";"ЖСПК №329 г.Гродно";"ЖСПК №329 г.Гродно";"1";"";"01.02.2017";"01.01.2100";"0,2305";"75,6";"17,43";"17,43";"0";"0";"0";"0";"44,47";"14,9";"14,9";"61,9";"0";"4581943805";"03.10.2026 16:16:09";"";"";"";"0";"0";"0"
"GR5000";"Гродно EИРКЦ г.Гродно";"594212";"9047703";"1";"Техобслуживание";"";"5000736";"ТС ""Кабяка-10"" г.Гродно";"ТС ""Кабяка-10"" г.Гродно";"1";"";"01.05.2017";"01.01.2100";"0,2305";"95,6";"22,04";"22,04";"0";"0";"0";"0";"22,04";"0,07";"0,07";"44,08";"0";"4583375382";"03.10.2026 17:48:09";"";"";"";"0";"0";"0"
"GR5000";"Гродно EИРКЦ г.Гродно";"471930";"5769103";"1";"Техобслуживание";"";"1";"УЖРЭП Октябрьского района г. Гродно";"УЖРЭП Октябрьского района г. Гродно";"1";"";"01.01.2008";"31.12.2100";"0,2305";"52,4";"12,08";"12,08";"0";"0";"0";"0";"31,57";"13,77";"13,77";"17,75";"0";"4584049716";"03.10.2026 18:55:05";"";"";"";"0";"25,9";"0"
"GR5000";"Гродно EИРКЦ г.Гродно";"472349";"5768958";"1";"Техобслуживание";"";"1";"УЖРЭП Октябрьского района г. Гродно";"УЖРЭП Октябрьского района г. Гродно";"1";"";"01.01.2008";"31.12.2100";"0,2305";"78,6";"18,12";"18,12";"0";"0";"0";"0";"18,12";"0";"0";"36,24";"0";"4584049653";"03.10.2026 18:55:05";"";"";"";"0";"0";"0"
"GR5000";"Гродно EИРКЦ г.Гродно";"471418";"5760757";"1";"Техобслуживание";"";"1";"УЖРЭП Октябрьского района г. Гродно";"УЖРЭП Октябрьского района г. Гродно";"1";"";"01.01.2008";"31.12.2100";"0,2305";"73,1";"16,85";"16,85";"0";"0";"0";"0";"16,85";"0";"0";"33,7";"0";"4584045801";"03.10.2026 18:55:05";"";"";"";"0";"0";"0"
"GR5000";"Гродно EИРКЦ г.Гродно";"621882";"7907512";"1";"Техобслуживание";"";"50000116";"ЖСПК №30 г.Гродно";"ЖСПК №30 г.Гродно";"1";"";"01.12.2016";"01.01.2100";"0,2305";"44,1";"10,17";"10,17";"0";"0";"0";"0";"10,17";"3,04";"3,04";"20,34";"0";"4578853610";"02.10.2026 19:01:41";"";"";"";"0";"0";"0"
"GR5000";"Гродно EИРКЦ г.Гродно";"614951";"8647277";"1";"Техобслуживание";"";"50000292";"ТС ""Вишневецкая башня""";"ТС ""Вишневецкая башня""";"1";"";"01.03.2017";"01.01.2100";"0,2305";"77";"17,75";"17,75";"0";"0";"0";"0";"35,5";"0,59";"0,32";"35,5";"0";"4584194679";"03.10.2026 19:23:23";"";"";"";"0";"17,75";"0,27"
"GR5000";"Гродно EИРКЦ г.Гродно";"553437";"7871298";"1";"Техобслуживание";"";"15000";"УЖРЭП Ленинского района г.Гродно";"УЖРЭП Ленинского района г.Гродно";"1";"";"01.12.2016";"01.01.2100";"0,2305";"63,6";"14,66";"14,66";"0";"0";"0";"0";"29,32";"3,14";"0,72";"29,32";"0";"4580078076";"02.10.2026 23:21:22";"";"";"";"0";"14,66";"2,42"
"GR5000";"Гродно EИРКЦ г.Гродно";"612297";"8767110";"1";"Техобслуживание";"";"50000336";"ТС дома №41 по ул.Кабяка г.Гродно";"ТС дома №41 по ул.Кабяка г.Гродно";"1";"";"01.03.2017";"01.01.2100";"0,2305";"56,9";"13,12";"13,12";"0";"0";"0";"0";"26,24";"0,44";"0,24";"26,24";"0";"4582679244";"03.10.2026 17:05:58";"";"";"";"0";"13,12";"0,2"
"GR5000";"Гродно EИРКЦ г.Гродно";"636653";"8859689";"1";"Техобслуживание";"";"50000327";"ЖСПК №381 г.Гродно";"ЖСПК №381 г.Гродно";"1";"";"01.04.2017";"01.01.2100";"0,2305";"68,2";"15,72";"15,72";"0";"0";"0";"0";"15,72";"0";"0";"17,01";"0";"4582629384";"03.10.2026 16:58:37";"";"";"";"0";"14,43";"0"
"GR5000";"Гродно EИРКЦ г.Гродно";"620130";"7951410";"2";"Техобслуживание по ЭОЗ";"";"5000664";"ЖСПК №192 г.Гродно";"ЖСПК №192 г.Гродно";"2";"121";"01.12.2016";"01.01.2100";"0,2473";"0";"0";"0";"0";"0";"0";"0";"0";"0";"0";"0";"0";"4580149900";"02.10.2026 23:53:39";"";"";"";"0";"0";"0"
"GR5000";"Гродно EИРКЦ г.Гродно";"594212";"9047763";"2";"Техобслуживание по ЭОЗ";"";"5000736";"ТС ""Кабяка-10"" г.Гродно";"ТС ""Кабяка-10"" г.Гродно";"2";"121";"01.05.2017";"01.01.2100";"0,2473";"0";"0";"0";"0";"0";"0";"0";"0";"0";"0";"0";"0";"4583375427";"03.10.2026 17:48:09";"";"";"";"0";"0";"0"
"GR5000";"Гродно EИРКЦ г.Гродно";"584376";"7696053";"2";"Техобслуживание по ЭОЗ";"";"5000981";"ЖСПК №15 г.Гродно";"ЖСПК №15 г.Гродно";"2";"121";"01.11.2016";"01.01.2100";"0,2473";"0";"0";"0";"0";"0";"0";"0";"0";"0";"0";"0";"0";"4584221074";"05.10.2026 8:31:03";"";"";"";"0";"0";"0"
"GR5000";"Гродно EИРКЦ г.Гродно";"553437";"7866738";"2";"Техобслуживание по ЭОЗ";"";"15000";"УЖРЭП Ленинского района г.Гродно";"УЖРЭП Ленинского района г.Гродно";"2";"121";"01.12.2016";"01.01.2100";"0,2468";"0";"0";"0";"0";"0";"0";"0";"0";"0";"0";"0";"0";"4580077803";"02.10.2026 23:21:22";"";"";"";"0";"0";"0"
"GR5000";"Гродно EИРКЦ г.Гродно";"471685";"5761777";"2";"Техобслуживание по ЭОЗ";"";"1";"УЖРЭП Октябрьского района г. Гродно";"УЖРЭП Октябрьского района г. Гродно";"2";"121";"01.01.2008";"31.12.2100";"0,2468";"0";"0";"0";"0";"0";"0";"0";"0";"0";"0";"0";"0";"4584046250";"03.10.2026 18:55:05";"";"";"";"0";"0";"0"
"GR5000";"Гродно EИРКЦ г.Гродно";"472334";"5768047";"2";"Техобслуживание по ЭОЗ";"";"1";"УЖРЭП Октябрьского района г. Гродно";"УЖРЭП Октябрьского района г. Гродно";"2";"121";"01.01.2008";"31.12.2100";"0,2468";"0";"0";"0";"0";"0";"0";"0";"0";"0";"0";"0";"0";"4584049212";"03.10.2026 18:55:05";"";"";"";"0";"0";"0"
"GR5000";"Гродно EИРКЦ г.Гродно";"614951";"8647624";"2";"Техобслуживание по ЭОЗ";"";"50000292";"ТС ""Вишневецкая башня""";"ТС ""Вишневецкая башня""";"2";"121";"01.03.2017";"01.01.2100";"0,2473";"0";"0";"0";"0";"0";"0";"0";"0";"0";"0";"0";"0";"4584194767";"03.10.2026 19:23:23";"";"";"";"0";"0";"0"
"GR5000";"Гродно EИРКЦ г.Гродно";"636653";"8859798";"2";"Техобслуживание по ЭОЗ";"";"50000327";"ЖСПК №381 г.Гродно";"ЖСПК №381 г.Гродно";"2";"121";"01.04.2017";"01.01.2100";"0,2473";"0";"0";"0";"0";"0";"0";"0";"0";"0";"0";"0";"0";"4582629486";"03.10.2026 16:58:37";"";"";"";"0";"0";"0"
"GR5000";"Гродно EИРКЦ г.Гродно";"621882";"7907602";"2";"Техобслуживание по ЭОЗ";"";"50000116";"ЖСПК №30 г.Гродно";"ЖСПК №30 г.Гродно";"2";"121";"01.12.2016";"01.01.2100";"0,2473";"0";"0";"0";"0";"0";"0";"0";"0";"0";"0";"0";"0";"4578853689";"02.10.2026 19:01:41";"";"";"";"0";"0";"0"
"GR5000";"Гродно EИРКЦ г.Гродно";"795127";"14465161";"2";"Техобслуживание по ЭОЗ";"";"500007520";"ЖСПК №533 г. Гродно";"ЖСПК №533 г. Гродно";"2";"121";"01.02.2025";"01.01.2100";"0,2473";"0";"0";"0";"0";"0";"0";"0";"0";"0";"0";"0";"0";"4579405584";"02.10.2026 20:33:04";"";"";"";"0";"0";"0"
"GR5000";"Гродно EИРКЦ г.Гродно";"620073";"7951353";"2";"Техобслуживание по ЭОЗ";"";"5000664";"ЖСПК №192 г.Гродно";"ЖСПК №192 г.Гродно";"2";"121";"01.12.2016";"01.01.2100";"0,2473";"0";"0";"0";"0";"0";"0";"0";"0";"0";"0";"0";"0";"4580149845";"02.10.2026 23:53:39";"";"";"";"0";"0";"0"
"GR5000";"Гродно EИРКЦ г.Гродно";"624554";"8460572";"2";"Техобслуживание по ЭОЗ";"";"50000349";"ЖСПК №329 г.Гродно";"ЖСПК №329 г.Гродно";"2";"121";"01.02.2017";"01.01.2100";"0,2473";"0";"0";"0";"0";"0";"0";"0";"0";"0";"0";"0";"0";"4581943894";"03.10.2026 16:16:09";"";"";"";"0";"0";"0"
"GR5000";"Гродно EИРКЦ г.Гродно";"472349";"5768959";"2";"Техобслуживание по ЭОЗ";"";"1";"УЖРЭП Октябрьского района г. Гродно";"УЖРЭП Октябрьского района г. Гродно";"2";"121";"01.01.2008";"31.12.2100";"0,2468";"0";"0";"0";"0";"0";"0";"0";"0";"0";"0";"0";"0";"4584049654";"03.10.2026 18:55:05";"";"";"";"0";"0";"0"
"GR5000";"Гродно EИРКЦ г.Гродно";"614914";"8647587";"2";"Техобслуживание по ЭОЗ";"";"50000292";"ТС ""Вишневецкая башня""";"ТС ""Вишневецкая башня""";"2";"121";"01.03.2017";"01.01.2100";"0,2473";"0";"0";"0";"0";"0";"0";"0";"0";"0";"0";"0";"0";"4584194736";"03.10.2026 19:23:23";"";"";"";"0";"0";"0"
"GR5000";"Гродно EИРКЦ г.Гродно";"612297";"8767163";"2";"Техобслуживание по ЭОЗ";"";"50000336";"ТС дома №41 по ул.Кабяка г.Гродно";"ТС дома №41 по ул.Кабяка г.Гродно";"2";"121";"01.03.2017";"01.01.2100";"0,2473";"0";"0";"0";"0";"0";"0";"0";"0";"0";"0";"0";"0";"4582679291";"03.10.2026 17:05:58";"";"";"";"0";"0";"0"
"GR5000";"Гродно EИРКЦ г.Гродно";"471418";"5760758";"2";"Техобслуживание по ЭОЗ";"";"1";"УЖРЭП Октябрьского района г. Гродно";"УЖРЭП Октябрьского района г. Гродно";"2";"121";"01.01.2008";"31.12.2100";"0,2468";"0";"0";"0";"0";"0";"0";"0";"0";"0";"0";"0";"0";"4584045802";"03.10.2026 18:55:05";"";"";"";"0";"0";"0"
"GR5000";"Гродно EИРКЦ г.Гродно";"471930";"5769104";"2";"Техобслуживание по ЭОЗ";"";"1";"УЖРЭП Октябрьского района г. Гродно";"УЖРЭП Октябрьского района г. Гродно";"2";"121";"01.01.2008";"31.12.2100";"0,2468";"0";"0";"0";"0";"0";"0";"0";"0";"0";"0";"0";"0";"4584049717";"03.10.2026 18:55:05";"";"";"";"0";"0";"0"
"GR5000";"Гродно EИРКЦ г.Гродно";"472349";"9181745";"3";"Холодная вода";"";"50005948";"Государственное предприятие ""Гродноводоканал"" Окт. район 4% (безучет.)";"Областное коммунальное унитарное предприятие ""Гродноводоканал"" Окт. район 4% (безучет.)";"3";"";"01.05.2017";"01.01.2100";"2,2927";"0";"0";"0";"0";"0";"0";"0";"0";"0";"0";"0";"0";"4584068644";"03.10.2026 18:55:05";"";"";"";"0";"0";"0"
"GR5000";"Гродно EИРКЦ г.Гродно";"621882";"12852337";"3";"Холодная вода";"";"500007217";"Государственное предприятие ""Гродноводоканал"" 2% (учет.)";"Областное коммунальное унитарное предприятие ""Гродноводоканал"" 2% (учет.)";"3";"";"01.06.2023";"01.01.2100";"2,2927";"1";"2,29";"2,29";"0";"0";"0";"0";"2,29";"0,44";"0,44";"4,58";"0";"4578854367";"02.10.2026 19:01:41";"";"";"";"0";"0";"0"
"GR5000";"Гродно EИРКЦ г.Гродно";"612297";"12899309";"3";"Холодная вода";"";"500007217";"Государственное предприятие ""Гродноводоканал"" 2% (учет.)";"Областное коммунальное унитарное предприятие ""Гродноводоканал"" 2% (учет.)";"3";"";"01.06.2023";"01.01.2100";"2,2927";"2,25";"5,16";"5,16";"0";"0";"0";"0";"10,94";"0,18";"0,1";"10,32";"0";"4582679868";"03.10.2026 17:05:58";"";"";"";"0";"5,78";"0,08"
"GR5000";"Гродно EИРКЦ г.Гродно";"547682";"11489925";"3";"Холодная вода";"";"50005037";"Государственное предприятие ""Гродноводоканал"" 4% (учет.)";"Областное коммунальное унитарное предприятие ""Гродноводоканал"" 4% (учет.)";"3";"";"01.07.2021";"01.01.2100";"2,2927";"0";"0";"0";"0";"0";"0";"0";"11,46";"0";"0";"11,46";"0";"4584424298";"05.10.2026 11:37:11";"";"";"";"0";"0";"0"
"GR5000";"Гродно EИРКЦ г.Гродно";"471930";"9181730";"3";"Холодная вода";"";"50005948";"Государственное предприятие ""Гродноводоканал"" Окт. район 4% (безучет.)";"Областное коммунальное унитарное предприятие ""Гродноводоканал"" Окт. район 4% (безучет.)";"3";"";"01.05.2017";"01.01.2100";"2,2927";"0";"0";"0";"0";"0";"0";"0";"0";"0";"0";"0";"0";"4584068639";"03.10.2026 18:55:05";"";"";"";"0";"0";"0"
"GR5000";"Гродно EИРКЦ г.Гродно";"471418";"9893677";"3";"Холодная вода";"";"50005037";"Государственное предприятие ""Гродноводоканал"" 4% (учет.)";"Областное коммунальное унитарное предприятие ""Гродноводоканал"" 4% (учет.)";"3";"";"01.04.2018";"01.01.2100";"2,2927";"3";"6,88";"6,88";"0";"0";"0";"0";"6,88";"0";"0";"13,76";"0";"4584074390";"03.10.2026 18:55:05";"";"";"";"0";"0";"0"
"GR5000";"Гродно EИРКЦ г.Гродно";"624554";"12686156";"3";"Холодная вода";"";"500007217";"Государственное предприятие ""Гродноводоканал"" 2% (учет.)";"Областное коммунальное унитарное предприятие ""Гродноводоканал"" 2% (учет.)";"3";"";"01.06.2023";"01.01.2100";"2,2927";"0,35";"0,8";"0,8";"0";"0";"0";"0";"11,5";"11,2";"11,2";"12,3";"0";"4581944783";"03.10.2026 16:16:09";"";"";"";"0";"0";"0"
"GR5000";"Гродно EИРКЦ г.Гродно";"636653";"12910204";"3";"Холодная вода";"";"500007217";"Государственное предприятие ""Гродноводоканал"" 2% (учет.)";"Областное коммунальное унитарное предприятие ""Гродноводоканал"" 2% (учет.)";"3";"";"01.06.2023";"01.01.2100";"2,2927";"2,5";"5,73";"5,73";"0";"0";"0";"0";"6,88";"0";"0";"6,29";"0";"4582630842";"03.10.2026 16:58:37";"";"";"";"0";"6,32";"0"
"GR5000";"Гродно EИРКЦ г.Гродно";"553437";"10137096";"3";"Холодная вода";"";"50005037";"Государственное предприятие ""Гродноводоканал"" 4% (учет.)";"Областное коммунальное унитарное предприятие ""Гродноводоканал"" 4% (учет.)";"3";"";"01.06.2018";"01.01.2100";"2,2927";"8,23";"18,87";"18,87";"0";"0";"0";"0";"37,74";"2,81";"0,73";"37,74";"0";"4580078206";"02.10.2026 23:21:22";"";"";"";"0";"18,87";"2,08"
"GR5000";"Гродно EИРКЦ г.Гродно";"614914";"12949832";"3";"Холодная вода";"";"500007217";"Государственное предприятие ""Гродноводоканал"" 2% (учет.)";"Областное коммунальное унитарное предприятие ""Гродноводоканал"" 2% (учет.)";"3";"";"01.06.2023";"01.01.2100";"2,2927";"5,16";"11,83";"11,83";"0";"0";"0";"0";"16,85";"0";"0";"28,68";"0";"4584196315";"03.10.2026 19:23:23";"";"";"";"0";"0";"0"
"GR5000";"Гродно EИРКЦ г.Гродно";"714392";"12107022";"3";"Холодная вода";"";"50005037";"Государственное предприятие ""Гродноводоканал"" 4% (учет.)";"Областное коммунальное унитарное предприятие ""Гродноводоканал"" 4% (учет.)";"3";"";"01.03.2022";"01.01.2100";"2,2927";"0";"0";"0";"0";"0";"0";"0";"0";"0";"0";"0";"0";"4584429972";"05.10.2026 11:37:11";"";"";"";"0";"0";"0"
"GR5000";"Гродно EИРКЦ г.Гродно";"584376";"12654211";"3";"Холодная вода";"";"500007217";"Государственное предприятие ""Гродноводоканал"" 2% (учет.)";"Областное коммунальное унитарное предприятие ""Гродноводоканал"" 2% (учет.)";"3";"";"01.06.2023";"01.01.2100";"2,2927";"1,07";"2,45";"2,45";"0";"0";"0";"0";"2,22";"0,47";"0,47";"4,19";"0";"4584221612";"05.10.2026 8:31:03";"";"";"";"0";"0,48";"0"
"GR5000";"Гродно EИРКЦ г.Гродно";"614951";"12949803";"3";"Холодная вода";"";"500007217";"Государственное предприятие ""Гродноводоканал"" 2% (учет.)";"Областное коммунальное унитарное предприятие ""Гродноводоканал"" 2% (учет.)";"3";"";"01.06.2023";"01.01.2100";"2,2927";"7,5";"17,2";"17,2";"0";"0";"0";"0";"35,54";"0,57";"0,33";"34,4";"0";"4584196288";"03.10.2026 19:23:23";"";"";"";"0";"18,34";"0,24"
"GR5000";"Гродно EИРКЦ г.Гродно";"471685";"9973961";"3";"Холодная вода";"";"50005037";"Государственное предприятие ""Гродноводоканал"" 4% (учет.)";"Областное коммунальное унитарное предприятие ""Гродноводоканал"" 4% (учет.)";"3";"";"01.04.2018";"01.01.2100";"2,2927";"4";"9,17";"9,17";"0";"0";"0";"0";"7,41";"0,02";"0,02";"16,58";"0";"4584088741";"03.10.2026 18:55:05";"";"";"";"0";"0";"0"
"GR5000";"Гродно EИРКЦ г.Гродно";"472334";"9872605";"3";"Холодная вода";"";"50005037";"Государственное предприятие ""Гродноводоканал"" 4% (учет.)";"Областное коммунальное унитарное предприятие ""Гродноводоканал"" 4% (учет.)";"3";"";"01.04.2018";"01.01.2100";"2,2927";"2,5";"5,73";"5,73";"0";"0";"0";"0";"6,88";"0,07";"0,07";"12,61";"0";"4584070881";"03.10.2026 18:55:05";"";"";"";"0";"0";"0"
"GR5000";"Гродно EИРКЦ г.Гродно";"620130";"12676019";"3";"Холодная вода";"";"500007217";"Государственное предприятие ""Гродноводоканал"" 2% (учет.)";"Областное коммунальное унитарное предприятие ""Гродноводоканал"" 2% (учет.)";"3";"";"01.06.2023";"01.01.2100";"2,2927";"0";"0";"0";"0";"0";"0";"0";"0";"0";"0";"0";"0";"4580151147";"02.10.2026 23:53:39";"";"";"";"0";"0";"0"
"GR5000";"Гродно EИРКЦ г.Гродно";"620073";"12675942";"3";"Холодная вода";"";"500007217";"Государственное предприятие ""Гродноводоканал"" 2% (учет.)";"Областное коммунальное унитарное предприятие ""Гродноводоканал"" 2% (учет.)";"3";"";"01.06.2023";"01.01.2100";"2,2927";"2";"4,59";"4,59";"0";"0";"0";"0";"4,59";"0,02";"0,02";"9,18";"0";"4580151110";"02.10.2026 23:53:39";"";"";"";"0";"0";"0"
"GR5000";"Гродно EИРКЦ г.Гродно";"594212";"12941059";"3";"Холодная вода";"";"500007217";"Государственное предприятие ""Гродноводоканал"" 2% (учет.)";"Областное коммунальное унитарное предприятие ""Гродноводоканал"" 2% (учет.)";"3";"";"01.06.2023";"01.01.2100";"2,2927";"8,5";"19,49";"19,49";"0";"0";"0";"0";"18,34";"0,05";"0,05";"37,83";"0";"4583375901";"03.10.2026 17:48:09";"";"";"";"0";"0";"0"
"GR5000";"Гродно EИРКЦ г.Гродно";"795127";"14504149";"3";"Холодная вода";"";"500007217";"Государственное предприятие ""Гродноводоканал"" 2% (учет.)";"Областное коммунальное унитарное предприятие ""Гродноводоканал"" 2% (учет.)";"3";"";"01.03.2025";"01.01.2100";"2,2927";"0,004";"0,01";"0,01";"0";"0";"0";"0";"0,16";"0,02";"0,02";"0,17";"0";"4579407575";"02.10.2026 20:33:04";"";"";"";"0";"0";"0"
"GR5000";"Гродно EИРКЦ г.Гродно";"620073";"12677116";"24";"Холодная вода по ЭОЗ";"";"500007217";"Государственное предприятие ""Гродноводоканал"" 2% (учет.)";"Областное коммунальное унитарное предприятие ""Гродноводоканал"" 2% (учет.)";"3";"";"01.06.2023";"01.01.2100";"2,4332";"0";"0";"0";"0";"0";"0";"0";"0";"0";"0";"0";"0";"4580151397";"02.10.2026 23:53:39";"";"";"";"0";"0";"0"
"GR5000";"Гродно EИРКЦ г.Гродно";"472334";"9872901";"24";"Холодная вода по ЭОЗ";"";"50005037";"Государственное предприятие ""Гродноводоканал"" 4% (учет.)";"Областное коммунальное унитарное предприятие ""Гродноводоканал"" 4% (учет.)";"3";"";"01.04.2018";"01.01.2100";"2,4332";"0";"0";"0";"0";"0";"0";"0";"0";"0";"0";"0";"0";"4584070910";"03.10.2026 18:55:05";"";"";"";"0";"0";"0"
"GR5000";"Гродно EИРКЦ г.Гродно";"714392";"12107023";"24";"Холодная вода по ЭОЗ";"";"50005037";"Государственное предприятие ""Гродноводоканал"" 4% (учет.)";"Областное коммунальное унитарное предприятие ""Гродноводоканал"" 4% (учет.)";"3";"";"01.03.2022";"01.01.2100";"2,4332";"0";"0";"0";"0";"0";"0";"0";"0";"0";"0";"0";"0";"4584429973";"05.10.2026 11:37:11";"";"";"";"0";"0";"0"
"GR5000";"Гродно EИРКЦ г.Гродно";"612297";"12899465";"24";"Холодная вода по ЭОЗ";"";"500007217";"Государственное предприятие ""Гродноводоканал"" 2% (учет.)";"Областное коммунальное унитарное предприятие ""Гродноводоканал"" 2% (учет.)";"3";"";"01.06.2023";"01.01.2100";"2,4332";"0";"0";"0";"0";"0";"0";"0";"0";"0";"0";"0";"0";"4582680011";"03.10.2026 17:05:58";"";"";"";"0";"0";"0"
"GR5000";"Гродно EИРКЦ г.Гродно";"614914";"12949526";"24";"Холодная вода по ЭОЗ";"";"500007217";"Государственное предприятие ""Гродноводоканал"" 2% (учет.)";"Областное коммунальное унитарное предприятие ""Гродноводоканал"" 2% (учет.)";"3";"";"01.06.2023";"01.01.2100";"2,4332";"0";"0";"0";"0";"0";"0";"0";"0";"0";"0";"0";"0";"4584196048";"03.10.2026 19:23:23";"";"";"";"0";"0";"0"
"GR5000";"Гродно EИРКЦ г.Гродно";"636653";"12910955";"24";"Холодная вода по ЭОЗ";"";"500007217";"Государственное предприятие ""Гродноводоканал"" 2% (учет.)";"Областное коммунальное унитарное предприятие ""Гродноводоканал"" 2% (учет.)";"3";"";"01.06.2023";"01.01.2100";"2,4332";"0";"0";"0";"0";"0";"0";"0";"0";"0";"0";"0";"0";"4582631145";"03.10.2026 16:58:37";"";"";"";"0";"0";"0"
"GR5000";"Гродно EИРКЦ г.Гродно";"624554";"12686378";"24";"Холодная вода по ЭОЗ";"";"500007217";"Государственное предприятие ""Гродноводоканал"" 2% (учет.)";"Областное коммунальное унитарное предприятие ""Гродноводоканал"" 2% (учет.)";"3";"";"01.06.2023";"01.01.2100";"2,4332";"0";"0";"0";"0";"0";"0";"0";"0";"0";"0";"0";"0";"4581944991";"03.10.2026 16:16:09";"";"";"";"0";"0";"0"
"GR5000";"Гродно EИРКЦ г.Гродно";"547682";"11489928";"24";"Холодная вода по ЭОЗ";"";"50005037";"Государственное предприятие ""Гродноводоканал"" 4% (учет.)";"Областное коммунальное унитарное предприятие ""Гродноводоканал"" 4% (учет.)";"3";"";"01.07.2021";"01.01.2100";"2,4332";"0";"0";"0";"0";"0";"0";"0";"0";"0";"0";"0";"0";"4584424300";"05.10.2026 11:37:11";"";"";"";"0";"0";"0"
"GR5000";"Гродно EИРКЦ г.Гродно";"472349";"9186303";"24";"Холодная вода по ЭОЗ";"";"50005948";"Государственное предприятие ""Гродноводоканал"" Окт. район 4% (безучет.)";"Областное коммунальное унитарное предприятие ""Гродноводоканал"" Окт. район 4% (безучет.)";"3";"";"01.05.2017";"01.01.2100";"2,4332";"11,25";"27,37";"27,37";"0";"0";"0";"0";"28,29";"0";"0";"55,66";"0";"4584068705";"03.10.2026 18:55:05";"";"";"";"0";"0";"0"
"GR5000";"Гродно EИРКЦ г.Гродно";"621882";"12855983";"24";"Холодная вода по ЭОЗ";"";"500007217";"Государственное предприятие ""Гродноводоканал"" 2% (учет.)";"Областное коммунальное унитарное предприятие ""Гродноводоканал"" 2% (учет.)";"3";"";"01.06.2023";"01.01.2100";"2,4332";"0";"0";"0";"0";"0";"0";"0";"0";"0";"0";"0";"0";"4578854627";"02.10.2026 19:01:41";"";"";"";"0";"0";"0"
"GR5000";"Гродно EИРКЦ г.Гродно";"553437";"10137099";"24";"Холодная вода по ЭОЗ";"";"50005037";"Государственное предприятие ""Гродноводоканал"" 4% (учет.)";"Областное коммунальное унитарное предприятие ""Гродноводоканал"" 4% (учет.)";"3";"";"01.06.2018";"01.01.2100";"2,4332";"0";"0";"0";"0";"0";"0";"0";"0";"0";"0";"0";"0";"4580078209";"02.10.2026 23:21:22";"";"";"";"0";"0";"0"
"GR5000";"Гродно EИРКЦ г.Гродно";"614951";"12949497";"24";"Холодная вода по ЭОЗ";"";"500007217";"Государственное предприятие ""Гродноводоканал"" 2% (учет.)";"Областное коммунальное унитарное предприятие ""Гродноводоканал"" 2% (учет.)";"3";"";"01.06.2023";"01.01.2100";"2,4332";"0";"0";"0";"0";"0";"0";"0";"0";"0";"0";"0";"0";"4584196021";"03.10.2026 19:23:23";"";"";"";"0";"0";"0"
"GR5000";"Гродно EИРКЦ г.Гродно";"620130";"12677161";"24";"Холодная вода по ЭОЗ";"";"500007217";"Государственное предприятие ""Гродноводоканал"" 2% (учет.)";"Областное коммунальное унитарное предприятие ""Гродноводоканал"" 2% (учет.)";"3";"";"01.06.2023";"01.01.2100";"2,4332";"0";"0";"0";"0";"0";"0";"0";"0";"0";"0";"0";"0";"4580151441";"02.10.2026 23:53:39";"";"";"";"0";"0";"0"
"GR5000";"Гродно EИРКЦ г.Гродно";"471418";"9893680";"24";"Холодная вода по ЭОЗ";"";"50005037";"Государственное предприятие ""Гродноводоканал"" 4% (учет.)";"Областное коммунальное унитарное предприятие ""Гродноводоканал"" 4% (учет.)";"3";"";"01.04.2018";"01.01.2100";"2,4332";"0";"0";"0";"0";"0";"0";"0";"0";"0";"0";"0";"0";"4584074393";"03.10.2026 18:55:05";"";"";"";"0";"0";"0"
"GR5000";"Гродно EИРКЦ г.Гродно";"471685";"9973964";"24";"Холодная вода по ЭОЗ";"";"50005037";"Государственное предприятие ""Гродноводоканал"" 4% (учет.)";"Областное коммунальное унитарное предприятие ""Гродноводоканал"" 4% (учет.)";"3";"";"01.04.2018";"01.01.2100";"2,4332";"0";"0";"0";"0";"0";"0";"0";"0";"0";"0";"0";"0";"4584088744";"03.10.2026 18:55:05";"";"";"";"0";"0";"0"
"GR5000";"Гродно EИРКЦ г.Гродно";"584376";"12654144";"24";"Холодная вода по ЭОЗ";"";"500007217";"Государственное предприятие ""Гродноводоканал"" 2% (учет.)";"Областное коммунальное унитарное предприятие ""Гродноводоканал"" 2% (учет.)";"3";"";"01.06.2023";"01.01.2100";"2,4332";"0";"0";"0";"0";"0";"0";"0";"0";"0";"0";"0";"0";"4584221555";"05.10.2026 8:31:03";"";"";"";"0";"0";"0"
"GR5000";"Гродно EИРКЦ г.Гродно";"471930";"9186294";"24";"Холодная вода по ЭОЗ";"";"50005948";"Государственное предприятие ""Гродноводоканал"" Окт. район 4% (безучет.)";"Областное коммунальное унитарное предприятие ""Гродноводоканал"" Окт. район 4% (безучет.)";"3";"";"01.05.2017";"01.01.2100";"2,4332";"3,75";"9,12";"9,12";"0";"0";"0";"0";"24,45";"10,67";"10,67";"13,54";"0";"4584068700";"03.10.2026 18:55:05";"";"";"";"0";"20,03";"0"
"GR5000";"Гродно EИРКЦ г.Гродно";"594212";"12941203";"24";"Холодная вода по ЭОЗ";"";"500007217";"Государственное предприятие ""Гродноводоканал"" 2% (учет.)";"Областное коммунальное унитарное предприятие ""Гродноводоканал"" 2% (учет.)";"3";"";"01.06.2023";"01.01.2100";"2,4332";"0";"0";"0";"0";"0";"0";"0";"0";"0";"0";"0";"0";"4583376034";"03.10.2026 17:48:09";"";"";"";"0";"0";"0"
"GR5000";"Гродно EИРКЦ г.Гродно";"795127";"14504150";"24";"Холодная вода по ЭОЗ";"";"500007217";"Государственное предприятие ""Гродноводоканал"" 2% (учет.)";"Областное коммунальное унитарное предприятие ""Гродноводоканал"" 2% (учет.)";"3";"";"01.03.2025";"01.01.2100";"2,4332";"0";"0";"0";"0";"0";"0";"0";"0";"0";"0";"0";"0";"4579407576";"02.10.2026 20:33:04";"";"";"";"0";"0";"0"
"GR5000";"Гродно EИРКЦ г.Гродно";"471418";"9893678";"4";"Горячая вода";"";"50005037";"Государственное предприятие ""Гродноводоканал"" 4% (учет.)";"Областное коммунальное унитарное предприятие ""Гродноводоканал"" 4% (учет.)";"4";"";"01.04.2018";"01.01.2100";"2,2927";"2";"4,59";"4,59";"0";"0";"0";"0";"9,17";"0";"0";"13,76";"0";"4584074391";"03.10.2026 18:55:05";"";"";"";"0";"0";"0"
"GR5000";"Гродно EИРКЦ г.Гродно";"795127";"14504464";"4";"Горячая вода";"";"500007217";"Государственное предприятие ""Гродноводоканал"" 2% (учет.)";"Областное коммунальное унитарное предприятие ""Гродноводоканал"" 2% (учет.)";"4";"";"01.03.2025";"01.01.2100";"2,2927";"-0,001";"0";"0";"0";"0";"0";"0";"0";"0";"0";"0";"0";"4579407870";"02.10.2026 20:33:04";"";"";"";"0";"0";"0"
"GR5000";"Гродно EИРКЦ г.Гродно";"620073";"12676323";"4";"Горячая вода";"";"500007217";"Государственное предприятие ""Гродноводоканал"" 2% (учет.)";"Областное коммунальное унитарное предприятие ""Гродноводоканал"" 2% (учет.)";"4";"";"01.06.2023";"01.01.2100";"2,2927";"3";"6,88";"6,88";"0";"0";"0";"0";"4,59";"0,01";"0,01";"11,47";"0";"4580151236";"02.10.2026 23:53:39";"";"";"";"0";"0";"0"
"GR5000";"Гродно EИРКЦ г.Гродно";"553437";"10137097";"4";"Горячая вода";"";"50005037";"Государственное предприятие ""Гродноводоканал"" 4% (учет.)";"Областное коммунальное унитарное предприятие ""Гродноводоканал"" 4% (учет.)";"4";"";"01.06.2018";"01.01.2100";"2,2927";"3,83";"8,78";"8,78";"0";"0";"0";"0";"17,56";"1,31";"0,34";"17,56";"0";"4580078207";"02.10.2026 23:21:22";"";"";"";"0";"8,78";"0,97"
"GR5000";"Гродно EИРКЦ г.Гродно";"624554";"12686230";"4";"Горячая вода";"";"500007217";"Государственное предприятие ""Гродноводоканал"" 2% (учет.)";"Областное коммунальное унитарное предприятие ""Гродноводоканал"" 2% (учет.)";"4";"";"01.06.2023";"01.01.2100";"2,2927";"0";"0";"0";"0";"0";"0";"0";"10,53";"11,21";"11,21";"10,53";"0";"4581944852";"03.10.2026 16:16:09";"";"";"";"0";"0";"0"
"GR5000";"Гродно EИРКЦ г.Гродно";"636653";"12910569";"4";"Горячая вода";"";"500007217";"Государственное предприятие ""Гродноводоканал"" 2% (учет.)";"Областное коммунальное унитарное предприятие ""Гродноводоканал"" 2% (учет.)";"4";"";"01.06.2023";"01.01.2100";"2,2927";"1";"2,29";"2,29";"0";"0";"0";"0";"2,29";"0";"0";"2,48";"0";"4582630943";"03.10.2026 16:58:37";"";"";"";"0";"2,1";"0"
"GR5000";"Гродно EИРКЦ г.Гродно";"471930";"13949165";"4";"Горячая вода";"";"50005948";"Государственное предприятие ""Гродноводоканал"" Окт. район 4% (безучет.)";"Областное коммунальное унитарное предприятие ""Гродноводоканал"" Окт. район 4% (безучет.)";"4";"";"01.03.2024";"01.01.2100";"2,2927";"0";"0";"0";"0";"0";"0";"0";"0";"0";"0";"0";"0";"4584133459";"03.10.2026 18:55:05";"";"";"";"0";"0";"0"
"GR5000";"Гродно EИРКЦ г.Гродно";"472349";"13949175";"4";"Горячая вода";"";"50005948";"Государственное предприятие ""Гродноводоканал"" Окт. район 4% (безучет.)";"Областное коммунальное унитарное предприятие ""Гродноводоканал"" Окт. район 4% (безучет.)";"4";"";"01.03.2024";"01.01.2100";"2,2927";"0";"0";"0";"0";"0";"0";"0";"0";"0";"0";"0";"0";"4584133469";"03.10.2026 18:55:05";"";"";"";"0";"0";"0"
"GR5000";"Гродно EИРКЦ г.Гродно";"472334";"9872608";"4";"Горячая вода";"";"50005037";"Государственное предприятие ""Гродноводоканал"" 4% (учет.)";"Областное коммунальное унитарное предприятие ""Гродноводоканал"" 4% (учет.)";"4";"";"01.04.2018";"01.01.2100";"2,2927";"1";"2,29";"2,29";"0";"0";"0";"0";"1,15";"0,04";"0,04";"3,44";"0";"4584070884";"03.10.2026 18:55:05";"";"";"";"0";"0";"0"
"GR5000";"Гродно EИРКЦ г.Гродно";"621882";"12852574";"4";"Горячая вода";"";"500007217";"Государственное предприятие ""Гродноводоканал"" 2% (учет.)";"Областное коммунальное унитарное предприятие ""Гродноводоканал"" 2% (учет.)";"4";"";"01.06.2023";"01.01.2100";"2,2927";"1";"2,29";"2,29";"0";"0";"0";"0";"2,29";"0,44";"0,44";"4,58";"0";"4578854454";"02.10.2026 19:01:41";"";"";"";"0";"0";"0"
"GR5000";"Гродно EИРКЦ г.Гродно";"594212";"12941107";"4";"Горячая вода";"";"500007217";"Государственное предприятие ""Гродноводоканал"" 2% (учет.)";"Областное коммунальное унитарное предприятие ""Гродноводоканал"" 2% (учет.)";"4";"";"01.06.2023";"01.01.2100";"2,2927";"2,5";"5,73";"5,73";"0";"0";"0";"0";"0";"0,04";"0,04";"5,73";"0";"4583375945";"03.10.2026 17:48:09";"";"";"";"0";"0";"0"
"GR5000";"Гродно EИРКЦ г.Гродно";"614914";"12949730";"4";"Горячая вода";"";"500007217";"Государственное предприятие ""Гродноводоканал"" 2% (учет.)";"Областное коммунальное унитарное предприятие ""Гродноводоканал"" 2% (учет.)";"4";"";"01.06.2023";"01.01.2100";"2,2927";"2,79";"6,4";"6,4";"0";"0";"0";"0";"20,04";"0";"0";"26,44";"0";"4584196226";"03.10.2026 19:23:23";"";"";"";"0";"0";"0"
"GR5000";"Гродно EИРКЦ г.Гродно";"612297";"12899361";"4";"Горячая вода";"";"500007217";"Государственное предприятие ""Гродноводоканал"" 2% (учет.)";"Областное коммунальное унитарное предприятие ""Гродноводоканал"" 2% (учет.)";"4";"";"01.06.2023";"01.01.2100";"2,2927";"4,61";"10,57";"10,57";"0";"0";"0";"0";"20,41";"0,33";"0,18";"21,14";"0";"4582679916";"03.10.2026 17:05:58";"";"";"";"0";"9,84";"0,15"
"GR5000";"Гродно EИРКЦ г.Гродно";"620130";"12676339";"4";"Горячая вода";"";"500007217";"Государственное предприятие ""Гродноводоканал"" 2% (учет.)";"Областное коммунальное унитарное предприятие ""Гродноводоканал"" 2% (учет.)";"4";"";"01.06.2023";"01.01.2100";"2,2927";"0";"0";"0";"0";"0";"0";"0";"0";"0";"0";"0";"0";"4580151245";"02.10.2026 23:53:39";"";"";"";"0";"0";"0"
"GR5000";"Гродно EИРКЦ г.Гродно";"471685";"9973962";"4";"Горячая вода";"";"50005037";"Государственное предприятие ""Гродноводоканал"" 4% (учет.)";"Областное коммунальное унитарное предприятие ""Гродноводоканал"" 4% (учет.)";"4";"";"01.04.2018";"01.01.2100";"2,2927";"3";"6,88";"6,88";"0";"0";"0";"0";"2,29";"0,01";"0,01";"9,17";"0";"4584088742";"03.10.2026 18:55:05";"";"";"";"0";"0";"0"
"GR5000";"Гродно EИРКЦ г.Гродно";"614951";"12949701";"4";"Горячая вода";"";"500007217";"Государственное предприятие ""Гродноводоканал"" 2% (учет.)";"Областное коммунальное унитарное предприятие ""Гродноводоканал"" 2% (учет.)";"4";"";"01.06.2023";"01.01.2100";"2,2927";"2,5";"5,73";"5,73";"0";"0";"0";"0";"12,61";"0,19";"0,12";"11,46";"0";"4584196199";"03.10.2026 19:23:23";"";"";"";"0";"6,88";"0,07"
"GR5000";"Гродно EИРКЦ г.Гродно";"471685";"9973965";"25";"Горячая вода по ЭОЗ";"";"50005037";"Государственное предприятие ""Гродноводоканал"" 4% (учет.)";"Областное коммунальное унитарное предприятие ""Гродноводоканал"" 4% (учет.)";"4";"";"01.04.2018";"01.01.2100";"2,4332";"0";"0";"0";"0";"0";"0";"0";"0";"0";"0";"0";"0";"4584088745";"03.10.2026 18:55:05";"";"";"";"0";"0";"0"
"GR5000";"Гродно EИРКЦ г.Гродно";"614951";"12949395";"25";"Горячая вода по ЭОЗ";"";"500007217";"Государственное предприятие ""Гродноводоканал"" 2% (учет.)";"Областное коммунальное унитарное предприятие ""Гродноводоканал"" 2% (учет.)";"4";"";"01.06.2023";"01.01.2100";"2,4332";"0";"0";"0";"0";"0";"0";"0";"0";"0";"0";"0";"0";"4584195931";"03.10.2026 19:23:23";"";"";"";"0";"0";"0"
"GR5000";"Гродно EИРКЦ г.Гродно";"621882";"12856403";"25";"Горячая вода по ЭОЗ";"";"500007217";"Государственное предприятие ""Гродноводоканал"" 2% (учет.)";"Областное коммунальное унитарное предприятие ""Гродноводоканал"" 2% (учет.)";"4";"";"01.06.2023";"01.01.2100";"2,4332";"0";"0";"0";"0";"0";"0";"0";"0";"0";"0";"0";"0";"4578854713";"02.10.2026 19:01:41";"";"";"";"0";"0";"0"
"GR5000";"Гродно EИРКЦ г.Гродно";"620130";"12677257";"25";"Горячая вода по ЭОЗ";"";"500007217";"Государственное предприятие ""Гродноводоканал"" 2% (учет.)";"Областное коммунальное унитарное предприятие ""Гродноводоканал"" 2% (учет.)";"4";"";"01.06.2023";"01.01.2100";"2,4332";"0";"0";"0";"0";"0";"0";"0";"0";"0";"0";"0";"0";"4580151531";"02.10.2026 23:53:39";"";"";"";"0";"0";"0"
"GR5000";"Гродно EИРКЦ г.Гродно";"594212";"12941251";"25";"Горячая вода по ЭОЗ";"";"500007217";"Государственное предприятие ""Гродноводоканал"" 2% (учет.)";"Областное коммунальное унитарное предприятие ""Гродноводоканал"" 2% (учет.)";"4";"";"01.06.2023";"01.01.2100";"2,4332";"0";"0";"0";"0";"0";"0";"0";"0";"0";"0";"0";"0";"4583376079";"03.10.2026 17:48:09";"";"";"";"0";"0";"0"
"GR5000";"Гродно EИРКЦ г.Гродно";"553437";"10137100";"25";"Горячая вода по ЭОЗ";"";"50005037";"Государственное предприятие ""Гродноводоканал"" 4% (учет.)";"Областное коммунальное унитарное предприятие ""Гродноводоканал"" 4% (учет.)";"4";"";"01.06.2018";"01.01.2100";"2,4332";"0";"0";"0";"0";"0";"0";"0";"0";"0";"0";"0";"0";"4580077770";"02.10.2026 23:21:22";"";"";"";"0";"0";"0"
"GR5000";"Гродно EИРКЦ г.Гродно";"472349";"13949176";"25";"Горячая вода по ЭОЗ";"";"50005948";"Государственное предприятие ""Гродноводоканал"" Окт. район 4% (безучет.)";"Областное коммунальное унитарное предприятие ""Гродноводоканал"" Окт. район 4% (безучет.)";"4";"";"01.03.2024";"01.01.2100";"2,4332";"11,25";"27,37";"27,37";"0";"0";"0";"0";"22,81";"0";"0";"50,18";"0";"4584133470";"03.10.2026 18:55:05";"";"";"";"0";"0";"0"
"GR5000";"Гродно EИРКЦ г.Гродно";"614914";"12949424";"25";"Горячая вода по ЭОЗ";"";"500007217";"Государственное предприятие ""Гродноводоканал"" 2% (учет.)";"Областное коммунальное унитарное предприятие ""Гродноводоканал"" 2% (учет.)";"4";"";"01.06.2023";"01.01.2100";"2,4332";"0";"0";"0";"0";"0";"0";"0";"0";"0";"0";"0";"0";"4584195958";"03.10.2026 19:23:23";"";"";"";"0";"0";"0"
"GR5000";"Гродно EИРКЦ г.Гродно";"472334";"9872761";"25";"Горячая вода по ЭОЗ";"";"50005037";"Государственное предприятие ""Гродноводоканал"" 4% (учет.)";"Областное коммунальное унитарное предприятие ""Гродноводоканал"" 4% (учет.)";"4";"";"01.04.2018";"01.01.2100";"2,4332";"0";"0";"0";"0";"0";"0";"0";"0";"0";"0";"0";"0";"4584070900";"03.10.2026 18:55:05";"";"";"";"0";"0";"0"
"GR5000";"Гродно EИРКЦ г.Гродно";"471930";"13949166";"25";"Горячая вода по ЭОЗ";"";"50005948";"Государственное предприятие ""Гродноводоканал"" Окт. район 4% (безучет.)";"Областное коммунальное унитарное предприятие ""Гродноводоканал"" Окт. район 4% (безучет.)";"4";"";"01.03.2024";"01.01.2100";"2,4332";"3,75";"9,12";"9,12";"0";"0";"0";"0";"21,71";"10,31";"10,31";"12,68";"0";"4584133460";"03.10.2026 18:55:05";"";"";"";"0";"18,15";"0"
"GR5000";"Гродно EИРКЦ г.Гродно";"795127";"14504465";"25";"Горячая вода по ЭОЗ";"";"500007217";"Государственное предприятие ""Гродноводоканал"" 2% (учет.)";"Областное коммунальное унитарное предприятие ""Гродноводоканал"" 2% (учет.)";"4";"";"01.03.2025";"01.01.2100";"2,4332";"0";"0";"0";"0";"0";"0";"0";"0";"0";"0";"0";"0";"4579407871";"02.10.2026 20:33:04";"";"";"";"0";"0";"0"
"GR5000";"Гродно EИРКЦ г.Гродно";"636653";"12911148";"25";"Горячая вода по ЭОЗ";"";"500007217";"Государственное предприятие ""Гродноводоканал"" 2% (учет.)";"Областное коммунальное унитарное предприятие ""Гродноводоканал"" 2% (учет.)";"4";"";"01.06.2023";"01.01.2100";"2,4332";"0";"0";"0";"0";"0";"0";"0";"0";"0";"0";"0";"0";"4582631246";"03.10.2026 16:58:37";"";"";"";"0";"0";"0"
"GR5000";"Гродно EИРКЦ г.Гродно";"612297";"12899517";"25";"Горячая вода по ЭОЗ";"";"500007217";"Государственное предприятие ""Гродноводоканал"" 2% (учет.)";"Областное коммунальное унитарное предприятие ""Гродноводоканал"" 2% (учет.)";"4";"";"01.06.2023";"01.01.2100";"2,4332";"0";"0";"0";"0";"0";"0";"0";"0";"0";"0";"0";"0";"4582680058";"03.10.2026 17:05:58";"";"";"";"0";"0";"0"
"GR5000";"Гродно EИРКЦ г.Гродно";"471418";"9893681";"25";"Горячая вода по ЭОЗ";"";"50005037";"Государственное предприятие ""Гродноводоканал"" 4% (учет.)";"Областное коммунальное унитарное предприятие ""Гродноводоканал"" 4% (учет.)";"4";"";"01.04.2018";"01.01.2100";"2,4332";"0";"0";"0";"0";"0";"0";"0";"0";"0";"0";"0";"0";"4584074394";"03.10.2026 18:55:05";"";"";"";"0";"0";"0"
"GR5000";"Гродно EИРКЦ г.Гродно";"624554";"12686452";"25";"Горячая вода по ЭОЗ";"";"500007217";"Государственное предприятие ""Гродноводоканал"" 2% (учет.)";"Областное коммунальное унитарное предприятие ""Гродноводоканал"" 2% (учет.)";"4";"";"01.06.2023";"01.01.2100";"2,4332";"0";"0";"0";"0";"0";"0";"0";"0";"0";"0";"0";"0";"4581945060";"03.10.2026 16:16:09";"";"";"";"0";"0";"0"
"GR5000";"Гродно EИРКЦ г.Гродно";"620073";"12677215";"25";"Горячая вода по ЭОЗ";"";"500007217";"Государственное предприятие ""Гродноводоканал"" 2% (учет.)";"Областное коммунальное унитарное предприятие ""Гродноводоканал"" 2% (учет.)";"4";"";"01.06.2023";"01.01.2100";"2,4332";"0";"0";"0";"0";"0";"0";"0";"0";"0";"0";"0";"0";"4580151491";"02.10.2026 23:53:39";"";"";"";"0";"0";"0"
"GR5000";"Гродно EИРКЦ г.Гродно";"472334";"9872611";"5";"Водоотведение";"";"50005037";"Государственное предприятие ""Гродноводоканал"" 4% (учет.)";"Областное коммунальное унитарное предприятие ""Гродноводоканал"" 4% (учет.)";"5";"";"01.04.2018";"01.01.2100";"1,9701";"3,5";"6,9";"6,9";"0";"0";"0";"0";"6,9";"0,09";"0,09";"13,8";"0";"4584070887";"03.10.2026 18:55:05";"";"";"";"0";"0";"0"
"GR5000";"Гродно EИРКЦ г.Гродно";"553437";"10137098";"5";"Водоотведение";"";"50005037";"Государственное предприятие ""Гродноводоканал"" 4% (учет.)";"Областное коммунальное унитарное предприятие ""Гродноводоканал"" 4% (учет.)";"5";"";"01.06.2018";"01.01.2100";"1,9701";"12,06";"23,76";"23,76";"0";"0";"0";"0";"47,52";"3,54";"0,92";"47,52";"0";"4580078208";"02.10.2026 23:21:22";"";"";"";"0";"23,76";"2,62"
"GR5000";"Гродно EИРКЦ г.Гродно";"620130";"12676974";"5";"Водоотведение";"";"500007217";"Государственное предприятие ""Гродноводоканал"" 2% (учет.)";"Областное коммунальное унитарное предприятие ""Гродноводоканал"" 2% (учет.)";"5";"";"01.06.2023";"01.01.2100";"1,9701";"0";"0";"0";"0";"0";"0";"0";"0";"0";"0";"0";"0";"4580151343";"02.10.2026 23:53:39";"";"";"";"0";"0";"0"
"GR5000";"Гродно EИРКЦ г.Гродно";"472349";"9186234";"5";"Водоотведение";"";"50005948";"Государственное предприятие ""Гродноводоканал"" Окт. район 4% (безучет.)";"Областное коммунальное унитарное предприятие ""Гродноводоканал"" Окт. район 4% (безучет.)";"5";"";"01.05.2017";"01.01.2100";"1,9701";"0";"0";"0";"0";"0";"0";"0";"0";"0";"0";"0";"0";"4584068674";"03.10.2026 18:55:05";"";"";"";"0";"0";"0"
"GR5000";"Гродно EИРКЦ г.Гродно";"612297";"12899413";"5";"Водоотведение";"";"500007217";"Государственное предприятие ""Гродноводоканал"" 2% (учет.)";"Областное коммунальное унитарное предприятие ""Гродноводоканал"" 2% (учет.)";"5";"";"01.06.2023";"01.01.2100";"1,9701";"6,86";"13,51";"13,51";"0";"0";"0";"0";"26,93";"0,44";"0,24";"27,02";"0";"4582679963";"03.10.2026 17:05:58";"";"";"";"0";"13,42";"0,2"
"GR5000";"Гродно EИРКЦ г.Гродно";"636653";"12910762";"5";"Водоотведение";"";"500007217";"Государственное предприятие ""Гродноводоканал"" 2% (учет.)";"Областное коммунальное унитарное предприятие ""Гродноводоканал"" 2% (учет.)";"5";"";"01.06.2023";"01.01.2100";"1,9701";"3,5";"6,9";"6,9";"0";"0";"0";"0";"7,88";"0";"0";"7,54";"0";"4582631044";"03.10.2026 16:58:37";"";"";"";"0";"7,24";"0"
"GR5000";"Гродно EИРКЦ г.Гродно";"624554";"12686304";"5";"Водоотведение";"";"500007217";"Государственное предприятие ""Гродноводоканал"" 2% (учет.)";"Областное коммунальное унитарное предприятие ""Гродноводоканал"" 2% (учет.)";"5";"";"01.06.2023";"01.01.2100";"1,9701";"0,35";"0,69";"0,69";"0";"0";"0";"0";"18,93";"19,27";"19,27";"19,62";"0";"4581944921";"03.10.2026 16:16:09";"";"";"";"0";"0";"0"
"GR5000";"Гродно EИРКЦ г.Гродно";"584376";"12654278";"5";"Водоотведение";"";"500007217";"Государственное предприятие ""Гродноводоканал"" 2% (учет.)";"Областное коммунальное унитарное предприятие ""Гродноводоканал"" 2% (учет.)";"5";"";"01.06.2023";"01.01.2100";"1,9701";"1,07";"2,11";"2,11";"0";"0";"0";"0";"1,91";"0,42";"0,42";"3,6";"0";"4584221670";"05.10.2026 8:31:03";"";"";"";"0";"0,42";"0"
"GR5000";"Гродно EИРКЦ г.Гродно";"547682";"11489927";"5";"Водоотведение";"";"50005037";"Государственное предприятие ""Гродноводоканал"" 4% (учет.)";"Областное коммунальное унитарное предприятие ""Гродноводоканал"" 4% (учет.)";"5";"";"01.07.2021";"01.01.2100";"1,9701";"0";"0";"0";"0";"0";"0";"0";"9,85";"0";"0";"9,85";"0";"4584424299";"05.10.2026 11:37:11";"";"";"";"0";"0";"0"
"GR5000";"Гродно EИРКЦ г.Гродно";"471685";"9973963";"5";"Водоотведение";"";"50005037";"Государственное предприятие ""Гродноводоканал"" 4% (учет.)";"Областное коммунальное унитарное предприятие ""Гродноводоканал"" 4% (учет.)";"5";"";"01.04.2018";"01.01.2100";"1,9701";"7";"13,79";"13,79";"0";"0";"0";"0";"8,33";"0,02";"0,02";"22,12";"0";"4584088743";"03.10.2026 18:55:05";"";"";"";"0";"0";"0"
"GR5000";"Гродно EИРКЦ г.Гродно";"471930";"9186219";"5";"Водоотведение";"";"50005948";"Государственное предприятие ""Гродноводоканал"" Окт. район 4% (безучет.)";"Областное коммунальное унитарное предприятие ""Гродноводоканал"" Окт. район 4% (безучет.)";"5";"";"01.05.2017";"01.01.2100";"1,9701";"0";"0";"0";"0";"0";"0";"0";"0";"0";"0";"0";"0";"4584068669";"03.10.2026 18:55:05";"";"";"";"0";"0";"0"
"GR5000";"Гродно EИРКЦ г.Гродно";"795127";"14504779";"5";"Водоотведение";"";"500007217";"Государственное предприятие ""Гродноводоканал"" 2% (учет.)";"Областное коммунальное унитарное предприятие ""Гродноводоканал"" 2% (учет.)";"5";"";"01.03.2025";"01.01.2100";"1,9701";"0,003";"0,01";"0,01";"0";"0";"0";"0";"0,14";"0,01";"0,01";"0,15";"0";"4579408166";"02.10.2026 20:33:04";"";"";"";"0";"0";"0"
"GR5000";"Гродно EИРКЦ г.Гродно";"620073";"12676967";"5";"Водоотведение";"";"500007217";"Государственное предприятие ""Гродноводоканал"" 2% (учет.)";"Областное коммунальное унитарное предприятие ""Гродноводоканал"" 2% (учет.)";"5";"";"01.06.2023";"01.01.2100";"1,9701";"5";"9,85";"9,85";"0";"0";"0";"0";"7,88";"0,03";"0,03";"17,73";"0";"4580151336";"02.10.2026 23:53:39";"";"";"";"0";"0";"0"
"GR5000";"Гродно EИРКЦ г.Гродно";"621882";"12852726";"5";"Водоотведение";"";"500007217";"Государственное предприятие ""Гродноводоканал"" 2% (учет.)";"Областное коммунальное унитарное предприятие ""Гродноводоканал"" 2% (учет.)";"5";"";"01.06.2023";"01.01.2100";"1,9701";"2";"3,94";"3,94";"0";"0";"0";"0";"3,94";"0,75";"0,75";"7,88";"0";"4578854540";"02.10.2026 19:01:41";"";"";"";"0";"0";"0"
"GR5000";"Гродно EИРКЦ г.Гродно";"471418";"9893679";"5";"Водоотведение";"";"50005037";"Государственное предприятие ""Гродноводоканал"" 4% (учет.)";"Областное коммунальное унитарное предприятие ""Гродноводоканал"" 4% (учет.)";"5";"";"01.04.2018";"01.01.2100";"1,9701";"5";"9,85";"9,85";"0";"0";"0";"0";"13,79";"0";"0";"23,64";"0";"4584074392";"03.10.2026 18:55:05";"";"";"";"0";"0";"0"
"GR5000";"Гродно EИРКЦ г.Гродно";"614951";"12949599";"5";"Водоотведение";"";"500007217";"Государственное предприятие ""Гродноводоканал"" 2% (учет.)";"Областное коммунальное унитарное предприятие ""Гродноводоканал"" 2% (учет.)";"5";"";"01.06.2023";"01.01.2100";"1,9701";"10";"19,7";"19,7";"0";"0";"0";"0";"41,37";"0,66";"0,39";"39,4";"0";"4584196111";"03.10.2026 19:23:23";"";"";"";"0";"21,67";"0,27"
"GR5000";"Гродно EИРКЦ г.Гродно";"614914";"12949628";"5";"Водоотведение";"";"500007217";"Государственное предприятие ""Гродноводоканал"" 2% (учет.)";"Областное коммунальное унитарное предприятие ""Гродноводоканал"" 2% (учет.)";"5";"";"01.06.2023";"01.01.2100";"1,9701";"7,95";"15,66";"15,66";"0";"0";"0";"0";"31,7";"0";"0";"47,36";"0";"4584196137";"03.10.2026 19:23:23";"";"";"";"0";"0";"0"
"GR5000";"Гродно EИРКЦ г.Гродно";"594212";"12941155";"5";"Водоотведение";"";"500007217";"Государственное предприятие ""Гродноводоканал"" 2% (учет.)";"Областное коммунальное унитарное предприятие ""Гродноводоканал"" 2% (учет.)";"5";"";"01.06.2023";"01.01.2100";"1,9701";"11";"21,67";"21,67";"0";"0";"0";"0";"15,76";"0,08";"0,08";"37,43";"0";"4583375990";"03.10.2026 17:48:09";"";"";"";"0";"0";"0"
"GR5000";"Гродно EИРКЦ г.Гродно";"471685";"9973966";"26";"Водоотведение по ЭОЗ";"";"50005037";"Государственное предприятие ""Гродноводоканал"" 4% (учет.)";"Областное коммунальное унитарное предприятие ""Гродноводоканал"" 4% (учет.)";"5";"";"01.04.2018";"01.01.2100";"2,1886";"0";"0";"0";"0";"0";"0";"0";"0";"0";"0";"0";"0";"4584088746";"03.10.2026 18:55:05";"";"";"";"0";"0";"0"
"GR5000";"Гродно EИРКЦ г.Гродно";"472334";"9872566";"26";"Водоотведение по ЭОЗ";"";"50005037";"Государственное предприятие ""Гродноводоканал"" 4% (учет.)";"Областное коммунальное унитарное предприятие ""Гродноводоканал"" 4% (учет.)";"5";"";"01.04.2018";"01.01.2100";"2,1886";"0";"0";"0";"0";"0";"0";"0";"0";"0";"0";"0";"0";"4584070876";"03.10.2026 18:55:05";"";"";"";"0";"0";"0"
"GR5000";"Гродно EИРКЦ г.Гродно";"614951";"12949293";"26";"Водоотведение по ЭОЗ";"";"500007217";"Государственное предприятие ""Гродноводоканал"" 2% (учет.)";"Областное коммунальное унитарное предприятие ""Гродноводоканал"" 2% (учет.)";"5";"";"01.06.2023";"01.01.2100";"2,1886";"0";"0";"0";"0";"0";"0";"0";"0";"0";"0";"0";"0";"4584195842";"03.10.2026 19:23:23";"";"";"";"0";"0";"0"
"GR5000";"Гродно EИРКЦ г.Гродно";"553437";"10137101";"26";"Водоотведение по ЭОЗ";"";"50005037";"Государственное предприятие ""Гродноводоканал"" 4% (учет.)";"Областное коммунальное унитарное предприятие ""Гродноводоканал"" 4% (учет.)";"5";"";"01.06.2018";"01.01.2100";"2,1886";"0";"0";"0";"0";"0";"0";"0";"0";"0";"0";"0";"0";"4580078210";"02.10.2026 23:21:22";"";"";"";"0";"0";"0"
"GR5000";"Гродно EИРКЦ г.Гродно";"547682";"11489930";"26";"Водоотведение по ЭОЗ";"";"50005037";"Государственное предприятие ""Гродноводоканал"" 4% (учет.)";"Областное коммунальное унитарное предприятие ""Гродноводоканал"" 4% (учет.)";"5";"";"01.07.2021";"01.01.2100";"2,1886";"0";"0";"0";"0";"0";"0";"0";"0";"0";"0";"0";"0";"4584424301";"05.10.2026 11:37:11";"";"";"";"0";"0";"0"
"GR5000";"Гродно EИРКЦ г.Гродно";"795127";"14504780";"26";"Водоотведение по ЭОЗ";"";"500007217";"Государственное предприятие ""Гродноводоканал"" 2% (учет.)";"Областное коммунальное унитарное предприятие ""Гродноводоканал"" 2% (учет.)";"5";"";"01.03.2025";"01.01.2100";"2,1886";"0";"0";"0";"0";"0";"0";"0";"0";"0";"0";"0";"0";"4579408167";"02.10.2026 20:33:04";"";"";"";"0";"0";"0"
"GR5000";"Гродно EИРКЦ г.Гродно";"472349";"9186428";"26";"Водоотведение по ЭОЗ";"";"50005948";"Государственное предприятие ""Гродноводоканал"" Окт. район 4% (безучет.)";"Областное коммунальное унитарное предприятие ""Гродноводоканал"" Окт. район 4% (безучет.)";"5";"";"01.05.2017";"01.01.2100";"2,1886";"22,5";"49,24";"49,24";"0";"0";"0";"0";"45,96";"0";"0";"95,2";"0";"4584068735";"03.10.2026 18:55:05";"";"";"";"0";"0";"0"
"GR5000";"Гродно EИРКЦ г.Гродно";"471930";"9186419";"26";"Водоотведение по ЭОЗ";"";"50005948";"Государственное предприятие ""Гродноводоканал"" Окт. район 4% (безучет.)";"Областное коммунальное унитарное предприятие ""Гродноводоканал"" Окт. район 4% (безучет.)";"5";"";"01.05.2017";"01.01.2100";"2,1886";"7,5";"16,41";"16,41";"0";"0";"0";"0";"41,52";"18,43";"18,43";"23,6";"0";"4584068730";"03.10.2026 18:55:05";"";"";"";"0";"34,33";"0"
"GR5000";"Гродно EИРКЦ г.Гродно";"471418";"9893682";"26";"Водоотведение по ЭОЗ";"";"50005037";"Государственное предприятие ""Гродноводоканал"" 4% (учет.)";"Областное коммунальное унитарное предприятие ""Гродноводоканал"" 4% (учет.)";"5";"";"01.04.2018";"01.01.2100";"2,1886";"0";"0";"0";"0";"0";"0";"0";"0";"0";"0";"0";"0";"4584074395";"03.10.2026 18:55:05";"";"";"";"0";"0";"0"
"GR5000";"Гродно EИРКЦ г.Гродно";"620130";"12677362";"26";"Водоотведение по ЭОЗ";"";"500007217";"Государственное предприятие ""Гродноводоканал"" 2% (учет.)";"Областное коммунальное унитарное предприятие ""Гродноводоканал"" 2% (учет.)";"5";"";"01.06.2023";"01.01.2100";"2,1886";"0";"0";"0";"0";"0";"0";"0";"0";"0";"0";"0";"0";"4580151628";"02.10.2026 23:53:39";"";"";"";"0";"0";"0"
"GR5000";"Гродно EИРКЦ г.Гродно";"612297";"12899569";"26";"Водоотведение по ЭОЗ";"";"500007217";"Государственное предприятие ""Гродноводоканал"" 2% (учет.)";"Областное коммунальное унитарное предприятие ""Гродноводоканал"" 2% (учет.)";"5";"";"01.06.2023";"01.01.2100";"2,1886";"0";"0";"0";"0";"0";"0";"0";"0";"0";"0";"0";"0";"4582680106";"03.10.2026 17:05:58";"";"";"";"0";"0";"0"
"GR5000";"Гродно EИРКЦ г.Гродно";"624554";"12686526";"26";"Водоотведение по ЭОЗ";"";"500007217";"Государственное предприятие ""Гродноводоканал"" 2% (учет.)";"Областное коммунальное унитарное предприятие ""Гродноводоканал"" 2% (учет.)";"5";"";"01.06.2023";"01.01.2100";"2,1886";"0";"0";"0";"0";"0";"0";"0";"0";"0";"0";"0";"0";"4581945129";"03.10.2026 16:16:09";"";"";"";"0";"0";"0"
"GR5000";"Гродно EИРКЦ г.Гродно";"636653";"12911255";"26";"Водоотведение по ЭОЗ";"";"500007217";"Государственное предприятие ""Гродноводоканал"" 2% (учет.)";"Областное коммунальное унитарное предприятие ""Гродноводоканал"" 2% (учет.)";"5";"";"01.06.2023";"01.01.2100";"2,1886";"0";"0";"0";"0";"0";"0";"0";"0";"0";"0";"0";"0";"4582631347";"03.10.2026 16:58:37";"";"";"";"0";"0";"0"
"GR5000";"Гродно EИРКЦ г.Гродно";"584376";"12654077";"26";"Водоотведение по ЭОЗ";"";"500007217";"Государственное предприятие ""Гродноводоканал"" 2% (учет.)";"Областное коммунальное унитарное предприятие ""Гродноводоканал"" 2% (учет.)";"5";"";"01.06.2023";"01.01.2100";"2,1886";"0";"0";"0";"0";"0";"0";"0";"0";"0";"0";"0";"0";"4584221497";"05.10.2026 8:31:03";"";"";"";"0";"0";"0"
"GR5000";"Гродно EИРКЦ г.Гродно";"621882";"12856910";"26";"Водоотведение по ЭОЗ";"";"500007217";"Государственное предприятие ""Гродноводоканал"" 2% (учет.)";"Областное коммунальное унитарное предприятие ""Гродноводоканал"" 2% (учет.)";"5";"";"01.06.2023";"01.01.2100";"2,1886";"0";"0";"0";"0";"0";"0";"0";"0";"0";"0";"0";"0";"4578854799";"02.10.2026 19:01:41";"";"";"";"0";"0";"0"
"GR5000";"Гродно EИРКЦ г.Гродно";"614914";"12949322";"26";"Водоотведение по ЭОЗ";"";"500007217";"Государственное предприятие ""Гродноводоканал"" 2% (учет.)";"Областное коммунальное унитарное предприятие ""Гродноводоканал"" 2% (учет.)";"5";"";"01.06.2023";"01.01.2100";"2,1886";"0";"0";"0";"0";"0";"0";"0";"0";"0";"0";"0";"0";"4584195868";"03.10.2026 19:23:23";"";"";"";"0";"0";"0"
"GR5000";"Гродно EИРКЦ г.Гродно";"594212";"12941299";"26";"Водоотведение по ЭОЗ";"";"500007217";"Государственное предприятие ""Гродноводоканал"" 2% (учет.)";"Областное коммунальное унитарное предприятие ""Гродноводоканал"" 2% (учет.)";"5";"";"01.06.2023";"01.01.2100";"2,1886";"0";"0";"0";"0";"0";"0";"0";"0";"0";"0";"0";"0";"4583376124";"03.10.2026 17:48:09";"";"";"";"0";"0";"0"
"GR5000";"Гродно EИРКЦ г.Гродно";"620073";"12677335";"26";"Водоотведение по ЭОЗ";"";"500007217";"Государственное предприятие ""Гродноводоканал"" 2% (учет.)";"Областное коммунальное унитарное предприятие ""Гродноводоканал"" 2% (учет.)";"5";"";"01.06.2023";"01.01.2100";"2,1886";"0";"0";"0";"0";"0";"0";"0";"0";"0";"0";"0";"0";"4580151602";"02.10.2026 23:53:39";"";"";"";"0";"0";"0"
"GR5000";"Гродно EИРКЦ г.Гродно";"614914";"13212634";"13";"Капремонт";"";"85";"Гродненский ГИК (капремонт Окт.р-н) ЖСПК и ТС";"Гродненский ГИК (капремонт Окт.р-н) ЖСПК и ТС";"6";"22";"01.01.2024";"01.01.2100";"0,2825";"77,1";"21,78";"21,78";"0";"0";"0";"0";"21,78";"0";"0";"43,56";"0";"4584196443";"03.10.2026 19:23:23";"";"";"";"0";"0";"0"
"GR5000";"Гродно EИРКЦ г.Гродно";"471930";"5769115";"13";"Капремонт";"";"84";"Гродненский ГИК (капремонт Окт.р-н)";"Гродненский ГИК (капремонт Окт.р-н)";"6";"22";"01.01.2008";"31.12.2100";"0,2825";"52,4";"14,8";"14,8";"0";"0";"0";"0";"38,68";"17,67";"17,67";"21,74";"0";"4584049722";"03.10.2026 18:55:05";"";"";"";"0";"31,74";"0"
"GR5000";"Гродно EИРКЦ г.Гродно";"471685";"5761789";"13";"Капремонт";"";"84";"Гродненский ГИК (капремонт Окт.р-н)";"Гродненский ГИК (капремонт Окт.р-н)";"6";"22";"01.01.2008";"31.12.2100";"0,2825";"73,1";"20,65";"20,65";"0";"0";"0";"0";"20,65";"0,12";"0,12";"41,3";"0";"4584046255";"03.10.2026 18:55:05";"";"";"";"0";"0";"0"
"GR5000";"Гродно EИРКЦ г.Гродно";"620130";"13170815";"13";"Капремонт";"";"83";"Гродненский ГИК (капремонт Лен.р-н) ЖСПК и ТС";"Гродненский ГИК (капремонт Лен.р-н) ЖСПК и ТС";"6";"22";"01.01.2024";"01.01.2100";"0,2825";"74,4";"21,02";"21,02";"0";"0";"0";"0";"21,02";"0";"0";"42,04";"0";"4580151841";"02.10.2026 23:53:39";"";"";"";"0";"0";"0"
"GR5000";"Гродно EИРКЦ г.Гродно";"624554";"13178805";"13";"Капремонт";"";"85";"Гродненский ГИК (капремонт Окт.р-н) ЖСПК и ТС";"Гродненский ГИК (капремонт Окт.р-н) ЖСПК и ТС";"6";"22";"01.01.2024";"01.01.2100";"0,2825";"75,6";"21,36";"21,36";"0";"0";"0";"0";"54,5";"18,7";"18,7";"75,86";"0";"4581945202";"03.10.2026 16:16:09";"";"";"";"0";"0";"0"
"GR5000";"Гродно EИРКЦ г.Гродно";"472349";"5768970";"13";"Капремонт";"";"84";"Гродненский ГИК (капремонт Окт.р-н)";"Гродненский ГИК (капремонт Окт.р-н)";"6";"22";"01.01.2008";"31.12.2100";"0,2825";"78,6";"22,2";"22,2";"0";"0";"0";"0";"22,2";"0";"0";"44,4";"0";"4584049659";"03.10.2026 18:55:05";"";"";"";"0";"0";"0"
"GR5000";"Гродно EИРКЦ г.Гродно";"471418";"5760770";"13";"Капремонт";"";"84";"Гродненский ГИК (капремонт Окт.р-н)";"Гродненский ГИК (капремонт Окт.р-н)";"6";"22";"01.01.2008";"31.12.2100";"0,2825";"73,1";"20,65";"20,65";"0";"0";"0";"0";"20,65";"0";"0";"41,3";"0";"4584045807";"03.10.2026 18:55:05";"";"";"";"0";"0";"0"
"GR5000";"Гродно EИРКЦ г.Гродно";"636653";"13182674";"13";"Капремонт";"";"85";"Гродненский ГИК (капремонт Окт.р-н) ЖСПК и ТС";"Гродненский ГИК (капремонт Окт.р-н) ЖСПК и ТС";"6";"22";"01.01.2024";"01.01.2100";"0,2825";"68,2";"19,27";"19,27";"0";"0";"0";"0";"19,27";"0";"0";"20,85";"0";"4582631457";"03.10.2026 16:58:37";"";"";"";"0";"17,69";"0"
"GR5000";"Гродно EИРКЦ г.Гродно";"584376";"13168525";"13";"Капремонт";"";"85";"Гродненский ГИК (капремонт Окт.р-н) ЖСПК и ТС";"Гродненский ГИК (капремонт Окт.р-н) ЖСПК и ТС";"6";"22";"01.01.2024";"01.01.2100";"0,2825";"48,3";"13,64";"13,64";"0";"0";"0";"0";"13,64";"2,8";"2,8";"24,28";"0";"4584221721";"05.10.2026 8:31:03";"";"";"";"0";"3";"0"
"GR5000";"Гродно EИРКЦ г.Гродно";"553437";"13158014";"13";"Капремонт";"";"83";"Гродненский ГИК (капремонт Лен.р-н) ЖСПК и ТС";"Гродненский ГИК (капремонт Лен.р-н) ЖСПК и ТС";"6";"22";"01.01.2024";"01.01.2100";"0,2825";"63,6";"17,97";"17,97";"0";"0";"0";"0";"35,94";"3,85";"0,89";"35,94";"0";"4580078656";"02.10.2026 23:21:22";"";"";"";"0";"17,97";"2,96"
"GR5000";"Гродно EИРКЦ г.Гродно";"621882";"13197036";"13";"Капремонт";"";"83";"Гродненский ГИК (капремонт Лен.р-н) ЖСПК и ТС";"Гродненский ГИК (капремонт Лен.р-н) ЖСПК и ТС";"6";"22";"01.01.2024";"01.01.2100";"0,2825";"44,1";"12,46";"12,46";"0";"0";"0";"0";"12,46";"3,72";"3,72";"24,92";"0";"4578854989";"02.10.2026 19:01:41";"";"";"";"0";"0";"0"
"GR5000";"Гродно EИРКЦ г.Гродно";"472334";"5768058";"13";"Капремонт";"";"84";"Гродненский ГИК (капремонт Окт.р-н)";"Гродненский ГИК (капремонт Окт.р-н)";"6";"22";"01.01.2008";"31.12.2100";"0,2825";"63,2";"17,85";"17,85";"0";"0";"0";"0";"17,85";"0,21";"0,21";"35,7";"0";"4584049217";"03.10.2026 18:55:05";"";"";"";"0";"0";"0"
"GR5000";"Гродно EИРКЦ г.Гродно";"620073";"13170758";"13";"Капремонт";"";"83";"Гродненский ГИК (капремонт Лен.р-н) ЖСПК и ТС";"Гродненский ГИК (капремонт Лен.р-н) ЖСПК и ТС";"6";"22";"01.01.2024";"01.01.2100";"0,2825";"51,3";"14,49";"14,49";"0";"0";"0";"0";"14,49";"0,04";"0,04";"28,98";"0";"4580151786";"02.10.2026 23:53:39";"";"";"";"0";"0";"0"
"GR5000";"Гродно EИРКЦ г.Гродно";"795127";"14465369";"13";"Капремонт";"";"83";"Гродненский ГИК (капремонт Лен.р-н) ЖСПК и ТС";"Гродненский ГИК (капремонт Лен.р-н) ЖСПК и ТС";"6";"22";"01.02.2025";"01.01.2100";"0,2825";"53,3";"15,06";"15,06";"0";"0";"0";"0";"30,12";"3,51";"3,51";"45,18";"0";"4579405734";"02.10.2026 20:33:04";"";"";"";"0";"0";"0"
"GR5000";"Гродно EИРКЦ г.Гродно";"612297";"13221381";"13";"Капремонт";"";"85";"Гродненский ГИК (капремонт Окт.р-н) ЖСПК и ТС";"Гродненский ГИК (капремонт Окт.р-н) ЖСПК и ТС";"6";"22";"01.01.2024";"01.01.2100";"0,2825";"56,9";"16,07";"16,07";"0";"0";"0";"0";"32,14";"0,53";"0,29";"32,14";"0";"4582680188";"03.10.2026 17:05:58";"";"";"";"0";"16,07";"0,24"
"GR5000";"Гродно EИРКЦ г.Гродно";"614951";"13212669";"13";"Капремонт";"";"85";"Гродненский ГИК (капремонт Окт.р-н) ЖСПК и ТС";"Гродненский ГИК (капремонт Окт.р-н) ЖСПК и ТС";"6";"22";"01.01.2024";"01.01.2100";"0,2825";"77";"21,75";"21,75";"0";"0";"0";"0";"43,5";"0,72";"0,39";"43,5";"0";"4584196475";"03.10.2026 19:23:23";"";"";"";"0";"21,75";"0,33"
"GR5000";"Гродно EИРКЦ г.Гродно";"594212";"13222209";"13";"Капремонт";"";"85";"Гродненский ГИК (капремонт Окт.р-н) ЖСПК и ТС";"Гродненский ГИК (капремонт Окт.р-н) ЖСПК и ТС";"6";"22";"01.01.2024";"01.01.2100";"0,2825";"95,6";"27,01";"27,01";"0";"0";"0";"0";"27,01";"0,08";"0,08";"54,02";"0";"4583376188";"03.10.2026 17:48:09";"";"";"";"0";"0";"0"
"GR5000";"Гродно EИРКЦ г.Гродно";"620073";"13940912";"10";"Техобслуживание лифта (кв. м)";"";"5000664";"ЖСПК №192 г.Гродно";"ЖСПК №192 г.Гродно";"10";"";"01.03.2024";"01.01.2100";"0,1034";"51,3";"5,3";"5,3";"0";"0";"0";"0";"5,3";"0,02";"0,02";"10,6";"0";"4580151911";"02.10.2026 23:53:39";"";"";"";"0";"0";"0"
"GR5000";"Гродно EИРКЦ г.Гродно";"795127";"14466356";"10";"Техобслуживание лифта (кв. м)";"";"500006815";"ОАО ""ГродноЛифт"" (ЖСПК и ТС)";"ОАО ""ГродноЛифт"" (ЖСПК и ТС)";"10";"";"01.02.2025";"01.01.2100";"0,1034";"53,3";"5,51";"5,51";"0";"0";"0";"0";"11,02";"1,29";"1,29";"16,53";"0";"4579406026";"02.10.2026 20:33:04";"";"";"";"0";"0";"0"
"GR5000";"Гродно EИРКЦ г.Гродно";"620130";"13941014";"10";"Техобслуживание лифта (кв. м)";"";"5000664";"ЖСПК №192 г.Гродно";"ЖСПК №192 г.Гродно";"10";"";"01.03.2024";"01.01.2100";"0,1034";"74,4";"7,69";"7,69";"0";"0";"0";"0";"7,69";"0";"0";"15,38";"0";"4580152010";"02.10.2026 23:53:39";"";"";"";"0";"0";"0"
"GR5000";"Гродно EИРКЦ г.Гродно";"614951";"13686653";"10";"Техобслуживание лифта (кв. м)";"";"50000292";"ТС ""Вишневецкая башня""";"ТС ""Вишневецкая башня""";"10";"";"01.03.2024";"01.01.2100";"0,1034";"77";"7,96";"7,96";"0";"0";"0";"0";"15,92";"0,26";"0,14";"15,92";"0";"4584196830";"03.10.2026 19:23:23";"";"";"";"0";"7,96";"0,12"
"GR5000";"Гродно EИРКЦ г.Гродно";"472334";"13893070";"10";"Техобслуживание лифта (кв. м)";"";"500006774";"ОАО ""ГродноЛифт"" Окт район";"ОАО ""ГродноЛифт"" Окт район";"10";"";"01.03.2024";"01.01.2100";"0,1034";"63,2";"6,53";"6,53";"0";"0";"0";"0";"6,53";"0,08";"0,08";"13,06";"0";"4584130492";"03.10.2026 18:55:05";"";"";"";"0";"0";"0"
"GR5000";"Гродно EИРКЦ г.Гродно";"614914";"13686583";"10";"Техобслуживание лифта (кв. м)";"";"50000292";"ТС ""Вишневецкая башня""";"ТС ""Вишневецкая башня""";"10";"";"01.03.2024";"01.01.2100";"0,1034";"77,1";"7,97";"7,97";"0";"0";"0";"0";"7,97";"0";"0";"15,94";"0";"4584196767";"03.10.2026 19:23:23";"";"";"";"0";"0";"0"
"GR5000";"Гродно EИРКЦ г.Гродно";"472349";"13893098";"10";"Техобслуживание лифта (кв. м)";"";"500006774";"ОАО ""ГродноЛифт"" Окт район";"ОАО ""ГродноЛифт"" Окт район";"10";"";"01.03.2024";"01.01.2100";"0,1034";"78,6";"8,13";"8,13";"0";"0";"0";"0";"8,13";"0";"0";"16,26";"0";"4584130504";"03.10.2026 18:55:05";"";"";"";"0";"0";"0"
"GR5000";"Гродно EИРКЦ г.Гродно";"594212";"13313614";"10";"Техобслуживание лифта (кв. м)";"";"500006815";"ОАО ""ГродноЛифт"" (ЖСПК и ТС)";"ОАО ""ГродноЛифт"" (ЖСПК и ТС)";"10";"";"01.02.2024";"01.01.2100";"0,1034";"95,6";"9,89";"9,89";"0";"0";"0";"0";"9,89";"0,03";"0,03";"19,78";"0";"4583376336";"03.10.2026 17:48:09";"";"";"";"0";"0";"0"
"GR5000";"Гродно EИРКЦ г.Гродно";"612297";"13533195";"10";"Техобслуживание лифта (кв. м)";"";"50000336";"ТС дома №41 по ул.Кабяка г.Гродно";"ТС дома №41 по ул.Кабяка г.Гродно";"10";"";"01.03.2024";"01.01.2100";"0,1034";"56,9";"5,88";"5,88";"0";"0";"0";"0";"11,76";"0,2";"0,11";"11,76";"0";"4582680239";"03.10.2026 17:05:58";"";"";"";"0";"5,88";"0,09"
"GR5000";"Гродно EИРКЦ г.Гродно";"471930";"13892634";"10";"Техобслуживание лифта (кв. м)";"";"500006774";"ОАО ""ГродноЛифт"" Окт район";"ОАО ""ГродноЛифт"" Окт район";"10";"";"01.03.2024";"01.01.2100";"0,1034";"52,4";"5,42";"5,42";"0";"0";"0";"0";"14,16";"6,38";"6,38";"7,97";"0";"4584130185";"03.10.2026 18:55:05";"";"";"";"0";"11,61";"0"
"GR5000";"Гродно EИРКЦ г.Гродно";"795127";"14467571";"611";"Электроэнергия на работу лифта";"";"500007520";"ЖСПК №533 г. Гродно";"ЖСПК №533 г. Гродно";"11";"";"01.02.2025";"01.01.2100";"0";"1";"0";"0";"0";"0";"0";"0";"1,55";"0,17";"0,17";"1,55";"0";"4579406916";"02.10.2026 20:33:04";"";"";"";"0";"0";"0"
"GR5000";"Гродно EИРКЦ г.Гродно";"472334";"10798350";"611";"Электроэнергия на работу лифта";"";"1";"УЖРЭП Октябрьского района г. Гродно";"УЖРЭП Октябрьского района г. Гродно";"11";"";"01.03.2019";"31.12.2100";"0";"1";"0";"0";"0";"0";"0";"0";"0,59";"0,01";"0,01";"0,59";"0";"4584102191";"03.10.2026 18:55:05";"";"";"";"0";"0";"0"
"GR5000";"Гродно EИРКЦ г.Гродно";"472349";"10820392";"611";"Электроэнергия на работу лифта";"";"1";"УЖРЭП Октябрьского района г. Гродно";"УЖРЭП Октябрьского района г. Гродно";"11";"";"01.03.2019";"31.12.2100";"0";"3";"0";"0";"0";"0";"0";"0";"1,78";"0";"0";"1,78";"0";"4584103769";"03.10.2026 18:55:05";"";"";"";"0";"0";"0"
"GR5000";"Гродно EИРКЦ г.Гродно";"594212";"10926394";"611";"Электроэнергия на работу лифта";"";"5000736";"ТС ""Кабяка-10"" г.Гродно";"ТС ""Кабяка-10"" г.Гродно";"11";"";"01.03.2019";"01.01.2100";"0";"1";"0";"0";"0";"0";"0";"0";"1,4";"0";"0";"1,4";"0";"4583375745";"03.10.2026 17:48:09";"";"";"";"0";"0";"0"
"GR5000";"Гродно EИРКЦ г.Гродно";"614914";"10892413";"611";"Электроэнергия на работу лифта";"";"50000292";"ТС ""Вишневецкая башня""";"ТС ""Вишневецкая башня""";"11";"";"01.03.2019";"01.01.2100";"0";"3";"0";"0";"0";"0";"0";"0";"4,2";"0";"0";"4,2";"0";"4584195447";"03.10.2026 19:23:23";"";"";"";"0";"0";"0"
"GR5000";"Гродно EИРКЦ г.Гродно";"614951";"10892450";"611";"Электроэнергия на работу лифта";"";"50000292";"ТС ""Вишневецкая башня""";"ТС ""Вишневецкая башня""";"11";"";"01.03.2019";"01.01.2100";"0";"4";"0";"0";"0";"0";"0";"0";"11,2";"0,18";"0,1";"5,6";"0";"4584195479";"03.10.2026 19:23:23";"";"";"";"0";"5,6";"0,08"
"GR5000";"Гродно EИРКЦ г.Гродно";"612297";"10901718";"611";"Электроэнергия на работу лифта";"";"50000336";"ТС дома №41 по ул.Кабяка г.Гродно";"ТС дома №41 по ул.Кабяка г.Гродно";"11";"";"01.03.2019";"01.01.2100";"0";"1";"0";"0";"0";"0";"0";"0";"2,8";"0,05";"0,03";"1,4";"0";"4582679712";"03.10.2026 17:05:58";"";"";"";"0";"1,4";"0,02"
"GR5000";"Гродно EИРКЦ г.Гродно";"620130";"10848510";"611";"Электроэнергия на работу лифта";"";"5000664";"ЖСПК №192 г.Гродно";"ЖСПК №192 г.Гродно";"11";"";"01.03.2019";"01.01.2100";"0";"4";"0";"0";"0";"0";"0";"0";"3,29";"0";"0";"3,29";"0";"4580150760";"02.10.2026 23:53:39";"";"";"";"0";"0";"0"
"GR5000";"Гродно EИРКЦ г.Гродно";"471930";"10813012";"611";"Электроэнергия на работу лифта";"";"1";"УЖРЭП Октябрьского района г. Гродно";"УЖРЭП Октябрьского района г. Гродно";"11";"";"01.03.2019";"31.12.2100";"0";"1";"0";"0";"0";"0";"0";"0";"1,44";"0,53";"0,53";"0,26";"0";"4584103306";"03.10.2026 18:55:05";"";"";"";"0";"1,18";"0"
"GR5000";"Гродно EИРКЦ г.Гродно";"620073";"10848459";"611";"Электроэнергия на работу лифта";"";"5000664";"ЖСПК №192 г.Гродно";"ЖСПК №192 г.Гродно";"11";"";"01.03.2019";"01.01.2100";"0";"2";"0";"0";"0";"0";"0";"0";"1,65";"0";"0";"1,65";"0";"4580150711";"02.10.2026 23:53:39";"";"";"";"0";"0";"0"
"GR5000";"Гродно EИРКЦ г.Гродно";"620073";"7952197";"22";"Отопление";"";"5000664";"ЖСПК №192 г.Гродно";"ЖСПК №192 г.Гродно";"13";"82";"01.12.2016";"01.01.2100";"29,2224";"0";"0";"0";"0";"0";"0";"0";"0";"0";"0";"0";"0";"4580149940";"02.10.2026 23:53:39";"";"";"";"0";"0";"0"
"GR5000";"Гродно EИРКЦ г.Гродно";"624554";"8460932";"22";"Отопление";"";"50000349";"ЖСПК №329 г.Гродно";"ЖСПК №329 г.Гродно";"13";"82";"01.02.2017";"01.01.2100";"29,2224";"0";"0";"0";"0";"0";"0";"0";"0";"16,3";"16,3";"0";"0";"4581944092";"03.10.2026 16:16:09";"";"";"";"0";"0";"0"
"GR5000";"Гродно EИРКЦ г.Гродно";"612297";"8771665";"22";"Отопление";"";"50000336";"ТС дома №41 по ул.Кабяка г.Гродно";"ТС дома №41 по ул.Кабяка г.Гродно";"13";"82";"01.03.2017";"01.01.2100";"29,2224";"0";"0";"0";"0";"0";"0";"0";"0";"0,01";"0";"0";"0";"4582679571";"03.10.2026 17:05:58";"";"";"";"0";"0";"0,01"
"GR5000";"Гродно EИРКЦ г.Гродно";"636653";"8860648";"22";"Отопление";"";"50000327";"ЖСПК №381 г.Гродно";"ЖСПК №381 г.Гродно";"13";"82";"01.04.2017";"01.01.2100";"29,2224";"0";"0";"0";"0";"0";"0";"0";"0";"0";"0";"0";"0";"4582629587";"03.10.2026 16:58:37";"";"";"";"0";"0";"0"
"GR5000";"Гродно EИРКЦ г.Гродно";"594212";"9048103";"22";"Отопление";"";"5000736";"ТС ""Кабяка-10"" г.Гродно";"ТС ""Кабяка-10"" г.Гродно";"13";"82";"01.05.2017";"01.01.2100";"29,2224";"0";"0";"0";"0";"0";"0";"0";"0,73";"0";"0";"0,73";"0";"4583375476";"03.10.2026 17:48:09";"";"";"";"0";"0";"0"
"GR5000";"Гродно EИРКЦ г.Гродно";"471418";"5760766";"22";"Отопление";"";"1";"УЖРЭП Октябрьского района г. Гродно";"УЖРЭП Октябрьского района г. Гродно";"13";"82";"01.01.2008";"31.12.2100";"29,2224";"0";"0";"0";"0";"0";"0";"0";"0";"0";"0";"0";"0";"4584045804";"03.10.2026 18:55:05";"";"";"";"0";"0";"0"
"GR5000";"Гродно EИРКЦ г.Гродно";"614951";"8649557";"22";"Отопление";"";"50000292";"ТС ""Вишневецкая башня""";"ТС ""Вишневецкая башня""";"13";"82";"01.03.2017";"01.01.2100";"29,2224";"0";"0";"0";"0";"0";"0";"0";"0";"0";"0";"0";"0";"4584195033";"03.10.2026 19:23:23";"";"";"";"0";"0";"0"
"GR5000";"Гродно EИРКЦ г.Гродно";"553437";"7869378";"22";"Отопление";"";"5000613";"ЖСПК №119 г.Гродно";"ЖСПК №119 г.Гродно";"13";"82";"01.12.2016";"01.01.2100";"29,2224";"0";"0";"0";"0";"0";"0";"0";"0";"1,66";"0,19";"0";"0";"4580077843";"02.10.2026 23:21:22";"";"";"";"0";"0";"1,47"
"GR5000";"Гродно EИРКЦ г.Гродно";"472334";"5768054";"22";"Отопление";"";"1";"УЖРЭП Октябрьского района г. Гродно";"УЖРЭП Октябрьского района г. Гродно";"13";"82";"01.01.2008";"31.12.2100";"29,2224";"0";"0";"0";"0";"0";"0";"0";"0";"0";"0";"0";"0";"4584049214";"03.10.2026 18:55:05";"";"";"";"0";"0";"0"
"GR5000";"Гродно EИРКЦ г.Гродно";"621882";"8065312";"22";"Отопление";"";"50000116";"ЖСПК №30 г.Гродно";"ЖСПК №30 г.Гродно";"13";"82";"01.12.2016";"01.01.2100";"29,2224";"0";"0";"0";"0";"0";"0";"0";"0";"2,22";"2,22";"0";"0";"4578853919";"02.10.2026 19:01:41";"";"";"";"0";"0";"0"
"GR5000";"Гродно EИРКЦ г.Гродно";"471930";"5769111";"22";"Отопление";"";"1";"УЖРЭП Октябрьского района г. Гродно";"УЖРЭП Октябрьского района г. Гродно";"13";"82";"01.01.2008";"31.12.2100";"29,2224";"0";"0";"0";"0";"0";"0";"0";"0";"12,77";"12,77";"0";"0";"4584049719";"03.10.2026 18:55:05";"";"";"";"0";"0";"0"
"GR5000";"Гродно EИРКЦ г.Гродно";"795127";"14466673";"22";"Отопление";"";"500007520";"ЖСПК №533 г. Гродно";"ЖСПК №533 г. Гродно";"13";"82";"01.02.2025";"01.01.2100";"29,2224";"0";"0";"0";"0";"0";"0";"0";"0";"2,02";"2,02";"0";"0";"4579406322";"02.10.2026 20:33:04";"";"";"";"0";"0";"0"
"GR5000";"Гродно EИРКЦ г.Гродно";"620130";"7952254";"22";"Отопление";"";"5000664";"ЖСПК №192 г.Гродно";"ЖСПК №192 г.Гродно";"13";"82";"01.12.2016";"01.01.2100";"29,2224";"0";"0";"0";"0";"0";"0";"0";"0";"0";"0";"0";"0";"4580149995";"02.10.2026 23:53:39";"";"";"";"0";"0";"0"
"GR5000";"Гродно EИРКЦ г.Гродно";"471685";"5761785";"22";"Отопление";"";"1";"УЖРЭП Октябрьского района г. Гродно";"УЖРЭП Октябрьского района г. Гродно";"13";"82";"01.01.2008";"31.12.2100";"29,2224";"0";"0";"0";"0";"0";"0";"0";"0";"0";"0";"0";"0";"4584046252";"03.10.2026 18:55:05";"";"";"";"0";"0";"0"
"GR5000";"Гродно EИРКЦ г.Гродно";"584376";"7696542";"22";"Отопление";"";"5000981";"ЖСПК №15 г.Гродно";"ЖСПК №15 г.Гродно";"13";"82";"01.11.2016";"01.01.2100";"29,2224";"0";"0";"0";"0";"0";"0";"0";"0";"1,85";"1,85";"0";"0";"4584221130";"05.10.2026 8:31:03";"";"";"";"0";"0";"0"
"GR5000";"Гродно EИРКЦ г.Гродно";"614914";"8649520";"22";"Отопление";"";"50000292";"ТС ""Вишневецкая башня""";"ТС ""Вишневецкая башня""";"13";"82";"01.03.2017";"01.01.2100";"29,2224";"0";"0";"0";"0";"0";"0";"0";"0";"0";"0";"0";"0";"4584195001";"03.10.2026 19:23:23";"";"";"";"0";"0";"0"
"GR5000";"Гродно EИРКЦ г.Гродно";"472349";"5768966";"22";"Отопление";"";"1";"УЖРЭП Октябрьского района г. Гродно";"УЖРЭП Октябрьского района г. Гродно";"13";"82";"01.01.2008";"31.12.2100";"29,2224";"0";"0";"0";"0";"0";"0";"0";"0";"0";"0";"0";"0";"4584049656";"03.10.2026 18:55:05";"";"";"";"0";"0";"0"
"GR5000";"Гродно EИРКЦ г.Гродно";"795127";"14505093";"23";"Подогрев воды";"";"500007520";"ЖСПК №533 г. Гродно";"ЖСПК №533 г. Гродно";"14";"161";"01.03.2025";"01.01.2100";"29,2224";"0";"0";"0";"0";"0";"0";"0";"0";"0";"0";"0";"0";"4579408461";"02.10.2026 20:33:04";"";"";"";"0";"0";"0"
"GR5000";"Гродно EИРКЦ г.Гродно";"620130";"7952355";"23";"Подогрев воды";"";"5000664";"ЖСПК №192 г.Гродно";"ЖСПК №192 г.Гродно";"14";"161";"01.12.2016";"01.01.2100";"29,2224";"0";"0";"0";"0";"0";"0";"0";"0";"0";"0";"0";"0";"4580150090";"02.10.2026 23:53:39";"";"";"";"0";"0";"0"
"GR5000";"Гродно EИРКЦ г.Гродно";"612297";"8769244";"23";"Подогрев воды";"";"50000336";"ТС дома №41 по ул.Кабяка г.Гродно";"ТС дома №41 по ул.Кабяка г.Гродно";"14";"161";"01.03.2017";"01.01.2100";"29,2224";"0";"0";"0";"0";"0";"0";"0";"17,52";"0,28";"0,18";"7,41";"0";"4582679338";"03.10.2026 17:05:58";"";"";"";"0";"10,11";"0,1"
"GR5000";"Гродно EИРКЦ г.Гродно";"636653";"8860757";"23";"Подогрев воды";"";"50000327";"ЖСПК №381 г.Гродно";"ЖСПК №381 г.Гродно";"14";"161";"01.04.2017";"01.01.2100";"29,2224";"0";"0";"0";"0";"0";"0";"0";"0";"0";"0";"0";"0";"4582629688";"03.10.2026 16:58:37";"";"";"";"0";"0";"0"
"GR5000";"Гродно EИРКЦ г.Гродно";"471930";"13964586";"23";"Подогрев воды";"";"1";"УЖРЭП Октябрьского района г. Гродно";"УЖРЭП Октябрьского района г. Гродно";"14";"161";"01.03.2024";"01.01.2100";"29,2224";"0";"0";"0";"0";"0";"0";"0";"27,38";"11,96";"11,96";"2,27";"0";"4584138124";"03.10.2026 18:55:05";"";"";"";"0";"25,11";"0"
"GR5000";"Гродно EИРКЦ г.Гродно";"614951";"8648987";"23";"Подогрев воды";"";"50000292";"ТС ""Вишневецкая башня""";"ТС ""Вишневецкая башня""";"14";"161";"01.03.2017";"01.01.2100";"29,2224";"0";"0";"0";"0";"0";"5,92";"0";"0";"0";"0";"5,92";"0";"4584194856";"03.10.2026 19:23:23";"";"";"";"0";"0";"0"
"GR5000";"Гродно EИРКЦ г.Гродно";"471418";"13963612";"23";"Подогрев воды";"";"1";"УЖРЭП Октябрьского района г. Гродно";"УЖРЭП Октябрьского района г. Гродно";"14";"161";"01.03.2024";"01.01.2100";"29,2224";"0";"0";"0";"0";"0";"0,34";"0";"12,62";"0";"0";"12,96";"0";"4584137202";"03.10.2026 18:55:05";"";"";"";"0";"0";"0"
"GR5000";"Гродно EИРКЦ г.Гродно";"472349";"13965352";"23";"Подогрев воды";"";"1";"УЖРЭП Октябрьского района г. Гродно";"УЖРЭП Октябрьского района г. Гродно";"14";"161";"01.03.2024";"01.01.2100";"29,2224";"0";"0";"0";"0";"0";"1,51";"0";"20,31";"0";"0";"21,82";"0";"4584138844";"03.10.2026 18:55:05";"";"";"";"0";"0";"0"
"GR5000";"Гродно EИРКЦ г.Гродно";"553437";"7869418";"23";"Подогрев воды";"";"5000613";"ЖСПК №119 г.Гродно";"ЖСПК №119 г.Гродно";"14";"161";"01.12.2016";"01.01.2100";"29,2224";"0";"0";"0";"0";"0";"0";"0";"21,07";"1,55";"0,4";"10,8";"0";"4580077881";"02.10.2026 23:21:22";"";"";"";"0";"10,27";"1,15"
"GR5000";"Гродно EИРКЦ г.Гродно";"614914";"8648932";"23";"Подогрев воды";"";"50000292";"ТС ""Вишневецкая башня""";"ТС ""Вишневецкая башня""";"14";"161";"01.03.2017";"01.01.2100";"29,2224";"0";"0";"0";"0";"0";"-4,21";"0";"18,14";"0";"0";"13,93";"0";"4584194824";"03.10.2026 19:23:23";"";"";"";"0";"0";"0"
"GR5000";"Гродно EИРКЦ г.Гродно";"624554";"8460788";"23";"Подогрев воды";"";"50000349";"ЖСПК №329 г.Гродно";"ЖСПК №329 г.Гродно";"14";"161";"01.02.2017";"01.01.2100";"29,2224";"0";"0";"0";"0";"0";"0";"0";"9,86";"9,48";"9,48";"9,86";"0";"4581943960";"03.10.2026 16:16:09";"";"";"";"0";"0";"0"
"GR5000";"Гродно EИРКЦ г.Гродно";"594212";"9048151";"23";"Подогрев воды";"";"5000736";"ТС ""Кабяка-10"" г.Гродно";"ТС ""Кабяка-10"" г.Гродно";"14";"161";"01.05.2017";"01.01.2100";"29,2224";"0";"0";"0";"0";"0";"0";"0";"0,71";"0,03";"0,03";"0,71";"0";"4583375521";"03.10.2026 17:48:09";"";"";"";"0";"0";"0"
"GR5000";"Гродно EИРКЦ г.Гродно";"621882";"7908436";"23";"Подогрев воды";"";"50000116";"ЖСПК №30 г.Гродно";"ЖСПК №30 г.Гродно";"14";"161";"01.12.2016";"01.01.2100";"29,2224";"0";"0";"0";"0";"0";"0";"0";"1,48";"0,57";"0,57";"1,48";"0";"4578853767";"02.10.2026 19:01:41";"";"";"";"0";"0";"0"
"GR5000";"Гродно EИРКЦ г.Гродно";"471685";"13964120";"23";"Подогрев воды";"";"1";"УЖРЭП Октябрьского района г. Гродно";"УЖРЭП Октябрьского района г. Гродно";"14";"161";"01.03.2024";"01.01.2100";"29,2224";"0";"0";"0";"0";"0";"0,42";"0";"3,17";"0,01";"0,01";"3,59";"0";"4584137683";"03.10.2026 18:55:05";"";"";"";"0";"0";"0"
"GR5000";"Гродно EИРКЦ г.Гродно";"472334";"13965324";"23";"Подогрев воды";"";"1";"УЖРЭП Октябрьского района г. Гродно";"УЖРЭП Октябрьского района г. Гродно";"14";"161";"01.03.2024";"01.01.2100";"29,2224";"0";"0";"0";"0";"0";"0,09";"0";"1,08";"0,04";"0,04";"1,17";"0";"4584138820";"03.10.2026 18:55:05";"";"";"";"0";"0";"0"
"GR5000";"Гродно EИРКЦ г.Гродно";"620073";"7952298";"23";"Подогрев воды";"";"5000664";"ЖСПК №192 г.Гродно";"ЖСПК №192 г.Гродно";"14";"161";"01.12.2016";"01.01.2100";"29,2224";"0";"0";"0";"0";"0";"0";"0";"4,71";"0,01";"0,01";"4,71";"0";"4580150035";"02.10.2026 23:53:39";"";"";"";"0";"0";"0"
"GR5000";"Гродно EИРКЦ г.Гродно";"472334";"5768056";"27";"Отопление по ЭОЗ";"";"1";"УЖРЭП Октябрьского района г. Гродно";"УЖРЭП Октябрьского района г. Гродно";"18";"181";"01.01.2008";"31.12.2100";"147,48";"0";"0";"0";"0";"0";"0";"0";"0";"0";"0";"0";"0";"4584049215";"03.10.2026 18:55:05";"";"";"";"0";"0";"0"
"GR5000";"Гродно EИРКЦ г.Гродно";"471418";"5760768";"27";"Отопление по ЭОЗ";"";"1";"УЖРЭП Октябрьского района г. Гродно";"УЖРЭП Октябрьского района г. Гродно";"18";"181";"01.01.2008";"31.12.2100";"147,48";"0";"0";"0";"0";"0";"0";"0";"0";"0";"0";"0";"0";"4584045805";"03.10.2026 18:55:05";"";"";"";"0";"0";"0"
"GR5000";"Гродно EИРКЦ г.Гродно";"620073";"7952400";"27";"Отопление по ЭОЗ";"";"5000664";"ЖСПК №192 г.Гродно";"ЖСПК №192 г.Гродно";"18";"181";"01.12.2016";"01.01.2100";"147,48";"0";"0";"0";"0";"0";"0";"0";"0";"0";"0";"0";"0";"4580149802";"02.10.2026 23:53:39";"";"";"";"0";"0";"0"
"GR5000";"Гродно EИРКЦ г.Гродно";"614951";"8649658";"27";"Отопление по ЭОЗ";"";"50000292";"ТС ""Вишневецкая башня""";"ТС ""Вишневецкая башня""";"18";"181";"01.03.2017";"01.01.2100";"147,48";"0";"0";"0";"0";"0";"0";"0";"0";"0";"0";"0";"0";"4584195122";"03.10.2026 19:23:23";"";"";"";"0";"0";"0"
"GR5000";"Гродно EИРКЦ г.Гродно";"472349";"5768968";"27";"Отопление по ЭОЗ";"";"1";"УЖРЭП Октябрьского района г. Гродно";"УЖРЭП Октябрьского района г. Гродно";"18";"181";"01.01.2008";"31.12.2100";"147,48";"0";"0";"0";"0";"0";"0";"0";"0";"0";"0";"0";"0";"4584049657";"03.10.2026 18:55:05";"";"";"";"0";"0";"0"
"GR5000";"Гродно EИРКЦ г.Гродно";"594212";"9048247";"27";"Отопление по ЭОЗ";"";"5000736";"ТС ""Кабяка-10"" г.Гродно";"ТС ""Кабяка-10"" г.Гродно";"18";"181";"01.05.2017";"01.01.2100";"147,48";"0";"0";"0";"0";"0";"0";"0";"0";"0";"0";"0";"0";"4583375566";"03.10.2026 17:48:09";"";"";"";"0";"0";"0"
"GR5000";"Гродно EИРКЦ г.Гродно";"621882";"8065643";"27";"Отопление по ЭОЗ";"";"50000116";"ЖСПК №30 г.Гродно";"ЖСПК №30 г.Гродно";"18";"181";"01.12.2016";"01.01.2100";"147,48";"0";"0";"0";"0";"0";"0";"0";"0";"0";"0";"0";"0";"4578854003";"02.10.2026 19:01:41";"";"";"";"0";"0";"0"
"GR5000";"Гродно EИРКЦ г.Гродно";"795127";"14466674";"27";"Отопление по ЭОЗ";"";"500007520";"ЖСПК №533 г. Гродно";"ЖСПК №533 г. Гродно";"18";"181";"01.02.2025";"01.01.2100";"147,48";"0";"0";"0";"0";"0";"0";"0";"0";"0";"0";"0";"0";"4579406323";"02.10.2026 20:33:04";"";"";"";"0";"0";"0"
"GR5000";"Гродно EИРКЦ г.Гродно";"614914";"8649621";"27";"Отопление по ЭОЗ";"";"50000292";"ТС ""Вишневецкая башня""";"ТС ""Вишневецкая башня""";"18";"181";"01.03.2017";"01.01.2100";"147,48";"0";"0";"0";"0";"0";"0";"0";"0";"0";"0";"0";"0";"4584195090";"03.10.2026 19:23:23";"";"";"";"0";"0";"0"
"GR5000";"Гродно EИРКЦ г.Гродно";"553437";"7869478";"27";"Отопление по ЭОЗ";"";"5000613";"ЖСПК №119 г.Гродно";"ЖСПК №119 г.Гродно";"18";"181";"01.12.2016";"01.01.2100";"147,48";"0";"0";"0";"0";"0";"0";"0";"0";"0";"0";"0";"0";"4580077921";"02.10.2026 23:21:22";"";"";"";"0";"0";"0"
"GR5000";"Гродно EИРКЦ г.Гродно";"471930";"5769113";"27";"Отопление по ЭОЗ";"";"1";"УЖРЭП Октябрьского района г. Гродно";"УЖРЭП Октябрьского района г. Гродно";"18";"181";"01.01.2008";"31.12.2100";"147,48";"0";"0";"0";"0";"0";"0";"0";"0";"0";"0";"0";"0";"4584049720";"03.10.2026 18:55:05";"";"";"";"0";"0";"0"
"GR5000";"Гродно EИРКЦ г.Гродно";"620130";"7952457";"27";"Отопление по ЭОЗ";"";"5000664";"ЖСПК №192 г.Гродно";"ЖСПК №192 г.Гродно";"18";"181";"01.12.2016";"01.01.2100";"147,48";"0";"0";"0";"0";"0";"0";"0";"0";"0";"0";"0";"0";"4580150185";"02.10.2026 23:53:39";"";"";"";"0";"0";"0"
"GR5000";"Гродно EИРКЦ г.Гродно";"584376";"7696622";"27";"Отопление по ЭОЗ";"";"5000981";"ЖСПК №15 г.Гродно";"ЖСПК №15 г.Гродно";"18";"181";"01.11.2016";"01.01.2100";"147,48";"0";"0";"0";"0";"0";"0";"0";"0";"0";"0";"0";"0";"4584221187";"05.10.2026 8:31:03";"";"";"";"0";"0";"0"
"GR5000";"Гродно EИРКЦ г.Гродно";"471685";"5761787";"27";"Отопление по ЭОЗ";"";"1";"УЖРЭП Октябрьского района г. Гродно";"УЖРЭП Октябрьского района г. Гродно";"18";"181";"01.01.2008";"31.12.2100";"147,48";"0";"0";"0";"0";"0";"0";"0";"0";"0";"0";"0";"0";"4584046253";"03.10.2026 18:55:05";"";"";"";"0";"0";"0"
"GR5000";"Гродно EИРКЦ г.Гродно";"636653";"8860866";"27";"Отопление по ЭОЗ";"";"50000327";"ЖСПК №381 г.Гродно";"ЖСПК №381 г.Гродно";"18";"181";"01.04.2017";"01.01.2100";"147,48";"0";"0";"0";"0";"0";"0";"0";"0";"0";"0";"0";"0";"4582629788";"03.10.2026 16:58:37";"";"";"";"0";"0";"0"
"GR5000";"Гродно EИРКЦ г.Гродно";"612297";"8771718";"27";"Отопление по ЭОЗ";"";"50000336";"ТС дома №41 по ул.Кабяка г.Гродно";"ТС дома №41 по ул.Кабяка г.Гродно";"18";"181";"01.03.2017";"01.01.2100";"147,48";"0";"0";"0";"0";"0";"0";"0";"0";"0";"0";"0";"0";"4582679617";"03.10.2026 17:05:58";"";"";"";"0";"0";"0"
"GR5000";"Гродно EИРКЦ г.Гродно";"624554";"8461004";"27";"Отопление по ЭОЗ";"";"50000349";"ЖСПК №329 г.Гродно";"ЖСПК №329 г.Гродно";"18";"181";"01.02.2017";"01.01.2100";"147,48";"0";"0";"0";"0";"0";"0";"0";"0";"0";"0";"0";"0";"4581944158";"03.10.2026 16:16:09";"";"";"";"0";"0";"0"
"GR5000";"Гродно EИРКЦ г.Гродно";"636653";"8860975";"28";"Подогрев воды по ЭОЗ";"";"50000327";"ЖСПК №381 г.Гродно";"ЖСПК №381 г.Гродно";"19";"";"01.04.2017";"01.01.2100";"147,48";"0";"0";"0";"0";"0";"0";"0";"9,95";"0";"0";"0,81";"0";"4582629889";"03.10.2026 16:58:37";"";"";"";"0";"9,14";"0"
"GR5000";"Гродно EИРКЦ г.Гродно";"614951";"8649351";"28";"Подогрев воды по ЭОЗ";"";"50000292";"ТС ""Вишневецкая башня""";"ТС ""Вишневецкая башня""";"19";"";"01.03.2017";"01.01.2100";"147,48";"0";"0";"0";"0";"0";"-43,66";"0";"56,02";"0,83";"0,54";"-17,48";"0";"4584194944";"03.10.2026 19:23:23";"";"";"";"0";"29,84";"0,29"
"GR5000";"Гродно EИРКЦ г.Гродно";"594212";"9048295";"28";"Подогрев воды по ЭОЗ";"";"5000736";"ТС ""Кабяка-10"" г.Гродно";"ТС ""Кабяка-10"" г.Гродно";"19";"";"01.05.2017";"01.01.2100";"147,48";"0";"0";"0";"0";"0";"0";"0";"0";"0";"0";"0";"0";"4583375611";"03.10.2026 17:48:09";"";"";"";"0";"0";"0"
"GR5000";"Гродно EИРКЦ г.Гродно";"553437";"7869539";"28";"Подогрев воды по ЭОЗ";"";"5000613";"ЖСПК №119 г.Гродно";"ЖСПК №119 г.Гродно";"19";"";"01.12.2016";"01.01.2100";"147,48";"0";"0";"0";"0";"0";"0";"0";"0";"0";"0";"0";"0";"4580077960";"02.10.2026 23:21:22";"";"";"";"0";"0";"0"
"GR5000";"Гродно EИРКЦ г.Гродно";"471930";"13964587";"28";"Подогрев воды по ЭОЗ";"";"1";"УЖРЭП Октябрьского района г. Гродно";"УЖРЭП Октябрьского района г. Гродно";"19";"";"01.03.2024";"01.01.2100";"147,48";"0";"0";"0";"0";"0";"0";"0";"0";"0";"0";"0";"0";"4584138125";"03.10.2026 18:55:05";"";"";"";"0";"0";"0"
"GR5000";"Гродно EИРКЦ г.Гродно";"620073";"7952502";"28";"Подогрев воды по ЭОЗ";"";"5000664";"ЖСПК №192 г.Гродно";"ЖСПК №192 г.Гродно";"19";"";"01.12.2016";"01.01.2100";"147,48";"0";"0";"0";"0";"0";"0";"0";"0";"0";"0";"0";"0";"4580150224";"02.10.2026 23:53:39";"";"";"";"0";"0";"0"
"GR5000";"Гродно EИРКЦ г.Гродно";"471685";"13964121";"28";"Подогрев воды по ЭОЗ";"";"1";"УЖРЭП Октябрьского района г. Гродно";"УЖРЭП Октябрьского района г. Гродно";"19";"";"01.03.2024";"01.01.2100";"147,48";"0";"0";"0";"0";"0";"0";"0";"0";"0";"0";"0";"0";"4584137684";"03.10.2026 18:55:05";"";"";"";"0";"0";"0"
"GR5000";"Гродно EИРКЦ г.Гродно";"472334";"13965325";"28";"Подогрев воды по ЭОЗ";"";"1";"УЖРЭП Октябрьского района г. Гродно";"УЖРЭП Октябрьского района г. Гродно";"19";"";"01.03.2024";"01.01.2100";"147,48";"0";"0";"0";"0";"0";"0";"0";"0";"0";"0";"0";"0";"4584138821";"03.10.2026 18:55:05";"";"";"";"0";"0";"0"
"GR5000";"Гродно EИРКЦ г.Гродно";"472349";"13965353";"28";"Подогрев воды по ЭОЗ";"";"1";"УЖРЭП Октябрьского района г. Гродно";"УЖРЭП Октябрьского района г. Гродно";"19";"";"01.03.2024";"01.01.2100";"147,48";"0";"0";"0";"0";"0";"0";"0";"0";"0";"0";"0";"0";"4584138845";"03.10.2026 18:55:05";"";"";"";"0";"0";"0"
"GR5000";"Гродно EИРКЦ г.Гродно";"621882";"8071278";"28";"Подогрев воды по ЭОЗ";"";"50000116";"ЖСПК №30 г.Гродно";"ЖСПК №30 г.Гродно";"19";"";"01.12.2016";"01.01.2100";"147,48";"0";"0";"0";"0";"0";"0";"0";"0";"0";"0";"0";"0";"4578854076";"02.10.2026 19:01:41";"";"";"";"0";"0";"0"
"GR5000";"Гродно EИРКЦ г.Гродно";"614914";"8649314";"28";"Подогрев воды по ЭОЗ";"";"50000292";"ТС ""Вишневецкая башня""";"ТС ""Вишневецкая башня""";"19";"";"01.03.2017";"01.01.2100";"147,48";"0";"0";"0";"0";"0";"0";"0";"0";"0";"0";"0";"0";"4584194912";"03.10.2026 19:23:23";"";"";"";"0";"0";"0"
"GR5000";"Гродно EИРКЦ г.Гродно";"471418";"13963613";"28";"Подогрев воды по ЭОЗ";"";"1";"УЖРЭП Октябрьского района г. Гродно";"УЖРЭП Октябрьского района г. Гродно";"19";"";"01.03.2024";"01.01.2100";"147,48";"0";"0";"0";"0";"0";"0";"0";"0";"0";"0";"0";"0";"4584137203";"03.10.2026 18:55:05";"";"";"";"0";"0";"0"
"GR5000";"Гродно EИРКЦ г.Гродно";"624554";"8460860";"28";"Подогрев воды по ЭОЗ";"";"50000349";"ЖСПК №329 г.Гродно";"ЖСПК №329 г.Гродно";"19";"";"01.02.2017";"01.01.2100";"147,48";"0";"0";"0";"0";"0";"0";"0";"0";"0";"0";"0";"0";"4581944026";"03.10.2026 16:16:09";"";"";"";"0";"0";"0"
"GR5000";"Гродно EИРКЦ г.Гродно";"612297";"8769297";"28";"Подогрев воды по ЭОЗ";"";"50000336";"ТС дома №41 по ул.Кабяка г.Гродно";"ТС дома №41 по ул.Кабяка г.Гродно";"19";"";"01.03.2017";"01.01.2100";"147,48";"0";"0";"0";"0";"0";"0";"0";"0";"0";"0";"0";"0";"4582679385";"03.10.2026 17:05:58";"";"";"";"0";"0";"0"
"GR5000";"Гродно EИРКЦ г.Гродно";"620130";"7952559";"28";"Подогрев воды по ЭОЗ";"";"5000664";"ЖСПК №192 г.Гродно";"ЖСПК №192 г.Гродно";"19";"";"01.12.2016";"01.01.2100";"147,48";"0";"0";"0";"0";"0";"0";"0";"0";"0";"0";"0";"0";"4580150280";"02.10.2026 23:53:39";"";"";"";"0";"0";"0"
"GR5000";"Гродно EИРКЦ г.Гродно";"795127";"14505094";"28";"Подогрев воды по ЭОЗ";"";"500007520";"ЖСПК №533 г. Гродно";"ЖСПК №533 г. Гродно";"19";"";"01.03.2025";"01.01.2100";"147,48";"0";"0";"0";"0";"0";"0";"0";"0";"0";"0";"0";"0";"4579408462";"02.10.2026 20:33:04";"";"";"";"0";"0";"0"
"GR5000";"Гродно EИРКЦ г.Гродно";"636653";"13621712";"16";"Обращение с ТКО";"";"50000327";"ЖСПК №381 г.Гродно";"ЖСПК №381 г.Гродно";"22";"";"01.03.2024";"01.01.2100";"15,6255";"0,55525";"8,68";"8,68";"0";"0";"0";"0";"8,68";"0";"0";"9,39";"0";"4582631793";"03.10.2026 16:58:37";"";"";"";"0";"7,97";"0"
"GR5000";"Гродно EИРКЦ г.Гродно";"584376";"13706199";"16";"Обращение с ТКО";"";"5000981";"ЖСПК №15 г.Гродно";"ЖСПК №15 г.Гродно";"22";"";"01.03.2024";"01.01.2100";"15,6255";"0,1850833333";"2,89";"2,89";"0";"0";"0";"0";"2,89";"0,6";"0,6";"5,15";"0";"4584221789";"05.10.2026 8:31:03";"";"";"";"0";"0,63";"0"
"GR5000";"Гродно EИРКЦ г.Гродно";"614914";"13336740";"16";"Обращение с ТКО";"";"50000292";"ТС ""Вишневецкая башня""";"ТС ""Вишневецкая башня""";"22";"";"01.02.2024";"01.01.2100";"15,6255";"0,55525";"8,68";"8,68";"0";"0";"0";"0";"8,68";"0";"0";"17,36";"0";"4584196578";"03.10.2026 19:23:23";"";"";"";"0";"0";"0"
"GR5000";"Гродно EИРКЦ г.Гродно";"614951";"13336810";"16";"Обращение с ТКО";"";"50000292";"ТС ""Вишневецкая башня""";"ТС ""Вишневецкая башня""";"22";"";"01.02.2024";"01.01.2100";"15,6255";"1,1105";"17,35";"17,35";"0";"0";"0";"0";"34,7";"0,57";"0,31";"34,7";"0";"4584196641";"03.10.2026 19:23:23";"";"";"";"0";"17,35";"0,26"
"GR5000";"Гродно EИРКЦ г.Гродно";"547682";"13389300";"16";"Обращение с ТКО";"";"500006868";"ГГУПП ""Спецавтохозяйство"" (частный сектор)";"ГГУПП ""Спецавтохозяйство"" (частный сектор)";"22";"";"01.02.2024";"01.01.2100";"15,6255";"0,935";"14,61";"14,61";"0";"0";"0";"0";"14,61";"0";"0";"29,22";"0";"4584423209";"05.10.2026 11:37:11";"";"";"";"0";"0";"0"
"GR5000";"Гродно EИРКЦ г.Гродно";"620130";"14136499";"16";"Обращение с ТКО";"";"5000903";"ГГУПП САХ Лен.р-н";"ГГУПП САХ Лен.р-н";"22";"";"01.03.2024";"01.01.2100";"15,6255";"0,7403333333";"11,57";"11,57";"0";"0";"0";"0";"11,57";"0";"0";"23,14";"0";"4580152213";"02.10.2026 23:53:39";"";"";"";"0";"0";"0"
"GR5000";"Гродно EИРКЦ г.Гродно";"549268";"13384460";"16";"Обращение с ТКО";"";"500006868";"ГГУПП ""Спецавтохозяйство"" (частный сектор)";"ГГУПП ""Спецавтохозяйство"" (частный сектор)";"22";"";"01.02.2024";"01.01.2100";"15,6255";"0,187";"2,92";"2,92";"0";"0";"0";"0";"2,92";"0,09";"0,09";"5,84";"0";"4584438062";"05.10.2026 11:37:11";"";"";"";"0";"0";"0"
"GR5000";"Гродно EИРКЦ г.Гродно";"620073";"14136385";"16";"Обращение с ТКО";"";"5000903";"ГГУПП САХ Лен.р-н";"ГГУПП САХ Лен.р-н";"22";"";"01.03.2024";"01.01.2100";"15,6255";"0,3701666667";"5,78";"5,78";"0";"0";"0";"0";"5,78";"0,02";"0,02";"11,56";"0";"4580152102";"02.10.2026 23:53:39";"";"";"";"0";"0";"0"
"GR5000";"Гродно EИРКЦ г.Гродно";"471685";"13984117";"16";"Обращение с ТКО";"";"27";"ГГУПП САХ Окт.р-н";"ГГУПП САХ Окт.р-н";"22";"";"01.03.2024";"01.01.2100";"15,6255";"0,1850833333";"2,89";"2,89";"0";"0";"0";"0";"2,89";"0,02";"0,02";"5,78";"0";"4584145267";"03.10.2026 18:55:05";"";"";"";"0";"0";"0"
"GR5000";"Гродно EИРКЦ г.Гродно";"471418";"13983609";"16";"Обращение с ТКО";"";"27";"ГГУПП САХ Окт.р-н";"ГГУПП САХ Окт.р-н";"22";"";"01.03.2024";"01.01.2100";"15,6255";"0,1850833333";"2,89";"2,89";"0";"0";"0";"0";"2,89";"0";"0";"5,78";"0";"4584144784";"03.10.2026 18:55:05";"";"";"";"0";"0";"0"
"GR5000";"Гродно EИРКЦ г.Гродно";"594212";"13312908";"16";"Обращение с ТКО";"";"5000736";"ТС ""Кабяка-10"" г.Гродно";"ТС ""Кабяка-10"" г.Гродно";"22";"";"01.02.2024";"01.01.2100";"15,6255";"0,1850833333";"2,89";"2,89";"0";"0";"0";"0";"2,89";"0,01";"0,01";"5,78";"0";"4583376243";"03.10.2026 17:48:09";"";"";"";"0";"0";"0"
"GR5000";"Гродно EИРКЦ г.Гродно";"795127";"14466991";"16";"Обращение с ТКО";"";"5000903";"ГГУПП САХ Лен.р-н";"ГГУПП САХ Лен.р-н";"22";"";"01.02.2025";"01.01.2100";"15,6255";"0,1850833333";"2,89";"2,89";"0";"0";"0";"0";"5,78";"0,68";"0,68";"8,67";"0";"4579406617";"02.10.2026 20:33:04";"";"";"";"0";"0";"0"
"GR5000";"Гродно EИРКЦ г.Гродно";"472349";"13985351";"16";"Обращение с ТКО";"";"27";"ГГУПП САХ Окт.р-н";"ГГУПП САХ Окт.р-н";"22";"";"01.03.2024";"01.01.2100";"15,6255";"0,55525";"8,68";"8,68";"0";"0";"0";"0";"8,68";"0";"0";"17,36";"0";"4584146427";"03.10.2026 18:55:05";"";"";"";"0";"0";"0"
"GR5000";"Гродно EИРКЦ г.Гродно";"472334";"13985323";"16";"Обращение с ТКО";"";"27";"ГГУПП САХ Окт.р-н";"ГГУПП САХ Окт.р-н";"22";"";"01.03.2024";"01.01.2100";"15,6255";"0,1850833333";"2,89";"2,89";"0";"0";"0";"0";"2,89";"0,03";"0,03";"5,78";"0";"4584146403";"03.10.2026 18:55:05";"";"";"";"0";"0";"0"
"GR5000";"Гродно EИРКЦ г.Гродно";"471930";"13984583";"16";"Обращение с ТКО";"";"27";"ГГУПП САХ Окт.р-н";"ГГУПП САХ Окт.р-н";"22";"";"01.03.2024";"01.01.2100";"15,6255";"0,1850833333";"2,89";"2,89";"0";"0";"0";"0";"7,55";"3,41";"3,41";"4,24";"0";"4584145707";"03.10.2026 18:55:05";"";"";"";"0";"6,2";"0"
"GR5000";"Гродно EИРКЦ г.Гродно";"553437";"13309474";"16";"Обращение с ТКО";"";"5000903";"ГГУПП САХ Лен.р-н";"ГГУПП САХ Лен.р-н";"22";"";"01.02.2024";"01.01.2100";"15,6255";"0,1850833333";"2,89";"2,89";"0";"0";"0";"0";"5,78";"0,61";"0,13";"5,78";"0";"4580078721";"02.10.2026 23:21:22";"";"";"";"0";"2,89";"0,48"
"GR5000";"Гродно EИРКЦ г.Гродно";"612297";"13533517";"16";"Обращение с ТКО";"";"50000336";"ТС дома №41 по ул.Кабяка г.Гродно";"ТС дома №41 по ул.Кабяка г.Гродно";"22";"";"01.03.2024";"01.01.2100";"15,6255";"0,1850833333";"2,89";"2,89";"0";"0";"0";"0";"5,78";"0,1";"0,05";"5,78";"0";"4582680338";"03.10.2026 17:05:58";"";"";"";"0";"2,89";"0,05"
"GR5000";"Гродно EИРКЦ г.Гродно";"621882";"14007384";"16";"Обращение с ТКО";"";"5000903";"ГГУПП САХ Лен.р-н";"ГГУПП САХ Лен.р-н";"22";"";"01.03.2024";"01.01.2100";"15,6255";"0,3701666667";"5,78";"5,78";"0";"0";"0";"0";"5,78";"1,72";"1,72";"11,56";"0";"4578855118";"02.10.2026 19:01:41";"";"";"";"0";"0";"0"
"GR5000";"Гродно EИРКЦ г.Гродно";"624554";"13275440";"16";"Обращение с ТКО";"";"27";"ГГУПП САХ Окт.р-н";"ГГУПП САХ Окт.р-н";"22";"";"01.02.2024";"01.01.2100";"15,6255";"0,7403333333";"11,57";"11,57";"0";"0";"0";"0";"29,52";"10,05";"10,05";"41,09";"0";"4581945322";"03.10.2026 16:16:09";"";"";"";"0";"0";"0"
"GR5000";"Гродно EИРКЦ г.Гродно";"714392";"13391850";"16";"Обращение с ТКО";"";"500006868";"ГГУПП ""Спецавтохозяйство"" (частный сектор)";"ГГУПП ""Спецавтохозяйство"" (частный сектор)";"22";"";"01.02.2024";"01.01.2100";"15,6255";"0,187";"2,92";"2,92";"0";"0";"0";"0";"2,92";"0";"0";"5,84";"0";"4584441493";"05.10.2026 11:37:11";"";"";"";"0";"0";"0"
"GR5000";"Гродно EИРКЦ г.Гродно";"614951";"11977485";"837";"Поддержание и восстановление санитарного и технического состояния придомовой территории (м.кв.)";"";"50000292";"ТС ""Вишневецкая башня""";"ТС ""Вишневецкая башня""";"23";"";"01.10.2021";"01.01.2100";"0,0376";"77";"2,9";"2,9";"0";"0";"0";"0";"5,8";"0";"0";"5,8";"0";"4584195769";"03.10.2026 19:23:23";"";"";"";"0";"2,9";"0"
"GR5000";"Гродно EИРКЦ г.Гродно";"614914";"11977448";"837";"Поддержание и восстановление санитарного и технического состояния придомовой территории (м.кв.)";"";"50000292";"ТС ""Вишневецкая башня""";"ТС ""Вишневецкая башня""";"23";"";"01.10.2021";"01.01.2100";"0,0376";"77,1";"2,9";"2,9";"0";"0";"0";"0";"2,9";"0";"0";"5,8";"0";"4584195738";"03.10.2026 19:23:23";"";"";"";"0";"0";"0"
"GR5000";"Гродно EИРКЦ г.Гродно";"620130";"13042209";"837";"Поддержание и восстановление санитарного и технического состояния придомовой территории (м.кв.)";"";"5000664";"ЖСПК №192 г.Гродно";"ЖСПК №192 г.Гродно";"23";"";"01.10.2023";"01.01.2100";"0,069";"74,4";"5,13";"5,13";"0";"0";"0";"0";"5,13";"0";"0";"10,26";"0";"4580151739";"02.10.2026 23:53:39";"";"";"";"0";"0";"0"
"GR5000";"Гродно EИРКЦ г.Гродно";"620073";"13042152";"837";"Поддержание и восстановление санитарного и технического состояния придомовой территории (м.кв.)";"";"5000664";"ЖСПК №192 г.Гродно";"ЖСПК №192 г.Гродно";"23";"";"01.10.2023";"01.01.2100";"0,069";"51,3";"3,54";"3,54";"0";"0";"0";"0";"3,54";"0";"0";"7,08";"0";"4580151684";"02.10.2026 23:53:39";"";"";"";"0";"0";"0"
"GR5000";"Гродно EИРКЦ г.Гродно";"553437";"10661330";"837";"Поддержание и восстановление санитарного и технического состояния придомовой территории (м.кв.)";"";"15000";"УЖРЭП Ленинского района г.Гродно";"УЖРЭП Ленинского района г.Гродно";"23";"";"01.11.2018";"01.01.2100";"0,0058";"63,6";"0,37";"0,37";"0";"0";"0";"0";"0,53";"0";"0";"0,74";"0";"4580078414";"02.10.2026 23:21:22";"";"";"";"0";"0,16";"0"
"GR5000";"Гродно EИРКЦ г.Гродно";"584376";"9255522";"80";"Земельный налог";"";"5000981";"ЖСПК №15 г.Гродно";"ЖСПК №15 г.Гродно";"31";"";"01.05.2017";"01.01.2100";"0,0439";"48,3";"2,12";"2,12";"0";"0";"0";"0";"2,12";"0";"0";"3,77";"0";"4584221359";"05.10.2026 8:31:03";"";"";"";"0";"0,47";"0"
"GR5000";"Гродно EИРКЦ г.Гродно";"620130";"10204039";"80";"Земельный налог";"";"5000664";"ЖСПК №192 г.Гродно";"ЖСПК №192 г.Гродно";"31";"";"01.06.2018";"01.01.2100";"0,0029";"74,4";"0,22";"0";"0,22";"0";"0";"0";"0";"0";"0";"0";"0";"4580150547";"02.10.2026 23:53:39";"";"";"";"0";"0";"0"
"GR5000";"Гродно EИРКЦ г.Гродно";"620073";"10203992";"80";"Земельный налог";"";"5000664";"ЖСПК №192 г.Гродно";"ЖСПК №192 г.Гродно";"31";"";"01.06.2018";"01.01.2100";"0,0029";"51,3";"0,15";"0";"0,15";"0";"0";"0";"0";"0";"0";"0";"0";"4580150503";"02.10.2026 23:53:39";"";"";"";"0";"0";"0"
"GR5000";"Гродно EИРКЦ г.Гродно";"614914";"8658254";"80";"Земельный налог";"";"50000292";"ТС ""Вишневецкая башня""";"ТС ""Вишневецкая башня""";"31";"";"01.03.2017";"01.01.2100";"0,0092";"77,1";"0,71";"0,71";"0";"0";"0";"0";"0,71";"0";"0";"1,42";"0";"4584195269";"03.10.2026 19:23:23";"";"";"";"0";"0";"0"
"GR5000";"Гродно EИРКЦ г.Гродно";"614951";"8658291";"80";"Земельный налог";"";"50000292";"ТС ""Вишневецкая башня""";"ТС ""Вишневецкая башня""";"31";"";"01.03.2017";"01.01.2100";"0,0092";"77";"0,71";"0,71";"0";"0";"0";"0";"1,42";"0";"0";"1,42";"0";"4584195301";"03.10.2026 19:23:23";"";"";"";"0";"0,71";"0"
"GR5000";"Гродно EИРКЦ г.Гродно";"472334";"5768057";"80";"Земельный налог";"";"1";"УЖРЭП Октябрьского района г. Гродно";"УЖРЭП Октябрьского района г. Гродно";"31";"";"01.01.2008";"31.12.2100";"0,002071";"63,2";"0,13";"0,13";"0";"0";"0";"0";"0,13";"0";"0";"0,26";"0";"4584049216";"03.10.2026 18:55:05";"";"";"";"0";"0";"0"
"GR5000";"Гродно EИРКЦ г.Гродно";"472349";"5768969";"80";"Земельный налог";"";"1";"УЖРЭП Октябрьского района г. Гродно";"УЖРЭП Октябрьского района г. Гродно";"31";"";"01.01.2008";"31.12.2100";"0,002071";"78,6";"0,16";"0,16";"0";"0";"0";"0";"0,16";"0";"0";"0,32";"0";"4584049658";"03.10.2026 18:55:05";"";"";"";"0";"0";"0"
"GR5000";"Гродно EИРКЦ г.Гродно";"553437";"12516071";"80";"Земельный налог";"";"5000613";"ЖСПК №119 г.Гродно";"ЖСПК №119 г.Гродно";"31";"";"01.02.2023";"01.01.2100";"0,006247";"63,6";"0,4";"0,4";"0";"0";"0";"0";"0,8";"0";"0";"0,8";"0";"4580078591";"02.10.2026 23:21:22";"";"";"";"0";"0,4";"0"
"GR5000";"Гродно EИРКЦ г.Гродно";"636653";"10963272";"80";"Земельный налог";"";"50000327";"ЖСПК №381 г.Гродно";"ЖСПК №381 г.Гродно";"31";"";"01.03.2019";"01.01.2100";"0";"68,2";"0";"0";"0";"0";"0";"0";"0";"0";"0";"0";"0";"4582630386";"03.10.2026 16:58:37";"";"";"";"0";"0";"0"
"GR5000";"Гродно EИРКЦ г.Гродно";"471418";"5760769";"80";"Земельный налог";"";"1";"УЖРЭП Октябрьского района г. Гродно";"УЖРЭП Октябрьского района г. Гродно";"31";"";"01.01.2008";"31.12.2100";"0,00234";"73,1";"0,17";"0";"0,17";"0";"0";"0";"0";"0";"0";"0";"0";"4584045806";"03.10.2026 18:55:05";"";"";"";"0";"0";"0"
"GR5000";"Гродно EИРКЦ г.Гродно";"624554";"8462834";"80";"Земельный налог";"";"50000349";"ЖСПК №329 г.Гродно";"ЖСПК №329 г.Гродно";"31";"";"01.02.2017";"01.01.2100";"0";"75,6";"0";"0";"0";"0";"0";"0";"0";"0";"0";"0";"0";"4581944358";"03.10.2026 16:16:09";"";"";"";"0";"0";"0"
"GR5000";"Гродно EИРКЦ г.Гродно";"594212";"9048343";"80";"Земельный налог";"";"5000736";"ТС ""Кабяка-10"" г.Гродно";"ТС ""Кабяка-10"" г.Гродно";"31";"";"01.05.2017";"01.01.2100";"0,00102";"95,6";"0,1";"0,1";"0";"0";"0";"0";"0,2";"0";"0";"0,3";"0";"4583375655";"03.10.2026 17:48:09";"";"";"";"0";"0";"0"
"GR5000";"Гродно EИРКЦ г.Гродно";"612297";"8771156";"80";"Земельный налог";"";"50000336";"ТС дома №41 по ул.Кабяка г.Гродно";"ТС дома №41 по ул.Кабяка г.Гродно";"31";"";"01.03.2017";"01.01.2100";"0,0017";"56,9";"0,1";"0";"0,1";"0";"0";"0";"0";"0";"0";"0";"0";"4582679479";"03.10.2026 17:05:58";"";"";"";"0";"0";"0"
"GR5000";"Гродно EИРКЦ г.Гродно";"471685";"5761788";"80";"Земельный налог";"";"1";"УЖРЭП Октябрьского района г. Гродно";"УЖРЭП Октябрьского района г. Гродно";"31";"";"01.01.2008";"31.12.2100";"0,00234";"73,1";"0,17";"0,17";"0";"0";"0";"0";"0,17";"0";"0";"0,34";"0";"4584046254";"03.10.2026 18:55:05";"";"";"";"0";"0";"0"
"GR5000";"Гродно EИРКЦ г.Гродно";"471930";"5769114";"80";"Земельный налог";"";"1";"УЖРЭП Октябрьского района г. Гродно";"УЖРЭП Октябрьского района г. Гродно";"31";"";"01.01.2008";"31.12.2100";"0,002071";"52,4";"0,11";"0,11";"0";"0";"0";"0";"0,28";"0";"0";"0,16";"0";"4584049721";"03.10.2026 18:55:05";"";"";"";"0";"0,23";"0"
"GR5000";"Гродно EИРКЦ г.Гродно";"795127";"14467757";"80";"Земельный налог";"";"500007520";"ЖСПК №533 г. Гродно";"ЖСПК №533 г. Гродно";"31";"";"01.02.2025";"01.01.2100";"0,01";"53,3";"0,53";"0,53";"0";"0";"0";"0";"1,06";"0";"0";"1,59";"0";"4579407064";"02.10.2026 20:33:04";"";"";"";"0";"0";"0"
"GR5000";"Гродно EИРКЦ г.Гродно";"624554";"8461660";"91";"Входящий остаток";"";"50000349";"ЖСПК №329 г.Гродно";"ЖСПК №329 г.Гродно";"33";"";"01.02.2017";"01.01.2100";"0";"0";"0";"0";"0";"0";"0";"0";"0";"0";"0";"0";"0";"";"";"";"";"";"0";"0";"0"
"GR5000";"Гродно EИРКЦ г.Гродно";"471418";"9999279";"147";"Страховые взносы";"";"86";"""Белгосстрах"" Окт.р-н";"""Белгосстрах"" предст.в г.Гродно Окт.р-н";"47";"";"01.04.2018";"01.01.2100";"0";"0";"0";"0";"0";"0";"0";"0";"0";"0";"0";"0";"0";"4584092927";"03.10.2026 18:55:05";"";"";"";"0";"0";"0"
"GR5000";"Гродно EИРКЦ г.Гродно";"471685";"10000116";"147";"Страховые взносы";"";"86";"""Белгосстрах"" Окт.р-н";"""Белгосстрах"" предст.в г.Гродно Окт.р-н";"47";"";"01.04.2018";"01.01.2100";"0";"0";"0";"0";"0";"0";"0";"0";"0";"0";"0";"0";"0";"4584093673";"03.10.2026 18:55:05";"";"";"";"0";"0";"0"
"GR5000";"Гродно EИРКЦ г.Гродно";"472334";"9999372";"147";"Страховые взносы";"";"86";"""Белгосстрах"" Окт.р-н";"""Белгосстрах"" предст.в г.Гродно Окт.р-н";"47";"";"01.04.2018";"01.01.2100";"0";"0";"0";"0";"0";"0";"0";"0";"0";"0";"0";"0";"0";"4584093010";"03.10.2026 18:55:05";"";"";"";"0";"0";"0"
"GR5000";"Гродно EИРКЦ г.Гродно";"472349";"10003364";"147";"Страховые взносы";"";"86";"""Белгосстрах"" Окт.р-н";"""Белгосстрах"" предст.в г.Гродно Окт.р-н";"47";"";"01.04.2018";"01.01.2100";"0";"0";"0";"0";"0";"0";"0";"0";"0";"0";"0";"0";"0";"4584096547";"03.10.2026 18:55:05";"";"";"";"0";"0";"0"
"GR5000";"Гродно EИРКЦ г.Гродно";"471930";"10002180";"147";"Страховые взносы";"";"86";"""Белгосстрах"" Окт.р-н";"""Белгосстрах"" предст.в г.Гродно Окт.р-н";"47";"";"01.04.2018";"01.01.2100";"0";"0";"0";"0";"0";"0";"0";"0";"0";"0";"0";"0";"0";"4584095500";"03.10.2026 18:55:05";"";"";"";"0";"0";"0"
"GR5000";"Гродно EИРКЦ г.Гродно";"472334";"14343419";"301";"Установка и (или) ТО ЗПУ (руб.)";"";"50005917";"ООО БеркутСервис 2%";"ООО БеркутСервис 2%";"142";"";"01.10.2024";"01.01.2100";"1,68";"1";"1,68";"1,68";"0";"0";"0";"0";"1,68";"0";"0";"3,36";"0";"4584153439";"03.10.2026 18:55:05";"";"";"";"0";"0";"0"
"GR5000";"Гродно EИРКЦ г.Гродно";"624554";"12568494";"301";"Установка и (или) ТО ЗПУ (руб.)";"";"50005917";"ООО БеркутСервис 2%";"ООО БеркутСервис 2%";"142";"";"01.03.2023";"01.01.2100";"1,5";"1";"1,5";"1,5";"0";"0";"0";"0";"3,83";"0";"0";"5,33";"0";"4581944667";"03.10.2026 16:16:09";"";"";"";"0";"0";"0"
"GR5000";"Гродно EИРКЦ г.Гродно";"612297";"10585470";"301";"Установка и (или) ТО ЗПУ (руб.)";"";"50005917";"ООО БеркутСервис 2%";"ООО БеркутСервис 2%";"142";"";"01.10.2018";"01.01.2100";"1,5";"1";"1,5";"1,5";"0";"0";"0";"0";"3";"0";"0";"3";"0";"4582679689";"03.10.2026 17:05:58";"";"";"";"0";"1,5";"0"
"GR5000";"Гродно EИРКЦ г.Гродно";"636653";"10670891";"301";"Установка и (или) ТО ЗПУ (руб.)";"";"50005917";"ООО БеркутСервис 2%";"ООО БеркутСервис 2%";"142";"";"01.12.2018";"01.01.2100";"1,5";"1";"1,5";"1,5";"0";"0";"0";"0";"1,5";"0";"0";"1,62";"0";"4582630197";"03.10.2026 16:58:37";"";"";"";"0";"1,38";"0"
"GR5000";"Гродно EИРКЦ г.Гродно";"620073";"10692533";"301";"Установка и (или) ТО ЗПУ (руб.)";"";"50005917";"ООО БеркутСервис 2%";"ООО БеркутСервис 2%";"142";"";"01.01.2019";"01.01.2100";"1,5";"1";"1,5";"1,5";"0";"0";"0";"0";"1,5";"0";"0";"3";"0";"4580150608";"02.10.2026 23:53:39";"";"";"";"0";"0";"0"
"GR5000";"Гродно EИРКЦ г.Гродно";"471418";"14355980";"301";"Установка и (или) ТО ЗПУ (руб.)";"";"50005917";"ООО БеркутСервис 2%";"ООО БеркутСервис 2%";"142";"";"01.10.2024";"01.01.2100";"1,68";"1";"1,68";"1,68";"0";"0";"0";"0";"1,68";"0";"0";"3,36";"0";"4584153848";"03.10.2026 18:55:05";"";"";"";"0";"0";"0"
"GR5000";"Гродно EИРКЦ г.Гродно";"472349";"14343432";"301";"Установка и (или) ТО ЗПУ (руб.)";"";"50005917";"ООО БеркутСервис 2%";"ООО БеркутСервис 2%";"142";"";"01.10.2024";"01.01.2100";"1,68";"1";"1,68";"1,68";"0";"0";"0";"0";"1,68";"0";"0";"3,36";"0";"4584153450";"03.10.2026 18:55:05";"";"";"";"0";"0";"0"
"GR5000";"Гродно EИРКЦ г.Гродно";"621882";"14418349";"301";"Установка и (или) ТО ЗПУ (руб.)";"";"50005917";"ООО БеркутСервис 2%";"ООО БеркутСервис 2%";"142";"";"01.01.2025";"01.01.2100";"1,68";"1";"1,68";"1,68";"0";"0";"0";"0";"1,68";"0";"0";"3,36";"0";"4578855290";"02.10.2026 19:01:41";"";"";"";"0";"0";"0"
"GR5000";"Гродно EИРКЦ г.Гродно";"553437";"10623545";"301";"Установка и (или) ТО ЗПУ (руб.)";"";"50005917";"ООО БеркутСервис 2%";"ООО БеркутСервис 2%";"142";"";"01.10.2018";"01.01.2100";"1,5";"1";"1,5";"1,5";"0";"0";"0";"0";"3";"0";"0";"3";"0";"4580078376";"02.10.2026 23:21:22";"";"";"";"0";"1,5";"0"
"GR5000";"Гродно EИРКЦ г.Гродно";"471930";"14343471";"301";"Установка и (или) ТО ЗПУ (руб.)";"";"50005917";"ООО БеркутСервис 2%";"ООО БеркутСервис 2%";"142";"";"01.10.2024";"01.01.2100";"1,68";"1";"1,68";"1,68";"0";"0";"0";"0";"4,39";"0";"0";"2,47";"0";"4584153478";"03.10.2026 18:55:05";"";"";"";"0";"3,6";"0"
"GR5000";"Гродно EИРКЦ г.Гродно";"795127";"14845759";"301";"Установка и (или) ТО ЗПУ (руб.)";"";"50005917";"ООО БеркутСервис 2%";"ООО БеркутСервис 2%";"142";"";"01.01.2026";"01.01.2100";"1,5";"1";"1,5";"1,5";"0";"0";"0";"0";"3";"0";"0";"4,5";"0";"4579408816";"02.10.2026 20:33:04";"";"";"";"0";"0";"0"
"GR5000";"Гродно EИРКЦ г.Гродно";"620130";"10692580";"301";"Установка и (или) ТО ЗПУ (руб.)";"";"50005917";"ООО БеркутСервис 2%";"ООО БеркутСервис 2%";"142";"";"01.01.2019";"01.01.2100";"1,5";"1";"1,5";"1,5";"0";"0";"0";"0";"1,5";"0";"0";"3";"0";"4580150654";"02.10.2026 23:53:39";"";"";"";"0";"0";"0"
"GR5000";"Гродно EИРКЦ г.Гродно";"636653";"11949779";"106";"Текущий ремонт (м.кв.) пропорц. общ.площ.";"";"50000327";"ЖСПК №381 г.Гродно";"ЖСПК №381 г.Гродно";"204";"";"01.09.2021";"01.01.2100";"0";"68,2";"0";"0";"0";"0";"0";"0";"0";"0";"0";"0";"0";"4582630734";"03.10.2026 16:58:37";"";"";"";"0";"0";"0"
"GR5000";"Гродно EИРКЦ г.Гродно";"614914";"10629574";"106";"Текущий ремонт (м.кв.) пропорц. общ.площ.";"";"50000292";"ТС ""Вишневецкая башня""";"ТС ""Вишневецкая башня""";"204";"";"01.10.2018";"01.01.2100";"0,079268";"77,1";"6,11";"6,11";"0";"0";"0";"0";"6,11";"0";"0";"12,22";"0";"4584195380";"03.10.2026 19:23:23";"";"";"";"0";"0";"0"
"GR5000";"Гродно EИРКЦ г.Гродно";"614951";"10629567";"106";"Текущий ремонт (м.кв.) пропорц. общ.площ.";"";"50000292";"ТС ""Вишневецкая башня""";"ТС ""Вишневецкая башня""";"204";"";"01.10.2018";"01.01.2100";"0,079268";"77";"6,1";"6,1";"0";"0";"0";"0";"12,2";"0,2";"0,11";"12,2";"0";"4584195373";"03.10.2026 19:23:23";"";"";"";"0";"6,1";"0,09"
"GR5000";"Гродно EИРКЦ г.Гродно";"472334";"13893071";"210";"Техобслуживание лифта по ЭОЗ (кв. м)";"";"500006774";"ОАО ""ГродноЛифт"" Окт район";"ОАО ""ГродноЛифт"" Окт район";"210";"";"01.03.2024";"01.01.2100";"0,1034";"0";"0";"0";"0";"0";"0";"0";"0";"0";"0";"0";"0";"4584130493";"03.10.2026 18:55:05";"";"";"";"0";"0";"0"
"GR5000";"Гродно EИРКЦ г.Гродно";"594212";"13313615";"210";"Техобслуживание лифта по ЭОЗ (кв. м)";"";"500006815";"ОАО ""ГродноЛифт"" (ЖСПК и ТС)";"ОАО ""ГродноЛифт"" (ЖСПК и ТС)";"210";"";"01.02.2024";"01.01.2100";"0,1034";"0";"0";"0";"0";"0";"0";"0";"0";"0";"0";"0";"0";"4583376337";"03.10.2026 17:48:09";"";"";"";"0";"0";"0"
"GR5000";"Гродно EИРКЦ г.Гродно";"471930";"13892635";"210";"Техобслуживание лифта по ЭОЗ (кв. м)";"";"500006774";"ОАО ""ГродноЛифт"" Окт район";"ОАО ""ГродноЛифт"" Окт район";"210";"";"01.03.2024";"01.01.2100";"0,1034";"0";"0";"0";"0";"0";"0";"0";"0";"0";"0";"0";"0";"4584130186";"03.10.2026 18:55:05";"";"";"";"0";"0";"0"
"GR5000";"Гродно EИРКЦ г.Гродно";"472349";"13893099";"210";"Техобслуживание лифта по ЭОЗ (кв. м)";"";"500006774";"ОАО ""ГродноЛифт"" Окт район";"ОАО ""ГродноЛифт"" Окт район";"210";"";"01.03.2024";"01.01.2100";"0,1034";"0";"0";"0";"0";"0";"0";"0";"0";"0";"0";"0";"0";"4584130505";"03.10.2026 18:55:05";"";"";"";"0";"0";"0"
"GR5000";"Гродно EИРКЦ г.Гродно";"614914";"13686584";"210";"Техобслуживание лифта по ЭОЗ (кв. м)";"";"50000292";"ТС ""Вишневецкая башня""";"ТС ""Вишневецкая башня""";"210";"";"01.03.2024";"01.01.2100";"0,1141";"0";"0";"0";"0";"0";"0";"0";"0";"0";"0";"0";"0";"4584196768";"03.10.2026 19:23:23";"";"";"";"0";"0";"0"
"GR5000";"Гродно EИРКЦ г.Гродно";"620130";"13941015";"210";"Техобслуживание лифта по ЭОЗ (кв. м)";"";"5000664";"ЖСПК №192 г.Гродно";"ЖСПК №192 г.Гродно";"210";"";"01.03.2024";"01.01.2100";"0,1141";"0";"0";"0";"0";"0";"0";"0";"0";"0";"0";"0";"0";"4580152011";"02.10.2026 23:53:39";"";"";"";"0";"0";"0"
"GR5000";"Гродно EИРКЦ г.Гродно";"614951";"13686654";"210";"Техобслуживание лифта по ЭОЗ (кв. м)";"";"50000292";"ТС ""Вишневецкая башня""";"ТС ""Вишневецкая башня""";"210";"";"01.03.2024";"01.01.2100";"0,1141";"0";"0";"0";"0";"0";"0";"0";"0";"0";"0";"0";"0";"4584196831";"03.10.2026 19:23:23";"";"";"";"0";"0";"0"
"GR5000";"Гродно EИРКЦ г.Гродно";"612297";"13533196";"210";"Техобслуживание лифта по ЭОЗ (кв. м)";"";"50000336";"ТС дома №41 по ул.Кабяка г.Гродно";"ТС дома №41 по ул.Кабяка г.Гродно";"210";"";"01.03.2024";"01.01.2100";"0,1141";"0";"0";"0";"0";"0";"0";"0";"0";"0";"0";"0";"0";"4582680240";"03.10.2026 17:05:58";"";"";"";"0";"0";"0"
"GR5000";"Гродно EИРКЦ г.Гродно";"620073";"13940913";"210";"Техобслуживание лифта по ЭОЗ (кв. м)";"";"5000664";"ЖСПК №192 г.Гродно";"ЖСПК №192 г.Гродно";"210";"";"01.03.2024";"01.01.2100";"0,1141";"0";"0";"0";"0";"0";"0";"0";"0";"0";"0";"0";"0";"4580151912";"02.10.2026 23:53:39";"";"";"";"0";"0";"0"
"GR5000";"Гродно EИРКЦ г.Гродно";"795127";"14466357";"210";"Техобслуживание лифта по ЭОЗ (кв. м)";"";"500006815";"ОАО ""ГродноЛифт"" (ЖСПК и ТС)";"ОАО ""ГродноЛифт"" (ЖСПК и ТС)";"210";"";"01.02.2025";"01.01.2100";"0,1034";"0";"0";"0";"0";"0";"0";"0";"0";"0";"0";"0";"0";"4579406027";"02.10.2026 20:33:04";"";"";"";"0";"0";"0"
"GR5000";"Гродно EИРКЦ г.Гродно";"614951";"13336811";"216";"Обращение с ТКО по ЭОЗ";"";"50000292";"ТС ""Вишневецкая башня""";"ТС ""Вишневецкая башня""";"216";"";"01.02.2024";"01.01.2100";"15,6255";"0";"0";"0";"0";"0";"0";"0";"0";"0";"0";"0";"0";"4584196642";"03.10.2026 19:23:23";"";"";"";"0";"0";"0"
"GR5000";"Гродно EИРКЦ г.Гродно";"472334";"13985324";"216";"Обращение с ТКО по ЭОЗ";"";"27";"ГГУПП САХ Окт.р-н";"ГГУПП САХ Окт.р-н";"216";"";"01.03.2024";"01.01.2100";"15,6255";"0";"0";"0";"0";"0";"0";"0";"0";"0";"0";"0";"0";"4584146404";"03.10.2026 18:55:05";"";"";"";"0";"0";"0"
"GR5000";"Гродно EИРКЦ г.Гродно";"472349";"13985352";"216";"Обращение с ТКО по ЭОЗ";"";"27";"ГГУПП САХ Окт.р-н";"ГГУПП САХ Окт.р-н";"216";"";"01.03.2024";"01.01.2100";"15,6255";"0";"0";"0";"0";"0";"0";"0";"0";"0";"0";"0";"0";"4584146428";"03.10.2026 18:55:05";"";"";"";"0";"0";"0"
"GR5000";"Гродно EИРКЦ г.Гродно";"549268";"13384461";"216";"Обращение с ТКО по ЭОЗ";"";"500006868";"ГГУПП ""Спецавтохозяйство"" (частный сектор)";"ГГУПП ""Спецавтохозяйство"" (частный сектор)";"216";"";"01.02.2024";"01.01.2100";"15,6255";"0";"0";"0";"0";"0";"0";"0";"0";"0";"0";"0";"0";"4584438063";"05.10.2026 11:37:11";"";"";"";"0";"0";"0"
"GR5000";"Гродно EИРКЦ г.Гродно";"471930";"13984584";"216";"Обращение с ТКО по ЭОЗ";"";"27";"ГГУПП САХ Окт.р-н";"ГГУПП САХ Окт.р-н";"216";"";"01.03.2024";"01.01.2100";"15,6255";"0";"0";"0";"0";"0";"0";"0";"0";"0";"0";"0";"0";"4584145708";"03.10.2026 18:55:05";"";"";"";"0";"0";"0"
"GR5000";"Гродно EИРКЦ г.Гродно";"620073";"14136386";"216";"Обращение с ТКО по ЭОЗ";"";"5000903";"ГГУПП САХ Лен.р-н";"ГГУПП САХ Лен.р-н";"216";"";"01.03.2024";"01.01.2100";"15,6255";"0";"0";"0";"0";"0";"0";"0";"0";"0";"0";"0";"0";"4580152103";"02.10.2026 23:53:39";"";"";"";"0";"0";"0"
"GR5000";"Гродно EИРКЦ г.Гродно";"620130";"14136500";"216";"Обращение с ТКО по ЭОЗ";"";"5000903";"ГГУПП САХ Лен.р-н";"ГГУПП САХ Лен.р-н";"216";"";"01.03.2024";"01.01.2100";"15,6255";"0";"0";"0";"0";"0";"0";"0";"0";"0";"0";"0";"0";"4580149821";"02.10.2026 23:53:39";"";"";"";"0";"0";"0"
"GR5000";"Гродно EИРКЦ г.Гродно";"714392";"13391851";"216";"Обращение с ТКО по ЭОЗ";"";"500006868";"ГГУПП ""Спецавтохозяйство"" (частный сектор)";"ГГУПП ""Спецавтохозяйство"" (частный сектор)";"216";"";"01.02.2024";"01.01.2100";"15,6255";"0";"0";"0";"0";"0";"0";"0";"0";"0";"0";"0";"0";"4584441494";"05.10.2026 11:37:11";"";"";"";"0";"0";"0"
"GR5000";"Гродно EИРКЦ г.Гродно";"553437";"13309475";"216";"Обращение с ТКО по ЭОЗ";"";"5000903";"ГГУПП САХ Лен.р-н";"ГГУПП САХ Лен.р-н";"216";"";"01.02.2024";"01.01.2100";"15,6255";"0";"0";"0";"0";"0";"0";"0";"0";"0";"0";"0";"0";"4580078722";"02.10.2026 23:21:22";"";"";"";"0";"0";"0"
"GR5000";"Гродно EИРКЦ г.Гродно";"621882";"14007385";"216";"Обращение с ТКО по ЭОЗ";"";"5000903";"ГГУПП САХ Лен.р-н";"ГГУПП САХ Лен.р-н";"216";"";"01.03.2024";"01.01.2100";"15,6255";"0";"0";"0";"0";"0";"0";"0";"0";"0";"0";"0";"0";"4578855119";"02.10.2026 19:01:41";"";"";"";"0";"0";"0"
"GR5000";"Гродно EИРКЦ г.Гродно";"795127";"14466992";"216";"Обращение с ТКО по ЭОЗ";"";"5000903";"ГГУПП САХ Лен.р-н";"ГГУПП САХ Лен.р-н";"216";"";"01.02.2025";"01.01.2100";"15,6255";"0";"0";"0";"0";"0";"0";"0";"0";"0";"0";"0";"0";"4579406618";"02.10.2026 20:33:04";"";"";"";"0";"0";"0"
"GR5000";"Гродно EИРКЦ г.Гродно";"547682";"13389301";"216";"Обращение с ТКО по ЭОЗ";"";"500006868";"ГГУПП ""Спецавтохозяйство"" (частный сектор)";"ГГУПП ""Спецавтохозяйство"" (частный сектор)";"216";"";"01.02.2024";"01.01.2100";"15,6255";"0";"0";"0";"0";"0";"0";"0";"0";"0";"0";"0";"0";"4584440400";"05.10.2026 11:37:11";"";"";"";"0";"0";"0"
"GR5000";"Гродно EИРКЦ г.Гродно";"614914";"13336741";"216";"Обращение с ТКО по ЭОЗ";"";"50000292";"ТС ""Вишневецкая башня""";"ТС ""Вишневецкая башня""";"216";"";"01.02.2024";"01.01.2100";"15,6255";"0";"0";"0";"0";"0";"0";"0";"0";"0";"0";"0";"0";"4584196579";"03.10.2026 19:23:23";"";"";"";"0";"0";"0"
"GR5000";"Гродно EИРКЦ г.Гродно";"584376";"13706200";"216";"Обращение с ТКО по ЭОЗ";"";"5000981";"ЖСПК №15 г.Гродно";"ЖСПК №15 г.Гродно";"216";"";"01.03.2024";"01.01.2100";"15,6255";"0";"0";"0";"0";"0";"0";"0";"0";"0";"0";"0";"0";"4584221006";"05.10.2026 8:31:03";"";"";"";"0";"0";"0"
"GR5000";"Гродно EИРКЦ г.Гродно";"471685";"13984118";"216";"Обращение с ТКО по ЭОЗ";"";"27";"ГГУПП САХ Окт.р-н";"ГГУПП САХ Окт.р-н";"216";"";"01.03.2024";"01.01.2100";"15,6255";"0";"0";"0";"0";"0";"0";"0";"0";"0";"0";"0";"0";"4584145268";"03.10.2026 18:55:05";"";"";"";"0";"0";"0"
"GR5000";"Гродно EИРКЦ г.Гродно";"612297";"13533518";"216";"Обращение с ТКО по ЭОЗ";"";"50000336";"ТС дома №41 по ул.Кабяка г.Гродно";"ТС дома №41 по ул.Кабяка г.Гродно";"216";"";"01.03.2024";"01.01.2100";"15,6255";"0";"0";"0";"0";"0";"0";"0";"0";"0";"0";"0";"0";"4582680339";"03.10.2026 17:05:58";"";"";"";"0";"0";"0"
"GR5000";"Гродно EИРКЦ г.Гродно";"594212";"13312909";"216";"Обращение с ТКО по ЭОЗ";"";"5000736";"ТС ""Кабяка-10"" г.Гродно";"ТС ""Кабяка-10"" г.Гродно";"216";"";"01.02.2024";"01.01.2100";"15,6255";"0";"0";"0";"0";"0";"0";"0";"0";"0";"0";"0";"0";"4583376244";"03.10.2026 17:48:09";"";"";"";"0";"0";"0"
"GR5000";"Гродно EИРКЦ г.Гродно";"636653";"13621713";"216";"Обращение с ТКО по ЭОЗ";"";"50000327";"ЖСПК №381 г.Гродно";"ЖСПК №381 г.Гродно";"216";"";"01.03.2024";"01.01.2100";"15,6255";"0";"0";"0";"0";"0";"0";"0";"0";"0";"0";"0";"0";"4582631794";"03.10.2026 16:58:37";"";"";"";"0";"0";"0"
"GR5000";"Гродно EИРКЦ г.Гродно";"624554";"13275441";"216";"Обращение с ТКО по ЭОЗ";"";"27";"ГГУПП САХ Окт.р-н";"ГГУПП САХ Окт.р-н";"216";"";"01.02.2024";"01.01.2100";"15,6255";"0";"0";"0";"0";"0";"0";"0";"0";"0";"0";"0";"0";"4581945323";"03.10.2026 16:16:09";"";"";"";"0";"0";"0"
"GR5000";"Гродно EИРКЦ г.Гродно";"471418";"13983610";"216";"Обращение с ТКО по ЭОЗ";"";"27";"ГГУПП САХ Окт.р-н";"ГГУПП САХ Окт.р-н";"216";"";"01.03.2024";"01.01.2100";"15,6255";"0";"0";"0";"0";"0";"0";"0";"0";"0";"0";"0";"0";"4584144785";"03.10.2026 18:55:05";"";"";"";"0";"0";"0"
"GR5000";"Гродно EИРКЦ г.Гродно";"584376";"15084728";"1701";"Управление общим имуществом совместного домовладения (м.кв.) от площ.";"";"1";"УЖРЭП Октябрьского района г. Гродно";"УЖРЭП Октябрьского района г. Гродно";"331";"";"03.08.2026";"01.01.2100";"0,0394";"48,3";"1,9";"1,9";"0";"0";"0";"0";"1,78";"0";"0";"3,29";"0";"4584221975";"05.10.2026 8:31:03";"";"";"";"0";"0,39";"0"
"GR5000";"Гродно EИРКЦ г.Гродно";"472334";"12331666";"1701";"Управление общим имуществом совместного домовладения (м.кв.) от площ.";"";"1";"УЖРЭП Октябрьского района г. Гродно";"УЖРЭП Октябрьского района г. Гродно";"331";"";"05.09.2022";"01.01.2100";"0,0394";"63,2";"2,49";"2,49";"0";"0";"0";"0";"2,49";"0,03";"0,03";"4,98";"0";"4584121390";"03.10.2026 18:55:05";"";"";"";"0";"0";"0"
"GR5000";"Гродно EИРКЦ г.Гродно";"471930";"12331281";"1701";"Управление общим имуществом совместного домовладения (м.кв.) от площ.";"";"1";"УЖРЭП Октябрьского района г. Гродно";"УЖРЭП Октябрьского района г. Гродно";"331";"";"05.09.2022";"01.01.2100";"0,0394";"52,4";"2,06";"2,06";"0";"0";"0";"0";"5,38";"1,31";"1,31";"3,02";"0";"4584121044";"03.10.2026 18:55:05";"";"";"";"0";"4,42";"0"
"GR5000";"Гродно EИРКЦ г.Гродно";"472349";"12331680";"1701";"Управление общим имуществом совместного домовладения (м.кв.) от площ.";"";"1";"УЖРЭП Октябрьского района г. Гродно";"УЖРЭП Октябрьского района г. Гродно";"331";"";"05.09.2022";"01.01.2100";"0,0394";"78,6";"3,1";"3,1";"0";"0";"0";"0";"3,1";"0";"0";"6,2";"0";"4584121401";"03.10.2026 18:55:05";"";"";"";"0";"0";"0"
"GR5000";"Гродно EИРКЦ г.Гродно";"471685";"12331043";"1701";"Управление общим имуществом совместного домовладения (м.кв.) от площ.";"";"1";"УЖРЭП Октябрьского района г. Гродно";"УЖРЭП Октябрьского района г. Гродно";"331";"";"05.09.2022";"01.01.2100";"0,0394";"73,1";"2,88";"2,88";"0";"0";"0";"0";"2,88";"0,02";"0,02";"5,76";"0";"4584120828";"03.10.2026 18:55:05";"";"";"";"0";"0";"0"
"GR5000";"Гродно EИРКЦ г.Гродно";"471418";"12330780";"1701";"Управление общим имуществом совместного домовладения (м.кв.) от площ.";"";"1";"УЖРЭП Октябрьского района г. Гродно";"УЖРЭП Октябрьского района г. Гродно";"331";"";"05.09.2022";"01.01.2100";"0,0394";"73,1";"2,88";"2,88";"0";"0";"0";"0";"2,88";"0";"0";"5,76";"0";"4584120591";"03.10.2026 18:55:05";"";"";"";"0";"0";"0"
"GR5000";"Гродно EИРКЦ г.Гродно";"624554";"11786987";"608";"Санитарное содержание вспом. помещений жил. дома (кв. м)";"";"50000349";"ЖСПК №329 г.Гродно";"ЖСПК №329 г.Гродно";"608";"";"01.09.2021";"01.01.2100";"0,0833";"75,6";"6,3";"6,3";"0";"0";"0";"0";"16,07";"5,5";"5,5";"22,37";"0";"4581944498";"03.10.2026 16:16:09";"";"";"";"0";"0";"0"
"GR5000";"Гродно EИРКЦ г.Гродно";"614914";"11790236";"608";"Санитарное содержание вспом. помещений жил. дома (кв. м)";"";"50000292";"ТС ""Вишневецкая башня""";"ТС ""Вишневецкая башня""";"608";"";"01.09.2021";"01.01.2100";"0,0833";"77,1";"6,42";"6,42";"0";"0";"0";"0";"6,42";"0";"0";"12,84";"0";"4584195558";"03.10.2026 19:23:23";"";"";"";"0";"0";"0"
"GR5000";"Гродно EИРКЦ г.Гродно";"614951";"11790273";"608";"Санитарное содержание вспом. помещений жил. дома (кв. м)";"";"50000292";"ТС ""Вишневецкая башня""";"ТС ""Вишневецкая башня""";"608";"";"01.09.2021";"01.01.2100";"0,0833";"77";"6,41";"6,41";"0";"0";"0";"0";"12,82";"0,22";"0,12";"12,82";"0";"4584195590";"03.10.2026 19:23:23";"";"";"";"0";"6,41";"0,1"
"GR5000";"Гродно EИРКЦ г.Гродно";"472349";"11572287";"608";"Санитарное содержание вспом. помещений жил. дома (кв. м)";"";"1";"УЖРЭП Октябрьского района г. Гродно";"УЖРЭП Октябрьского района г. Гродно";"608";"";"01.09.2021";"31.12.2100";"0,082497";"78,6";"6,48";"6,48";"0";"0";"0";"0";"6,48";"0";"0";"12,96";"0";"4584107844";"03.10.2026 18:55:05";"";"";"";"0";"0";"0"
"GR5000";"Гродно EИРКЦ г.Гродно";"471685";"11572967";"608";"Санитарное содержание вспом. помещений жил. дома (кв. м)";"";"1";"УЖРЭП Октябрьского района г. Гродно";"УЖРЭП Октябрьского района г. Гродно";"608";"";"01.09.2021";"31.12.2100";"0,03791";"73,1";"2,77";"2,77";"0";"0";"0";"0";"2,77";"0,01";"0,01";"5,54";"0";"4584108461";"03.10.2026 18:55:05";"";"";"";"0";"0";"0"
"GR5000";"Гродно EИРКЦ г.Гродно";"594212";"11751948";"608";"Санитарное содержание вспом. помещений жил. дома (кв. м)";"";"5000736";"ТС ""Кабяка-10"" г.Гродно";"ТС ""Кабяка-10"" г.Гродно";"608";"";"01.09.2021";"01.01.2100";"0,074512";"95,6";"7,12";"7,12";"0";"0";"0";"0";"7,12";"0,02";"0,02";"14,24";"0";"4583375798";"03.10.2026 17:48:09";"";"";"";"0";"0";"0"
"GR5000";"Гродно EИРКЦ г.Гродно";"621882";"13061375";"608";"Санитарное содержание вспом. помещений жил. дома (кв. м)";"";"50000116";"ЖСПК №30 г.Гродно";"ЖСПК №30 г.Гродно";"608";"";"01.11.2023";"01.01.2100";"0,0833";"44,1";"3,67";"3,67";"0";"0";"0";"0";"3,67";"1,12";"1,12";"7,34";"0";"4578854839";"02.10.2026 19:01:41";"";"";"";"0";"0";"0"
"GR5000";"Гродно EИРКЦ г.Гродно";"471418";"11573629";"608";"Санитарное содержание вспом. помещений жил. дома (кв. м)";"";"1";"УЖРЭП Октябрьского района г. Гродно";"УЖРЭП Октябрьского района г. Гродно";"608";"";"01.09.2021";"31.12.2100";"0,03791";"73,1";"2,77";"2,77";"0";"0";"0";"0";"2,77";"0";"0";"5,54";"0";"4584109056";"03.10.2026 18:55:05";"";"";"";"0";"0";"0"
"GR5000";"Гродно EИРКЦ г.Гродно";"795127";"14467407";"608";"Санитарное содержание вспом. помещений жил. дома (кв. м)";"";"500007520";"ЖСПК №533 г. Гродно";"ЖСПК №533 г. Гродно";"608";"";"01.02.2025";"01.01.2100";"0,078983";"53,3";"4,21";"4,21";"0";"0";"0";"0";"8,65";"1";"1";"12,86";"0";"4579406768";"02.10.2026 20:33:04";"";"";"";"0";"0";"0"
"GR5000";"Гродно EИРКЦ г.Гродно";"612297";"11938807";"608";"Санитарное содержание вспом. помещений жил. дома (кв. м)";"";"50000336";"ТС дома №41 по ул.Кабяка г.Гродно";"ТС дома №41 по ул.Кабяка г.Гродно";"608";"";"01.09.2021";"01.01.2100";"0,0833";"56,9";"4,74";"4,74";"0";"0";"0";"0";"9,48";"0,16";"0,09";"9,48";"0";"4582679771";"03.10.2026 17:05:58";"";"";"";"0";"4,74";"0,07"
"GR5000";"Гродно EИРКЦ г.Гродно";"620073";"11845021";"608";"Санитарное содержание вспом. помещений жил. дома (кв. м)";"";"5000664";"ЖСПК №192 г.Гродно";"ЖСПК №192 г.Гродно";"608";"";"01.09.2021";"01.01.2100";"0,074099";"51,3";"3,8";"3,8";"0";"0";"0";"0";"3,8";"0,01";"0,01";"7,6";"0";"4580150819";"02.10.2026 23:53:39";"";"";"";"0";"0";"0"
"GR5000";"Гродно EИРКЦ г.Гродно";"471930";"11574838";"608";"Санитарное содержание вспом. помещений жил. дома (кв. м)";"";"1";"УЖРЭП Октябрьского района г. Гродно";"УЖРЭП Октябрьского района г. Гродно";"608";"";"01.09.2021";"31.12.2100";"0,082497";"52,4";"4,32";"4,32";"0";"0";"0";"0";"8,82";"2,33";"2,33";"6,35";"0";"4584110144";"03.10.2026 18:55:05";"";"";"";"0";"6,79";"0"
"GR5000";"Гродно EИРКЦ г.Гродно";"620130";"11845078";"608";"Санитарное содержание вспом. помещений жил. дома (кв. м)";"";"5000664";"ЖСПК №192 г.Гродно";"ЖСПК №192 г.Гродно";"608";"";"01.09.2021";"01.01.2100";"0,074099";"74,4";"5,51";"5,51";"0";"0";"0";"0";"5,51";"0";"0";"11,02";"0";"4580150875";"02.10.2026 23:53:39";"";"";"";"0";"0";"0"
"GR5000";"Гродно EИРКЦ г.Гродно";"472334";"11573457";"608";"Санитарное содержание вспом. помещений жил. дома (кв. м)";"";"1";"УЖРЭП Октябрьского района г. Гродно";"УЖРЭП Октябрьского района г. Гродно";"608";"";"01.09.2021";"31.12.2100";"0,082497";"63,2";"5,21";"5,21";"0";"0";"0";"0";"5,21";"0,04";"0,04";"10,42";"0";"4584108909";"03.10.2026 18:55:05";"";"";"";"0";"0";"0"
"GR5000";"Гродно EИРКЦ г.Гродно";"636653";"11566590";"608";"Санитарное содержание вспом. помещений жил. дома (кв. м)";"";"50000327";"ЖСПК №381 г.Гродно";"ЖСПК №381 г.Гродно";"608";"";"01.09.2021";"01.01.2100";"0,0833";"68,2";"5,68";"5,68";"0";"0";"0";"0";"5,68";"0";"0";"6,15";"0";"4582630516";"03.10.2026 16:58:37";"";"";"";"0";"5,21";"0"
"GR5000";"Гродно EИРКЦ г.Гродно";"553437";"11793151";"608";"Санитарное содержание вспом. помещений жил. дома (кв. м)";"";"5000613";"ЖСПК №119 г.Гродно";"ЖСПК №119 г.Гродно";"608";"";"01.09.2021";"01.01.2100";"0,074101";"63,6";"4,71";"4,71";"0";"0";"0";"0";"9,42";"1,01";"0,23";"9,42";"0";"4580078537";"02.10.2026 23:21:22";"";"";"";"0";"4,71";"0,78"
"GR5000";"Гродно EИРКЦ г.Гродно";"614951";"11791056";"613";"Электроэнергия на освещение вспом. помещений (кв. м)";"";"50000292";"ТС ""Вишневецкая башня""";"ТС ""Вишневецкая башня""";"613";"";"01.09.2021";"01.01.2100";"0";"77";"0";"0";"0";"0";"0";"0";"4,83";"0,07";"0,04";"2,66";"0";"4584195679";"03.10.2026 19:23:23";"";"";"";"0";"2,17";"0,03"
"GR5000";"Гродно EИРКЦ г.Гродно";"624554";"11787882";"613";"Электроэнергия на освещение вспом. помещений (кв. м)";"";"50000349";"ЖСПК №329 г.Гродно";"ЖСПК №329 г.Гродно";"613";"";"01.09.2021";"01.01.2100";"0";"75,6";"0";"0";"0";"0";"0";"0";"6,71";"2,34";"2,34";"6,71";"0";"4581944564";"03.10.2026 16:16:09";"";"";"";"0";"0";"0"
"GR5000";"Гродно EИРКЦ г.Гродно";"621882";"11746786";"613";"Электроэнергия на освещение вспом. помещений (кв. м)";"";"50000116";"ЖСПК №30 г.Гродно";"ЖСПК №30 г.Гродно";"613";"";"01.09.2021";"01.01.2100";"0";"44,1";"0";"0";"0";"0";"0";"0";"0,35";"0,11";"0,11";"0,35";"0";"4578854218";"02.10.2026 19:01:41";"";"";"";"0";"0";"0"
"GR5000";"Гродно EИРКЦ г.Гродно";"620073";"11848057";"613";"Электроэнергия на освещение вспом. помещений (кв. м)";"";"5000664";"ЖСПК №192 г.Гродно";"ЖСПК №192 г.Гродно";"613";"";"01.09.2021";"01.01.2100";"0";"51,3";"0";"0";"0";"0";"0";"0";"0,93";"0";"0";"0,93";"0";"4580150916";"02.10.2026 23:53:39";"";"";"";"0";"0";"0"
"GR5000";"Гродно EИРКЦ г.Гродно";"471685";"11578886";"613";"Электроэнергия на освещение вспом. помещений (кв. м)";"";"1";"УЖРЭП Октябрьского района г. Гродно";"УЖРЭП Октябрьского района г. Гродно";"613";"";"01.09.2021";"31.12.2100";"0";"73,1";"0";"0";"0";"0";"0";"0";"0";"0";"0";"0";"0";"4584112469";"03.10.2026 18:55:05";"";"";"";"0";"0";"0"
"GR5000";"Гродно EИРКЦ г.Гродно";"636653";"11567707";"613";"Электроэнергия на освещение вспом. помещений (кв. м)";"";"50000327";"ЖСПК №381 г.Гродно";"ЖСПК №381 г.Гродно";"613";"";"01.09.2021";"01.01.2100";"0";"68,2";"0";"0";"0";"0";"0";"0";"1,91";"0";"0";"0,16";"0";"4582630617";"03.10.2026 16:58:37";"";"";"";"0";"1,75";"0"
"GR5000";"Гродно EИРКЦ г.Гродно";"553437";"11791618";"613";"Электроэнергия на освещение вспом. помещений (кв. м)";"";"5000613";"ЖСПК №119 г.Гродно";"ЖСПК №119 г.Гродно";"613";"";"01.09.2021";"01.01.2100";"0";"63,6";"0";"0";"0";"0";"0";"0";"0,81";"0,13";"0,03";"0,34";"0";"4580078494";"02.10.2026 23:21:22";"";"";"";"0";"0,47";"0,1"
"GR5000";"Гродно EИРКЦ г.Гродно";"612297";"11939916";"613";"Электроэнергия на освещение вспом. помещений (кв. м)";"";"50000336";"ТС дома №41 по ул.Кабяка г.Гродно";"ТС дома №41 по ул.Кабяка г.Гродно";"613";"";"01.09.2021";"01.01.2100";"0";"56,9";"0";"0";"0";"0";"0";"0";"3,64";"0,06";"0,03";"1,82";"0";"4582679818";"03.10.2026 17:05:58";"";"";"";"0";"1,82";"0,03"
"GR5000";"Гродно EИРКЦ г.Гродно";"584376";"11723149";"613";"Электроэнергия на освещение вспом. помещений (кв. м)";"";"5000981";"ЖСПК №15 г.Гродно";"ЖСПК №15 г.Гродно";"613";"";"01.09.2021";"01.01.2100";"0";"48,3";"0";"0";"0";"0";"0";"0";"0,36";"0,15";"0,15";"0,28";"0";"4584221418";"05.10.2026 8:31:03";"";"";"";"0";"0,08";"0"
"GR5000";"Гродно EИРКЦ г.Гродно";"471930";"11580111";"613";"Электроэнергия на освещение вспом. помещений (кв. м)";"";"1";"УЖРЭП Октябрьского района г. Гродно";"УЖРЭП Октябрьского района г. Гродно";"613";"";"01.09.2021";"31.12.2100";"0";"52,4";"0";"0";"0";"0";"0";"0";"0,78";"0,27";"0,27";"0,15";"0";"4584113576";"03.10.2026 18:55:05";"";"";"";"0";"0,63";"0"
"GR5000";"Гродно EИРКЦ г.Гродно";"471418";"11579674";"613";"Электроэнергия на освещение вспом. помещений (кв. м)";"";"1";"УЖРЭП Октябрьского района г. Гродно";"УЖРЭП Октябрьского района г. Гродно";"613";"";"01.09.2021";"31.12.2100";"0";"73,1";"0";"0";"0";"0";"0";"0";"0";"0";"0";"0";"0";"4584113178";"03.10.2026 18:55:05";"";"";"";"0";"0";"0"
"GR5000";"Гродно EИРКЦ г.Гродно";"472334";"11580166";"613";"Электроэнергия на освещение вспом. помещений (кв. м)";"";"1";"УЖРЭП Октябрьского района г. Гродно";"УЖРЭП Октябрьского района г. Гродно";"613";"";"01.09.2021";"31.12.2100";"0";"63,2";"0";"0";"0";"0";"0";"0";"0,28";"0";"0";"0,28";"0";"4584113626";"03.10.2026 18:55:05";"";"";"";"0";"0";"0"
"GR5000";"Гродно EИРКЦ г.Гродно";"472349";"11577255";"613";"Электроэнергия на освещение вспом. помещений (кв. м)";"";"1";"УЖРЭП Октябрьского района г. Гродно";"УЖРЭП Октябрьского района г. Гродно";"613";"";"01.09.2021";"31.12.2100";"0";"78,6";"0";"0";"0";"0";"0";"0";"0,35";"0";"0";"0,35";"0";"4584111190";"03.10.2026 18:55:05";"";"";"";"0";"0";"0"
"GR5000";"Гродно EИРКЦ г.Гродно";"620130";"11848114";"613";"Электроэнергия на освещение вспом. помещений (кв. м)";"";"5000664";"ЖСПК №192 г.Гродно";"ЖСПК №192 г.Гродно";"613";"";"01.09.2021";"01.01.2100";"0";"74,4";"0";"0";"0";"0";"0";"0";"1,35";"0";"0";"1,35";"0";"4580150971";"02.10.2026 23:53:39";"";"";"";"0";"0";"0"
"GR5000";"Гродно EИРКЦ г.Гродно";"614914";"11791019";"613";"Электроэнергия на освещение вспом. помещений (кв. м)";"";"50000292";"ТС ""Вишневецкая башня""";"ТС ""Вишневецкая башня""";"613";"";"01.09.2021";"01.01.2100";"0";"77,1";"0";"0";"0";"0";"0";"0";"2,67";"0";"0";"2,67";"0";"4584195647";"03.10.2026 19:23:23";"";"";"";"0";"0";"0"
"GR5000";"Гродно EИРКЦ г.Гродно";"795127";"14474265";"613";"Электроэнергия на освещение вспом. помещений (кв. м)";"";"500007520";"ЖСПК №533 г. Гродно";"ЖСПК №533 г. Гродно";"613";"";"01.02.2025";"01.01.2100";"0";"53,3";"0";"0";"0";"0";"0";"0";"3,06";"0,39";"0,39";"3,06";"0";"4579407212";"02.10.2026 20:33:04";"";"";"";"0";"0";"0"
"GR5000";"Гродно EИРКЦ г.Гродно";"594212";"11758227";"613";"Электроэнергия на освещение вспом. помещений (кв. м)";"";"5000736";"ТС ""Кабяка-10"" г.Гродно";"ТС ""Кабяка-10"" г.Гродно";"613";"";"01.09.2021";"01.01.2100";"0";"95,6";"0";"0";"0";"0";"0";"0";"3,33";"0,01";"0,01";"3,33";"0";"4583375860";"03.10.2026 17:48:09";"";"";"";"0";"0";"0"
"GR5000";"Гродно EИРКЦ г.Гродно";"547682";"12138673";"721";"Обращение с ТКО (м.куб.) зем.участок";"";"500006868";"ГГУПП ""Спецавтохозяйство"" (частный сектор)";"ГГУПП ""Спецавтохозяйство"" (частный сектор)";"721";"";"01.03.2022";"01.01.2100";"15,6255";"1,3191666667";"20,61";"20,61";"0";"0";"0";"0";"20,61";"0";"0";"41,22";"0";"4584433625";"05.10.2026 11:37:11";"";"";"";"0";"0";"0"
"GR5000";"Гродно EИРКЦ г.Гродно";"471685";"14390299";"823";"Платные услуги (услуги по хранению видеоданных с возможностью удаленного доступа к архиву)";"";"500006956";"ООО «Современный Сервис» 2,4%";"ООО «Современный Сервис» 2,4%";"823";"";"01.12.2024";"01.01.2100";"5,85";"1";"5,85";"5,85";"0";"0";"0";"0";"5,85";"0";"0";"11,7";"0";"4584154728";"03.10.2026 18:55:05";"";"";"";"0";"0";"0"
"GR5000";"Гродно EИРКЦ г.Гродно";"471930";"12088237";"318";"ТО видеонаблюдения (руб.)";"";"500006953";"ООО «Техномиг»";"ООО «Техномиг»";"870";"";"01.02.2022";"01.01.2100";"4,7";"1";"4,7";"4,7";"0";"0";"0";"0";"12,29";"0";"0";"6,91";"0";"4584117433";"03.10.2026 18:55:05";"";"";"";"0";"10,08";"0"
"GR5000";"Гродно EИРКЦ г.Гродно";"614951";"14599404";"902";"Платные услуги (мобильное наблюдение)";"Платные услуги (мобильное наблюдение)";"500006953";"ООО «Техномиг»";"ООО «Техномиг»";"902";"";"01.06.2025";"01.01.2100";"3,6";"1";"3,6";"3,6";"0";"0";"0";"0";"7,2";"0,11";"0,06";"7,2";"0";"4584196970";"03.10.2026 19:23:23";"";"";"";"0";"3,6";"0,05"
"GR5000";"Гродно EИРКЦ г.Гродно";"614951";"14599404";"902";"Платные услуги (мобильное наблюдение мини)";"Платные услуги (мобильное наблюдение мини)";"500006953";"ООО «Техномиг»";"ООО «Техномиг»";"902";"";"01.06.2025";"01.01.2100";"3,6";"1";"3,6";"3,6";"0";"0";"0";"0";"7,2";"0,11";"0,06";"7,2";"0";"4584196970";"03.10.2026 19:23:23";"";"";"";"0";"3,6";"0,05"