"Родительская задача","Название","Описание","Чек-лист"
"","MVP-1. Платформа, НСИ, администрирование, обмен с АИС «Расчет-ЖКУ», реестры и карточки","Специалист организации входит в систему, видит только «свои» ЛС из выгрузки АИС «Расчет-ЖКУ», открывает карточку ЛС/договора, видит группу задолженности и рейтинг, может обновить данные по одному ЛС или получить ночное обновление. Разворачивается тестовый контур в среде Заказчика (срок ТЗ — 15.10.2026).

Разделы ТЗ: 4.1, 4.2.1, 4.2.2, 4.2.8, 4.2.9, 4.2.10.3, 4.4.4, 4.4.8

Пакеты работ:
- 1.1 Архитектура и инфраструктура
- 1.2 Модель данных
- 1.3 Каркас веб-интерфейса
- 1.4 Аутентификация, сессии и аудит доступа
- 1.5 Администрирование: организации, пользователи, роли, контуры доступа
- 1.6 НСИ (справочники)
- 1.7 Интеграция с АИС «Расчет-ЖКУ» (входящий поток)
- 1.8 Расчёт группы задолженности и рейтинга
- 1.9 Реестр задолженностей по ЛС
- 1.10 Карточка задолженности по ЛС
- 1.11 Реестр и карточка задолженностей по договорам (контур поставщика)","Все задачи этапа закрыты по DoD
Критерии приёмки ТЗ, относящиеся к этапу, пройдены на тестовом контуре
Демонстрация результата этапа Заказчику проведена
Замечания по этапу внесены в бэклог или закрыты"
"","MVP-2. Мероприятия и коммуникации, шаблоны, конструктор сценариев, задания","Система выполняет действия по долгу: рассылает e-mail, формирует пакет предупреждений в PDF, ставит и согласует задания на отключение услуг поставщику, прогоняет цепочки действий по сценариям и снимает меры при оплате. Появляется модуль заданий с панелью уведомлений.

Разделы ТЗ: 4.2.1.2, 4.2.3.1, 4.2.3.3–4.2.3.8, 4.2.5, 4.2.6, 4.2.10.7

Пакеты работ:
- 2.1 Ядро мероприятий и реестр мероприятий
- 2.2 Запуск мероприятий из реестра
- 2.3 Рассылка уведомлений по e-mail (SMTP)
- 2.4 Конструктор шаблонов сообщений
- 2.5 Конструктор шаблонов печатных форм
- 2.6 Предупреждения: формирование и вручение
- 2.7 Отключение (приостановление) услуг
- 2.8 Модуль «Задания»
- 2.9 Конструктор сценариев (триггеры и действия)
- 2.10 Сквозная автоматика при оплате и обратная выгрузка","Все задачи этапа закрыты по DoD
Критерии приёмки ТЗ, относящиеся к этапу, пройдены на тестовом контуре
Демонстрация результата этапа Заказчику проведена
Замечания по этапу внесены в бэклог или закрыты"
"","MVP-3. Воронка взыскания ЮС (нотариат, суд, ОПИ, списание) и автообзвон Asterisk","Рабочее место юриста: канбан воронки взыскания с чек-листами, исполнительные надписи, иски, ОПИ и подготовка списания — пока без автоинтеграций с нотариатом и Минюстом (документы и статусы вручную/сканами). Параллельно — массовый голосовой обзвон через Asterisk AMI.

Разделы ТЗ: 4.2.3.2, 4.2.4, 4.2.5.2, 4.2.10.6

Пакеты работ:
- 3.1 Воронка взыскания: канбан и чек-листы этапов
- 3.2 Справочники для претензионно-исковой работы
- 3.3 Исполнительная надпись (ручной контур)
- 3.4 Исковые заявления (ручной контур)
- 3.5 Органы принудительного исполнения (ручной контур)
- 3.6 Подготовка документов о списании безнадёжной задолженности
- 3.7 Расширение сценариев под ЮС
- 3.8 Автообзвон: доменная логика
- 3.9 Интеграция с телефонией Asterisk (AMI)
- 3.10 Информационная безопасность ПИР","Все задачи этапа закрыты по DoD
Критерии приёмки ТЗ, относящиеся к этапу, пройдены на тестовом контуре
Демонстрация результата этапа Заказчику проведена
Замечания по этапу внесены в бэклог или закрыты"
"","MVP-4. Отчёты и сводные показатели, внешние интеграции, ИБ и НФТ, документация и приёмка","Система готова к реальной работе пилотной организации: отчёты для руководства и дашборды, внешние интеграции подключаются по готовности сторон (без блокировки пилота), выполнены требования ИБ и НФТ, проведены нагрузочные и приёмочные испытания, подготовлена документация.

Разделы ТЗ: 4.2.7, 4.2.10.4, 4.2.10.5, 4.2.10.8, 4.2.11, 4.4, разделы 5–8

Пакеты работ:
- 4.1 Отчётный слой и общие механизмы отчётов
- 4.2 Отчёты о состоянии и динамике задолженности
- 4.3 Отчёты об эффективности мероприятий и работе пользователей
- 4.4 Анализ перманентности задолженности
- 4.5 Отчёты по этапам взыскания, тарифам, отключениям и списанию
- 4.6 Конструктор отчётов
- 4.7 Модуль «Сводные показатели» (дашборды и карта)
- 4.8 Интеграция с РУП «Белпочта»
- 4.9 Интеграция с Белорусской нотариальной палатой
- 4.10 Интеграция с АИС ПРИС / ОАИС (сервисы 3.11.01–3.11.05)
- 4.11 Модуль «Интеграции»: технические настройки и мониторинг
- 4.12 Информационная безопасность
- 4.13 Архивирование, резервное копирование, надёжность
- 4.14 Нагрузочное тестирование и НФТ
- 4.15 Документация
- 4.16 Тестовый сервер, испытания, пилот и приёмка","Все задачи этапа закрыты по DoD
Критерии приёмки ТЗ, относящиеся к этапу, пройдены на тестовом контуре
Демонстрация результата этапа Заказчику проведена
Замечания по этапу внесены в бэклог или закрыты"
"MVP-1. Платформа, НСИ, администрирование, обмен с АИС «Расчет-ЖКУ», реестры и карточки","M1-01-01 [1.1 Архитектура и инфраструктура] Архитектурное решение и декомпозиция на микросервисы [ТЗ 4.1, 4.4.8]","Подготовить документ архитектуры: состав микросервисов по модулям ТЗ (реестры, мероприятия, ПИР, сценарии, задания, отчёты, НСИ, администрирование, интеграции, сводные показатели), шина обмена (Kafka/RabbitMQ), API-шлюз (APISIX/KrakenD), service discovery (Eureka), кэш (Redis/Ignite), оркестрация регламентов (Airflow). Зафиксировать режимы функционирования: штатный, ночной обмен, ограниченная функциональность при недоступности АИС, аварийный.

Пункт ТЗ: 4.1, 4.4.8
Пакет работ: 1.1 Архитектура и инфраструктура
Фаза: Фаза 0. Фундамент — пункт чек-листа «Архитектура системы»
Макеты/артефакты:
- Основные документы/TZ_ERIP_v1_2_Сводный.docx
- Основные документы/План реализации проекта ЕРИП.docx","Документ архитектуры (C4: контекст, контейнеры) согласован тимлидом и Заказчиком
Для каждого модуля ТЗ 4.2.1–4.2.11 определён владелец-сервис и контракты API
Описаны 4 режима функционирования и поведение сервисов в каждом
Стек соответствует таблице ТЗ 4.4.8 (open source, PostgreSQL vanilla, Linux, x86-64)"
"MVP-1. Платформа, НСИ, администрирование, обмен с АИС «Расчет-ЖКУ», реестры и карточки","M1-01-02 [1.1 Архитектура и инфраструктура] Репозиторий, GitLab CI/CD и правила разработки [ТЗ 4.4.8]","Монорепозиторий или набор репозиториев в Git Заказчика, пайплайны GitLab CI: сборка, unit-тесты, статанализ, сборка контейнеров, публикация в registry, деплой в тестовый контур. Правила ветвления, code review, версионирование API.

Пункт ТЗ: 4.4.8
Пакет работ: 1.1 Архитектура и инфраструктура
Фаза: Фаза 0. Фундамент — пункт чек-листа «Репозиторий и CI/CD»
Макеты/артефакты:
- Основные документы/TZ_ERIP_v1_2_Сводный.docx","Исходный код хранится и собирается на стороне Заказчика
Пайплайн собирает все сервисы и фронтенд за один запуск
Merge в основную ветку невозможен без зелёного пайплайна и ревью
README с инструкцией локального запуска"
"MVP-1. Платформа, НСИ, администрирование, обмен с АИС «Расчет-ЖКУ», реестры и карточки","M1-01-03 [1.1 Архитектура и инфраструктура] Контейнеризация и манифесты развёртывания (Kubernetes/Podman) [ТЗ 4.4.3, 4.4.6, 4.4.8]","Dockerfile для каждого сервиса, манифесты развёртывания, конфигурация через переменные окружения и секреты, горизонтальное масштабирование stateless-сервисов, health/readiness-пробы.

Пункт ТЗ: 4.4.3, 4.4.6, 4.4.8
Пакет работ: 1.1 Архитектура и инфраструктура
Фаза: Фаза 0. Фундамент — пункт чек-листа «Контейнеризация»
Макеты/артефакты:
- Основные документы/TZ_ERIP_v1_2_Сводный.docx","Все сервисы стартуют в кластере одной командой из манифестов
Проверено масштабирование сервиса реестров до 2+ реплик без потери сессий
Пробы живости/готовности настроены, автоперезапуск при падении работает"
"MVP-1. Платформа, НСИ, администрирование, обмен с АИС «Расчет-ЖКУ», реестры и карточки","M1-01-04 [1.1 Архитектура и инфраструктура] PostgreSQL: кластер, схемы, миграции, отдельная архивная БД [ТЗ 4.4.6, 4.4.8, 4.4.11]","Развернуть PostgreSQL (vanilla) с репликацией, версионными миграциями схемы, отдельной базой для архивного («холодного») хранилища. Стратегия партиционирования крупных таблиц (начисления/остатки по периодам, история, аудит) под 1,5 млн ЛС.

Пункт ТЗ: 4.4.6, 4.4.8, 4.4.11
Пакет работ: 1.1 Архитектура и инфраструктура
Фаза: Фаза 0. Фундамент — пункт чек-листа «PostgreSQL и архивная БД»
Макеты/артефакты:
- Основные документы/TZ_ERIP_v1_2_Сводный.docx
- Протоколы встреч/ПРОТОКОЛ ВСТРЕЧИ 1.pdf","Миграции применяются автоматически в пайплайне
Архивная БД развёрнута отдельно от оперативной
Партиционирование таблиц истории/аудита описано и реализовано
Резервная копия и восстановление проверены на стенде"
"MVP-1. Платформа, НСИ, администрирование, обмен с АИС «Расчет-ЖКУ», реестры и карточки","M1-01-05 [1.1 Архитектура и инфраструктура] Централизованное логирование и мониторинг (ELK/OpenSearch, Prometheus, Grafana, AlertManager) [ТЗ 4.4.5]","Сбор логов всех сервисов в ELK/OpenSearch, метрики в Prometheus, дашборды Grafana (доступность, CPU/RAM, соединения, БД, очереди, регламентные задания), алерты. Хранение логов ≥12 мес., журналов запросов/событий ≥3 лет.

Пункт ТЗ: 4.4.5
Пакет работ: 1.1 Архитектура и инфраструктура
Фаза: Фаза 9. ИБ и НФТ — пункт чек-листа «Логирование и мониторинг»
Макеты/артефакты:
- Основные документы/TZ_ERIP_v1_2_Сводный.docx","Логи всех сервисов доступны в едином поиске с корреляционным ID запроса
Дашборд состояния системы и алерт «ночная загрузка не выполнена»
Политика хранения логов 12 мес./журналов 3 года настроена
Доступ к логам только у уполномоченных администраторов"
"MVP-1. Платформа, НСИ, администрирование, обмен с АИС «Расчет-ЖКУ», реестры и карточки","M1-01-06 [1.1 Архитектура и инфраструктура] Развёртывание тестового контура в среде Заказчика [ТЗ 5 (этап 2), 4.4.13, 7]","Подготовить и развернуть тестовый контур ПМ на площадке Заказчика (доступ разработчиков только на территории Заказчика, без VPN — протокол встречи №1, п. 7). Настроить доступ к тестовым выгрузкам АИС и тестовому Asterisk.

Пункт ТЗ: 5 (этап 2), 4.4.13, 7
Пакет работ: 1.1 Архитектура и инфраструктура
Фаза: Фаза 10. Приёмка — пункт чек-листа «Тестовый контур»
Макеты/артефакты:
- Основные документы/TZ_ERIP_v1_2_Сводный.docx
- Протоколы встреч/ПРОТОКОЛ ВСТРЕЧИ 1.pdf","Тестовый контур развёрнут и доступен пользователям Заказчика
Оформлен протокол готовности тестового контура (срок по ТЗ — 15.10.2026)
Описан регламент обновления стенда новыми версиями"
"MVP-1. Платформа, НСИ, администрирование, обмен с АИС «Расчет-ЖКУ», реестры и карточки","M1-02-01 [1.2 Модель данных] Логическая модель данных сквозных сущностей [ТЗ 4.1, 4.3]","Спроектировать модель: схема начисляющей организации, обслуживающая организация, поставщик, услуга, ЛС (ID + символьный номер + единый номер), договор/услуга поставщика, плательщик/солидарный должник/зарегистрированные лица, остатки долга и пени по периодам и услугам, группа, рейтинг, этап воронки, мероприятие (списочное/частное), задание, документ, контакт, история изменений.

Пункт ТЗ: 4.1, 4.3
Пакет работ: 1.2 Модель данных
Фаза: Фаза 0. Фундамент — пункт чек-листа «Модель данных»
Макеты/артефакты:
- Основные документы/TZ_ERIP_v1_2_Сводный.docx
- Протоколы встреч/ПРОТОКОЛ СОВЕЩАНИЯ № 4 от 23.06.pdf
- Референсы программы _Расчет ЖКУ_/Карточка ЛС- вкладка услуги.jpg
- Референсы программы _Расчет ЖКУ_/Расчет задолженности.jpg","ER-диаграмма согласована тимлидом
Ключ ЛС = обслуживающая организация + номер ЛС; учтены ведущие нули номера
Разделены поля «из АИС» (только чтение) и «внесено в ПМ»
Модель покрывает поля реестров и карточек ТЗ 4.2.1.2–4.2.2.3"
"MVP-1. Платформа, НСИ, администрирование, обмен с АИС «Расчет-ЖКУ», реестры и карточки","M1-03-01 [1.3 Каркас веб-интерфейса] Оболочка приложения (Angular): меню модулей, шапка, профиль, выход [ТЗ 3, 4.4.10]","Каркас SPA на Angular: левое меню модулей, переключатель модулей верхнего уровня (реестры, аналитика, контакты/справочники, интеграции — замечания 20 июля), шапка с пользователем и выходом, единое дизайн-руководство без перегруженности элементами.

Пункт ТЗ: 3, 4.4.10
Пакет работ: 1.3 Каркас веб-интерфейса
Фаза: Фаза 0. Фундамент — пункт чек-листа «Оболочка интерфейса»
Макеты/артефакты:
- UI макеты/01_Канбан-доска по группе (Группа 2).png
- UI макеты/06_Канбан-доска — все группы.png
- Скрины odoo
- odoo_screens
- Совещания/20 июля замечания.pdf","Навигация по всем модулям-заглушкам работает
Дизайн-руководство (цвета, типографика, компоненты) утверждено
Работа в нескольких вкладках браузера без потери сессии"
"MVP-1. Платформа, НСИ, администрирование, обмен с АИС «Расчет-ЖКУ», реестры и карточки","M1-03-02 [1.3 Каркас веб-интерфейса] Отображение операционной даты и даты последнего обновления из АИС [ТЗ 4.1, 4.2.1.1]","В шапке и в модулях показывать операционную дату (текущий период схемы) и дату последнего обновления (или загрузки) данных из АИС «Расчет-ЖКУ»; значения могут различаться по схемам.

Пункт ТЗ: 4.1, 4.2.1.1
Пакет работ: 1.3 Каркас веб-интерфейса
Фаза: Фаза 0. Фундамент — пункт чек-листа «Операционная дата»
Макеты/артефакты:
- UI макеты/02_Карточка задолженности по ЛС.png
- Основные документы/TZ_ERIP_v1_2_Сводный.docx","Даты берутся из данных импорта по конкретной схеме
При мультисхемном доступе даты показываются для активной схемы
Даты видны в реестре и карточке ЛС"
"MVP-1. Платформа, НСИ, администрирование, обмен с АИС «Расчет-ЖКУ», реестры и карточки","M1-03-03 [1.3 Каркас веб-интерфейса] Универсальный конструктор фильтров (базовый компонент) [ТЗ 3, 4.2.1.1, 4.2.7.6]","Переиспользуемый компонент: динамическое добавление условий (поле, оператор, значение), группировка по произвольному полю, период, сохранение избранных фильтров (личные/общие). Контур видимости определяется ролью автоматически — фильтры остаются дополнительным удобством (замечания 17 июля, п. 3).

Пункт ТЗ: 3, 4.2.1.1, 4.2.7.6
Пакет работ: 1.3 Каркас веб-интерфейса
Фаза: Фаза 0. Фундамент — пункт чек-листа «Конструктор фильтров»
Макеты/артефакты:
- UI макеты/05_Универсальный фильтр реестров.png
- Совещания/замечания 17 июля кратко.docx
- Совещания/20 июля замечания.pdf","Компонент используется в реестрах ЛС, договоров, мероприятий, заданий и в отчётах
Сохранённый фильтр восстанавливается после повторного входа
Пользователю не нужно вручную выбирать организацию при входе — контур применяется по правам"
"MVP-1. Платформа, НСИ, администрирование, обмен с АИС «Расчет-ЖКУ», реестры и карточки","M1-03-04 [1.3 Каркас веб-интерфейса] Панель уведомлений (входящие оповещения) [ТЗ Глоссарий, 4.2.3.5, 4.2.6.5]","Сворачиваемая панель/колонка уведомлений со счётчиком непрочитанных, хронологией, отметкой «прочитано», переходом в карточку. Основа для заданий на отключение, согласований, новых документов от робота БНП (замечания 20 июля).

Пункт ТЗ: Глоссарий, 4.2.3.5, 4.2.6.5
Пакет работ: 1.3 Каркас веб-интерфейса
Фаза: Фаза 0. Фундамент — пункт чек-листа «Панель уведомлений»
Макеты/артефакты:
- Совещания/20 июля замечания.pdf
- UI макеты/01_Канбан-доска по группе (Группа 2).png","Счётчик непрочитанных обновляется без перезагрузки страницы
Прочитанные уведомления остаются в списке ниже непрочитанных
Клик по уведомлению открывает связанный объект"
"MVP-1. Платформа, НСИ, администрирование, обмен с АИС «Расчет-ЖКУ», реестры и карточки","M1-04-01 [1.4 Аутентификация, сессии и аудит доступа] Вход по логину и паролю, политика паролей, блокировка учётной записи [ТЗ 4.4.4]","Экран входа; настраиваемые правила сложности и смены пароля; блокировка после N неудачных попыток; автоблокировка сессии по бездействию; блокировка по запросу администратора. Интеграция с AD/LDAP не выполняется (исключена Заказчиком).

Пункт ТЗ: 4.4.4
Пакет работ: 1.4 Аутентификация, сессии и аудит доступа
Фаза: Фаза 0. Фундамент — пункт чек-листа «Вход и политика паролей»
Макеты/артефакты:
- Основные документы/TZ_ERIP_v1_2_Сводный.docx
- Совещания/замечания 17 июля кратко.docx","Политика паролей настраивается администратором без кода
Сессия завершается по таймауту бездействия
Заблокированный пользователь не может войти, событие пишется в аудит"
"MVP-1. Платформа, НСИ, администрирование, обмен с АИС «Расчет-ЖКУ», реестры и карточки","M1-04-02 [1.4 Аутентификация, сессии и аудит доступа] Журнал аудита действий пользователей, включая просмотр карточек [ТЗ 4.4.4, 4.2.4.10]","Аудит входа/выхода, просмотров карточек и реестров (персональные данные), изменений данных, юридически значимых действий (инициирование взыскания, подписание пакета, списание) с полями дата-время, учётная запись, IP, объект, до/после.

Пункт ТЗ: 4.4.4, 4.2.4.10
Пакет работ: 1.4 Аутентификация, сессии и аудит доступа
Фаза: Фаза 0. Фундамент — пункт чек-листа «Журнал аудита»
Макеты/артефакты:
- Основные документы/TZ_ERIP_v1_2_Сводный.docx","Просмотр карточки ЛС фиксируется в журнале
Журнал доступен только уполномоченным администраторам, с фильтрами
Записи аудита нельзя изменить или удалить из интерфейса"
"MVP-1. Платформа, НСИ, администрирование, обмен с АИС «Расчет-ЖКУ», реестры и карточки","M1-05-01 [1.5 Администрирование: организации, пользователи, роли, контуры доступа] Управление схемами начисляющих организаций [ТЗ 4.2.9.2]","Суперадминистратор создаёт/деактивирует схему начисляющей организации с реквизитами, назначает локальных администраторов, включает/выключает модули для организации (например, ПИР).

Пункт ТЗ: 4.2.9.2
Требования ТЗ: FR-ADM-01, ADM-T-01
Пакет работ: 1.5 Администрирование: организации, пользователи, роли, контуры доступа
Фаза: Фаза 0. Фундамент — пункт чек-листа «Схемы организаций»
Макеты/артефакты:
- UI макеты/17_Организации и пользователи.png
- Основные документы/TZ_ERIP_v1_2_Сводный.docx","Создание схемы с назначением локального администратора и рассылкой приглашения (FR-ADM-01)
Выключенный модуль не отображается пользователям организации
Деактивация схемы не удаляет данные"
"MVP-1. Платформа, НСИ, администрирование, обмен с АИС «Расчет-ЖКУ», реестры и карточки","M1-05-02 [1.5 Администрирование: организации, пользователи, роли, контуры доступа] Пользователи и роли (модуль «Контакты»/«Организации и пользователи») [ТЗ 4.2.9.3, Приложение 1]","CRUD учётных записей: ФИО, должность, e-mail, рабочий/мобильный телефон, заметки; назначение ролей: суперадминистратор, локальный администратор, специалист, специалист с правами согласования, специалист ЮС, специалист ЮС с правами согласования, специалист поставщика, наблюдатель (аудитор), специалист «Просмотр», орган госуправления. Иерархия: суперадмин заводит локальных админов и наблюдателей, локальный админ — пользователей своей схемы.

Пункт ТЗ: 4.2.9.3, Приложение 1
Пакет работ: 1.5 Администрирование: организации, пользователи, роли, контуры доступа
Фаза: Фаза 0. Фундамент — пункт чек-листа «Пользователи и роли»
Макеты/артефакты:
- UI макеты/17_Организации и пользователи.png
- Совещания/20 июля замечания.pdf
- Совещания/замечания 17 июля кратко.docx","Все роли Приложения 1 доступны для назначения
Локальный администратор не видит пользователей чужих схем
История изменений учётных записей ведётся"
"MVP-1. Платформа, НСИ, администрирование, обмен с АИС «Расчет-ЖКУ», реестры и карточки","M1-05-03 [1.5 Администрирование: организации, пользователи, роли, контуры доступа] Контуры доступа: схема → обслуживающие организации → услуги [ТЗ 4.2.9, 4.2.9.4, 4.4.4]","Назначение пользователю одной/нескольких/всех обслуживающих организаций и услуг в схеме; пустой выбор = доступ ко всем в рамках схемы. Контур поставщика — только услуги, где организация назначена поставщиком в АИС. Фильтрация на уровне сервисов данных (не только UI).

Пункт ТЗ: 4.2.9, 4.2.9.4, 4.4.4
Пакет работ: 1.5 Администрирование: организации, пользователи, роли, контуры доступа
Фаза: Фаза 0. Фундамент — пункт чек-листа «Контуры доступа»
Макеты/артефакты:
- UI макеты/17_Организации и пользователи.png
- Основные документы/TZ_ERIP_v1_2_Сводный.docx","Пользователь обслуживающей организации не получает данные другой организации ни в UI, ни через API
Пустой список ограничений даёт доступ ко всей схеме
Автотесты на изоляцию контуров для каждой роли"
"MVP-1. Платформа, НСИ, администрирование, обмен с АИС «Расчет-ЖКУ», реестры и карточки","M1-05-04 [1.5 Администрирование: организации, пользователи, роли, контуры доступа] Мультисхемный доступ и маркировка схемы [ТЗ 4.2.9.4]","Пользователь может быть назначен на несколько схем; в интерфейсе всегда видна активная схема/ОО; массовые операции выполняются только в пределах одной выбранной схемы.

Пункт ТЗ: 4.2.9.4
Требования ТЗ: FR-ADM-03, ADM-T-03
Пакет работ: 1.5 Администрирование: организации, пользователи, роли, контуры доступа
Фаза: Фаза 0. Фундамент — пункт чек-листа «Мультисхемный доступ»
Макеты/артефакты:
- Основные документы/TZ_ERIP_v1_2_Сводный.docx","Массовое мероприятие по ЛС из разных схем заблокировано с понятным сообщением
Смена активной схемы не требует повторного входа
ADM-T-03 пройден"
"MVP-1. Платформа, НСИ, администрирование, обмен с АИС «Расчет-ЖКУ», реестры и карточки","M1-05-05 [1.5 Администрирование: организации, пользователи, роли, контуры доступа] Пользовательские группы прав [ТЗ 4.2.9.3]","Конструктор групп прав с детализацией просмотр/редактирование/согласование по модулям для случаев, когда типовых ролей недостаточно. Право работы с конструктором сценариев — только у администраторов.

Пункт ТЗ: 4.2.9.3
Пакет работ: 1.5 Администрирование: организации, пользователи, роли, контуры доступа
Фаза: Фаза 0. Фундамент — пункт чек-листа «Группы прав»
Макеты/артефакты:
- UI макеты/17_Организации и пользователи.png
- Совещания/замечания 17 июля кратко.docx","Группа прав применяется к пользователю вместе с ролью
Специалист без прав не видит конструктор сценариев
Матрица «роль × модуль» соответствует Приложению 1"
"MVP-1. Платформа, НСИ, администрирование, обмен с АИС «Расчет-ЖКУ», реестры и карточки","M1-05-06 [1.5 Администрирование: организации, пользователи, роли, контуры доступа] Деактивация пользователя с переносом заданий и закреплённых ЛС [ТЗ 4.2.9.3, 4.2.6.3]","При деактивации система показывает открытые задания, частные мероприятия и закреплённые ЛС и требует выбрать получателя; перенос массовый, получатель уведомляется.

Пункт ТЗ: 4.2.9.3, 4.2.6.3
Требования ТЗ: FR-ADM-02, FR-TSK-03, ADM-T-02
Пакет работ: 1.5 Администрирование: организации, пользователи, роли, контуры доступа
Фаза: Фаза 0. Фундамент — пункт чек-листа «Деактивация пользователя»
Макеты/артефакты:
- UI макеты/17_Организации и пользователи.png
- UI макеты/15_Реестр заданий.png","Деактивация невозможна без выбора получателя при наличии открытых заданий
Все задания и закреплённые ЛС переданы, получатель уведомлён
ADM-T-02 пройден"
"MVP-1. Платформа, НСИ, администрирование, обмен с АИС «Расчет-ЖКУ», реестры и карточки","M1-06-01 [1.6 НСИ (справочники)] Платформа справочников: историчность, деактивация, журнал изменений [ТЗ 4.2.8.1, 4.4.7]","Общий механизм справочников: централизованные (Заказчик) и локальные (схема), поиск/фильтр/сортировка, валидация форматов, запрет физического удаления используемых записей, журнал изменений. В UI справочники организаций группируются по категориям (суд, нотариус, ОПИ, поставщик) — предложение 20 июля.

Пункт ТЗ: 4.2.8.1, 4.4.7
Требования ТЗ: FR-NSI-01, NSI-T-01
Пакет работ: 1.6 НСИ (справочники)
Фаза: Фаза 0. Фундамент — пункт чек-листа «Платформа справочников»
Макеты/артефакты:
- Основные документы/TZ_ERIP_v1_2_Сводный.docx
- Совещания/20 июля замечания.pdf","Удаление используемой записи невозможно — только деактивация
Локальная запись видна только своей схеме
NSI-T-01 пройден"
"MVP-1. Платформа, НСИ, администрирование, обмен с АИС «Расчет-ЖКУ», реестры и карточки","M1-06-02 [1.6 НСИ (справочники)] Справочник обслуживающих организаций и поставщиков услуг (загрузка из АИС) [ТЗ 4.2.8.6]","Начисляющие/обслуживающие организации и поставщики с реквизитами и перечнем услуг загружаются из АИС «Расчет-ЖКУ»; ручное ведение — только суперадминистратор.

Пункт ТЗ: 4.2.8.6
Пакет работ: 1.6 НСИ (справочники)
Фаза: Фаза 0. Фундамент — пункт чек-листа «Справочник организаций»
Макеты/артефакты:
- Основные документы/TZ_ERIP_v1_2_Сводный.docx","Справочник заполняется при первичной загрузке
Изменение реквизитов в АИС отражается после ночной загрузки
Связь услуга → поставщик используется для маршрутизации заданий на отключение"
"MVP-1. Платформа, НСИ, администрирование, обмен с АИС «Расчет-ЖКУ», реестры и карточки","M1-06-03 [1.6 НСИ (справочники)] Справочники категорий должников и категорий задолженности [ТЗ 4.2.8.5, 4.2.1.4]","Базовый централизованный перечень (бывший собственник, наниматель госфонда, умерший, недееспособный, многодетная, малообеспеченная семья, безработный, инвалид и др.) с возможностью локальной настройки по решению Заказчика. Категории задолженности: безнадёжная, спорная, реструктурированная и т.п.

Пункт ТЗ: 4.2.8.5, 4.2.1.4
Пакет работ: 1.6 НСИ (справочники)
Фаза: Фаза 0. Фундамент — пункт чек-листа «Категории должников»
Макеты/артефакты:
- Примеры форм отчетов из АИС _Расчет ЖКУ_/Информация о просроченной задолженности по категориям лицевого счета r99195.pdf
- Протоколы встреч/ПРОТОКОЛ СОВЕЩАНИЯ № 2  г.pdf
- Протоколы встреч/ПРОТОКОЛ СОВЕЩАНИЯ на базе РСЦ Минска 17 06 26.pdf","Базовые категории поставляются как сиды
Локальное дополнение доступно только при включённой настройке
Категории доступны для присвоения в карточке и в фильтрах"
"MVP-1. Платформа, НСИ, администрирование, обмен с АИС «Расчет-ЖКУ», реестры и карточки","M1-06-04 [1.6 НСИ (справочники)] Шкала групп задолженности и правил рейтинга (параметр НСИ) [ТЗ 4.2.1.5, 4.2.5.6, 4.2.8.7]","Параметры: границы групп 1–6 (по умолчанию <2, 2–3, 3–6, 6–12, 12–36, >36 мес.), рейтинги A–E с подрейтингами, период N, порог «устойчивой просрочки» M, порог остатка для закрытия цикла. Редактирование — только суперадминистратор, с проверкой непересечения и отсутствия пропусков.

Пункт ТЗ: 4.2.1.5, 4.2.5.6, 4.2.8.7
Требования ТЗ: FR-CFG-05, CFG-T-05
Пакет работ: 1.6 НСИ (справочники)
Фаза: Фаза 0. Фундамент — пункт чек-листа «Шкала групп и рейтинга»
Макеты/артефакты:
- UI макеты/16_Настройка правил рейтинга и групп.png
- Основные документы/TZ_ERIP_v1_2_Сводный.docx","Сохранение с пересекающимися или разрывными границами невозможно
Изменения применяются к следующему регламентному пересчёту, история не переписывается
Изменения фиксируются в журнале"
"MVP-1. Платформа, НСИ, администрирование, обмен с АИС «Расчет-ЖКУ», реестры и карточки","M1-06-05 [1.6 НСИ (справочники)] Прочие справочники: виды мероприятий, виды исков и оснований выселения [ТЗ 4.2.8.7]","Справочник видов мероприятий (для конструктора сценариев), видов исков (взыскание; ст. 80, 86, 87, 137 ЖК), перечень отключаемых услуг (ГВС/подогрев, ХВС, водоотведение, газ, тепло, электроэнергия).

Пункт ТЗ: 4.2.8.7
Пакет работ: 1.6 НСИ (справочники)
Фаза: Фаза 0. Фундамент — пункт чек-листа «Прочие справочники»
Макеты/артефакты:
- Основные документы/TZ_ERIP_v1_2_Сводный.docx
- Референсы программы _Расчет ЖКУ_/Форма на добавление искового заявления на выселение.jpg","Сиды загружены
Справочники используются в формах мероприятий и исков
Записи деактивируются, а не удаляются"
"MVP-1. Платформа, НСИ, администрирование, обмен с АИС «Расчет-ЖКУ», реестры и карточки","M1-07-01 [1.7 Интеграция с АИС «Расчет-ЖКУ» (входящий поток)] Спецификация CSV-обмена с АИС (входящий и обратный поток) [ТЗ 4.2.10.3]","Совместно с командой АИС согласовать состав полей, кодировку, разделители, именование файлов, периодичность, канал (SFTP/защищённая папка): ЛС, договоры/услуги, начисления/оплаты/распределение по периодам, остатки долга и пени, плательщики/солидарные должники, доп. параметры лица, контакты, признак поставщика, сущности надписей/исков, операционная дата. Подготовить CSV-шаблон обратной выгрузки (обязательство по замечаниям 17 июля).

Пункт ТЗ: 4.2.10.3
Пакет работ: 1.7 Интеграция с АИС «Расчет-ЖКУ» (входящий поток)
Фаза: Фаза 8. Интеграции — пункт чек-листа «Спецификация обмена АИС»
Макеты/артефакты:
- Основные документы/TZ_ERIP_v1_2_Сводный.docx
- Протоколы встреч/ПРОТОКОЛ ВСТРЕЧИ 1.pdf
- Протоколы встреч/ПРОТОКОЛ СОВЕЩАНИЯ № 4 от 23.06.pdf
- Совещания/замечания 17 июля кратко.docx
- Референсы программы _Расчет ЖКУ_/Распределение оплаты.jpg","Документ «Спецификация обмена ПМ ↔ АИС» подписан обеими сторонами
Приложены примеры файлов по каждому типу
Описаны правила идентификации записей и обработки удалений"
"MVP-1. Платформа, НСИ, администрирование, обмен с АИС «Расчет-ЖКУ», реестры и карточки","M1-07-02 [1.7 Интеграция с АИС «Расчет-ЖКУ» (входящий поток)] Забор файлов из каталога обмена/SFTP и оркестрация ночного регламента (Airflow) [ТЗ 4.2.10.2, 4.2.10.3]","DAG Airflow: ожидание файлов, проверка целостности/комплектности, постановка в очередь импорта, повтор при сбое, уведомление администраторов об ошибках. Интеграционный слой изолирован от прикладных модулей шиной, чтобы позднее перейти на API без изменения бизнес-логики.

Пункт ТЗ: 4.2.10.2, 4.2.10.3
Пакет работ: 1.7 Интеграция с АИС «Расчет-ЖКУ» (входящий поток)
Фаза: Фаза 8. Интеграции — пункт чек-листа «Ночной регламент»
Макеты/артефакты:
- Основные документы/TZ_ERIP_v1_2_Сводный.docx","Ночной регламент запускается по расписанию без ручных действий
При отсутствии файла система работает на ранее загруженных данных и пишет ошибку в журнал
Замена файлового адаптера на API не затрагивает прикладные сервисы (проверено архитектурным ревью)"
"MVP-1. Платформа, НСИ, администрирование, обмен с АИС «Расчет-ЖКУ», реестры и карточки","M1-07-03 [1.7 Интеграция с АИС «Расчет-ЖКУ» (входящий поток)] Импорт первичной и ежесуточной выгрузки: валидация, upsert, идемпотентность, журнал [ТЗ 4.2.1.1, 4.2.10.3]","Разбор CSV, валидация типов/обязательности, upsert по ключу «организация + номер ЛС», повторная загрузка того же файла не создаёт дублей, протокол загрузки (принято/отклонено/причины), данные АИС только для чтения. Объём: ~0,5 млн записей в месяц по группе 1.

Пункт ТЗ: 4.2.1.1, 4.2.10.3
Требования ТЗ: FR-DEBT-01, FR-DBR-01, FR-INT-01, DEBT-T-01, INT-T-01
Пакет работ: 1.7 Интеграция с АИС «Расчет-ЖКУ» (входящий поток)
Фаза: Фаза 8. Интеграции — пункт чек-листа «Импорт выгрузки АИС»
Макеты/артефакты:
- Основные документы/TZ_ERIP_v1_2_Сводный.docx
- Протоколы встреч/ПРОТОКОЛ СОВЕЩАНИЯ № 4 от 23.06.pdf","Повторная загрузка того же файла не меняет данные и не плодит дубли
Журнал загрузки показывает количество принятых и отклонённых строк с причинами
Загрузка 100 тыс. ЛС укладывается в ночное окно на стенде
INT-T-01 пройден"
"MVP-1. Платформа, НСИ, администрирование, обмен с АИС «Расчет-ЖКУ», реестры и карточки","M1-07-04 [1.7 Интеграция с АИС «Расчет-ЖКУ» (входящий поток)] Кнопка «Обновить сейчас» — внеочередное обновление по одному ЛС [ТЗ 4.2.1.4, 4.2.1.7, 4.2.10.3]","Точка API и кнопка в карточке ЛС: запрос актуальных данных по ЛС вне регламента (механизм на стороне АИС согласуется: внеочередной файл/запрос). Применяется прежде всего для снятия мер при оплате.

Пункт ТЗ: 4.2.1.4, 4.2.1.7, 4.2.10.3
Требования ТЗ: FR-DEBT-06, DEBT-T-06
Пакет работ: 1.7 Интеграция с АИС «Расчет-ЖКУ» (входящий поток)
Фаза: Фаза 8. Интеграции — пункт чек-листа ««Обновить сейчас»»
Макеты/артефакты:
- UI макеты/02_Карточка задолженности по ЛС.png
- Протоколы встреч/ПРОТОКОЛ ВСТРЕЧИ 1.pdf","Кнопка доступна в карточке ЛС и создаёт запрос с отслеживаемым статусом
После получения ответа карточка и группы пересчитываются
DEBT-T-06 пройден"
"MVP-1. Платформа, НСИ, администрирование, обмен с АИС «Расчет-ЖКУ», реестры и карточки","M1-07-05 [1.7 Интеграция с АИС «Расчет-ЖКУ» (входящий поток)] Реактивация карточки из архива и каркас обратного потока [ТЗ 4.4.2, 4.2.10.3]","При повторном появлении ЛС/договора в выгрузке карточка поднимается из «холодного» хранилища с историей, новая не создаётся. Заложить таблицу/очередь исходящих событий для обратной выгрузки в АИС.

Пункт ТЗ: 4.4.2, 4.2.10.3
Пакет работ: 1.7 Интеграция с АИС «Расчет-ЖКУ» (входящий поток)
Фаза: Фаза 8. Интеграции — пункт чек-листа «Реактивация из архива»
Макеты/артефакты:
- Основные документы/TZ_ERIP_v1_2_Сводный.docx
- Протоколы встреч/ПРОТОКОЛ ВСТРЕЧИ 1.pdf","Повторное появление ЛС в выгрузке восстанавливает архивную карточку с историей
Дубликат карточки по тому же идентификатору не создаётся
Очередь исходящих событий существует и наполняется при изменении статусов"
"MVP-1. Платформа, НСИ, администрирование, обмен с АИС «Расчет-ЖКУ», реестры и карточки","M1-08-01 [1.8 Расчёт группы задолженности и рейтинга] Расчёт группы задолженности по услугам/договорам и по ЛС [ТЗ 4.2.1.5]","Для каждого непогашенного начисления дата возникновения = день после окончания срока оплаты периода (например, 26 февраля за январь). Группа услуги/договора — по наиболее раннему непогашенному периоду по шкале НСИ; группа ЛС = максимальная группа среди услуг (для отображения и отчётов, не для автозапуска мер по «младшим» услугам). Пересчёт при каждой загрузке и частичной оплате.

Пункт ТЗ: 4.2.1.5
Требования ТЗ: FR-DEBT-02, DEBT-T-02
Пакет работ: 1.8 Расчёт группы задолженности и рейтинга
Фаза: Фаза 1. Реестр ЛС — пункт чек-листа «Расчёт группы долга»
Макеты/артефакты:
- UI макеты/02_Карточка задолженности по ЛС.png
- UI макеты/16_Настройка правил рейтинга и групп.png
- Референсы программы _Расчет ЖКУ_/Расчет задолженности.jpg
- Примеры форм отчетов из АИС _Расчет ЖКУ_/Расчёт задолженности r99117.pdf
- Примеры форм отчетов из АИС _Расчет ЖКУ_/Ведомость текущей задолженности r99055.pdf","Контрольный пример «7 мес. газ / 1 мес. вода» даёт разные группы услуг и группу ЛС = группе газа
Частичная оплата пересчитывает группу затронутых услуг
Изменения группы пишутся в историю
DEBT-T-02 пройден на контрольном наборе Заказчика"
"MVP-1. Платформа, НСИ, администрирование, обмен с АИС «Расчет-ЖКУ», реестры и карточки","M1-08-02 [1.8 Расчёт группы задолженности и рейтинга] Расчёт рейтинга должника A–E с подрейтингами по циклам задолженности [ТЗ 4.2.1.5]","Рейтинг по ЛС: A (группы 1–2), B (группа 3), C (группы 4–5), D (группы 4–5 + отягчающие признаки: не занят в экономике, банкротство ЮЛ, иные по НСИ), E (группа 6). Подрейтинг /N — число циклов попадания в группы за период N; цикл закрывается при остатке ≤ порога. Устойчивая просрочка — не менее M мес.

Пункт ТЗ: 4.2.1.5
Требования ТЗ: FR-DEBT-02, UC-DEBT-02
Пакет работ: 1.8 Расчёт группы задолженности и рейтинга
Фаза: Фаза 1. Реестр ЛС — пункт чек-листа «Рейтинг A–E»
Макеты/артефакты:
- UI макеты/16_Настройка правил рейтинга и групп.png
- UI макеты/13_Карточка должника.png
- Референсы программы _Расчет ЖКУ_/Дополнительные парамерты лица.jpg","UC-DEBT-02: при признаке «не занят в экономике» и устойчивой просрочке присваивается D
Подрейтинг растёт при повторном цикле задолженности
История рейтинга отображается в карточке"
"MVP-1. Платформа, НСИ, администрирование, обмен с АИС «Расчет-ЖКУ», реестры и карточки","M1-08-03 [1.8 Расчёт группы задолженности и рейтинга] Ручная корректировка группы задолженности с причиной [ТЗ 4.2.1.5]","Кнопка «Изменить группу» с обязательной причиной; корректировка не затирается ежедневной загрузкой до отмены или смены оснований; применяются мероприятия, соответствующие новой группе.

Пункт ТЗ: 4.2.1.5
Требования ТЗ: FR-DEBT-09, DEBT-T-09
Пакет работ: 1.8 Расчёт группы задолженности и рейтинга
Фаза: Фаза 1. Реестр ЛС — пункт чек-листа «Ручная смена группы»
Макеты/артефакты:
- UI макеты/02_Карточка задолженности по ЛС.png","Без причины сохранение невозможно
Ночная загрузка не перезаписывает ручную группу
DEBT-T-09 пройден"
"MVP-1. Платформа, НСИ, администрирование, обмен с АИС «Расчет-ЖКУ», реестры и карточки","M1-09-01 [1.9 Реестр задолженностей по ЛС] Реестр по ЛС — представление «список» на больших объёмах [ТЗ 4.2.1.2]","Колонки: обслуживающая организация, номер ЛС, единый номер ЛС, адрес, должник (ФИО/наименование, ИН/УНП), рейтинг, дата возникновения и сумма (долг + пеня), группа, сценарий, закреплённый специалист, тип собственности, месяцев долга, проживающих, этап воронки. Серверная пагинация и сортировка, поиск по номеру ЛС/ФИО/адресу. Рассчитан на до 1,5 млн ЛС.

Пункт ТЗ: 4.2.1.2
Требования ТЗ: FR-DEBT-03, DEBT-T-03
Пакет работ: 1.9 Реестр задолженностей по ЛС
Фаза: Фаза 1. Реестр ЛС — пункт чек-листа «Реестр ЛС: список»
Макеты/артефакты:
- UI макеты/08_Реестр дел — список (все группы).png
- UI макеты/05_Универсальный фильтр реестров.png
- Примеры форм отчетов из АИС _Расчет ЖКУ_/Ведомость текущей задолженности r99055.pdf
- Примеры форм отчетов из АИС _Расчет ЖКУ_/Текущая задолженность на дату r99081.pdf","Открытие реестра на 100 тыс. ЛС без деградации сверх согласованных показателей
Поиск по номеру ЛС с ведущими нулями находит запись
Колонки настраиваются и сохраняются для пользователя
DEBT-T-03 пройден"
"MVP-1. Платформа, НСИ, администрирование, обмен с АИС «Расчет-ЖКУ», реестры и карточки","M1-09-02 [1.9 Реестр задолженностей по ЛС] Реестр по ЛС — представления «канбан» и «календарь» [ТЗ 4.2.1.1, 4.2.1.2]","Переключение представлений реестра: канбан по этапам воронки (упрощённые колонки в MVP-1, полная воронка — MVP-3) и календарь контрольных дат (истечение срока предупреждения, дедлайны). Группировка по группе задолженности цветом.

Пункт ТЗ: 4.2.1.1, 4.2.1.2
Требования ТЗ: FR-DEBT-07, UC-DEBT-03, DEBT-T-07
Пакет работ: 1.9 Реестр задолженностей по ЛС
Фаза: Фаза 1. Реестр ЛС — пункт чек-листа «Реестр ЛС: канбан, календарь»
Макеты/артефакты:
- UI макеты/06_Канбан-доска — все группы.png
- UI макеты/07_Канбан-доска — все группы, все статусы.png
- UI макеты/09_Календарь мероприятий (все группы).png
- canvases/cases-kanban.canvas.tsx","Переключение список/канбан/календарь сохраняет фильтр
UC-DEBT-03: канбан с сохранённым фильтром «группы 3–4 по своей организации»
DEBT-T-07 пройден"
"MVP-1. Платформа, НСИ, администрирование, обмен с АИС «Расчет-ЖКУ», реестры и карточки","M1-09-03 [1.9 Реестр задолженностей по ЛС] Экспорт реестра и выбор строк для массовых действий [ТЗ 4.2.1.2, 4.2.7.6]","Выделение строк (включая «все по фильтру»), экспорт в XLSX/CSV, панель массовых действий (заглушки мероприятий, наполняются в MVP-2).

Пункт ТЗ: 4.2.1.2, 4.2.7.6
Пакет работ: 1.9 Реестр задолженностей по ЛС
Фаза: Фаза 1. Реестр ЛС — пункт чек-листа «Экспорт и массовый выбор»
Макеты/артефакты:
- UI макеты/08_Реестр дел — список (все группы).png","Экспорт учитывает текущий фильтр и контур доступа
Выбор «все по фильтру» работает без загрузки всех строк в браузер
Панель массовых действий доступна по правам роли"
"MVP-1. Платформа, НСИ, администрирование, обмен с АИС «Расчет-ЖКУ», реестры и карточки","M1-10-01 [1.10 Карточка задолженности по ЛС] Карточка ЛС: общие сведения, услуги и поставщики с задолженностью [ТЗ 4.2.1.4]","Шапка с датами обновления; общие сведения (номер, ОО, адрес, тип собственности, площадь, комнаты, проживающие); список услуг с долгом и пеней по каждой; список поставщиков с переходом в карточку по договору; плательщик и солидарные должники.

Пункт ТЗ: 4.2.1.4
Пакет работ: 1.10 Карточка задолженности по ЛС
Фаза: Фаза 1. Реестр ЛС — пункт чек-листа «Карточка ЛС»
Макеты/артефакты:
- UI макеты/02_Карточка задолженности по ЛС.png
- Референсы программы _Расчет ЖКУ_/Карточка ЛС- вкладка услуги.jpg
- Референсы программы _Расчет ЖКУ_/Карточка ЛС- вкладка услуги 2.jpg
- Референсы программы _Расчет ЖКУ_/Редактирование карточки ЛС.jpg","Состав полей соответствует ТЗ 4.2.1.4 и неймингу АИС
Поля из АИС не редактируются
Переход в карточку по договору работает"
"MVP-1. Платформа, НСИ, администрирование, обмен с АИС «Расчет-ЖКУ», реестры и карточки","M1-10-02 [1.10 Карточка задолженности по ЛС] История сумм задолженности по периодам и услугам, история группы и рейтинга [ТЗ 4.2.1.4]","Таблица истории долга в разрезе периодов и видов услуг с раздельным основным долгом и пеней (по аналогии с «Расчёт задолженности» АИС); история смены группы и рейтинга. Пересчёт начислений в ПМ не выполняется.

Пункт ТЗ: 4.2.1.4
Пакет работ: 1.10 Карточка задолженности по ЛС
Фаза: Фаза 1. Реестр ЛС — пункт чек-листа «История задолженности»
Макеты/артефакты:
- Референсы программы _Расчет ЖКУ_/Расчет задолженности.jpg
- Примеры форм отчетов из АИС _Расчет ЖКУ_/Расчёт задолженности r99117.pdf
- Референсы программы _Расчет ЖКУ_/Карточка ЛС - вкладка оплата 2.jpg
- Референсы программы _Расчет ЖКУ_/Карточка ЛС - вкладка оплата 3.jpg
- Референсы программы _Расчет ЖКУ_/Карточка ЛС - вкладка оплата 4.jpg
- Референсы программы _Расчет ЖКУ_/Карточка ЛС - вкладка оплата.jpg
- Референсы программы _Расчет ЖКУ_/Распределение оплаты.jpg
- Референсы программы _Расчет ЖКУ_/Форма просмотра обычной квитанции.jpg
- Референсы программы _Расчет ЖКУ_/Форма просмотра квитанции с распределением на конкретную услугу.jpg","Суммы совпадают с загруженными из АИС до копейки
Основной долг и пеня показаны раздельно
История группы/рейтинга содержит дату и основание изменения"
"MVP-1. Платформа, НСИ, администрирование, обмен с АИС «Расчет-ЖКУ», реестры и карточки","M1-10-03 [1.10 Карточка задолженности по ЛС] Вкладка «Работа с задолженностью» (лента документов) [ТЗ 4.2.1.4]","Хронология документов: предупреждение, отключение, исполнительная надпись, исковое заявление, закрытие; фильтры по типу, долгу/пене, оплате, датам действия; вложенные вкладки «Невозможность взыскания», «Расчёт задолженности», «Оплата по документу на взыскание». В MVP-1 — каркас, наполнение в MVP-2/3.

Пункт ТЗ: 4.2.1.4
Пакет работ: 1.10 Карточка задолженности по ЛС
Фаза: Фаза 1. Реестр ЛС — пункт чек-листа «Лента документов»
Макеты/артефакты:
- Референсы программы _Расчет ЖКУ_/Работа с задолженностью.jpg
- Референсы программы _Расчет ЖКУ_/Работа с задолженностью2 + невозможность взыскания.jpg
- Референсы программы _Расчет ЖКУ_/Оплата по документу на взыскание.jpg
- Референсы программы _Расчет ЖКУ_/Форма просмотра квитанции по документу на взыскание.jpg","Вкладки и фильтры реализованы
Документы из АИС (надписи/иски) отображаются после загрузки
Структура совпадает с референсом АИС"
"MVP-1. Платформа, НСИ, администрирование, обмен с АИС «Расчет-ЖКУ», реестры и карточки","M1-10-04 [1.10 Карточка задолженности по ЛС] Контакты должника: типизация, приоритет, три режима источника [ТЗ 4.2.1.4 (учёт контактных данных)]","Множественные контакты (мобильный, городской, e-mail, мессенджер) с приоритетом; контакты из АИС (только чтение, источник и дата обновления) и внесённые в ПМ (с историей, не затираются загрузкой). Режим источника для автодозвона: только ПМ / только АИС / комбинированный. Правило выбора номера — настраиваемое.

Пункт ТЗ: 4.2.1.4 (учёт контактных данных)
Требования ТЗ: FR-DEBT-12
Пакет работ: 1.10 Карточка задолженности по ЛС
Фаза: Фаза 1. Реестр ЛС — пункт чек-листа «Контакты должника»
Макеты/артефакты:
- UI макеты/02_Карточка задолженности по ЛС.png
- UI макеты/13_Карточка должника.png
- Протоколы встреч/ПРОТОКОЛ СОВЕЩАНИЯ на базе РСЦ Минска 17 06 26.pdf
- Протоколы встреч/ПРОТОКОЛ СОВЕЩАНИЯ № 4 от 23.06.pdf
- Совещания/текст совещаний.pdf","Контакты ПМ не перезаписываются ночной загрузкой
Режим источника переключается и влияет на выборку для обзвона
Изменения контактов пишутся в историю"
"MVP-1. Платформа, НСИ, администрирование, обмен с АИС «Расчет-ЖКУ», реестры и карточки","M1-10-05 [1.10 Карточка задолженности по ЛС] Категория должника, признак «наследственное дело», ввод недостающих сведений [ТЗ 4.2.1.4, 4.2.2.3]","Присвоение категории из НСИ; флаг «наследственное дело» с приостановкой автоматических мероприятий (автоснятие при загрузке нового плательщика из АИС); ввод сведений, не относящихся к мастер-данным АИС. Юридически значимые данные (регистрация, собственность, смерть) вручную не вводятся.

Пункт ТЗ: 4.2.1.4, 4.2.2.3
Требования ТЗ: FR-DEBT-11, FR-DEBT-13, FR-DBR-07
Пакет работ: 1.10 Карточка задолженности по ЛС
Фаза: Фаза 1. Реестр ЛС — пункт чек-листа «Категория и наследство»
Макеты/артефакты:
- UI макеты/13_Карточка должника.png
- Референсы программы _Расчет ЖКУ_/Дополнительные парамерты лица.jpg","Флаг приостанавливает автосценарии по всем ЛС должника
Флаг снимается автоматически при появлении нового плательщика в выгрузке
Поля АИС недоступны для редактирования"
"MVP-1. Платформа, НСИ, администрирование, обмен с АИС «Расчет-ЖКУ», реестры и карточки","M1-10-06 [1.10 Карточка задолженности по ЛС] Вложения и история изменений карточки [ТЗ 4.2.1.4, FR-DEBT-05, FR-DEBT-10]","Прикрепление файлов (сканы, аудио) к карточке с типом документа; журнал изменений «до/после, автор, дата-время».

Пункт ТЗ: 4.2.1.4, FR-DEBT-05, FR-DEBT-10
Требования ТЗ: FR-DEBT-05, FR-DEBT-10
Пакет работ: 1.10 Карточка задолженности по ЛС
Фаза: Фаза 1. Реестр ЛС — пункт чек-листа «Вложения и история»
Макеты/артефакты:
- UI макеты/02_Карточка задолженности по ЛС.png","Файлы загружаются, скачиваются и привязаны к типу документа
История показывает все ручные изменения
DEBT-T-05 (в части вложений) пройден"
"MVP-1. Платформа, НСИ, администрирование, обмен с АИС «Расчет-ЖКУ», реестры и карточки","M1-11-01 [1.11 Реестр и карточка задолженностей по договорам (контур поставщика)] Реестр задолженностей по договорам [ТЗ 4.2.2.1, 4.2.2.2]","Реестр в разрезе услуг конкретного поставщика: ИН/УНП, ФИО/наименование, количество ЛС с долгом по схемам/ОО и группам, суммы долга/пени, суммарный долг, самый ранний период, категория; дополнительные поля договора (номер/дата, услуга, первоначальные суммы, остатки по периодам, срок погашения, последняя оплата). Представления список/канбан/календарь.

Пункт ТЗ: 4.2.2.1, 4.2.2.2
Требования ТЗ: FR-DBR-04, UC-DBR-01, DBR-T-04
Пакет работ: 1.11 Реестр и карточка задолженностей по договорам (контур поставщика)
Фаза: Фаза 2. Договоры — пункт чек-листа «Реестр договоров»
Макеты/артефакты:
- UI макеты/08_Реестр дел — список (все группы).png
- UI макеты/05_Универсальный фильтр реестров.png
- Референсы программы _Расчет ЖКУ_/Форма просмотра квитанции на услуги поставщика.jpg","Поставщик видит только свои услуги (UC-DBR-01)
Суммы корректны в разрезе ЛС, ОО, схемы
DBR-T-04 пройден"
"MVP-1. Платформа, НСИ, администрирование, обмен с АИС «Расчет-ЖКУ», реестры и карточки","M1-11-02 [1.11 Реестр и карточка задолженностей по договорам (контур поставщика)] Карточка задолженности по договору [ТЗ 4.2.2.3]","Сведения о лице (ФЛ: ФИО, дата рождения, адрес регистрации, место работы; ЮЛ: наименование, УНП, адрес, статус), список регистраций (тип лица, родство, член семьи), доп. параметры регистрации, контакты, мероприятия по договору, признак «наследственное дело».

Пункт ТЗ: 4.2.2.3
Требования ТЗ: FR-DBR-03, FR-DBR-05, DBR-T-03
Пакет работ: 1.11 Реестр и карточка задолженностей по договорам (контур поставщика)
Фаза: Фаза 2. Договоры — пункт чек-листа «Карточка договора»
Макеты/артефакты:
- UI макеты/13_Карточка должника.png
- Референсы программы _Расчет ЖКУ_/Карточка регистрации или плательщика_физ.лицо1 .jpg
- Референсы программы _Расчет ЖКУ_/Карточка регистрации или плательщика_физ.лицо2.jpg
- Референсы программы _Расчет ЖКУ_/Карточка регистрации или плательщика_физ.лицо3.jpg
- Референсы программы _Расчет ЖКУ_/Карточка регистрации или плательщика_Юр.лицо.jpg
- Референсы программы _Расчет ЖКУ_/Дополнительные парамерты лица.jpg","Состав полей соответствует ТЗ 4.2.2.3
Доступ к иным услугам начисляющей организации отсутствует
История изменений ведётся (DBR-T-03)"
"MVP-1. Платформа, НСИ, администрирование, обмен с АИС «Расчет-ЖКУ», реестры и карточки","M1-11-03 [1.11 Реестр и карточка задолженностей по договорам (контур поставщика)] Группы по договорам и порядок работы поставщика [ТЗ 4.2.2.4]","Группа и сценарии определяются по каждой услуге/договору поставщика; предупреждения и задания на приостановление — только по своим услугам; подтверждение приостановления/возобновления — в ПМ и/или по данным АИС.

Пункт ТЗ: 4.2.2.4
Требования ТЗ: DBR-T-01, DBR-T-02
Пакет работ: 1.11 Реестр и карточка задолженностей по договорам (контур поставщика)
Фаза: Фаза 2. Договоры — пункт чек-листа «Группы по договорам»
Макеты/артефакты:
- Основные документы/TZ_ERIP_v1_2_Сводный.docx","Группа договора рассчитывается независимо от других услуг ЛС
Поставщик не может инициировать мероприятие по чужой услуге
DBR-T-01/02 пройдены"
"MVP-2. Мероприятия и коммуникации, шаблоны, конструктор сценариев, задания","M2-01-01 [2.1 Ядро мероприятий и реестр мероприятий] Модель мероприятий: списочные и частные, статусная модель [ТЗ 4.2.3.1]","Сущности «списочное» (партия) и «частное» мероприятие; статусы частного: Назначено, Выполняется, Завершено, Прервано пользователем, Завершено с ошибкой; статус партии рассчитывается по частным. Единый нейминг действий независимо от результата (замечания 20 июля).

Пункт ТЗ: 4.2.3.1
Пакет работ: 2.1 Ядро мероприятий и реестр мероприятий
Фаза: Фаза 3. Мероприятия — пункт чек-листа «Модель мероприятий»
Макеты/артефакты:
- UI макеты/03_Реестр мероприятий.png
- Совещания/20 июля замечания.pdf
- Основные документы/План реализации проекта ЕРИП.docx","Статус партии пересчитывается при изменении любого частного мероприятия
Все переходы статусов фиксируются с автором и временем
Типы мероприятий берутся из справочника НСИ"
"MVP-2. Мероприятия и коммуникации, шаблоны, конструктор сценариев, задания","M2-01-02 [2.1 Ядро мероприятий и реестр мероприятий] Реестр мероприятий [ТЗ 4.2.3.6]","Список партий и частных мероприятий: тип, период, статус, инициатор, исполнитель, прогресс партии, вложения (документы, аудио, файлы распознавания ответов). Фильтры: тип, статус, организация, период, ЛС. Ручное завершение/прерывание частного мероприятия из его настроек (например, должник перезвонил сам) — вместо чекбоксов в списке.

Пункт ТЗ: 4.2.3.6
Пакет работ: 2.1 Ядро мероприятий и реестр мероприятий
Фаза: Фаза 3. Мероприятия — пункт чек-листа «Реестр мероприятий»
Макеты/артефакты:
- UI макеты/03_Реестр мероприятий.png
- UI макеты/05_Универсальный фильтр реестров.png
- Совещания/20 июля замечания.pdf
- Совещания/замечания 17 июля кратко.docx","Реестр открывается на 10 тыс.+ частных мероприятий без деградации
Частное мероприятие можно завершить/прервать вручную с причиной
Из реестра есть переход в карточку ЛС"
"MVP-2. Мероприятия и коммуникации, шаблоны, конструктор сценариев, задания","M2-01-03 [2.1 Ядро мероприятий и реестр мероприятий] Правила видимости мероприятий [ТЗ 4.2.3.1, 4.2.3.7]","Системные списочные мероприятия видны всем пользователям организации, но состав ЛС — по правам на ЛС; мероприятия по ЛС видны всем с доступом к схеме и ОО независимо от создателя; мероприятия поставщика (принятие задания) видны только пользователям поставщика со статусом выполнения; сквозная видимость принятых мер для исключения дублирования.

Пункт ТЗ: 4.2.3.1, 4.2.3.7
Пакет работ: 2.1 Ядро мероприятий и реестр мероприятий
Фаза: Фаза 3. Мероприятия — пункт чек-листа «Видимость мероприятий»
Макеты/артефакты:
- Основные документы/TZ_ERIP_v1_2_Сводный.docx","Автотесты видимости для каждой роли Приложения 1
Пользователь не видит ЛС чужой ОО внутри общей партии
Специалист видит меры, принятые другими подразделениями по его ЛС"
"MVP-2. Мероприятия и коммуникации, шаблоны, конструктор сценариев, задания","M2-01-04 [2.1 Ядро мероприятий и реестр мероприятий] Мероприятия в карточке ЛС и наполнение ленты «Работа с задолженностью» [ТЗ 4.2.1.4, 4.2.3.6]","Блок активных/завершённых мероприятий в карточке ЛС с переходом в реестр мероприятий; документы предупреждений и отключений попадают в ленту «Работа с задолженностью».

Пункт ТЗ: 4.2.1.4, 4.2.3.6
Пакет работ: 2.1 Ядро мероприятий и реестр мероприятий
Фаза: Фаза 3. Мероприятия — пункт чек-листа «Мероприятия в карточке»
Макеты/артефакты:
- UI макеты/02_Карточка задолженности по ЛС.png
- Референсы программы _Расчет ЖКУ_/Работа с задолженностью.jpg","В карточке видны все мероприятия по ЛС с их статусами
Созданное предупреждение/отключение отображается в ленте документов
Вложения доступны из карточки"
"MVP-2. Мероприятия и коммуникации, шаблоны, конструктор сценариев, задания","M2-02-01 [2.2 Запуск мероприятий из реестра] Массовый запуск мероприятий по списку ЛС/договоров [ТЗ 4.2.1.2]","Из реестра по выбранным ЛС: уведомление (канал, шаблон, условия), предупреждение (шаблон → пакет PDF), отключение (услуги, поставщик), инициирование взыскания (передача в ЮС: исполнитель, сроки), смена сценария (сценарий, дата начала). Автообзвон подключается в MVP-3. Проверка прав и одной схемы.

Пункт ТЗ: 4.2.1.2
Требования ТЗ: FR-DEBT-04, UC-DEBT-01, DEBT-T-04
Пакет работ: 2.2 Запуск мероприятий из реестра
Фаза: Фаза 3. Мероприятия — пункт чек-листа «Массовый запуск»
Макеты/артефакты:
- UI макеты/08_Реестр дел — список (все группы).png
- UI макеты/01_Канбан-доска по группе (Группа 2).png
- Основные документы/TZ_ERIP_v1_2_Сводный.docx","Каждое действие создаёт списочное мероприятие с частными по выбранным ЛС
ЛС без нужного контакта исключаются с отчётом о причинах
UC-DEBT-01 (для доступных в MVP-2 каналов) и DEBT-T-04 пройдены"
"MVP-2. Мероприятия и коммуникации, шаблоны, конструктор сценариев, задания","M2-02-02 [2.2 Запуск мероприятий из реестра] Запуск мероприятия по одному ЛС из карточки [ТЗ 4.2.1.2, FR-DEBT-04]","Те же действия из карточки ЛС/договора, в т.ч. с обязательным выбором услуг для приостановления, надписи и иска.

Пункт ТЗ: 4.2.1.2, FR-DEBT-04
Пакет работ: 2.2 Запуск мероприятий из реестра
Фаза: Фаза 3. Мероприятия — пункт чек-листа «Запуск из карточки»
Макеты/артефакты:
- UI макеты/02_Карточка задолженности по ЛС.png","Для отключения/надписи/иска выбор услуг обязателен
Созданное мероприятие сразу видно в карточке
Права проверяются на сервере"
"MVP-2. Мероприятия и коммуникации, шаблоны, конструктор сценариев, задания","M2-02-03 [2.2 Запуск мероприятий из реестра] Смена/назначение сценария пользователем [ТЗ 4.2.1.2]","Изменение автоматически назначенного сценария или назначение нового по ЛС/списку с датой начала; история смены сценариев.

Пункт ТЗ: 4.2.1.2
Пакет работ: 2.2 Запуск мероприятий из реестра
Фаза: Фаза 3. Мероприятия — пункт чек-листа «Смена сценария»
Макеты/артефакты:
- UI макеты/04_Конструктор сценариев и шаблонов.png","Новый сценарий стартует с указанной даты
Предыдущий сценарий корректно останавливается
История смены сценариев видна в карточке"
"MVP-2. Мероприятия и коммуникации, шаблоны, конструктор сценариев, задания","M2-03-01 [2.3 Рассылка уведомлений по e-mail (SMTP)] Адаптер SMTP и настройки отправителя по организациям [ТЗ 4.2.10.7]","Отправка через SMTP-сервер Заказчика с индивидуальным отправителем (адрес, имя, подпись) для каждой начисляющей организации: «боевой» ящик или технический без обработки ответов. Настройки — во вкладке модуля интеграций.

Пункт ТЗ: 4.2.10.7
Требования ТЗ: FR-INT-08, INT-T-08
Пакет работ: 2.3 Рассылка уведомлений по e-mail (SMTP)
Фаза: Фаза 8. Интеграции — пункт чек-листа «Адаптер SMTP»
Макеты/артефакты:
- Протоколы встреч/ПРОТОКОЛ СОВЕЩАНИЯ № 4 от 23.06.pdf
- Совещания/20 июля замечания.pdf","Для двух организаций письма уходят с разными отправителями
Параметры SMTP меняются без перевыпуска
INT-T-08 пройден на стенде"
"MVP-2. Мероприятия и коммуникации, шаблоны, конструктор сценариев, задания","M2-03-02 [2.3 Рассылка уведомлений по e-mail (SMTP)] Массовая рассылка e-mail по шаблону [ТЗ 4.2.3.3]","Отбор ЛС с e-mail, выбор шаблона, дата/время старта, очередь отправки, хранение в частном мероприятии: кому, когда, шаблон, статус. Мессенджеры не реализуются (протокол №4).

Пункт ТЗ: 4.2.3.3
Требования ТЗ: FR-EVT-03, EVT-T-03
Пакет работ: 2.3 Рассылка уведомлений по e-mail (SMTP)
Фаза: Фаза 3. Мероприятия — пункт чек-листа «Рассылка e-mail»
Макеты/артефакты:
- Протоколы встреч/ПРОТОКОЛ СОВЕЩАНИЯ № 4 от 23.06.pdf
- UI макеты/03_Реестр мероприятий.png","Партия отправляется в заданное время через очередь
Каждое письмо имеет статус в частном мероприятии
EVT-T-03 пройден"
"MVP-2. Мероприятия и коммуникации, шаблоны, конструктор сценариев, задания","M2-03-03 [2.3 Рассылка уведомлений по e-mail (SMTP)] Обработка ошибок доставки (bounce) [ТЗ 4.2.3.3, 4.2.10.7]","При получении от SMTP статуса невозможности доставки — отметка об ошибке/ненаправлении в карточке ЛС; при отсутствии ответа автоматическая отметка не ставится; прочтение не отслеживается.

Пункт ТЗ: 4.2.3.3, 4.2.10.7
Пакет работ: 2.3 Рассылка уведомлений по e-mail (SMTP)
Фаза: Фаза 3. Мероприятия — пункт чек-листа «Ошибки доставки»
Макеты/артефакты:
- Протоколы встреч/ПРОТОКОЛ СОВЕЩАНИЯ № 4 от 23.06.pdf","Bounce отражается в частном мероприятии и карточке ЛС
Отсутствие ответа сервера не создаёт ложных отметок
Ошибки видны в журнале интеграции"
"MVP-2. Мероприятия и коммуникации, шаблоны, конструктор сценариев, задания","M2-04-01 [2.4 Конструктор шаблонов сообщений] Библиотека шаблонов сообщений (e-mail, голос/TTS, SMS) [ТЗ 4.2.5.4]","Список шаблонов с поиском, создание нового или копирование существующего; редактор с переменными (ФИО, адрес, сумма долга, услуги, дата последнего платежа, организация, срок погашения); гибкая пунктуация и формулировки для разных ведомств. Доступ к шаблону прямо из настройки действия («бесшовный» переход, замечания 20 июля).

Пункт ТЗ: 4.2.5.4
Пакет работ: 2.4 Конструктор шаблонов сообщений
Фаза: Фаза 5. Конструкторы — пункт чек-листа «Шаблоны сообщений»
Макеты/артефакты:
- UI макеты/04_Конструктор сценариев и шаблонов.png
- Совещания/20 июля замечания.pdf
- Совещания/замечания 17 июля кратко.docx
- Примеры форм отчетов из АИС _Расчет ЖКУ_/Напоминание о задолженности r99140.pdf","Шаблон можно создать из окна настройки действия и сразу выбрать
Переменные подставляются корректно, неизвестная переменная подсвечивается
Шаблоны локальны для организации в рамках центральных макетов"
"MVP-2. Мероприятия и коммуникации, шаблоны, конструктор сценариев, задания","M2-04-02 [2.4 Конструктор шаблонов сообщений] Предпросмотр на тестовых данных и версионирование шаблонов [ТЗ 4.2.5.4]","Предпросмотр итогового текста на выбранной тестовой карточке; версии шаблона (номер, автор, дата) с откатом.

Пункт ТЗ: 4.2.5.4
Требования ТЗ: FR-CFG-03, CFG-T-03
Пакет работ: 2.4 Конструктор шаблонов сообщений
Фаза: Фаза 5. Конструкторы — пункт чек-листа «Предпросмотр и версии»
Макеты/артефакты:
- UI макеты/04_Конструктор сценариев и шаблонов.png","Предпросмотр показывает подставленные значения
Откат к предыдущей версии работает
CFG-T-03 пройден"
"MVP-2. Мероприятия и коммуникации, шаблоны, конструктор сценариев, задания","M2-05-01 [2.5 Конструктор шаблонов печатных форм] WYSIWYG-редактор печатных форм с переменными [ТЗ 4.2.5.5]","Визуальный редактор макета: текст с форматированием (шрифт, отступы, выступы), переменные карточки, статичные элементы (логотип, реквизиты, подпись уполномоченного лица), разные макеты для категорий адресатов (поставщик, администрация района по ст. 137 ЖК).

Пункт ТЗ: 4.2.5.5
Требования ТЗ: FR-CFG-04, CFG-T-04
Пакет работ: 2.5 Конструктор шаблонов печатных форм
Фаза: Фаза 5. Конструкторы — пункт чек-листа «Редактор печатных форм»
Макеты/артефакты:
- UI макеты/04_Конструктор сценариев и шаблонов.png
- Примеры форм отчетов из АИС _Расчет ЖКУ_/Предупреждение о задолженности r99116.pdf
- Примеры форм отчетов из АИС _Расчет ЖКУ_/Напоминание о задолженности r99140.pdf
- Примеры форм отчетов из АИС _Расчет ЖКУ_/Уведомление о задолженности (ст. 80, 87 ЖК) r99188.pdf
- Примеры форм отчетов из АИС _Расчет ЖКУ_/Уведомление о задолженности (ст. 137 ЖК) r99189.pdf
- Примеры форм отчетов из АИС _Расчет ЖКУ_/Уведомление о задолженности (ст. 86 ЖК) r99190.pdf
- Примеры форм отчетов из АИС _Расчет ЖКУ_/Уведомление о задолженности за обращение с ТКО r99191.pdf","Эталонные формы АИС (предупреждение, напоминание, уведомления по ст. 80/86/87/137, ТКО) воспроизводятся в редакторе
Макет привязывается к типу документа
CFG-T-04 пройден"
"MVP-2. Мероприятия и коммуникации, шаблоны, конструктор сценариев, задания","M2-05-02 [2.5 Конструктор шаблонов печатных форм] Генерация PDF (единичная и пакетная) и связь документа с версией шаблона [ТЗ 4.2.5.5]","Сервис генерации PDF (FastReport/JasperReport или HTML→PDF): единичный документ и пакет по списку ЛС; каждый сформированный документ хранит ссылку на версию шаблона для аудита и повторной печати.

Пункт ТЗ: 4.2.5.5
Требования ТЗ: UC-CFG-02
Пакет работ: 2.5 Конструктор шаблонов печатных форм
Фаза: Фаза 5. Конструкторы — пункт чек-листа «Генерация PDF»
Макеты/артефакты:
- Примеры форм отчетов из АИС _Расчет ЖКУ_/Предупреждение о задолженности r99116.pdf","Пакет 120 документов формируется одной операцией
Повторная печать использует исходную версию шаблона (UC-CFG-02)
Документ сохраняется в карточке ЛС"
"MVP-2. Мероприятия и коммуникации, шаблоны, конструктор сценариев, задания","M2-05-03 [2.5 Конструктор шаблонов печатных форм] Загрузка эталонных шаблонов Заказчика [ТЗ 4.2.5.5, 4.2.3.4]","Завести поставляемые центральные макеты: предупреждение (1–2 утверждённых варианта), напоминание, сопроводительный документ к отключению (заказ-наряд), заявление на исполнительную надпись, акт о списании — по мере предоставления эталонов Заказчиком.

Пункт ТЗ: 4.2.5.5, 4.2.3.4
Пакет работ: 2.5 Конструктор шаблонов печатных форм
Фаза: Фаза 5. Конструкторы — пункт чек-листа «Эталонные шаблоны»
Макеты/артефакты:
- Примеры форм отчетов из АИС _Расчет ЖКУ_/Предупреждение о задолженности r99116.pdf
- Примеры форм отчетов из АИС _Расчет ЖКУ_/Напоминание о задолженности r99140.pdf
- Протоколы встреч/ПРОТОКОЛ СОВЕЩАНИЯ на базе РСЦ Минска 17 06 26.pdf","Центральные макеты доступны всем организациям как стартовые
Локальная копия не меняет центральный макет
Перечень эталонов согласован с Заказчиком"
"MVP-2. Мероприятия и коммуникации, шаблоны, конструктор сценариев, задания","M2-06-01 [2.6 Предупреждения: формирование и вручение] Пакетное формирование предупреждений в PDF [ТЗ 4.2.3.4]","Предупреждение по списку ЛС с подстановкой ФИО, адреса, суммы, услуг к приостановлению, норм (постановление СМ № 465 от 27.08.2025) — готово «под сдачу почтальону» без ручной доработки; возможность передачи пакета поставщику для вручения.

Пункт ТЗ: 4.2.3.4
Требования ТЗ: FR-EVT-04, UC-EVT-02, EVT-T-04
Пакет работ: 2.6 Предупреждения: формирование и вручение
Фаза: Фаза 3. Мероприятия — пункт чек-листа «Пакет предупреждений»
Макеты/артефакты:
- Примеры форм отчетов из АИС _Расчет ЖКУ_/Предупреждение о задолженности r99116.pdf
- Референсы программы _Расчет ЖКУ_/Форма добавления предупреждения.jpg
- UI макеты/08_Реестр дел — список (все группы).png","UC-EVT-02: 120 ЛС группы 2 → один пакет PDF
Для каждого ЛС создаётся частное мероприятие «Предупреждение»
EVT-T-04 пройден"
"MVP-2. Мероприятия и коммуникации, шаблоны, конструктор сценариев, задания","M2-06-02 [2.6 Предупреждения: формирование и вручение] Учёт вручения: способ, дата, получатель, акт об отказе/невручении [ТЗ 4.2.3.4]","Способ: лично под роспись (ФИО получившего, дата, скан подписи), заказное письмо, e-mail, через администрацию учреждения. Акт при отказе/возврате. Ручная отметка статуса почтового отправления и загрузка сканов (до интеграции с Белпочтой). Групповой ввод даты вручения/акта.

Пункт ТЗ: 4.2.3.4
Требования ТЗ: FR-EVT-05, EVT-T-05
Пакет работ: 2.6 Предупреждения: формирование и вручение
Фаза: Фаза 3. Мероприятия — пункт чек-листа «Учёт вручения»
Макеты/артефакты:
- Референсы программы _Расчет ЖКУ_/Форма редактирования предупреждения.jpg
- Референсы программы _Расчет ЖКУ_/Форма добавления предупреждения.jpg
- Протоколы встреч/ПРОТОКОЛ СОВЕЩАНИЯ № 2  г.pdf","Групповой ввод даты вручения по списку работает
Дата вручения/акта становится точкой отсчёта срока на оплату
EVT-T-05 пройден"
"MVP-2. Мероприятия и коммуникации, шаблоны, конструктор сценариев, задания","M2-06-03 [2.6 Предупреждения: формирование и вручение] Кабинет поставщика для отметки вручения [ТЗ 4.2.3.4, 4.2.2.4]","Экран поставщика услуг: список переданных ему предупреждений, внесение даты вручения/акта; если поставщик не внёс — ввод специалистом.

Пункт ТЗ: 4.2.3.4, 4.2.2.4
Пакет работ: 2.6 Предупреждения: формирование и вручение
Фаза: Фаза 3. Мероприятия — пункт чек-листа «Кабинет поставщика»
Макеты/артефакты:
- Протоколы встреч/ПРОТОКОЛ СОВЕЩАНИЯ № 2  г.pdf
- UI макеты/15_Реестр заданий.png","Поставщик видит только предупреждения по своим услугам
Отметка поставщика сразу видна специалисту начисляющей организации
Действие фиксируется в аудите"
"MVP-2. Мероприятия и коммуникации, шаблоны, конструктор сценариев, задания","M2-07-01 [2.7 Отключение (приостановление) услуг] Формирование списка на отключение по истечении срока предупреждения [ТЗ 4.2.3.5]","Автоматическая выборка ЛС: дата вручения/акта + N календарных дней (по умолчанию 5), отсутствие оплаты по последней синхронизации; пользователь выбирает услуги из допустимого перечня; маршрут по признаку поставщика (поставщик ≠ обслуживающая организация).

Пункт ТЗ: 4.2.3.5
Требования ТЗ: FR-EVT-06, UC-EVT-03, EVT-T-06
Пакет работ: 2.7 Отключение (приостановление) услуг
Фаза: Фаза 3. Мероприятия — пункт чек-листа «Список на отключение»
Макеты/артефакты:
- Референсы программы _Расчет ЖКУ_/Форма добавления отключения услуг.jpg
- Протоколы встреч/ПРОТОКОЛ СОВЕЩАНИЯ № 2  г.pdf","ЛС с оплатой после вручения в список не попадают
Срок N настраивается
EVT-T-06 пройден"
"MVP-2. Мероприятия и коммуникации, шаблоны, конструктор сценариев, задания","M2-07-02 [2.7 Отключение (приостановление) услуг] Маршрут согласования отключения [ТЗ 4.2.3.5]","Настраиваемый организацией шаг согласования: запрос согласующему (специалист с правами согласования) в панели уведомлений и по e-mail; решения «Согласовано/Отказано» с комментарием; до согласования задание поставщику не уходит. Реализуется как триггер «согласование» конструктора сценариев.

Пункт ТЗ: 4.2.3.5
Пакет работ: 2.7 Отключение (приостановление) услуг
Фаза: Фаза 3. Мероприятия — пункт чек-листа «Согласование отключения»
Макеты/артефакты:
- Совещания/20 июля замечания.pdf
- Совещания/замечания 17 июля кратко.docx","Задание не передаётся поставщику без согласования (если шаг включён)
Решение и комментарий фиксируются в логе событий
Инициатор получает уведомление о решении"
"MVP-2. Мероприятия и коммуникации, шаблоны, конструктор сценариев, задания","M2-07-03 [2.7 Отключение (приостановление) услуг] Задание поставщику: приём, отметка отключения и возобновления [ТЗ 4.2.3.5]","Задание в панели уведомлений поставщика (и дубль по e-mail с сопроводительным документом); принятие переводит карточку в «Отключение услуги»; поля: ID предупреждения, дата вручения/акта, дата приостановления, дата возобновления, кем, перечень услуг, примечание; групповой ввод специалистом.

Пункт ТЗ: 4.2.3.5
Требования ТЗ: FR-EVT-07, EVT-T-07
Пакет работ: 2.7 Отключение (приостановление) услуг
Фаза: Фаза 3. Мероприятия — пункт чек-листа «Задание поставщику»
Макеты/артефакты:
- Референсы программы _Расчет ЖКУ_/Форма добавления отключения услуг.jpg
- Референсы программы _Расчет ЖКУ_/Форма редактирования отключения услуг.jpg","Поставщик принимает задание и вносит дату отключения
Возобновление фиксируется отдельно от оплаты
EVT-T-07 пройден"
"MVP-2. Мероприятия и коммуникации, шаблоны, конструктор сценариев, задания","M2-07-04 [2.7 Отключение (приостановление) услуг] Отмена задания при оплате и выявление расхождений [ТЗ 4.2.3.5]","Отмена специалистом до фактического отключения с проверкой статуса у поставщика и уведомлением поставщика; ночная сверка: «долг погашен — услуга отключена» → уведомление/задание ответственному.

Пункт ТЗ: 4.2.3.5
Требования ТЗ: FR-EVT-08, UC-EVT-04, EVT-T-08
Пакет работ: 2.7 Отключение (приостановление) услуг
Фаза: Фаза 3. Мероприятия — пункт чек-листа «Отмена при оплате»
Макеты/артефакты:
- Протоколы встреч/ПРОТОКОЛ СОВЕЩАНИЯ № 2  г.pdf","UC-EVT-04: отмена задания за час до отключения
Расхождение формирует задание на проверку
EVT-T-08 пройден"
"MVP-2. Мероприятия и коммуникации, шаблоны, конструктор сценариев, задания","M2-08-01 [2.8 Модуль «Задания»] Реестр заданий: список, канбан по статусам, календарь [ТЗ 4.2.6.2]","Поля: тип, связанный объект, постановщик, исполнитель, срок, приоритет, статус (Новое, В работе, На проверке, Выполнено, Просрочено, Отменено), описание, комментарии, вложения. По умолчанию пользователь видит свои задания. Групповые операции: переназначение, смена срока, отмена.

Пункт ТЗ: 4.2.6.2
Пакет работ: 2.8 Модуль «Задания»
Фаза: Фаза 6. Задания — пункт чек-листа «Реестр заданий»
Макеты/артефакты:
- UI макеты/15_Реестр заданий.png
- UI макеты/09_Календарь мероприятий (все группы).png
- Совещания/20 июля замечания.pdf","Три представления работают с универсальным фильтром
Массовое переназначение и отмена работают
Специалист по умолчанию видит только назначенные ему задания"
"MVP-2. Мероприятия и коммуникации, шаблоны, конструктор сценариев, задания","M2-08-02 [2.8 Модуль «Задания»] Ручное создание и переназначение заданий [ТЗ 4.2.6.3]","Создание с исполнителем (пользователь или роль), сроком, приоритетом, привязкой к ЛС/договору/должнику; переназначение руководителем или исполнителем с обязательным комментарием.

Пункт ТЗ: 4.2.6.3
Требования ТЗ: FR-TSK-01, TSK-T-01
Пакет работ: 2.8 Модуль «Задания»
Фаза: Фаза 6. Задания — пункт чек-листа «Ручные задания»
Макеты/артефакты:
- UI макеты/15_Реестр заданий.png","Исполнитель получает уведомление о новом задании
Переназначение без комментария невозможно
TSK-T-01 пройден"
"MVP-2. Мероприятия и коммуникации, шаблоны, конструктор сценариев, задания","M2-08-03 [2.8 Модуль «Задания»] Автоматическое формирование заданий [ТЗ 4.2.6.4]","Генерация заданий по правилам сценария: ручное действие (позвонить вручную), срок согласования (отключение, списание), истёк срок ответа внешней организации, расхождение при синхронизации.

Пункт ТЗ: 4.2.6.4
Требования ТЗ: FR-TSK-02, TSK-T-02
Пакет работ: 2.8 Модуль «Задания»
Фаза: Фаза 6. Задания — пункт чек-листа «Автозадания»
Макеты/артефакты:
- UI макеты/15_Реестр заданий.png
- Протоколы встреч/ПРОТОКОЛ СОВЕЩАНИЯ на базе РСЦ Минска 17 06 26.pdf","Каждый из 4 типовых случаев создаёт задание ответственному
Задание связано с исходным сценарием/проверкой
TSK-T-02 пройден"
"MVP-2. Мероприятия и коммуникации, шаблоны, конструктор сценариев, задания","M2-08-04 [2.8 Модуль «Задания»] Оповещения о сроках и эскалация просроченных заданий [ТЗ 4.2.6.5]","Уведомления о новом задании, приближении срока, просрочке; дубль критичных по e-mail (личная настройка); ежедневная эскалация руководителю или должностному лицу, настраиваемому локальным администратором.

Пункт ТЗ: 4.2.6.5
Требования ТЗ: FR-TSK-04, TSK-T-04
Пакет работ: 2.8 Модуль «Задания»
Фаза: Фаза 6. Задания — пункт чек-листа «Сроки и эскалация»
Макеты/артефакты:
- UI макеты/15_Реестр заданий.png","Эскалация срабатывает по настроенному порогу
Пользователь может отключить e-mail-дубли в личных настройках
TSK-T-04 пройден"
"MVP-2. Мероприятия и коммуникации, шаблоны, конструктор сценариев, задания","M2-09-01 [2.9 Конструктор сценариев (триггеры и действия)] Библиотека действий (задач) сценария [ТЗ 4.2.5.2]","Типовые действия: автообзвон, e-mail, SMS, предупреждение, отключение, исполнительная надпись, иск, ручной звонок, загрузка документа, смена статуса/этапа карточки (движение по канбану, вывод из воронки при оплате), создание задания. Параметры: расписание, шаблон, критерии отбора ЛС, требование согласования, разрешение ручного завершения. Дублирование действия с изменением триггера.

Пункт ТЗ: 4.2.5.2
Пакет работ: 2.9 Конструктор сценариев (триггеры и действия)
Фаза: Фаза 5. Конструкторы — пункт чек-листа «Библиотека действий»
Макеты/артефакты:
- UI макеты/04_Конструктор сценариев и шаблонов.png
- canvases/scenario-constructor.canvas.tsx
- Совещания/20 июля замечания.pdf","Действие «смена статуса карточки» доступно в библиотеке
Дублирование действия создаёт копию с редактируемым триггером
Для каждого действия задаются параметры без кода"
"MVP-2. Мероприятия и коммуникации, шаблоны, конструктор сценариев, задания","M2-09-02 [2.9 Конструктор сценариев (триггеры и действия)] Библиотека триггеров и блокеров с логикой И/ИЛИ [ТЗ 4.2.5.2, Глоссарий «Триггер»]","Триггеры: по времени/календарю, по сроку от старта/завершения другого действия, по событию (старт, завершение, статус другого действия или группы действий), по данным (оплата, группа, категория, ФЛ/ЮЛ, наличие телефона), согласование. Блокеры «не может стартовать, пока…» (not started / not finished). Динамическое добавление условий с операторами И/ИЛИ — как в фильтре.

Пункт ТЗ: 4.2.5.2, Глоссарий «Триггер»
Пакет работ: 2.9 Конструктор сценариев (триггеры и действия)
Фаза: Фаза 5. Конструкторы — пункт чек-листа «Триггеры и блокеры»
Макеты/артефакты:
- UI макеты/04_Конструктор сценариев и шаблонов.png
- Совещания/20 июля замечания.pdf
- Совещания/замечания 17 июля кратко.docx
- Совещания/17 июля.pdf","Комбинация «обзвон завершён И оплата не поступила» переводит карточку на следующий этап
Блокер не даёт стартовать действию до выполнения условия
Триггеры визуально отделены от действий"
"MVP-2. Мероприятия и коммуникации, шаблоны, конструктор сценариев, задания","M2-09-03 [2.9 Конструктор сценариев (триггеры и действия)] Визуальный редактор сценария с ветвлением [ТЗ 4.2.5.2]","Холст «условие → действие» с переходами, ветвление по группе задолженности, категории, типу организации, ФЛ/ЮЛ, наличию контакта; параллельные и последовательные ветки; приостановка/возобновление сценария по конкретному ЛС с причиной.

Пункт ТЗ: 4.2.5.2
Требования ТЗ: FR-CFG-01, UC-CFG-01, CFG-T-01
Пакет работ: 2.9 Конструктор сценариев (триггеры и действия)
Фаза: Фаза 5. Конструкторы — пункт чек-листа «Редактор сценариев»
Макеты/артефакты:
- UI макеты/04_Конструктор сценариев и шаблонов.png
- canvases/scenario-constructor.canvas.tsx","Контрольный пример с ветвлением по группе проходит (CFG-T-01)
Приостановка сценария по ЛС сохраняет причину и историю
Интерфейс доступен только администраторам"
"MVP-2. Мероприятия и коммуникации, шаблоны, конструктор сценариев, задания","M2-09-04 [2.9 Конструктор сценариев (триггеры и действия)] Валидация и версионирование сценариев [ТЗ 4.2.5.2]","Проверка тупиков (шаг без выхода, кроме терминальных) и конфликтов; версии с автором и временем; запущенные мероприятия остаются на своей версии, если администратор явно не выбрал иное; откат.

Пункт ТЗ: 4.2.5.2
Требования ТЗ: FR-CFG-02, CFG-T-02
Пакет работ: 2.9 Конструктор сценариев (триггеры и действия)
Фаза: Фаза 5. Конструкторы — пункт чек-листа «Валидация сценариев»
Макеты/артефакты:
- UI макеты/04_Конструктор сценариев и шаблонов.png","Сохранение сценария с тупиком блокируется с указанием шага
Изменение активного сценария не затрагивает запущенные мероприятия по умолчанию
CFG-T-02 пройден"
"MVP-2. Мероприятия и коммуникации, шаблоны, конструктор сценариев, задания","M2-09-05 [2.9 Конструктор сценариев (триггеры и действия)] Движок исполнения сценариев [ТЗ 4.2.5, 4.2.1.5]","Сервис, назначающий сценарии ЛС/договорам по группе конкретной услуги, рейтингу, типу контрагента; вычисляет триггеры по расписанию и событиям шины, создаёт мероприятия и задания, двигает карточки по этапам; учитывает флаг «наследственное дело» и приостановки.

Пункт ТЗ: 4.2.5, 4.2.1.5
Пакет работ: 2.9 Конструктор сценариев (триггеры и действия)
Фаза: Фаза 5. Конструкторы — пункт чек-листа «Движок сценариев»
Макеты/артефакты:
- Основные документы/TZ_ERIP_v1_2_Сводный.docx
- Основные документы/План реализации проекта ЕРИП.docx","Автоназначение сценария при смене группы работает по услуге, а не по «старшей» группе должника
Повторный запуск движка не создаёт дубли мероприятий
Нагрузочный прогон на 100 тыс. ЛС укладывается в регламентное окно"
"MVP-2. Мероприятия и коммуникации, шаблоны, конструктор сценариев, задания","M2-09-06 [2.9 Конструктор сценариев (триггеры и действия)] Модель управления сценариями и базовые сценарии SC-BASE [ТЗ 4.2.5.3, Приложение 1 ТЗ v1.1]","Смешанная модель: базовые сценарии — централизованно (суперадмин), локальные модификации (расписание, приоритеты) — администратор организации в рамках ограничений; законодательно жёсткие шаги защищены. Поставить 2–4 стартовых сценария: стандартное взыскание ФЛ, ЮЛ без обзвона, госфонд без отключения, особые обстоятельства (без юридических шагов — они добавляются в MVP-3).

Пункт ТЗ: 4.2.5.3, Приложение 1 ТЗ v1.1
Пакет работ: 2.9 Конструктор сценариев (триггеры и действия)
Фаза: Фаза 5. Конструкторы — пункт чек-листа «Базовые сценарии»
Макеты/артефакты:
- UI макеты/04_Конструктор сценариев и шаблонов.png
- Основные документы/План реализации проекта ЕРИП.docx
- Протоколы встреч/ПРОТОКОЛ ВСТРЕЧИ 1.pdf","Локальный админ копирует базовый сценарий и меняет сроки (UC-CFG-01)
Защищённые шаги нельзя удалить локально
Стартовые сценарии согласованы с методологами Заказчика"
"MVP-2. Мероприятия и коммуникации, шаблоны, конструктор сценариев, задания","M2-10-01 [2.10 Сквозная автоматика при оплате и обратная выгрузка] Автоматическое закрытие мероприятий и снятие статуса «должник» при оплате [ТЗ 4.2.1.8, 4.2.3.5]","При остатке ≤ настраиваемого порога (0 или 0,01 руб.) по услуге/договору: отмена сценария и частных мероприятий по погашенным услугам, отмена задания поставщику с уведомлением, вывод карточки из воронки/перевод в «Не должник».

Пункт ТЗ: 4.2.1.8, 4.2.3.5
Требования ТЗ: FR-DEBT-08, FR-EVT-09, UC-DEBT-05, DEBT-T-08, EVT-T-09
Пакет работ: 2.10 Сквозная автоматика при оплате и обратная выгрузка
Фаза: Фаза 3. Мероприятия — пункт чек-листа «Снятие мер при оплате»
Макеты/артефакты:
- Основные документы/TZ_ERIP_v1_2_Сводный.docx
- Основные документы/План реализации проекта ЕРИП.docx","UC-DEBT-05: после ночной синхронизации активные мероприятия закрыты
Частичная оплата закрывает меры только по погашенным услугам
DEBT-T-08 и EVT-T-09 пройдены"
"MVP-2. Мероприятия и коммуникации, шаблоны, конструктор сценариев, задания","M2-10-02 [2.10 Сквозная автоматика при оплате и обратная выгрузка] Обратная выгрузка в АИС «Расчет-ЖКУ» по CSV-шаблону [ТЗ 4.2.10.3]","Формирование файла сведений о мероприятиях/статусах: предупреждения, отключения/возобновления, статусы взыскания, подготовка списания — по согласованному шаблону; выкладка в каталог обмена по расписанию.

Пункт ТЗ: 4.2.10.3
Требования ТЗ: FR-INT-02, INT-T-02
Пакет работ: 2.10 Сквозная автоматика при оплате и обратная выгрузка
Фаза: Фаза 8. Интеграции — пункт чек-листа «Обратная выгрузка в АИС»
Макеты/артефакты:
- Совещания/замечания 17 июля кратко.docx
- Основные документы/TZ_ERIP_v1_2_Сводный.docx","Файл формируется по расписанию и валидируется по шаблону
Повторная выгрузка не дублирует события
INT-T-02 пройден"
"MVP-3. Воронка взыскания ЮС (нотариат, суд, ОПИ, списание) и автообзвон Asterisk","M3-01-01 [3.1 Воронка взыскания: канбан и чек-листы этапов] Настраиваемый перечень этапов воронки и канбан-доска [ТЗ 4.2.4.6, 3]","Этапы: Новый должник → Автообзвон → Уведомление/Предупреждение → Отключение услуг → Подготовка пакета на ИН → Направлено нотариусу → ИН совершена / Отказ → Исковое заявление → Судебное решение → Направлено в ОПИ → Меры ОПИ → Взыскано / Невозможность взыскания → Подготовка списания; параллельная ветвь группы 4+ (выселение/отчуждение). Канбан по ЛС (основной) и по должнику, группировка по группам задолженности, сворачиваемая колонка уведомлений.

Пункт ТЗ: 4.2.4.6, 3
Пакет работ: 3.1 Воронка взыскания: канбан и чек-листы этапов
Фаза: Фаза 4. Взыскание — пункт чек-листа «Канбан воронки»
Макеты/артефакты:
- UI макеты/01_Канбан-доска по группе (Группа 2).png
- UI макеты/06_Канбан-доска — все группы.png
- UI макеты/07_Канбан-доска — все группы, все статусы.png
- canvases/cases-kanban.canvas.tsx
- Совещания/20 июля замечания.pdf","Все этапы ТЗ отображаются колонками, перечень настраивается
Фильтр «группа 2» и группировка по группам работают (слайды 4–5)
Карточки двигаются как вручную (drag&drop), так и сценарием"
"MVP-3. Воронка взыскания ЮС (нотариат, суд, ОПИ, списание) и автообзвон Asterisk","M3-01-02 [3.1 Воронка взыскания: канбан и чек-листы этапов] Чек-листы этапов и блокировка переходов [ТЗ 4.2.4.6]","Для каждого этапа — перечень обязательных условий/документов; переход блокируется с подсветкой недостающего (например, «Направлено нотариусу» без даты вручения предупреждения/уведомления и нотариального тарифа). Пункты чек-листа отображают статусы действий, а не отдельные чекбоксы (замечания 20 июля).

Пункт ТЗ: 4.2.4.6
Требования ТЗ: FR-CLM-02, FR-DEBT-05, UC-CLM-01, UC-DEBT-04, CLM-T-02
Пакет работ: 3.1 Воронка взыскания: канбан и чек-листы этапов
Фаза: Фаза 4. Взыскание — пункт чек-листа «Чек-листы этапов»
Макеты/артефакты:
- UI макеты/01_Канбан-доска по группе (Группа 2).png
- UI макеты/14_Добавление исполнительной надписи.png
- Совещания/20 июля замечания.pdf
- Протоколы встреч/ПРОТОКОЛ СОВЕЩАНИЯ на базе РСЦ Минска 17 06 26.pdf","UC-CLM-01: переход без тарифа заблокирован, поле подсвечено
Чек-лист настраивается для этапа без кода
CLM-T-02 пройден"
"MVP-3. Воронка взыскания ЮС (нотариат, суд, ОПИ, списание) и автообзвон Asterisk","M3-01-03 [3.1 Воронка взыскания: канбан и чек-листы этапов] Пропуск этапов, нелинейные и параллельные переходы [ТЗ 4.2.4.1, 4.2.4.6]","Пропуск неприменимого этапа с обязательной причиной (смерть без наследников → сразу иск); разрешённые нелинейные переходы (предупреждение → иск, минуя отключение); параллельные ветки (ОПИ и отключение), последовательность там, где требует закон (предупреждение перед ИН и отключением). Правила задаёт локальный администратор в конструкторе сценариев.

Пункт ТЗ: 4.2.4.1, 4.2.4.6
Пакет работ: 3.1 Воронка взыскания: канбан и чек-листы этапов
Фаза: Фаза 4. Взыскание — пункт чек-листа «Пропуск этапов»
Макеты/артефакты:
- Протоколы встреч/ПРОТОКОЛ СОВЕЩАНИЯ № 2  г.pdf
- Протоколы встреч/ПРОТОКОЛ СОВЕЩАНИЯ на базе РСЦ Минска 17 06 26.pdf
- canvases/cases-kanban.canvas.tsx","Пропуск без причины невозможно сохранить
Запрещённый переход блокируется, разрешённый нелинейный — проходит
Карточка может одновременно находиться в параллельных ветках"
"MVP-3. Воронка взыскания ЮС (нотариат, суд, ОПИ, списание) и автообзвон Asterisk","M3-01-04 [3.1 Воронка взыскания: канбан и чек-листы этапов] Аудит переходов по воронке [ТЗ 4.2.4.6, 4.2.4.10]","Каждый переход фиксирует пользователя, время, состояние чек-листа, причину пропуска; ответственность за содержательную полноту — на выполнившем переход.

Пункт ТЗ: 4.2.4.6, 4.2.4.10
Пакет работ: 3.1 Воронка взыскания: канбан и чек-листы этапов
Фаза: Фаза 4. Взыскание — пункт чек-листа «Аудит переходов»
Макеты/артефакты:
- Основные документы/TZ_ERIP_v1_2_Сводный.docx","История переходов видна в карточке дела
Запись аудита неизменяема
Отчёт по переходам доступен администратору"
"MVP-3. Воронка взыскания ЮС (нотариат, суд, ОПИ, списание) и автообзвон Asterisk","M3-01-05 [3.1 Воронка взыскания: канбан и чек-листы этапов] Представления реестра дел: список и календарь контрольных дат [ТЗ 4.2.1.1, 4.2.4]","Список дел ЮС по всем группам (слайд «Реестр дел — список») и календарь мероприятий/дедлайнов (истечение срока предупреждения, подача иска) с цветом группы.

Пункт ТЗ: 4.2.1.1, 4.2.4
Пакет работ: 3.1 Воронка взыскания: канбан и чек-листы этапов
Фаза: Фаза 4. Взыскание — пункт чек-листа «Реестр дел ЮС»
Макеты/артефакты:
- UI макеты/08_Реестр дел — список (все группы).png
- UI макеты/09_Календарь мероприятий (все группы).png
- Совещания/замечания 17 июля кратко.docx","Списочное представление содержит этап, группу, ответственного, ближайший дедлайн
Календарь показывает события по дням с цветом группы
Переход из календаря в карточку дела работает"
"MVP-3. Воронка взыскания ЮС (нотариат, суд, ОПИ, списание) и автообзвон Asterisk","M3-02-01 [3.2 Справочники для претензионно-исковой работы] Справочник судебных органов [ТЗ 4.2.8.2]","Суды общей юрисдикции: наименование, адрес, территориальная подсудность; ведение централизованно, запрос на добавление от организации.

Пункт ТЗ: 4.2.8.2
Пакет работ: 3.2 Справочники для претензионно-исковой работы
Фаза: Фаза 0. Фундамент — пункт чек-листа «Справочник судов»
Макеты/артефакты:
- Основные документы/TZ_ERIP_v1_2_Сводный.docx","Сиды судов загружены
Организация может отправить запрос на добавление суда
Суд выбирается в форме иска"
"MVP-3. Воронка взыскания ЮС (нотариат, суд, ОПИ, списание) и автообзвон Asterisk","M3-02-02 [3.2 Справочники для претензионно-исковой работы] Справочники нотариусов/нотариальных контор и ОПИ [ТЗ 4.2.8.3, 4.2.8.4]","Нотариусы и конторы, территориальные подразделения ОПИ с реквизитами; ведение локально на схемах (допускается локальное дополнение); в UI — справочник организаций с категорией.

Пункт ТЗ: 4.2.8.3, 4.2.8.4
Пакет работ: 3.2 Справочники для претензионно-исковой работы
Фаза: Фаза 0. Фундамент — пункт чек-листа «Нотариусы и ОПИ»
Макеты/артефакты:
- Основные документы/TZ_ERIP_v1_2_Сводный.docx
- Совещания/20 июля замечания.pdf","Локальная запись видна только своей схеме
Нотариус и ОПИ выбираются в карточках ИН и ОПИ
Записи деактивируются, а не удаляются"
"MVP-3. Воронка взыскания ЮС (нотариат, суд, ОПИ, списание) и автообзвон Asterisk","M3-02-03 [3.2 Справочники для претензионно-исковой работы] Причины отказа нотариуса/суда (открытый список) [ТЗ 4.2.4.2, 4.2.8.7]","Типовые значения (спор о праве, отсутствие солидарной ответственности по госфонду, смерть нанимателя и др.) + свободный ввод; не жёсткий классификатор.

Пункт ТЗ: 4.2.4.2, 4.2.8.7
Пакет работ: 3.2 Справочники для претензионно-исковой работы
Фаза: Фаза 0. Фундамент — пункт чек-листа «Причины отказа»
Макеты/артефакты:
- Протоколы встреч/ПРОТОКОЛ СОВЕЩАНИЯ № 2  г.pdf
- Протоколы встреч/ПРОТОКОЛ СОВЕЩАНИЯ на базе РСЦ Минска 17 06 26.pdf","Можно выбрать типовую причину или ввести свою
Причины доступны в отчётах
Локальное дополнение списка работает"
"MVP-3. Воронка взыскания ЮС (нотариат, суд, ОПИ, списание) и автообзвон Asterisk","M3-03-01 [3.3 Исполнительная надпись (ручной контур)] Загрузка сущностей исполнительной надписи из АИС и карточка ИН [ТЗ 4.2.4.2]","Сущность ИН создаётся в АИС и загружается ежедневно; карточка ИН: должник, период, услуги, суммы долга/пени (из АИС, без пересчёта), нотариальный тариф (рассчитан в АИС по ПСМ № 46), ID договора услуги возмещения тарифа, нотариус, статус, «Заявление отозвано» (тариф = 0).

Пункт ТЗ: 4.2.4.2
Пакет работ: 3.3 Исполнительная надпись (ручной контур)
Фаза: Фаза 4. Взыскание — пункт чек-листа «Карточка ИН»
Макеты/артефакты:
- UI макеты/14_Добавление исполнительной надписи.png
- Референсы программы _Расчет ЖКУ_/Форма добавления исполнительной надписи.jpg
- Референсы программы _Расчет ЖКУ_/Форма редактирования исполнительной надписи.jpg
- Нормативка (законы)/Постановление СМ РБ от 27.01.2026 №46 Об оплате нотариальных действий.RTF","Поля карточки соответствуют форме АИС
Суммы и тариф отображаются из АИС без правки в ПМ
Признак «Заявление отозвано» обнуляет тариф в отображении"
"MVP-3. Воронка взыскания ЮС (нотариат, суд, ОПИ, списание) и автообзвон Asterisk","M3-03-02 [3.3 Исполнительная надпись (ручной контур)] Пакет документов на исполнительную надпись [ТЗ 4.2.4.2]","Заявление по шаблону конструктора, расчёт задолженности (загружается пользователем из АИС), доверенность, иные сканы; формальный контроль комплектности чек-листом; подготовка файлов в форматах .pdf.sgn/.pdf.p7s не более 15 МБ для ЛК БНП.

Пункт ТЗ: 4.2.4.2
Требования ТЗ: FR-CLM-01, CLM-T-01
Пакет работ: 3.3 Исполнительная надпись (ручной контур)
Фаза: Фаза 4. Взыскание — пункт чек-листа «Пакет на ИН»
Макеты/артефакты:
- UI макеты/14_Добавление исполнительной надписи.png
- Примеры форм отчетов из АИС _Расчет ЖКУ_/Расчёт задолженности r99117.pdf
- Other/Белорусская нотариальная палата - Совершение исполнительных надписей в виде электронного документа и предъявление их в органы пр.doc
- Нормативка (законы)/Закон Республики Беларусь от 18.07.2004 N 305-З (ред. от 09.12.2025) О нотариате и нотариальной деятельности.RTF
- Нормативка (законы)/Постановление Минюста РБ от 23.10.2006 N 63 (ред. от 06.03.2026) Об утверждении инструкции о совершении нотар.действий.RTF","Пакет собирается из шаблона и вложений
Файл больше 15 МБ или в недопустимом формате отклоняется с сообщением
CLM-T-01 пройден"
"MVP-3. Воронка взыскания ЮС (нотариат, суд, ОПИ, списание) и автообзвон Asterisk","M3-03-03 [3.3 Исполнительная надпись (ручной контур)] Контроль пересечения периодов и услуг в исполнительных надписях [ТЗ 4.2.4.2 (замечание Заказчика)]","Запрет нескольких ИН по одному ЛС за один период с пересекающимся набором услуг; блокировка параллельного создания одинаковых сущностей разными пользователями.

Пункт ТЗ: 4.2.4.2 (замечание Заказчика)
Пакет работ: 3.3 Исполнительная надпись (ручной контур)
Фаза: Фаза 4. Взыскание — пункт чек-листа «Пересечение ИН»
Макеты/артефакты:
- UI макеты/14_Добавление исполнительной надписи.png","Попытка создать пересекающуюся ИН блокируется с указанием конфликтующей
Одновременное создание двумя юристами приводит к одной сущности
Проверка покрыта автотестом"
"MVP-3. Воронка взыскания ЮС (нотариат, суд, ОПИ, списание) и автообзвон Asterisk","M3-03-04 [3.3 Исполнительная надпись (ручной контур)] Статусы ИН: направлено нотариусу, совершена, отказ [ТЗ 4.2.4.2]","Ручной режим: юрист отправил пакет через ЛК БНП/СМДО и отметил «Направлено нотариусу» с подтверждением; результат — совершена (загрузка исполнительного документа) или отказ (скан постановления, причина, дата, нотариус) → доступен переход к иску; возврат на доработку пакета.

Пункт ТЗ: 4.2.4.2
Требования ТЗ: FR-CLM-03, FR-CLM-04, UC-CLM-04, CLM-T-03, CLM-T-04
Пакет работ: 3.3 Исполнительная надпись (ручной контур)
Фаза: Фаза 4. Взыскание — пункт чек-листа «Статусы ИН»
Макеты/артефакты:
- UI макеты/14_Добавление исполнительной надписи.png
- Референсы программы _Расчет ЖКУ_/Форма редактирования исполнительной надписи.jpg
- Совещания/замечания 17 июля кратко.docx","UC-CLM-04: отказ → загрузка скана → этап «Исковое заявление»
Ручная загрузка сканов отказа обязательна к поддержке
CLM-T-03 (ручной режим) и CLM-T-04 пройдены"
"MVP-3. Воронка взыскания ЮС (нотариат, суд, ОПИ, списание) и автообзвон Asterisk","M3-03-05 [3.3 Исполнительная надпись (ручной контур)] Контроль полноты взыскания и закрытие ИН [ТЗ 4.2.4.5]","Остаток по ИН = основной долг + пеня + нотариальный тариф (данные из АИС); перевод в «Взыскано» только при полном погашении; тариф не смешивается с обычными начислениями.

Пункт ТЗ: 4.2.4.5
Пакет работ: 3.3 Исполнительная надпись (ручной контур)
Фаза: Фаза 4. Взыскание — пункт чек-листа «Закрытие ИН»
Макеты/артефакты:
- Основные документы/TZ_ERIP_v1_2_Сводный.docx
- Протоколы встреч/ПРОТОКОЛ СОВЕЩАНИЯ № 2  г.pdf
- Референсы программы _Расчет ЖКУ_/Оплата по документу на взыскание.jpg
- Референсы программы _Расчет ЖКУ_/Оплата по документу на взыскание2.jpg
- Референсы программы _Расчет ЖКУ_/Оплата по документу на взыскание3.jpg","Закрыть ИН с непогашенным тарифом невозможно
Остаток тарифа виден отдельно
Данные о поступлении тарифа берутся из АИС"
"MVP-3. Воронка взыскания ЮС (нотариат, суд, ОПИ, списание) и автообзвон Asterisk","M3-04-01 [3.4 Исковые заявления (ручной контур)] Карточка искового заявления пяти видов [ТЗ 4.2.4.3]","Виды: взыскание задолженности; выселение по ст. 80, 86, 87 ЖК; понуждение к отчуждению по ст. 137 ЖК. Поля: номер, ЛС, ответчик(и), вид, суд, дата подачи, госпошлина (ввод вручную), дата вручения предупреждения, дата подачи пакета документов (для выселения), связь с ИН, примечание, вложения.

Пункт ТЗ: 4.2.4.3
Пакет работ: 3.4 Исковые заявления (ручной контур)
Фаза: Фаза 4. Взыскание — пункт чек-листа «Карточка иска»
Макеты/артефакты:
- Референсы программы _Расчет ЖКУ_/Форма добавления искового заявления на взыскание задолженности.jpg
- Референсы программы _Расчет ЖКУ_/Форма на добавление искового заявления на выселение.jpg
- Референсы программы _Расчет ЖКУ_/Форма редактирования искового заявления на взыскание задолженности.jpg
- Референсы программы _Расчет ЖКУ_/Форма редактирования искового заявления на выселение.jpg","Для выселения доступно поле «Дата подачи пакета документов»
Госпошлина не рассчитывается, вводится вручную
Поля соответствуют формам АИС"
"MVP-3. Воронка взыскания ЮС (нотариат, суд, ОПИ, списание) и автообзвон Asterisk","M3-04-02 [3.4 Исковые заявления (ручной контур)] Формирование пакета искового заявления по шаблону [ТЗ 4.2.4.3]","Черновик иска из шаблона конструктора с данными карточки или ручное прикрепление; уведомления по ст. 80/87, 86, 137 ЖК как предшествующие документы.

Пункт ТЗ: 4.2.4.3
Требования ТЗ: FR-CLM-05, CLM-T-05
Пакет работ: 3.4 Исковые заявления (ручной контур)
Фаза: Фаза 4. Взыскание — пункт чек-листа «Пакет иска»
Макеты/артефакты:
- Примеры форм отчетов из АИС _Расчет ЖКУ_/Уведомление о задолженности (ст. 80, 87 ЖК) r99188.pdf
- Примеры форм отчетов из АИС _Расчет ЖКУ_/Уведомление о задолженности (ст. 137 ЖК) r99189.pdf
- Примеры форм отчетов из АИС _Расчет ЖКУ_/Уведомление о задолженности (ст. 86 ЖК) r99190.pdf","Черновик иска формируется для каждого вида
Можно приложить собственный файл вместо шаблона
CLM-T-05 пройден"
"MVP-3. Воронка взыскания ЮС (нотариат, суд, ОПИ, списание) и автообзвон Asterisk","M3-04-03 [3.4 Исковые заявления (ручной контур)] Статусы судебного рассмотрения и исполнительный лист [ТЗ 4.2.4.3]","Подготовка → подано → на рассмотрении → удовлетворено / отказано → исполнительный лист получен; прикрепление решения/приказа/листа; переход к «Направлено в ОПИ».

Пункт ТЗ: 4.2.4.3
Требования ТЗ: FR-CLM-06, CLM-T-06
Пакет работ: 3.4 Исковые заявления (ручной контур)
Фаза: Фаза 4. Взыскание — пункт чек-листа «Судебные статусы»
Макеты/артефакты:
- Основные документы/TZ_ERIP_v1_2_Сводный.docx","Статусы меняются вручную с датами
Без прикреплённого решения этап «Судебное решение получено» недоступен
CLM-T-06 пройден"
"MVP-3. Воронка взыскания ЮС (нотариат, суд, ОПИ, списание) и автообзвон Asterisk","M3-05-01 [3.5 Органы принудительного исполнения (ручной контур)] Регистрация направления в ОПИ и статусов исполнительного производства [ТЗ 4.2.4.4]","В карточке ИН/иска: дата направления, орган ОПИ, номер производства, статусы (возбуждено, меры приняты, окончено, акт о невозможности взыскания), меры (арест, ограничение выезда, списание со счетов); вложения постановлений из СМДО/почты.

Пункт ТЗ: 4.2.4.4
Требования ТЗ: FR-CLM-07, CLM-T-07
Пакет работ: 3.5 Органы принудительного исполнения (ручной контур)
Фаза: Фаза 4. Взыскание — пункт чек-листа «Направление в ОПИ»
Макеты/артефакты:
- Основные документы/TZ_ERIP_v1_2_Сводный.docx
- Нормативка (законы)/Закон Республики Беларусь от 24.10.2016 N 439-З (ред. от 12.07.2025) Об исполнительном производстве.RTF
- Other/ИС ПРИС.pdf","Статусы и меры фиксируются вручную с документами
Карточка переходит по этапам ОПИ воронки
CLM-T-07 (ручной режим) пройден"
"MVP-3. Воронка взыскания ЮС (нотариат, суд, ОПИ, списание) и автообзвон Asterisk","M3-05-02 [3.5 Органы принудительного исполнения (ручной контур)] Учёт актов о невозможности взыскания [ТЗ 4.2.4.4, 4.2.4.7]","Перевод ИН/иска в «Невозможность взыскания» только с прикреплённым актом ОПИ; счётчик актов на исполнительный документ (для правила «не менее трёх актов»).

Пункт ТЗ: 4.2.4.4, 4.2.4.7
Требования ТЗ: FR-CLM-08, CLM-T-09
Пакет работ: 3.5 Органы принудительного исполнения (ручной контур)
Фаза: Фаза 4. Взыскание — пункт чек-листа «Акты невозможности»
Макеты/артефакты:
- Референсы программы _Расчет ЖКУ_/Работа с задолженностью2 + невозможность взыскания.jpg","Без акта переход заблокирован
Счётчик актов отображается в карточке
CLM-T-09 пройден"
"MVP-3. Воронка взыскания ЮС (нотариат, суд, ОПИ, списание) и автообзвон Asterisk","M3-06-01 [3.6 Подготовка документов о списании безнадёжной задолженности] Этап «Подготовка списания» и акт о списании по шаблону [ТЗ 4.2.4.7]","Доступен при наличии не менее трёх актов ОПИ на исполнительный документ (параметр); формирование внутреннего «Акта о списании задолженности» по шаблону; само бухгалтерское списание — в АИС.

Пункт ТЗ: 4.2.4.7
Пакет работ: 3.6 Подготовка документов о списании безнадёжной задолженности
Фаза: Фаза 4. Взыскание — пункт чек-листа «Акт о списании»
Макеты/артефакты:
- Основные документы/TZ_ERIP_v1_2_Сводный.docx
- Протоколы встреч/ПРОТОКОЛ ВСТРЕЧИ 1.pdf","Этап недоступен при числе актов меньше порога
Акт формируется по шаблону конструктора
Операция списания в учёте ПМ не выполняется"
"MVP-3. Воронка взыскания ЮС (нотариат, суд, ОПИ, списание) и автообзвон Asterisk","M3-06-02 [3.6 Подготовка документов о списании безнадёжной задолженности] Маршрут согласования списания [ТЗ 4.2.4.7]","Инициатор выбирает согласующих; уведомления в панели; решение принято только при согласии всех, отказ одного останавливает процесс с фиксацией причины; каждое решение подписывается учётной записью (+ЭЦП при реализуемости); инициатор получает уведомления; после утверждения — статус «Готово к списанию в АИС» и событие в обратную выгрузку.

Пункт ТЗ: 4.2.4.7
Пакет работ: 3.6 Подготовка документов о списании безнадёжной задолженности
Фаза: Фаза 4. Взыскание — пункт чек-листа «Согласование списания»
Макеты/артефакты:
- Основные документы/TZ_ERIP_v1_2_Сводный.docx
- Совещания/20 июля замечания.pdf","Сценарий отказа одного согласующего проверен
Все решения в журнале аудита
Приёмка модуля ПИР в части списания пройдена"
"MVP-3. Воронка взыскания ЮС (нотариат, суд, ОПИ, списание) и автообзвон Asterisk","M3-07-01 [3.7 Расширение сценариев под ЮС] Действия сценария для ЮС и таймауты внешних организаций [ТЗ 4.2.5.2, 4.2.6.4]","Добавить в библиотеку действий: подготовка/контроль ИН, иск, задание юристу «проверить статус у нотариуса/ОПИ» по таймауту; ветка для групп 3–6 по конкретной услуге (без автозапуска жёстких мер по «старшей» группе должника).

Пункт ТЗ: 4.2.5.2, 4.2.6.4
Пакет работ: 3.7 Расширение сценариев под ЮС
Фаза: Фаза 5. Конструкторы — пункт чек-листа «Сценарии ЮС»
Макеты/артефакты:
- UI макеты/04_Конструктор сценариев и шаблонов.png
- Основные документы/План реализации проекта ЕРИП.docx","Базовые сценарии дополнены веткой ЮС
Таймаут ответа нотариуса создаёт задание
Жёсткие меры запускаются только по услуге с нужной группой"
"MVP-3. Воронка взыскания ЮС (нотариат, суд, ОПИ, списание) и автообзвон Asterisk","M3-08-01 [3.8 Автообзвон: доменная логика] Партии автообзвона: отбор, расписание, частота [ТЗ 4.2.3.2]","Отбор ЛС с номером +375 по группам (по умолчанию до ~3 мес., настраиваемо), признак «звонить ЮЛ»; расписание: дата старта (ориентир — 27-е число), окно «с/по» (будни 18:00–21:00, выходные 10:00–22:00), дни недели; частота по группам из параметров сценария.

Пункт ТЗ: 4.2.3.2
Требования ТЗ: FR-EVT-01, EVT-T-01
Пакет работ: 3.8 Автообзвон: доменная логика
Фаза: Фаза 3. Мероприятия — пункт чек-листа «Партии автообзвона»
Макеты/артефакты:
- Протоколы встреч/ПРОТОКОЛ СОВЕЩАНИЯ № 2  г.pdf
- Протоколы встреч/ПРОТОКОЛ СОВЕЩАНИЯ № 4 от 23.06.pdf
- Протоколы встреч/ПРОТОКОЛ СОВЕЩАНИЯ на базе РСЦ Минска 17 06 26.pdf
- UI макеты/03_Реестр мероприятий.png","Международные номера исключаются
Окно и дни недели соблюдаются планировщиком
EVT-T-01 пройден"
"MVP-3. Воронка взыскания ЮС (нотариат, суд, ОПИ, списание) и автообзвон Asterisk","M3-08-02 [3.8 Автообзвон: доменная логика] Правила выбора номера и ротация исходящих номеров [ТЗ 4.2.3.2, 4.2.5.6]","Будни — приоритет городскому, заданные дни месяца и выходные — мобильному (настраиваемо); учёт режима источника контактов (ПМ/АИС/комбинированный); пул исходящих номеров на организацию/кампанию.

Пункт ТЗ: 4.2.3.2, 4.2.5.6
Пакет работ: 3.8 Автообзвон: доменная логика
Фаза: Фаза 3. Мероприятия — пункт чек-листа «Выбор и ротация номеров»
Макеты/артефакты:
- Протоколы встреч/ПРОТОКОЛ СОВЕЩАНИЯ № 2  г.pdf
- UI макеты/16_Настройка правил рейтинга и групп.png","Выбор номера меняется по дню недели/месяца согласно настройке
Ротация исходящих номеров применяется в партии
Режим источника контактов учитывается"
"MVP-3. Воронка взыскания ЮС (нотариат, суд, ОПИ, списание) и автообзвон Asterisk","M3-08-03 [3.8 Автообзвон: доменная логика] Голосовые шаблоны, ручной звонок и снятие номера с обзвона [ТЗ 4.2.3.2]","Записанный ролик (обязательно) и TTS (если доступно в телефонии); ручной звонок с фиксацией тех же полей; оперативное исключение номера из партии (должник перезвонил, неверный номер); после N неудачных попыток — задание «позвонить вручную».

Пункт ТЗ: 4.2.3.2
Требования ТЗ: UC-TSK-01
Пакет работ: 3.8 Автообзвон: доменная логика
Фаза: Фаза 3. Мероприятия — пункт чек-листа «Голос и ручной звонок»
Макеты/артефакты:
- Совещания/20 июля замечания.pdf
- Совещания/замечания 17 июля кратко.docx
- UI макеты/03_Реестр мероприятий.png","UC-TSK-01: 3 недозвона → задание «позвонить вручную»
Номер можно исключить из активной партии
Ручной звонок отображается в истории как автоматический"
"MVP-3. Воронка взыскания ЮС (нотариат, суд, ОПИ, списание) и автообзвон Asterisk","M3-09-01 [3.9 Интеграция с телефонией Asterisk (AMI)] Адаптер AMI: инициирование звонков и приём статусов [ТЗ 4.2.10.6]","Originate через AMI с передачей номера и аудио/текста для TTS; приём событий: дозвон/недозвон/занято/неверный номер, длительность, доля прослушивания (≥70% при возможности); повтор в рамках сессии; настройки (хост, порт, учётные данные, число линий, таймауты) во вкладке интеграций.

Пункт ТЗ: 4.2.10.6
Требования ТЗ: FR-EVT-02, FR-INT-03, UC-EVT-01, INT-T-03, EVT-T-02
Пакет работ: 3.9 Интеграция с телефонией Asterisk (AMI)
Фаза: Фаза 8. Интеграции — пункт чек-листа «Адаптер Asterisk AMI»
Макеты/артефакты:
- Протоколы встреч/ПРОТОКОЛ СОВЕЩАНИЯ № 4 от 23.06.pdf
- Совещания/20 июля замечания.pdf","Партия уходит в тестовый Asterisk, статусы возвращаются в частные мероприятия
Журнал интеграции фиксирует запросы и ошибки
INT-T-03 и EVT-T-02 пройдены"
"MVP-3. Воронка взыскания ЮС (нотариат, суд, ОПИ, списание) и автообзвон Asterisk","M3-09-02 [3.9 Интеграция с телефонией Asterisk (AMI)] История звонков в карточке и запись разговора по запросу [ТЗ 4.2.3.2]","В карточке ЛС: дата, время, длительность, статус каждого звонка; запись — подгрузка по требованию без постоянного хранения; опция перевода на оператора — если поддерживает Asterisk.

Пункт ТЗ: 4.2.3.2
Пакет работ: 3.9 Интеграция с телефонией Asterisk (AMI)
Фаза: Фаза 8. Интеграции — пункт чек-листа «История звонков»
Макеты/артефакты:
- UI макеты/02_Карточка задолженности по ЛС.png","История звонков видна в карточке ЛС
Запись разговора подгружается по кнопке (при наличии)
Отсутствие записи не ломает карточку"
"MVP-3. Воронка взыскания ЮС (нотариат, суд, ОПИ, списание) и автообзвон Asterisk","M3-09-03 [3.9 Интеграция с телефонией Asterisk (AMI)] Склейка обзвона с воронкой и сценариями [ТЗ 4.2.3.2, 4.2.4.6]","Этап «Автообзвон» двигается по факту партии/успешного статуса; сценарий «группа 1–2 → обзвон → нет оплаты → предупреждение»; массовый запуск обзвона из реестра.

Пункт ТЗ: 4.2.3.2, 4.2.4.6
Требования ТЗ: UC-DEBT-01
Пакет работ: 3.9 Интеграция с телефонией Asterisk (AMI)
Фаза: Фаза 8. Интеграции — пункт чек-листа «Обзвон в сценариях»
Макеты/артефакты:
- UI макеты/01_Канбан-доска по группе (Группа 2).png
- Основные документы/План реализации проекта ЕРИП.docx","Сценарий из примера отрабатывает end-to-end на стенде
UC-DEBT-01 (автообзвон вне сценария) пройден
Оплата останавливает обзвон по ЛС"
"MVP-3. Воронка взыскания ЮС (нотариат, суд, ОПИ, списание) и автообзвон Asterisk","M3-10-01 [3.10 Информационная безопасность ПИР] Ограничение доступа к пакетам ПИР и протоколирование действий по делу [ТЗ 4.2.4.10]","Доступ к пакетам документов с персональными данными только ролям ЮС; полное протоколирование действий по делу (создание пакета, направление, результат, списание).

Пункт ТЗ: 4.2.4.10
Пакет работ: 3.10 Информационная безопасность ПИР
Фаза: Фаза 4. Взыскание — пункт чек-листа «Доступ к пакетам ПИР»
Макеты/артефакты:
- Основные документы/TZ_ERIP_v1_2_Сводный.docx","Специалист без роли ЮС не открывает пакет ИН/иска
Доступ к пакету через API проверяется по роли так же, как в интерфейсе
Все действия по делу есть в аудите"
"MVP-4. Отчёты и сводные показатели, внешние интеграции, ИБ и НФТ, документация и приёмка","M4-01-01 [4.1 Отчётный слой и общие механизмы отчётов] Витрины данных и ночные агрегаты для отчётности [ТЗ 4.2.7.1, 4.4.6]","Отдельные витрины/реплика для тяжёлых отчётов, ночной пересчёт агрегатов после синхронизации с АИС, снимки состояния (для динамики и перманентности): остатки, группы, этапы, мероприятия на дату.

Пункт ТЗ: 4.2.7.1, 4.4.6
Пакет работ: 4.1 Отчётный слой и общие механизмы отчётов
Фаза: Фаза 7. Отчёты — пункт чек-листа «Витрины данных»
Макеты/артефакты:
- Основные документы/План реализации проекта ЕРИП.docx
- Основные документы/TZ_ERIP_v1_2_Сводный.docx","Тяжёлый отчёт не влияет на время отклика реестров (проверено нагрузкой)
Снимки на дату хранятся не менее срока «горячей» базы
Агрегаты пересчитываются после каждой ночной загрузки"
"MVP-4. Отчёты и сводные показатели, внешние интеграции, ИБ и НФТ, документация и приёмка","M4-01-02 [4.1 Отчётный слой и общие механизмы отчётов] Каркас модуля «Аналитика»: изоляция, фильтр, экспорт, избранное [ТЗ 4.2.7.1, 4.2.7.6]","Отдельный модуль аналитики (замечания 20 июля); универсальный фильтр; локальные пользователи — своя организация, Заказчик — свод или выбранная организация; экспорт PDF/XLSX/DOCX; сохранение отчёта в избранное (личное/общее).

Пункт ТЗ: 4.2.7.1, 4.2.7.6
Пакет работ: 4.1 Отчётный слой и общие механизмы отчётов
Фаза: Фаза 7. Отчёты — пункт чек-листа «Модуль «Аналитика»»
Макеты/артефакты:
- UI макеты/05_Универсальный фильтр реестров.png
- Совещания/20 июля замечания.pdf","Пользователь организации не может построить отчёт по чужим данным
Экспорт в PDF, XLSX, DOCX работает для любого отчёта
Избранный отчёт открывается с сохранёнными параметрами"
"MVP-4. Отчёты и сводные показатели, внешние интеграции, ИБ и НФТ, документация и приёмка","M4-02-01 [4.2 Отчёты о состоянии и динамике задолженности] Сводный отчёт по задолженности на дату/период [ТЗ 4.2.7.2]","Суммы долга и пени в разрезе начисляющих/обслуживающих организаций, поставщиков, ЛС, групп 1–6, категорий должников и услуг; предустановленные формы по эталонам АИС.

Пункт ТЗ: 4.2.7.2
Требования ТЗ: FR-RPT-01, RPT-T-01
Пакет работ: 4.2 Отчёты о состоянии и динамике задолженности
Фаза: Фаза 7. Отчёты — пункт чек-листа «Сводный отчёт»
Макеты/артефакты:
- Примеры форм отчетов из АИС _Расчет ЖКУ_/Ведомость текущей задолженности r99055.pdf
- Примеры форм отчетов из АИС _Расчет ЖКУ_/Текущая задолженность на дату r99081.pdf
- Примеры форм отчетов из АИС _Расчет ЖКУ_/Информация о просроченной задолженности по категориям лицевого счета r99195.pdf
- Примеры форм отчетов из АИС _Расчет ЖКУ_/Ведомственная отчетность по задолженности с взаимозачетом r99235.pdf","Итоги сходятся с данными реестра на контрольном наборе
Разрезы переключаются без перезапроса страницы
RPT-T-01 пройден"
"MVP-4. Отчёты и сводные показатели, внешние интеграции, ИБ и НФТ, документация и приёмка","M4-02-02 [4.2 Отчёты о состоянии и динамике задолженности] Динамика задолженности и структура портфеля по группам [ТЗ 4.2.7.2]","Рост/снижение за период по организации/группе/услуге с графиками (линейный, столбчатый, круговой с переключением типа); доля групп 1–6 в общей сумме.

Пункт ТЗ: 4.2.7.2
Пакет работ: 4.2 Отчёты о состоянии и динамике задолженности
Фаза: Фаза 7. Отчёты — пункт чек-листа «Динамика задолженности»
Макеты/артефакты:
- UI макеты/10_Диаграмма столбчатая — задолженность по этапам.png
- UI макеты/11_Диаграмма круговая — распределение по группам.png
- UI макеты/12_График — динамика задолженности.png","Графики соответствуют макетам 10–12
Тип диаграммы переключается в интерфейсе
Доли групп в сумме дают 100%"
"MVP-4. Отчёты и сводные показатели, внешние интеграции, ИБ и НФТ, документация и приёмка","M4-02-03 [4.2 Отчёты о состоянии и динамике задолженности] Ведомственная форма № 13 и отчёт «Меры, принятые по снижению задолженности» [ТЗ 4.2.7.2, 4.2.7.3]","Предустановленные формы: ведомственная отчётность (постановление МинЖКХ № 13 от 28.11.2022) с градацией до 3 мес./3–6/6–12/1–3 года/свыше 3 лет; «Меры, принятые…» с детализацией по кол-ву месяцев, ОО, закреплённому специалисту, ЛС.

Пункт ТЗ: 4.2.7.2, 4.2.7.3
Пакет работ: 4.2 Отчёты о состоянии и динамике задолженности
Фаза: Фаза 7. Отчёты — пункт чек-листа «Форма № 13 и меры»
Макеты/артефакты:
- Примеры форм отчетов из АИС _Расчет ЖКУ_/Ведомственная отчетность по задолженности с взаимозачетом r99235.pdf
- Примеры форм отчетов из АИС _Расчет ЖКУ_/Меры, принятые по снижению задолженности населения за ЖКУ r99240 (детализация - по кол-ву месяцев долга).xlsx
- Примеры форм отчетов из АИС _Расчет ЖКУ_/Меры, принятые по снижению задолженности населения за ЖКУ r99240 (детализация - по обслуживающей организации).xlsx
- Примеры форм отчетов из АИС _Расчет ЖКУ_/Меры, принятые по снижению задолженности населения за ЖКУ r99240 (детализация - поо закрепленному специалисту).xlsx
- Примеры форм отчетов из АИС _Расчет ЖКУ_/Меры, принятые по снижению задолженности населения за ЖКУ r99240 (детализация -по ЛС).xlsx","Формы воспроизводят структуру эталонов
Детализации r99240 доступны переключением
Состав базовых форм согласован с Заказчиком"
"MVP-4. Отчёты и сводные показатели, внешние интеграции, ИБ и НФТ, документация и приёмка","M4-03-01 [4.3 Отчёты об эффективности мероприятий и работе пользователей] Эффективность мероприятий [ТЗ 4.2.7.3]","Количество и результативность: автообзвон (доля дозвонов), e-mail, предупреждения (доля вручённых), отключения (доля погашений после отключения) за период.

Пункт ТЗ: 4.2.7.3
Требования ТЗ: UC-RPT-02
Пакет работ: 4.3 Отчёты об эффективности мероприятий и работе пользователей
Фаза: Фаза 7. Отчёты — пункт чек-листа «Эффективность мероприятий»
Макеты/артефакты:
- UI макеты/10_Диаграмма столбчатая — задолженность по этапам.png
- Протоколы встреч/ПРОТОКОЛ ВСТРЕЧИ 1.pdf","UC-RPT-02: ежемесячный отчёт по обзвону и рассылкам формируется
Показатели сверены с реестром мероприятий
Экспорт работает"
"MVP-4. Отчёты и сводные показатели, внешние интеграции, ИБ и НФТ, документация и приёмка","M4-03-02 [4.3 Отчёты об эффективности мероприятий и работе пользователей] Нагрузка специалистов и сроки прохождения этапов воронки [ТЗ 4.2.7.3]","По закреплённому специалисту: обработанные ЛС, выполненные задания, звонки, предупреждения, взысканная сумма; среднее время между этапами (предупреждение → отключение, нотариус → надпись и т.д.).

Пункт ТЗ: 4.2.7.3
Пакет работ: 4.3 Отчёты об эффективности мероприятий и работе пользователей
Фаза: Фаза 7. Отчёты — пункт чек-листа «Нагрузка специалистов»
Макеты/артефакты:
- Примеры форм отчетов из АИС _Расчет ЖКУ_/Меры, принятые по снижению задолженности населения за ЖКУ r99240 (детализация - по кол-ву месяцев долга).xlsx
- Примеры форм отчетов из АИС _Расчет ЖКУ_/Меры, принятые по снижению задолженности населения за ЖКУ r99240 (детализация - по обслуживающей организации).xlsx
- Примеры форм отчетов из АИС _Расчет ЖКУ_/Меры, принятые по снижению задолженности населения за ЖКУ r99240 (детализация - поо закрепленному специалисту).xlsx
- Примеры форм отчетов из АИС _Расчет ЖКУ_/Меры, принятые по снижению задолженности населения за ЖКУ r99240 (детализация -по ЛС).xlsx
- Протоколы встреч/ПРОТОКОЛ ВСТРЕЧИ 1.pdf","Отчёт по каждому пользователю совпадает с журналами действий
Время этапов рассчитывается по истории переходов
Узкие места выделяются визуально"
"MVP-4. Отчёты и сводные показатели, внешние интеграции, ИБ и НФТ, документация и приёмка","M4-04-01 [4.4 Анализ перманентности задолженности] Новые и повторные должники по уникальным идентификаторам [ТЗ 4.2.7.4]","Количество должников периода по уникальным ИН/ЛС: новые относительно предыдущего периода, повторные, выбывшие (погасившие) — пример протокола №2 (100 → 100, из них 60 новых).

Пункт ТЗ: 4.2.7.4
Пакет работ: 4.4 Анализ перманентности задолженности
Фаза: Фаза 7. Отчёты — пункт чек-листа «Новые и повторные»
Макеты/артефакты:
- Протоколы встреч/ПРОТОКОЛ СОВЕЩАНИЯ № 2  г.pdf
- Протоколы встреч/ПРОТОКОЛ СОВЕЩАНИЯ на базе РСЦ Минска 17 06 26.pdf","Пример из протокола №2 воспроизводится на тестовых данных
Разрез по ЛС и по должнику
RPT-T-02 (в части новых/повторных) пройден"
"MVP-4. Отчёты и сводные показатели, внешние интеграции, ИБ и НФТ, документация и приёмка","M4-04-02 [4.4 Анализ перманентности задолженности] Циклы «накопление — погашение — повторное накопление» и целевой список [ТЗ 4.2.7.4]","История эпизодов по каждому ЛС/должнику (сохраняется и после полного погашения, в т.ч. из архива); индикатор числа полных циклов за настраиваемый период (12–24 мес.); целевой список «перманентных» для ЮС.

Пункт ТЗ: 4.2.7.4
Требования ТЗ: FR-RPT-02, UC-RPT-01, RPT-T-02
Пакет работ: 4.4 Анализ перманентности задолженности
Фаза: Фаза 7. Отчёты — пункт чек-листа «Циклы задолженности»
Макеты/артефакты:
- Протоколы встреч/ПРОТОКОЛ СОВЕЩАНИЯ № 2  г.pdf","UC-RPT-01: список должников с ≥3 циклами за 18 мес.
Эпизоды не теряются при реактивации из архива
RPT-T-02 пройден"
"MVP-4. Отчёты и сводные показатели, внешние интеграции, ИБ и НФТ, документация и приёмка","M4-05-01 [4.5 Отчёты по этапам взыскания, тарифам, отключениям и списанию] Срез воронки и эффективность отключений [ТЗ 4.2.7.5]","Количество дел на каждом этапе на дату (табличный срез канбана); отключения: количество, доля погашений в течение X дней, количество отменённых заданий, в разрезе поставщиков.

Пункт ТЗ: 4.2.7.5
Пакет работ: 4.5 Отчёты по этапам взыскания, тарифам, отключениям и списанию
Фаза: Фаза 7. Отчёты — пункт чек-листа «Срез воронки»
Макеты/артефакты:
- UI макеты/10_Диаграмма столбчатая — задолженность по этапам.png
- UI макеты/07_Канбан-доска — все группы, все статусы.png","Срез на дату совпадает с канбаном на ту же дату
Параметр X настраивается
Разрез по поставщикам доступен"
"MVP-4. Отчёты и сводные показатели, внешние интеграции, ИБ и НФТ, документация и приёмка","M4-05-02 [4.5 Отчёты по этапам взыскания, тарифам, отключениям и списанию] Нотариальные тарифы и списанная задолженность [ТЗ 4.2.7.5]","Тарифы: начислено/взыскано/остаток по организациям и нотариусам (исполнительский сбор не учитывается); объём подготовленного списания по причинам и организациям; невозможные к взысканию долги с основаниями.

Пункт ТЗ: 4.2.7.5
Пакет работ: 4.5 Отчёты по этапам взыскания, тарифам, отключениям и списанию
Фаза: Фаза 7. Отчёты — пункт чек-листа «Тарифы и списание»
Макеты/артефакты:
- Протоколы встреч/ПРОТОКОЛ СОВЕЩАНИЯ № 2  г.pdf
- Протоколы встреч/ПРОТОКОЛ СОВЕЩАНИЯ на базе РСЦ Минска 17 06 26.pdf","Остаток тарифов сходится с карточками ИН
Причины списания группируются
Экспорт работает"
"MVP-4. Отчёты и сводные показатели, внешние интеграции, ИБ и НФТ, документация и приёмка","M4-06-01 [4.6 Конструктор отчётов] Конструктор произвольных отчётов [ТЗ 4.2.7.6]","Выбор полей, группировок, фильтров, периода, вида (таблица, график, сводная диаграмма); сохранение как личного/общего шаблона; экспорт Excel/PDF. Возможна интеграция Metabase/Superset/DataLens.

Пункт ТЗ: 4.2.7.6
Требования ТЗ: FR-RPT-03, RPT-T-03
Пакет работ: 4.6 Конструктор отчётов
Фаза: Фаза 7. Отчёты — пункт чек-листа «Конструктор отчётов»
Макеты/артефакты:
- UI макеты/05_Универсальный фильтр реестров.png
- UI макеты/10_Диаграмма столбчатая — задолженность по этапам.png
- UI макеты/11_Диаграмма круговая — распределение по группам.png","Пользователь без разработчика строит отчёт из 3+ полей с группировкой
Общий шаблон виден коллегам организации
RPT-T-03 пройден"
"MVP-4. Отчёты и сводные показатели, внешние интеграции, ИБ и НФТ, документация и приёмка","M4-07-01 [4.7 Модуль «Сводные показатели» (дашборды и карта)] Дашборды сводных показателей [ТЗ 4.2.11]","Сквозные показатели (динамика взыскания, структура долга, тепловые карты по регионам/филиалам), интерактивные графики; состав панелей настраивает суперадминистратор; доступ — по Приложению 1 (наблюдатели, органы госуправления — только просмотр).

Пункт ТЗ: 4.2.11
Пакет работ: 4.7 Модуль «Сводные показатели» (дашборды и карта)
Фаза: Фаза 7. Отчёты — пункт чек-листа «Дашборды»
Макеты/артефакты:
- UI макеты/10_Диаграмма столбчатая — задолженность по этапам.png
- UI макеты/11_Диаграмма круговая — распределение по группам.png
- UI макеты/12_График — динамика задолженности.png","Дашборд строится по данным всех модулей в рамках прав
Суперадмин меняет состав панелей без кода
Наблюдатель не может изменить данные"
"MVP-4. Отчёты и сводные показатели, внешние интеграции, ИБ и НФТ, документация и приёмка","M4-07-02 [4.7 Модуль «Сводные показатели» (дашборды и карта)] Карта территориальной аналитики [ТЗ 4.2.11, 3]","Интерактивная карта от республики до дома по доступным схемам; источник геоданных/геокодирования адресов согласуется; представление отключается настройкой при нецелесообразности.

Пункт ТЗ: 4.2.11, 3
Пакет работ: 4.7 Модуль «Сводные показатели» (дашборды и карта)
Фаза: Фаза 7. Отчёты — пункт чек-листа «Карта аналитики»
Макеты/артефакты:
- Основные документы/TZ_ERIP_v1_2_Сводный.docx","Масштабирование республика → область → район → дом
Карта учитывает контур доступа пользователя
Выключение представления настройкой"
"MVP-4. Отчёты и сводные показатели, внешние интеграции, ИБ и НФТ, документация и приёмка","M4-07-03 [4.7 Модуль «Сводные показатели» (дашборды и карта)] Экспорт дашбордов и сводных таблиц (PDF, XLSX, CSV) [ТЗ 4.2.11]","Выгрузка графических панелей и таблиц для внешнего использования.

Пункт ТЗ: 4.2.11
Пакет работ: 4.7 Модуль «Сводные показатели» (дашборды и карта)
Фаза: Фаза 7. Отчёты — пункт чек-листа «Экспорт дашбордов»
Макеты/артефакты:
- Основные документы/TZ_ERIP_v1_2_Сводный.docx","Экспорт в три формата работает
Экспорт учитывает фильтры панели
Файлы открываются без ошибок"
"MVP-4. Отчёты и сводные показатели, внешние интеграции, ИБ и НФТ, документация и приёмка","M4-08-01 [4.8 Интеграция с РУП «Белпочта»] Отправка заказных писем и отслеживание статусов по трек-номеру [ТЗ 4.2.10.8, 4.2.10.9]","Подключение по готовности API Белпочты и после согласования с Заказчиком стоимости и порядка оплаты отправлений (не за счёт Исполнителя). При канале «заказное»: создание/регистрация отправления, сохранение идентификатора, периодический опрос статусов (принято/в пути/вручено/возврат); «вручено» → дата вручения в предупреждении; «возврат» → статус и задание специалисту. Настройки во вкладке интеграций.

Пункт ТЗ: 4.2.10.8, 4.2.10.9
Требования ТЗ: FR-INT-06, INT-T-06
Пакет работ: 4.8 Интеграция с РУП «Белпочта»
Фаза: Фаза 8. Интеграции — пункт чек-листа «Белпочта»
Макеты/артефакты:
- Основные документы/TZ_ERIP_v1_2_Сводный.docx
- Протоколы встреч/ПРОТОКОЛ ВСТРЕЧИ 1.pdf
- Совещания/20 июля замечания.pdf","До подключения работает ручной режим отметок
Статус отправления обновляется автоматически
Дата вручения проставляется без ручного ввода
INT-T-06 пройден"
"MVP-4. Отчёты и сводные показатели, внешние интеграции, ИБ и НФТ, документация и приёмка","M4-09-01 [4.9 Интеграция с Белорусской нотариальной палатой] Отправка пакета ИН и получение результата из ЛК БНП [ТЗ 4.2.10.2, 4.2.10.5]","Способ взаимодействия согласуется с Заказчиком: при отсутствии промышленного API — фоновый робот (RPA) в ЛК БНП по учётным данным Заказчика (~30 РСЦ = 30 кабинетов), резервный ручной порядок. Выгрузка пакета (.pdf.sgn/.p7s ≤15 МБ, подписанного ЭЦП) в ЛК БНП; фоновая загрузка результатов (надпись/отказ) в карточку с уведомлением в панели; настройки таймаутов/повторов во вкладке интеграций; при сбое — откат на ручной режим.

Пункт ТЗ: 4.2.10.2, 4.2.10.5
Требования ТЗ: FR-CLM-03, FR-INT-07, INT-T-07, CLM-T-03
Пакет работ: 4.9 Интеграция с Белорусской нотариальной палатой
Фаза: Фаза 8. Интеграции — пункт чек-листа «Нотариальная палата»
Макеты/артефакты:
- UI макеты/14_Добавление исполнительной надписи.png
- Other/Белорусская нотариальная палата - Совершение исполнительных надписей в виде электронного документа и предъявление их в органы пр.doc
- Совещания/замечания 17 июля кратко.docx
- Совещания/20 июля замечания.pdf
- Протоколы встреч/ПРОТОКОЛ ВСТРЕЧИ 1.pdf","Способ взаимодействия и резервный порядок зафиксированы письменно с Заказчиком
Статус «Направлено нотариусу» ставится автоматически с номером обращения
Документ результата появляется в карточке с уведомлением
INT-T-07 и CLM-T-03 пройдены"
"MVP-4. Отчёты и сводные показатели, внешние интеграции, ИБ и НФТ, документация и приёмка","M4-10-01 [4.10 Интеграция с АИС ПРИС / ОАИС (сервисы 3.11.01–3.11.05)] Передача данных о задолженности в ПРИС (3.11.02, 3.11.03) [ТЗ 4.2.10.4, 4.2.10.9]","По получении через Заказчика документации по ЭУ 3.11.01–3.11.05, соглашения и доступа к тестовому контуру НЦЭУ: помещение данных о задолженности и их обновлений в систему ОПИ по исполнительному документу.

Пункт ТЗ: 4.2.10.4, 4.2.10.9
Требования ТЗ: FR-INT-04, INT-T-04
Пакет работ: 4.10 Интеграция с АИС ПРИС / ОАИС (сервисы 3.11.01–3.11.05)
Фаза: Фаза 8. Интеграции — пункт чек-листа «ПРИС: передача долга»
Макеты/артефакты:
- Other/ИС ПРИС.pdf
- Протоколы встреч/ПРОТОКОЛ ВСТРЕЧИ 1.pdf
- Нормативка (законы)/Постановление СМ РБ, НБ РБ от 28.062019 №432-11 Об АИС ИДО.RTF","До подключения работает ручной контур ОПИ
Подтверждение приёма или протокол ошибки сохраняется
Повторная передача обновлений работает
INT-T-04 пройден"
"MVP-4. Отчёты и сводные показатели, внешние интеграции, ИБ и НФТ, документация и приёмка","M4-10-02 [4.10 Интеграция с АИС ПРИС / ОАИС (сервисы 3.11.01–3.11.05)] Получение сведений о ходе исполнительного производства (3.11.01, 3.11.04, 3.11.05) [ТЗ 4.2.10.4]","Запросы по номеру производства и регламентные обновления: статусы, меры, акты; отражение в карточке и воронке.

Пункт ТЗ: 4.2.10.4
Требования ТЗ: FR-INT-05, INT-T-05
Пакет работ: 4.10 Интеграция с АИС ПРИС / ОАИС (сервисы 3.11.01–3.11.05)
Фаза: Фаза 8. Интеграции — пункт чек-листа «ПРИС: статусы ОПИ»
Макеты/артефакты:
- Other/ИС ПРИС.pdf","Статусы ОПИ обновляются без ручного ввода
Акт о невозможности взыскания подгружается автоматически
INT-T-05 пройден"
"MVP-4. Отчёты и сводные показатели, внешние интеграции, ИБ и НФТ, документация и приёмка","M4-11-01 [4.11 Модуль «Интеграции»: технические настройки и мониторинг] Вкладки настроек интеграций и журнал обмена [ТЗ 4.2.10.1]","Отдельный модуль с вкладкой на каждую интеграцию (АИС, SMTP, Asterisk, Белпочта, БНП, ПРИС): endpoint, порт, учётные данные, таймауты, ретраи, расписание; журнал обменов и ошибок; статус готовности (действующая/перспективная).

Пункт ТЗ: 4.2.10.1
Пакет работ: 4.11 Модуль «Интеграции»: технические настройки и мониторинг
Фаза: Фаза 8. Интеграции — пункт чек-листа «Настройки интеграций»
Макеты/артефакты:
- Совещания/20 июля замечания.pdf","Параметры любой интеграции меняются без кода
Журнал показывает последние обмены и ошибки
Сводная приёмка интеграций INT-T подготовлена"
"MVP-4. Отчёты и сводные показатели, внешние интеграции, ИБ и НФТ, документация и приёмка","M4-12-01 [4.12 Информационная безопасность] Передача событий ИБ в SIEM по syslog (ОС, СУБД, прикладное ПО) [ТЗ 4.4.4]","Генерация и отправка событий по перечням ТЗ с обязательными полями (дата-время, учётная запись, IP хоста/источника, сервис, время начала/окончания операции, описание).

Пункт ТЗ: 4.4.4
Пакет работ: 4.12 Информационная безопасность
Фаза: Фаза 9. ИБ и НФТ — пункт чек-листа «События ИБ в SIEM»
Макеты/артефакты:
- Основные документы/TZ_ERIP_v1_2_Сводный.docx","Все три перечня событий покрыты
Поля событий соответствуют ТЗ
Тестовая передача в SIEM Заказчика подтверждена"
"MVP-4. Отчёты и сводные показатели, внешние интеграции, ИБ и НФТ, документация и приёмка","M4-12-02 [4.12 Информационная безопасность] Защищённые каналы и ЭЦП для критичных данных [ТЗ 4.4.4]","Передача данных между участниками системы по защищённым каналам с сертифицированными СКЗИ (выбор согласуется с ИБ Заказчика); ЭЦП для юридически значимых документов (пакеты ИН, согласования списания) при технической реализуемости.

Пункт ТЗ: 4.4.4
Пакет работ: 4.12 Информационная безопасность
Фаза: Фаза 9. ИБ и НФТ — пункт чек-листа «СКЗИ и ЭЦП»
Макеты/артефакты:
- Основные документы/TZ_ERIP_v1_2_Сводный.docx","Все каналы шифруются
Выбор СКЗИ согласован с ИБ Заказчика
Подпись ЭЦП проверяется при загрузке пакета"
"MVP-4. Отчёты и сводные показатели, внешние интеграции, ИБ и НФТ, документация и приёмка","M4-12-03 [4.12 Информационная безопасность] Испытания защиты информации [ТЗ 4.4.4, 6]","Проверка RBAC по принципу «что не разрешено — запрещено», изоляции контуров, блокировок, аудита, защищённых каналов и передачи событий в SIEM.

Пункт ТЗ: 4.4.4, 6
Пакет работ: 4.12 Информационная безопасность
Фаза: Фаза 9. ИБ и НФТ — пункт чек-листа «Испытания ИБ»
Макеты/артефакты:
- Основные документы/TZ_ERIP_v1_2_Сводный.docx","Протокол испытаний ИБ без критичных замечаний
Найденные уязвимости устранены или приняты Заказчиком
Изоляция контуров подтверждена на всех ролях"
"MVP-4. Отчёты и сводные показатели, внешние интеграции, ИБ и НФТ, документация и приёмка","M4-13-01 [4.13 Архивирование, резервное копирование, надёжность] Перевод в архивное («холодное») хранилище [ТЗ 4.4.2, 4.4.6]","Регламент переноса данных старше настраиваемого срока (по умолчанию 3 года после завершения работы с долгом) в архивную БД без права удаления; доступ по запросу; реактивация при повторном появлении.

Пункт ТЗ: 4.4.2, 4.4.6
Пакет работ: 4.13 Архивирование, резервное копирование, надёжность
Фаза: Фаза 9. ИБ и НФТ — пункт чек-листа «Архивное хранилище»
Макеты/артефакты:
- Основные документы/TZ_ERIP_v1_2_Сводный.docx
- Протоколы встреч/ПРОТОКОЛ ВСТРЕЧИ 1.pdf","Перенос выполняется регламентом без простоя
Архивные данные доступны по запросу
Удаление из архива невозможно"
"MVP-4. Отчёты и сводные показатели, внешние интеграции, ИБ и НФТ, документация и приёмка","M4-13-02 [4.13 Архивирование, резервное копирование, надёжность] Резервное копирование, восстановление и аварийные сценарии [ТЗ 4.4.3, 4.4.11]","Регламент бэкапов, проверка восстановления, действия при отказе СУБД/узла/АИС/питания; автоматическая реакция (перезапуск сервисов).

Пункт ТЗ: 4.4.3, 4.4.11
Пакет работ: 4.13 Архивирование, резервное копирование, надёжность
Фаза: Фаза 9. ИБ и НФТ — пункт чек-листа «Резервное копирование»
Макеты/артефакты:
- Основные документы/TZ_ERIP_v1_2_Сводный.docx","Восстановление из резервной копии проверено на стенде
Регламент аварийных действий согласован
Автоперезапуск упавшего сервиса продемонстрирован"
"MVP-4. Отчёты и сводные показатели, внешние интеграции, ИБ и НФТ, документация и приёмка","M4-14-01 [4.14 Нагрузочное тестирование и НФТ] Нагрузочное тестирование [ТЗ 4.4.2, 4.4.6, 6]","Сценарии: ночная загрузка, одновременная работа списка + карточки + запуск партии, тяжёлый отчёт; объём ≥100 тыс. ЛС (приёмка) с проверкой архитектуры на 1,5 млн ЛС и 15 тыс. учётных записей.

Пункт ТЗ: 4.4.2, 4.4.6, 6
Пакет работ: 4.14 Нагрузочное тестирование и НФТ
Фаза: Фаза 9. ИБ и НФТ — пункт чек-листа «Нагрузочное тестирование»
Макеты/артефакты:
- Основные документы/TZ_ERIP_v1_2_Сводный.docx
- Основные документы/План реализации проекта ЕРИП.docx","Протокол нагрузочного тестирования с метриками
Реестр на 100 тыс. ЛС работает без деградации
Узкие места устранены, повторный прогон проведён"
"MVP-4. Отчёты и сводные показатели, внешние интеграции, ИБ и НФТ, документация и приёмка","M4-14-02 [4.14 Нагрузочное тестирование и НФТ] Требования к составу и параметрам технических средств [ТЗ 4.4.9]","По результатам нагрузки подготовить приложение к ТЗ с требованиями к серверам, СХД, сети для промышленного контура.

Пункт ТЗ: 4.4.9
Пакет работ: 4.14 Нагрузочное тестирование и НФТ
Фаза: Фаза 9. ИБ и НФТ — пункт чек-листа «Требования к серверам»
Макеты/артефакты:
- Основные документы/TZ_ERIP_v1_2_Сводный.docx","Приложение с расчётом ресурсов передано Заказчику
Учтён запас масштабирования
Приложение согласовано"
"MVP-4. Отчёты и сводные показатели, внешние интеграции, ИБ и НФТ, документация и приёмка","M4-15-01 [4.15 Документация] Программная документация [ТЗ 8]","Описание архитектуры, руководство по инсталляции и настройке, спецификации форматов обмена по каждой интеграции и протоколы взаимодействия (ГОСТ 34.601, ЕСПД в применимой части).

Пункт ТЗ: 8
Пакет работ: 4.15 Документация
Фаза: Фаза 10. Приёмка — пункт чек-листа «Программная документация»
Макеты/артефакты:
- Основные документы/TZ_ERIP_v1_2_Сводный.docx","Документы в DOCX/PDF переданы Заказчику
Инструкция по инсталляции проверена развёртыванием с нуля
Спецификации интеграций соответствуют реализации"
"MVP-4. Отчёты и сводные показатели, внешние интеграции, ИБ и НФТ, документация и приёмка","M4-15-02 [4.15 Документация] Эксплуатационная документация [ТЗ 8]","Руководства пользователя по каждой роли, руководство администратора (центрального и локального), руководство по конструктору сценариев и шаблонов.

Пункт ТЗ: 8
Пакет работ: 4.15 Документация
Фаза: Фаза 10. Приёмка — пункт чек-листа «Эксплуатационная документация»
Макеты/артефакты:
- Основные документы/TZ_ERIP_v1_2_Сводный.docx","Руководства покрывают все роли Приложения 1
Скриншоты соответствуют текущей версии
Документы согласованы Заказчиком"
"MVP-4. Отчёты и сводные показатели, внешние интеграции, ИБ и НФТ, документация и приёмка","M4-16-01 [4.16 Тестовый сервер, испытания, пилот и приёмка] Программа и методика испытаний (ПМИ) [ТЗ 6]","ПМИ на основе критериев приёмки модулей (DEBT, DBR, EVT, CLM, CFG, TSK, RPT, NSI, ADM, INT) и НФТ.

Пункт ТЗ: 6
Пакет работ: 4.16 Тестовый сервер, испытания, пилот и приёмка
Фаза: Фаза 10. Приёмка — пункт чек-листа «ПМИ»
Макеты/артефакты:
- Основные документы/TZ_ERIP_v1_2_Сводный.docx","ПМИ содержит все критерии T из ТЗ
ПМИ согласована Заказчиком
Для каждого критерия есть тестовые данные"
"MVP-4. Отчёты и сводные показатели, внешние интеграции, ИБ и НФТ, документация и приёмка","M4-16-02 [4.16 Тестовый сервер, испытания, пилот и приёмка] Конфигурирование системы и импорт мастер-данных [ТЗ 5 (этап 3)]","Настройка методологии, сценариев, шаблонов, НСИ; импорт справочников; заведение пользователей пилотной организации с ролями (срок ТЗ — 15.11.2026).

Пункт ТЗ: 5 (этап 3)
Пакет работ: 4.16 Тестовый сервер, испытания, пилот и приёмка
Фаза: Фаза 10. Приёмка — пункт чек-листа «Конфигурирование»
Макеты/артефакты:
- Основные документы/TZ_ERIP_v1_2_Сводный.docx","Методология и сценарии настроены
Пользователи пилота заведены
Протокол конфигурирования подписан"
"MVP-4. Отчёты и сводные показатели, внешние интеграции, ИБ и НФТ, документация и приёмка","M4-16-03 [4.16 Тестовый сервер, испытания, пилот и приёмка] Предварительные и приёмочные испытания [ТЗ 6]","Проведение испытаний по ПМИ на тестовом контуре Заказчика, протоколы, устранение замечаний, повторный прогон; двусторонний акт (срок окончания работ — 30.11.2026).

Пункт ТЗ: 6
Пакет работ: 4.16 Тестовый сервер, испытания, пилот и приёмка
Фаза: Фаза 10. Приёмка — пункт чек-листа «Приёмочные испытания»
Макеты/артефакты:
- Основные документы/TZ_ERIP_v1_2_Сводный.docx","Протоколы испытаний оформлены
Замечания устранены
Акт приёмки подписан"
"MVP-4. Отчёты и сводные показатели, внешние интеграции, ИБ и НФТ, документация и приёмка","M4-16-04 [4.16 Тестовый сервер, испытания, пилот и приёмка] Опытная эксплуатация на пилотной организации и обучение [ТЗ 7]","Обучение пользователей по ролям и локальных администраторов, инструктаж по ИБ, опытная эксплуатация на одной начисляющей организации, сбор и устранение замечаний, план тиражирования.

Пункт ТЗ: 7
Пакет работ: 4.16 Тестовый сервер, испытания, пилот и приёмка
Фаза: Фаза 10. Приёмка — пункт чек-листа «Опытная эксплуатация»
Макеты/артефакты:
- Основные документы/TZ_ERIP_v1_2_Сводный.docx
- Основные документы/План реализации проекта ЕРИП.docx","Обучение проведено, материалы переданы
Замечания опытной эксплуатации закрыты
План тиражирования согласован"
